,CorrAdultAdult,CorrOldAdult,CorrYoungAdult,SEMAdultAdult,SEMOldAdult,SEMYoungAdult
0,0.809144632371,0.39185093261,0.161460170604,0.0710787303524,0.0786775335655,0.0686734965
1,0.886432078697,0.472531495367,0.309058417829,0.0346000469774,0.0798107920828,0.0874040850044
2,0.865230810661,0.458161761993,0.313731313331,0.0338186105955,0.0731529421966,0.0935957273219
3,0.905348279431,0.597602772227,0.404156747592,0.0204017510979,0.0760819751769,0.103400348964
4,0.839823479642,0.631957305741,0.404685674261,0.0334395964776,0.0690149577258,0.100377996461
5,0.792001403462,0.617472628275,0.361358536101,0.0452938134793,0.0788076659557,0.107207870707
6,0.804405201874,0.63991576636,0.371993298596,0.0463450931855,0.0754571153055,0.109221534153
