,index,age,target_label,session_id,correct_or_not,target_label_prob,airplane_prob,bear_prob,bike_prob,bird_prob,boat_prob,bowl_prob,car_prob,cat_prob,chair_prob,couch_prob,cup_prob,dog_prob,fish_prob,frog_prob,house_prob,key_prob,person_prob,phone_prob,rabbit_prob,scissors_prob,sheep_prob,train_prob,tree_prob
0,635,4,bear,run_v41540165317042,0.0,0.04324397731057525,0.0471844292113518,0.04324397731057525,0.04237061542823068,0.048768576314639184,0.04924861087120479,0.04298127395746411,0.03481784816430932,0.040593805702473694,0.04554457930341703,0.03737426838820969,0.038571205662396114,0.04088452936924735,0.043559417341721904,0.0397049497262539,0.04094701712920977,0.04877780717757004,0.06357899070438766,0.03573017450151565,0.04045021414091639,0.04520961058160709,0.03941136945960218,0.03862697928558598,0.05241975026811039
