,index,age,target_label,session_id,correct_or_not,target_label_prob,airplane_prob,bear_prob,bike_prob,bird_prob,boat_prob,bowl_prob,car_prob,cat_prob,chair_prob,couch_prob,cup_prob,dog_prob,fish_prob,frog_prob,house_prob,key_prob,person_prob,phone_prob,rabbit_prob,scissors_prob,sheep_prob,train_prob,tree_prob
0,6513,8,phone,run_v41541372903587,1.0,0.05674521605553944,0.04541387114535944,0.04017489023207082,0.04499114068258121,0.04045991441740205,0.04367852063563799,0.04612838223511996,0.04335177726886882,0.04147107189909871,0.03762194683558428,0.03697634681778379,0.0432261311780157,0.04169488889698067,0.042927916930211536,0.04216051536356231,0.053167452141242855,0.04765401657731391,0.04422409501282956,0.05674521605553944,0.0399473462719762,0.04424460063764871,0.035123117758807866,0.04358517887690215,0.045031662129462025
