,index,age,target_label,session_id,correct_or_not,target_label_prob,airplane_prob,bear_prob,bike_prob,bird_prob,boat_prob,bowl_prob,car_prob,cat_prob,chair_prob,couch_prob,cup_prob,dog_prob,fish_prob,frog_prob,house_prob,key_prob,person_prob,phone_prob,rabbit_prob,scissors_prob,sheep_prob,train_prob,tree_prob
0,3629,10,couch,run_v31528137160060,0.0,0.06466935045312633,0.054663825091918035,0.036021385247326156,0.04683743373179817,0.037310402902642724,0.04589665290667586,0.03768075060018312,0.07113990235020846,0.03652586968719217,0.039333544823393116,0.06466935045312633,0.037265294975547855,0.036676272632196784,0.03527134806644469,0.03617645850972485,0.06558743570122956,0.047201637420062954,0.04024702658623957,0.03178565050200678,0.04539376833479767,0.04672539397271763,0.03562118233481197,0.043088555351104896,0.028880857818650536
