,index,age,target_label,session_id,correct_or_not,target_label_prob,airplane_prob,bear_prob,bike_prob,bird_prob,boat_prob,bowl_prob,car_prob,cat_prob,chair_prob,couch_prob,cup_prob,dog_prob,fish_prob,frog_prob,house_prob,key_prob,person_prob,phone_prob,rabbit_prob,scissors_prob,sheep_prob,train_prob,tree_prob
0,1933,7,bowl,run_v31530644143472,1.0,0.08481937734440144,0.031809957096027214,0.040105227608791705,0.03996844136091325,0.04091294104876173,0.04545115091835998,0.08481937734440144,0.03882685940131285,0.037476923020869905,0.03356416943555708,0.03508628036765088,0.0786936545396895,0.03476800091952193,0.044383426685986056,0.03937237498188899,0.02676015411596292,0.044379903871631654,0.03927436085420047,0.05917127970696087,0.041115150920775015,0.04461919539655008,0.040141647849367565,0.03791606479760849,0.04138345775721043
