,index,age,target_label,session_id,correct_or_not,target_label_prob,airplane_prob,bear_prob,bike_prob,bird_prob,boat_prob,bowl_prob,car_prob,cat_prob,chair_prob,couch_prob,cup_prob,dog_prob,fish_prob,frog_prob,house_prob,key_prob,person_prob,phone_prob,rabbit_prob,scissors_prob,sheep_prob,train_prob,tree_prob
0,6832,7,rabbit,run_v31530729544848,1.0,0.06448412852776687,0.045439920254792605,0.05325523173997786,0.040941045215787404,0.04476387448830738,0.04054254618907384,0.03547013076538432,0.04259639671762489,0.05018905317603432,0.0395341032640578,0.03902278880293284,0.03901937676363347,0.04643030072133189,0.03602292660532945,0.050353156471701896,0.03655023139593383,0.04071521493387743,0.040968133626137486,0.036718560881031675,0.06448412852776687,0.040710822792657975,0.05032010050068361,0.038849782133932254,0.04710217403200887
