,index,age,target_label,session_id,correct_or_not,target_label_prob,airplane_prob,bear_prob,bike_prob,bird_prob,boat_prob,bowl_prob,car_prob,cat_prob,chair_prob,couch_prob,cup_prob,dog_prob,fish_prob,frog_prob,house_prob,key_prob,person_prob,phone_prob,rabbit_prob,scissors_prob,sheep_prob,train_prob,tree_prob
0,5117,5,frog,run_v41541616048489,0.0,0.0501928942503986,0.04217726796824414,0.05017598964203245,0.03326341709473217,0.047237786177865095,0.04116239528771479,0.040437697074454645,0.0358712163911823,0.045375062586830654,0.04214260645388625,0.04115303756208321,0.03829954396136419,0.04523462013096523,0.046502709433162835,0.0501928942503986,0.03518674403426704,0.05273105627132273,0.057112982826865576,0.03769736407139356,0.04145495889741212,0.04186111325581407,0.051462761122382836,0.03541296291210892,0.04785381259351654
