,index,age,target_label,session_id,correct_or_not,target_label_prob,airplane_prob,bear_prob,bike_prob,bird_prob,boat_prob,bowl_prob,car_prob,cat_prob,chair_prob,couch_prob,cup_prob,dog_prob,fish_prob,frog_prob,house_prob,key_prob,person_prob,phone_prob,rabbit_prob,scissors_prob,sheep_prob,train_prob,tree_prob
0,7380,8,scissors,run_v41537733461054,0.0,0.040645333713179126,0.04018984768472549,0.03838902278555782,0.044272416507124,0.040981679173031894,0.05197649592837606,0.0483486320179028,0.04895271505156666,0.038929379716637895,0.044181448556695,0.044585750586932045,0.040757213752432374,0.037749573888577304,0.049223476900119904,0.039571672788295806,0.048072672154174975,0.04368254047215978,0.037441615396788835,0.047323480420431996,0.03713808907142296,0.040645333713179126,0.04548032939899527,0.04697763300092275,0.04512898103394923
