,index,age,target_label,session_id,correct_or_not,target_label_prob,airplane_prob,bear_prob,bike_prob,bird_prob,boat_prob,bowl_prob,car_prob,cat_prob,chair_prob,couch_prob,cup_prob,dog_prob,fish_prob,frog_prob,house_prob,key_prob,person_prob,phone_prob,rabbit_prob,scissors_prob,sheep_prob,train_prob,tree_prob
0,5994,6,key,run_v41541278091520,1.0,0.06574817056718296,0.04245597286703082,0.04108484414873784,0.0654137356306743,0.03607148234585521,0.04047290675920464,0.03566909579351722,0.05971272999184438,0.03756631722068728,0.04567640204623869,0.03752360459294876,0.039045413381816496,0.03884378324975539,0.04121545056715984,0.04405398112042141,0.034759747200339655,0.06574817056718296,0.028501089374636943,0.03353228139841313,0.03522949801788996,0.05185794944924569,0.04963512813622569,0.058302562968137836,0.03762785317203588
