,index,age,target_label,session_id,correct_or_not,target_label_prob,airplane_prob,bear_prob,bike_prob,bird_prob,boat_prob,bowl_prob,car_prob,cat_prob,chair_prob,couch_prob,cup_prob,dog_prob,fish_prob,frog_prob,house_prob,key_prob,person_prob,phone_prob,rabbit_prob,scissors_prob,sheep_prob,train_prob,tree_prob
0,2845,6,cat,run_v41538854044619,0.0,0.04393782117671368,0.035422878426912316,0.040824837052098134,0.04167095663840267,0.041346882049751725,0.029906648512213585,0.037696832957150025,0.03829572672009701,0.04393782117671368,0.04317156099957243,0.04329954688629993,0.05183675024967961,0.043942918641553176,0.0480644054199283,0.040948022255395955,0.0354418269252312,0.05138925483349595,0.04797424943462295,0.04636259890827008,0.03852072832824382,0.05349348161767816,0.047607966155449224,0.04004305416383178,0.058801051647408294
