,index,age,target_label,session_id,correct_or_not,target_label_prob,airplane_prob,bear_prob,bike_prob,bird_prob,boat_prob,bowl_prob,car_prob,cat_prob,chair_prob,couch_prob,cup_prob,dog_prob,fish_prob,frog_prob,house_prob,key_prob,person_prob,phone_prob,rabbit_prob,scissors_prob,sheep_prob,train_prob,tree_prob
0,4387,8,dog,run_v31534104042262,0.0,0.04895870487513782,0.05134774611465897,0.03835055330085987,0.03467901852590488,0.04459102019499789,0.047569515818093336,0.05107000279509341,0.032277312267375284,0.045684384576840875,0.06208864944781671,0.05449088389590316,0.03409535092524635,0.04895870487513782,0.04224493460676409,0.040330555933380044,0.034025015796139146,0.037344152741423844,0.05068745261307896,0.045215363823212375,0.04179429534795071,0.03534122469797432,0.048680639528815454,0.03174432609895203,0.047388896074380564
