,index,age,target_label,session_id,correct_or_not,target_label_prob,airplane_prob,bear_prob,bike_prob,bird_prob,boat_prob,bowl_prob,car_prob,cat_prob,chair_prob,couch_prob,cup_prob,dog_prob,fish_prob,frog_prob,house_prob,key_prob,person_prob,phone_prob,rabbit_prob,scissors_prob,sheep_prob,train_prob,tree_prob
0,3667,9,couch,run_v31531419471892,1.0,0.12248572781674308,0.035350199566268344,0.04119009427640258,0.029096411918805694,0.036737816956807896,0.06118530113389902,0.043729814645753574,0.05298290231971349,0.03507156154097152,0.035902473781171146,0.12248572781674308,0.054194597378439714,0.03414842058067264,0.03866566848977875,0.03574197379327889,0.03812262621415993,0.04578124770223435,0.034179122322944934,0.032090286379177685,0.04197188721371386,0.04204031648262026,0.031875750232235725,0.04289366938074898,0.034562129873457914
