,index,age,target_label,session_id,correct_or_not,target_label_prob,airplane_prob,bear_prob,bike_prob,bird_prob,boat_prob,bowl_prob,car_prob,cat_prob,chair_prob,couch_prob,cup_prob,dog_prob,fish_prob,frog_prob,house_prob,key_prob,person_prob,phone_prob,rabbit_prob,scissors_prob,sheep_prob,train_prob,tree_prob
0,7772,6,sheep,run_v41541195738146,0.0,0.04621930278139793,0.0497232446053324,0.06159337108193418,0.03493841313952942,0.05216653872258615,0.04315423469792002,0.037036099280221696,0.03929716365619528,0.057198948419995004,0.04953716135426655,0.03891599929988503,0.03796951202751604,0.05010834596415828,0.04070436894859906,0.044943409411928786,0.03500558401292729,0.034753308880024175,0.0337085785678667,0.03248636894490434,0.05592903795773978,0.037242493943550524,0.04621930278139793,0.04658494295803986,0.04078357134348154
