,index,age,target_label,session_id,correct_or_not,target_label_prob,airplane_prob,bear_prob,bike_prob,bird_prob,boat_prob,bowl_prob,car_prob,cat_prob,chair_prob,couch_prob,cup_prob,dog_prob,fish_prob,frog_prob,house_prob,key_prob,person_prob,phone_prob,rabbit_prob,scissors_prob,sheep_prob,train_prob,tree_prob
0,8590,4,tree,run_v31532639699688,1.0,0.08592647769393566,0.034158787083162306,0.05302925314694784,0.03634746516061989,0.048643251839849085,0.037354139564396455,0.04356683313698053,0.0338426036968515,0.04113294910963579,0.04127442784038193,0.0384955461286561,0.041360741358298085,0.04418297719965954,0.03305531709536107,0.034704025252730045,0.04052458658608419,0.05652420612276608,0.061070965772740425,0.03236664027498253,0.0391585155774255,0.048634488844045615,0.04263293016962066,0.03201287134486927,0.08592647769393566
