,index,age,target_label,session_id,correct_or_not,target_label_prob,airplane_prob,bear_prob,bike_prob,bird_prob,boat_prob,bowl_prob,car_prob,cat_prob,chair_prob,couch_prob,cup_prob,dog_prob,fish_prob,frog_prob,house_prob,key_prob,person_prob,phone_prob,rabbit_prob,scissors_prob,sheep_prob,train_prob,tree_prob
0,4232,5,dog,run_v31536008079993,0.0,0.05230569785537042,0.040222244331900296,0.0509326251369725,0.05469371635082107,0.05262808676809865,0.03633589722973838,0.03684011190625294,0.03820383469133281,0.050173457515254635,0.040656622022532014,0.03903336899811143,0.039927588267306385,0.05230569785537042,0.04493540860898413,0.04411970809090036,0.03664311666586517,0.037643773476806676,0.03915905562353381,0.03473120073278447,0.040390268280206254,0.037075786082244204,0.05876631047078777,0.04742040156788465,0.047161719326311004
