,index,age,target_label,session_id,correct_or_not,target_label_prob,airplane_prob,bear_prob,bike_prob,bird_prob,boat_prob,bowl_prob,car_prob,cat_prob,chair_prob,couch_prob,cup_prob,dog_prob,fish_prob,frog_prob,house_prob,key_prob,person_prob,phone_prob,rabbit_prob,scissors_prob,sheep_prob,train_prob,tree_prob
0,3524,6,couch,run_v31528501199314,1.0,0.07734341103090195,0.042123348676793744,0.037940912983667495,0.033472286214884024,0.04293281767423341,0.04857643132149948,0.037730993058320256,0.04825363940318538,0.03782008399071117,0.036589391123999344,0.07734341103090195,0.04066371095695251,0.04062775548271743,0.04589346201348201,0.04076446085082277,0.033900000906104434,0.044504014442564924,0.038614815202354984,0.040064840388358454,0.052132806688897936,0.0463207207347341,0.04383448348587418,0.05049939489344036,0.03939621847549956
