,index,age,target_label,session_id,correct_or_not,target_label_prob,airplane_prob,bear_prob,bike_prob,bird_prob,boat_prob,bowl_prob,car_prob,cat_prob,chair_prob,couch_prob,cup_prob,dog_prob,fish_prob,frog_prob,house_prob,key_prob,person_prob,phone_prob,rabbit_prob,scissors_prob,sheep_prob,train_prob,tree_prob
0,3262,7,chair,run_v31529438726305,1.0,0.10898998979000678,0.03491553680501405,0.03687153924216497,0.04229269283514133,0.04200148288589245,0.0407096771412018,0.037997910352775784,0.03901470720562707,0.03512550501850954,0.10898998979000678,0.04882018423929429,0.05745680730965111,0.04309920212655335,0.03881716167899943,0.03627402047617719,0.028365676253170963,0.04360461043407297,0.04336467685744557,0.04612956242355221,0.035786370171072994,0.034590384053642065,0.040158264280408404,0.035730686441821105,0.04988335197780448
