,index,age,target_label,session_id,correct_or_not,target_label_prob,airplane_prob,bear_prob,bike_prob,bird_prob,boat_prob,bowl_prob,car_prob,cat_prob,chair_prob,couch_prob,cup_prob,dog_prob,fish_prob,frog_prob,house_prob,key_prob,person_prob,phone_prob,rabbit_prob,scissors_prob,sheep_prob,train_prob,tree_prob
0,5351,4,house,run_v31533323029339,0.0,0.04413548128662312,0.044370812604021474,0.04273455420484514,0.0426043847290322,0.03921029073155498,0.04609093592966595,0.05773351583915729,0.04206862536159385,0.03988526586609356,0.04159655683853873,0.040005659273843114,0.04802642921959518,0.03980480733574997,0.04615290365329029,0.04490757527511995,0.04413548128662312,0.05083913881019117,0.03880332370397097,0.045199143320119206,0.039267144717605396,0.04715028838589049,0.04336798643431814,0.038850824069109405,0.03719435241007029
