,index,age,target_label,session_id,correct_or_not,target_label_prob,airplane_prob,bear_prob,bike_prob,bird_prob,boat_prob,bowl_prob,car_prob,cat_prob,chair_prob,couch_prob,cup_prob,dog_prob,fish_prob,frog_prob,house_prob,key_prob,person_prob,phone_prob,rabbit_prob,scissors_prob,sheep_prob,train_prob,tree_prob
0,6319,6,person,run_v31525891444648,1.0,0.05836538629483211,0.03641189203361752,0.04356569547519782,0.05733135149250931,0.046675976110125854,0.038914898318921774,0.039641834801780726,0.0366572062993249,0.04201570747755624,0.038002840488709506,0.033892499382646844,0.03695549720165947,0.05013399883562864,0.038425486104855994,0.04236311444700881,0.042488997118213384,0.05046944201439136,0.05836538629483211,0.04159454713796542,0.04696048856973084,0.03702385594991378,0.0460763079095707,0.04895357967921927,0.04707939685661967
