,index,age,target_label,session_id,correct_or_not,target_label_prob,airplane_prob,bear_prob,bike_prob,bird_prob,boat_prob,bowl_prob,car_prob,cat_prob,chair_prob,couch_prob,cup_prob,dog_prob,fish_prob,frog_prob,house_prob,key_prob,person_prob,phone_prob,rabbit_prob,scissors_prob,sheep_prob,train_prob,tree_prob
0,10,7,airplane,run_v31530558706822,1.0,0.06586166625802345,0.06586166625802345,0.03727141568574666,0.044811257869665826,0.04368880792650572,0.04915744197367065,0.04274188865838061,0.0418249690582446,0.04186728383475548,0.03500925279846128,0.036891782599670894,0.041186049834142514,0.044729882187701075,0.05094222121817571,0.039449082052419496,0.04261465847174258,0.03761458243731068,0.05159609217331973,0.032912541682344865,0.038657449871923655,0.05179902484222172,0.04597870974768504,0.03913022810303466,0.044263710714852945
