,index,age,target_label,session_id,correct_or_not,target_label_prob,airplane_prob,bear_prob,bike_prob,bird_prob,boat_prob,bowl_prob,car_prob,cat_prob,chair_prob,couch_prob,cup_prob,dog_prob,fish_prob,frog_prob,house_prob,key_prob,person_prob,phone_prob,rabbit_prob,scissors_prob,sheep_prob,train_prob,tree_prob
0,2981,9,cat,run_v41542048956099,0.0,0.04592310068077668,0.03620529201934328,0.04545381970365496,0.03404118282877924,0.055212562804404224,0.03301548515411265,0.04709609220102122,0.04102535509537171,0.04592310068077668,0.043024184393885063,0.04064628081124856,0.045319701983762097,0.05591305838436566,0.04347628012197231,0.04595639327854301,0.03859863440465385,0.05472409009380349,0.037480684089217425,0.033143835177009,0.040878326152261966,0.041943892010870225,0.05489348080611377,0.034245040394208295,0.05178322741062131
