,index,age,target_label,session_id,correct_or_not,target_label_prob,airplane_prob,bear_prob,bike_prob,bird_prob,boat_prob,bowl_prob,car_prob,cat_prob,chair_prob,couch_prob,cup_prob,dog_prob,fish_prob,frog_prob,house_prob,key_prob,person_prob,phone_prob,rabbit_prob,scissors_prob,sheep_prob,train_prob,tree_prob
0,2559,3,car,run_v31533326671802,1.0,0.07582522763252401,0.03990574577737175,0.043877702602795325,0.05669439775163295,0.03671769905955271,0.03694148779308635,0.037394948425860594,0.07582522763252401,0.043523067614478696,0.041574184606194636,0.03833636552677019,0.03645708324504573,0.04697977713348289,0.03831175890649157,0.047413342406922486,0.03540233039024788,0.0442118833651514,0.03287389807361322,0.032023544805278956,0.05098618291621081,0.043285675760857865,0.05293313869540846,0.05497201221150129,0.03335854529952025
