,index,age,target_label,session_id,correct_or_not,target_label_prob,airplane_prob,bear_prob,bike_prob,bird_prob,boat_prob,bowl_prob,car_prob,cat_prob,chair_prob,couch_prob,cup_prob,dog_prob,fish_prob,frog_prob,house_prob,key_prob,person_prob,phone_prob,rabbit_prob,scissors_prob,sheep_prob,train_prob,tree_prob
0,1781,4,boat,run_v31532643410894,0.0,0.04930164124787657,0.051041942398664455,0.040974303382484215,0.04494441351750731,0.0404290750781321,0.04930164124787657,0.04977624665460313,0.05621295587566114,0.0376350153388797,0.042795525801412666,0.03258483370950524,0.04257171596793224,0.04512198188536845,0.04722884662094212,0.04937465444307026,0.046300930274351934,0.031207273905543283,0.049813158710151594,0.03106362049519542,0.035454561534728576,0.03943258414099436,0.0522386688321712,0.04506492686882775,0.03943112331599622
