,index,age,target_label,session_id,correct_or_not,target_label_prob,airplane_prob,bear_prob,bike_prob,bird_prob,boat_prob,bowl_prob,car_prob,cat_prob,chair_prob,couch_prob,cup_prob,dog_prob,fish_prob,frog_prob,house_prob,key_prob,person_prob,phone_prob,rabbit_prob,scissors_prob,sheep_prob,train_prob,tree_prob
0,3535,5,couch,run_v31529452799035,1.0,0.06157340956425898,0.04104556613223843,0.036757783698976775,0.04300545124425193,0.03847713750777646,0.04743090740072175,0.03437461079682166,0.045015413830826724,0.042753318503158805,0.06122112693109277,0.06157340956425898,0.054578901820559175,0.0405058598221481,0.04521444999632448,0.038482868281636565,0.03485715753213156,0.036128400375399994,0.03390328688089654,0.06014055851192419,0.040131731519501807,0.03527776840491383,0.03995510964038325,0.04542959926714352,0.04373958233691278
