,index,age,target_label,session_id,correct_or_not,target_label_prob,airplane_prob,bear_prob,bike_prob,bird_prob,boat_prob,bowl_prob,car_prob,cat_prob,chair_prob,couch_prob,cup_prob,dog_prob,fish_prob,frog_prob,house_prob,key_prob,person_prob,phone_prob,rabbit_prob,scissors_prob,sheep_prob,train_prob,tree_prob
0,2392,4,car,run_v31535835633768,0.0,0.042697352906588874,0.05449225513008264,0.040284886665338145,0.05135272684848387,0.04481935224275422,0.048146356843718825,0.04654873619328664,0.042697352906588874,0.03214874202949567,0.043106523641064855,0.04542378675970762,0.039118014997561325,0.04183650371945104,0.051372247448581265,0.0400560277021059,0.03305810215984477,0.03978074234541719,0.06717614656712796,0.03865860060639333,0.037924959943301806,0.038359444749326184,0.037802464923407844,0.03900147196693847,0.04683455361002144
