,index,age,target_label,session_id,correct_or_not,target_label_prob,airplane_prob,bear_prob,bike_prob,bird_prob,boat_prob,bowl_prob,car_prob,cat_prob,chair_prob,couch_prob,cup_prob,dog_prob,fish_prob,frog_prob,house_prob,key_prob,person_prob,phone_prob,rabbit_prob,scissors_prob,sheep_prob,train_prob,tree_prob
0,3627,10,couch,run_v31531684620879,0.0,0.05291653829499818,0.05818540168487651,0.03757190696962775,0.04561559528883111,0.03856434848702039,0.04429633928608134,0.03684935279635911,0.05356586497431912,0.03883688098512401,0.04908079706246754,0.05291653829499818,0.04887408922686667,0.03881745203377194,0.04650100408805436,0.038013079306457656,0.04547822759430432,0.034504484128377665,0.03481020442922166,0.06327423607437883,0.038934174934386466,0.03529990817335851,0.04032604197679434,0.04386771652162102,0.035816355682701466
