,index,age,target_label,session_id,correct_or_not,target_label_prob,airplane_prob,bear_prob,bike_prob,bird_prob,boat_prob,bowl_prob,car_prob,cat_prob,chair_prob,couch_prob,cup_prob,dog_prob,fish_prob,frog_prob,house_prob,key_prob,person_prob,phone_prob,rabbit_prob,scissors_prob,sheep_prob,train_prob,tree_prob
0,7456,4,scissors,run_v41539469704607,1.0,0.06639945314660875,0.04893822395174227,0.04403905521768866,0.03777667420835421,0.045453518838065754,0.03533936613381656,0.04734478438865218,0.03721707573068949,0.04455791177074898,0.03799699436358974,0.03620565957390649,0.04631413047016419,0.04520828731912108,0.05178275456393604,0.04137645718188879,0.0348206866622614,0.04788561671104435,0.054614614928778275,0.03253167044306394,0.03736947928478884,0.06639945314660875,0.04800324280353316,0.03812237114600632,0.0407019711615506
