,index,age,target_label,session_id,correct_or_not,target_label_prob,airplane_prob,bear_prob,bike_prob,bird_prob,boat_prob,bowl_prob,car_prob,cat_prob,chair_prob,couch_prob,cup_prob,dog_prob,fish_prob,frog_prob,house_prob,key_prob,person_prob,phone_prob,rabbit_prob,scissors_prob,sheep_prob,train_prob,tree_prob
0,4835,5,fish,run_v31532551104792,1.0,0.057770316237924314,0.03790018736830638,0.04353226723691231,0.04195387937948959,0.04813531539412982,0.03782935757100318,0.04021020976401125,0.05671228559270747,0.04345891675109408,0.03527060627218734,0.040830823001667176,0.04731054532459799,0.04883835097663969,0.057770316237924314,0.041994734000035804,0.03360916889490163,0.050371385257689326,0.033847730937842206,0.03853871844783279,0.04130507535451872,0.03740802134377108,0.04735160010083238,0.044066222523192734,0.05175428226871279
