,index,age,target_label,session_id,correct_or_not,target_label_prob,airplane_prob,bear_prob,bike_prob,bird_prob,boat_prob,bowl_prob,car_prob,cat_prob,chair_prob,couch_prob,cup_prob,dog_prob,fish_prob,frog_prob,house_prob,key_prob,person_prob,phone_prob,rabbit_prob,scissors_prob,sheep_prob,train_prob,tree_prob
0,790,5,bike,run_v31530647850978,1.0,0.07757683486349028,0.03942652089466574,0.04581519036458134,0.07757683486349028,0.045234745636299895,0.03438626993919542,0.031089554850529794,0.04422656686145222,0.04406005851779539,0.03563954807919835,0.037347599906279616,0.043133126147141106,0.04563214433073458,0.038095291197765196,0.039910278972753024,0.04080154636283491,0.04359586824271785,0.04164102892295556,0.03895006674599976,0.04717573333027323,0.039935426185784446,0.044762676025242254,0.04932433477270918,0.05223958884960104
