,index,age,target_label,session_id,correct_or_not,target_label_prob,airplane_prob,bear_prob,bike_prob,bird_prob,boat_prob,bowl_prob,car_prob,cat_prob,chair_prob,couch_prob,cup_prob,dog_prob,fish_prob,frog_prob,house_prob,key_prob,person_prob,phone_prob,rabbit_prob,scissors_prob,sheep_prob,train_prob,tree_prob
0,474,4,bear,run_v41539469704607,0.0,0.04814849626826943,0.03749160411196215,0.04814849626826943,0.04214727838968562,0.04578743513723383,0.04245772363267948,0.04612311477586262,0.04147221847185729,0.04725273318309691,0.03649315585833884,0.03696865468278968,0.04323260183047872,0.04265385066321979,0.04811608247847185,0.042784188282037484,0.041863588009923874,0.054419393272841364,0.04379141545024895,0.043194779435800086,0.04164569303026409,0.04957579482944729,0.04228933840884063,0.038593978315004884,0.04349688148164494
