,index,age,target_label,session_id,correct_or_not,target_label_prob,airplane_prob,bear_prob,bike_prob,bird_prob,boat_prob,bowl_prob,car_prob,cat_prob,chair_prob,couch_prob,cup_prob,dog_prob,fish_prob,frog_prob,house_prob,key_prob,person_prob,phone_prob,rabbit_prob,scissors_prob,sheep_prob,train_prob,tree_prob
0,2734,4,cat,run_v41537732023046,0.0,0.04400961077392527,0.041287679125867296,0.04829362779923941,0.042624796851119286,0.044109108639063276,0.03544513884232596,0.03909190307402364,0.0480130176697033,0.04400961077392527,0.03198048396010342,0.04633104950139275,0.04127185770477555,0.04662663739780208,0.04686952278188442,0.04322779236051971,0.03447311763325315,0.04913868687531152,0.03708978702467568,0.0404812334426782,0.04739364533128493,0.050362821488293213,0.04264487300767203,0.049179642867634495,0.050053965847451226
