,index,age,target_label,session_id,correct_or_not,target_label_prob,airplane_prob,bear_prob,bike_prob,bird_prob,boat_prob,bowl_prob,car_prob,cat_prob,chair_prob,couch_prob,cup_prob,dog_prob,fish_prob,frog_prob,house_prob,key_prob,person_prob,phone_prob,rabbit_prob,scissors_prob,sheep_prob,train_prob,tree_prob
0,5455,5,house,run_v31533063333125,1.0,0.08555344588196677,0.03574147478568976,0.037313428388225656,0.04150139115081146,0.03569156818204191,0.04049124771242527,0.040217351171650095,0.043986589963441715,0.03714971642750089,0.05396290538455385,0.04522126679054718,0.05115125162987476,0.037510156154747294,0.03721424056906217,0.03940123137258168,0.08555344588196677,0.04148277087831077,0.04121676284404401,0.05550512091208722,0.03894782227410304,0.037216625965552655,0.03685733353314359,0.04374264043425916,0.0429236575933792
