,index,age,target_label,session_id,correct_or_not,target_label_prob,airplane_prob,bear_prob,bike_prob,bird_prob,boat_prob,bowl_prob,car_prob,cat_prob,chair_prob,couch_prob,cup_prob,dog_prob,fish_prob,frog_prob,house_prob,key_prob,person_prob,phone_prob,rabbit_prob,scissors_prob,sheep_prob,train_prob,tree_prob
0,7222,6,scissors,run_v41539555902251,1.0,0.06965951362531644,0.04087951849997817,0.04009665305959168,0.03777377911366588,0.04261823674649229,0.050325369209838614,0.04494278195928939,0.04113365299206803,0.04363487581605382,0.04324846977312605,0.033651240571174496,0.0397483962904301,0.03975090176308594,0.04199437451914586,0.039644872317583714,0.051346666820610336,0.04929291200021058,0.043593951056592285,0.03877566081543563,0.04114968698415197,0.06965951362531644,0.04003691537928677,0.040675083442565194,0.04602648724430683
