,index,age,target_label,session_id,correct_or_not,target_label_prob,airplane_prob,bear_prob,bike_prob,bird_prob,boat_prob,bowl_prob,car_prob,cat_prob,chair_prob,couch_prob,cup_prob,dog_prob,fish_prob,frog_prob,house_prob,key_prob,person_prob,phone_prob,rabbit_prob,scissors_prob,sheep_prob,train_prob,tree_prob
0,3412,2,couch,run_v31528586162816,0.0,0.06527620017930424,0.05522911947185614,0.040843518665083116,0.04433726064520853,0.04292726739465991,0.06228017771326669,0.036235153939429304,0.04403871537012564,0.03722373974676683,0.051918263737199995,0.06527620017930424,0.0361114598115918,0.037195659164271776,0.029637693996224856,0.03577302369866309,0.06708488997056729,0.04169179642292163,0.03699331525472764,0.029542513505368823,0.04412355662202694,0.04081942039410537,0.039068880025109776,0.04201705529549303,0.03963131897602753
