,index,age,target_label,session_id,correct_or_not,target_label_prob,airplane_prob,bear_prob,bike_prob,bird_prob,boat_prob,bowl_prob,car_prob,cat_prob,chair_prob,couch_prob,cup_prob,dog_prob,fish_prob,frog_prob,house_prob,key_prob,person_prob,phone_prob,rabbit_prob,scissors_prob,sheep_prob,train_prob,tree_prob
0,3799,3,cup,run_v31534269669106,0.0,0.04627215356737809,0.03806220628252659,0.049961972967762225,0.03530441731026858,0.046730460803219784,0.04367520550613676,0.05127919117265984,0.04151736533468654,0.04688493988605552,0.04263902922272637,0.03708249568545011,0.04627215356737809,0.04306407242739419,0.050122206416440857,0.050423498718588845,0.038289185155837555,0.040055926827726365,0.04281070715042278,0.03905884495644366,0.052937746621380316,0.04451185401191741,0.04258846964780792,0.039607884081092205,0.0371201662460777
