,index,age,target_label,session_id,correct_or_not,target_label_prob,airplane_prob,bear_prob,bike_prob,bird_prob,boat_prob,bowl_prob,car_prob,cat_prob,chair_prob,couch_prob,cup_prob,dog_prob,fish_prob,frog_prob,house_prob,key_prob,person_prob,phone_prob,rabbit_prob,scissors_prob,sheep_prob,train_prob,tree_prob
0,4374,6,dog,run_v31525974358965,0.0,0.04569689778412658,0.04742166525657019,0.049162889347740615,0.038655666156844466,0.04731326060625894,0.04279508514781614,0.03523229245119473,0.03806425697410936,0.058389448818208005,0.034949782627179,0.03273046332985642,0.03428684100135487,0.04569689778412658,0.039243269247748416,0.05432987931207258,0.03546511935254866,0.04719262662991216,0.04779708087953045,0.03719781946838255,0.05869224507563132,0.044587561127235706,0.04866170047785589,0.0397077976979562,0.04242635122986681
