,index,age,target_label,session_id,correct_or_not,target_label_prob,airplane_prob,bear_prob,bike_prob,bird_prob,boat_prob,bowl_prob,car_prob,cat_prob,chair_prob,couch_prob,cup_prob,dog_prob,fish_prob,frog_prob,house_prob,key_prob,person_prob,phone_prob,rabbit_prob,scissors_prob,sheep_prob,train_prob,tree_prob
0,6146,4,person,run_v31525899254114,1.0,0.05876253684959889,0.050874905516838265,0.03880348212561456,0.03852746592291131,0.04658278459903585,0.05101581758253007,0.03708978629864805,0.041133868682019716,0.043516720582701646,0.0417578209603449,0.043432223445892384,0.04119768316976158,0.041393762356205746,0.044095369705249826,0.042452455310280655,0.045757635181588825,0.04147504365536183,0.05876253684959889,0.03362848703195372,0.04264434062364384,0.050529499212623834,0.041307137093293526,0.03458280921279813,0.04943836488110274
