,index,age,target_label,session_id,correct_or_not,target_label_prob,airplane_prob,bear_prob,bike_prob,bird_prob,boat_prob,bowl_prob,car_prob,cat_prob,chair_prob,couch_prob,cup_prob,dog_prob,fish_prob,frog_prob,house_prob,key_prob,person_prob,phone_prob,rabbit_prob,scissors_prob,sheep_prob,train_prob,tree_prob
0,3981,5,cup,run_v31534709581729,0.0,0.04635210459545879,0.03834576572313663,0.04736958998893612,0.044034753758321055,0.04042101235470061,0.04115951838627615,0.05046076607806476,0.04946466378734093,0.040284585092141265,0.041460260386966784,0.03980515195836217,0.04635210459545879,0.04039426641384153,0.047504912342776984,0.04971758902321144,0.03767598769469308,0.05384053001678909,0.04176671849134891,0.04067179057853166,0.04173492811078945,0.044310064329718485,0.03879633864774245,0.042533680380921986,0.041895021859929535
