,index,age,target_label,session_id,correct_or_not,target_label_prob,airplane_prob,bear_prob,bike_prob,bird_prob,boat_prob,bowl_prob,car_prob,cat_prob,chair_prob,couch_prob,cup_prob,dog_prob,fish_prob,frog_prob,house_prob,key_prob,person_prob,phone_prob,rabbit_prob,scissors_prob,sheep_prob,train_prob,tree_prob
0,3315,4,chair,run_v31528316999098,0.0,0.04061037633297219,0.052699164529008705,0.040167575568817324,0.03767437462707229,0.04170583557771419,0.04521635927898775,0.04551693282001517,0.039924822932973836,0.04123002381700378,0.04061037633297219,0.053222023010837685,0.036378514141517694,0.04626608112912391,0.04310103469113784,0.04139590778499231,0.040611270258529834,0.04674889047712553,0.0388562658050038,0.04236765935719174,0.043583930369227974,0.0407949842802457,0.04349547885679543,0.05403744609769754,0.04439504825600779
