,index,age,target_label,session_id,correct_or_not,target_label_prob,airplane_prob,bear_prob,bike_prob,bird_prob,boat_prob,bowl_prob,car_prob,cat_prob,chair_prob,couch_prob,cup_prob,dog_prob,fish_prob,frog_prob,house_prob,key_prob,person_prob,phone_prob,rabbit_prob,scissors_prob,sheep_prob,train_prob,tree_prob
0,4685,5,fish,run_v31533154456828,1.0,0.064777853502986,0.05540602822787529,0.04111124953902696,0.04160152927161384,0.04182010145093601,0.05834988861341845,0.04342498563524474,0.04316203296691684,0.04547935867528691,0.04060852971259552,0.04171886430565072,0.04101392621874558,0.04200026206943393,0.064777853502986,0.040710921526957454,0.03739704109972358,0.04292804279125373,0.041855569643086586,0.04370760959658782,0.04237642283329183,0.04104705332325633,0.041014007649635836,0.03967960233546716,0.028809119011008757
