,index,age,target_label,session_id,correct_or_not,target_label_prob,airplane_prob,bear_prob,bike_prob,bird_prob,boat_prob,bowl_prob,car_prob,cat_prob,chair_prob,couch_prob,cup_prob,dog_prob,fish_prob,frog_prob,house_prob,key_prob,person_prob,phone_prob,rabbit_prob,scissors_prob,sheep_prob,train_prob,tree_prob
0,2370,5,car,run_v31534615862265,0.0,0.051724685113306065,0.05281178763877961,0.039459575814888403,0.05498530439070983,0.042611278925138205,0.04329634955171067,0.04311743678176744,0.051724685113306065,0.0421053154225496,0.03811129725058717,0.05593149511519463,0.040789671330759975,0.04187654739246324,0.04423013705961888,0.03594468152115246,0.047633104528744266,0.034647511581528415,0.037379526616004216,0.029079333437618423,0.046009455265521616,0.05073534704086265,0.045374348328285,0.04033500646232317,0.04181080343048617
