,index,age,target_label,session_id,correct_or_not,target_label_prob,airplane_prob,bear_prob,bike_prob,bird_prob,boat_prob,bowl_prob,car_prob,cat_prob,chair_prob,couch_prob,cup_prob,dog_prob,fish_prob,frog_prob,house_prob,key_prob,person_prob,phone_prob,rabbit_prob,scissors_prob,sheep_prob,train_prob,tree_prob
0,6602,4,phone,run_v31530481705566,1.0,0.06990980324386051,0.03597034195945867,0.037289777503589853,0.042876817349888074,0.03767302590147885,0.041322609492128806,0.042721558187463655,0.05041902436424777,0.040901640283733026,0.053791141375243635,0.03441749539902732,0.052033867020583824,0.0378939090533641,0.04125275392030299,0.04052937219075742,0.04956845605954819,0.04497928915681921,0.03997519338755804,0.06990980324386051,0.035737925246893,0.044066621416916474,0.04018257756057203,0.04578373374556374,0.04070306618100075
