,index,age,target_label,session_id,correct_or_not,target_label_prob,airplane_prob,bear_prob,bike_prob,bird_prob,boat_prob,bowl_prob,car_prob,cat_prob,chair_prob,couch_prob,cup_prob,dog_prob,fish_prob,frog_prob,house_prob,key_prob,person_prob,phone_prob,rabbit_prob,scissors_prob,sheep_prob,train_prob,tree_prob
0,3537,2,couch,run_v31531428472392,1.0,0.10753185300343872,0.03504375294732199,0.04138374508268343,0.035264021882519446,0.03264851415178064,0.0509332730564023,0.06490267859503036,0.041174747715526795,0.03798327365070319,0.038148350303073224,0.10753185300343872,0.060992086420374986,0.032974522345112535,0.048356757844974466,0.0365787349912652,0.027108691272851752,0.04455353858705772,0.030009979115394186,0.04086211154903928,0.03864347162933875,0.03902619566669242,0.037846928221831486,0.04318603870118705,0.03484673326640037
