,index,age,target_label,session_id,correct_or_not,target_label_prob,airplane_prob,bear_prob,bike_prob,bird_prob,boat_prob,bowl_prob,car_prob,cat_prob,chair_prob,couch_prob,cup_prob,dog_prob,fish_prob,frog_prob,house_prob,key_prob,person_prob,phone_prob,rabbit_prob,scissors_prob,sheep_prob,train_prob,tree_prob
0,1173,8,bird,run_v31531686508439,0.0,0.0409642724966504,0.04548555090302276,0.042724319304632864,0.039815634411589605,0.0409642724966504,0.05286623654575661,0.03498606021018866,0.04018125058901215,0.0426750574340809,0.046622757221007616,0.03982709803529442,0.0422023050453718,0.03980286551485132,0.040540190721828184,0.040616352722671445,0.052745743579894803,0.040724669737603816,0.04303200258005687,0.045090917153753976,0.04248347709063302,0.044330465322430644,0.04162154280628184,0.04647944612964066,0.05418178444374566
