,index,age,target_label,session_id,correct_or_not,target_label_prob,airplane_prob,bear_prob,bike_prob,bird_prob,boat_prob,bowl_prob,car_prob,cat_prob,chair_prob,couch_prob,cup_prob,dog_prob,fish_prob,frog_prob,house_prob,key_prob,person_prob,phone_prob,rabbit_prob,scissors_prob,sheep_prob,train_prob,tree_prob
0,2657,3,cat,run_v41542062414745,0.0,0.044598462925715586,0.04978543319964657,0.043558605265098874,0.039348596260927196,0.04281086635255071,0.04286467162759366,0.03438786220267736,0.04187004545042571,0.044598462925715586,0.04659814751245431,0.043933750400017055,0.04288797407836498,0.03753453639939638,0.03852203266418897,0.04222787632251897,0.048777459409282076,0.043107934325715205,0.03246024992242039,0.043612332600867325,0.046322536325477386,0.05509253202550303,0.045361235920745036,0.04582444736223385,0.04851241144617946
