,index,age,target_label,session_id,correct_or_not,target_label_prob,airplane_prob,bear_prob,bike_prob,bird_prob,boat_prob,bowl_prob,car_prob,cat_prob,chair_prob,couch_prob,cup_prob,dog_prob,fish_prob,frog_prob,house_prob,key_prob,person_prob,phone_prob,rabbit_prob,scissors_prob,sheep_prob,train_prob,tree_prob
0,6830,7,rabbit,run_v31528057829952,0.0,0.05410009668984048,0.04426454628930311,0.058349922462688955,0.030528677220850908,0.04710654458408286,0.040134705638035735,0.038320294116855294,0.03560908431537305,0.052765137890851674,0.038371592277138364,0.03809676343123922,0.03541109239343103,0.046455326253092864,0.037187305232534947,0.0470012639874764,0.03767102701468302,0.041148138183144056,0.05118034600400872,0.03916286305985809,0.05410009668984048,0.047602218680323674,0.04812893162437898,0.040722432100238716,0.050681690550569994
