,index,age,target_label,session_id,correct_or_not,target_label_prob,airplane_prob,bear_prob,bike_prob,bird_prob,boat_prob,bowl_prob,car_prob,cat_prob,chair_prob,couch_prob,cup_prob,dog_prob,fish_prob,frog_prob,house_prob,key_prob,person_prob,phone_prob,rabbit_prob,scissors_prob,sheep_prob,train_prob,tree_prob
0,1628,4,boat,run_v31533846540554,0.0,0.042854792929415825,0.034055650513830235,0.04184757856130779,0.043402841396927246,0.04173734362711536,0.042854792929415825,0.04930812630943721,0.042009720160188474,0.045582882555729044,0.0389163567841907,0.038999060203220796,0.047326620029241206,0.040925253620716126,0.04842850134489664,0.048061506902898135,0.04168894902153875,0.05774631146313244,0.04031411127399853,0.04640740603912404,0.041790381664267406,0.04583192492164832,0.04147824321920133,0.04100701343951667,0.04027942401845771
