,index,age,target_label,session_id,correct_or_not,target_label_prob,airplane_prob,bear_prob,bike_prob,bird_prob,boat_prob,bowl_prob,car_prob,cat_prob,chair_prob,couch_prob,cup_prob,dog_prob,fish_prob,frog_prob,house_prob,key_prob,person_prob,phone_prob,rabbit_prob,scissors_prob,sheep_prob,train_prob,tree_prob
0,6001,3,key,run_v41541881695774,1.0,0.06988103797331618,0.035759086565035854,0.042611456160035546,0.040371285644571375,0.04405574133753062,0.03806902624147066,0.03964903642301152,0.037784963967553084,0.04378061838649151,0.04568323156478379,0.041400509886704226,0.03417433097272992,0.04795141613219046,0.03781025114218694,0.04348951427292478,0.037221390355259294,0.06988103797331618,0.05179522857231913,0.03611760779660491,0.04586376623777279,0.045394203952102044,0.044843597985418204,0.05083356654606211,0.04545913188392511
