,index,age,target_label,session_id,correct_or_not,target_label_prob,airplane_prob,bear_prob,bike_prob,bird_prob,boat_prob,bowl_prob,car_prob,cat_prob,chair_prob,couch_prob,cup_prob,dog_prob,fish_prob,frog_prob,house_prob,key_prob,person_prob,phone_prob,rabbit_prob,scissors_prob,sheep_prob,train_prob,tree_prob
0,8061,6,train,run_v41536522290128,0.0,0.05486341554690797,0.04464751579132357,0.03675959638988467,0.03736328883710892,0.03512846511751604,0.044486731261420075,0.051837716284438146,0.05401783801145629,0.039420896075482555,0.03294938238516767,0.07190704931134938,0.04581197966089457,0.0378436964911171,0.042621767321676246,0.037262965896518924,0.04534881154760419,0.03670014021912009,0.03600812558352887,0.05444649470489117,0.03710546276005271,0.04152112311909392,0.03902764555225689,0.05486341554690797,0.04291989213118995
