,index,age,target_label,session_id,correct_or_not,target_label_prob,airplane_prob,bear_prob,bike_prob,bird_prob,boat_prob,bowl_prob,car_prob,cat_prob,chair_prob,couch_prob,cup_prob,dog_prob,fish_prob,frog_prob,house_prob,key_prob,person_prob,phone_prob,rabbit_prob,scissors_prob,sheep_prob,train_prob,tree_prob
0,1077,3,bike,run_v31530728861215,0.0,0.04330396360113896,0.04673796972205745,0.04256234816373168,0.04330396360113896,0.04288577371952757,0.051861504494986395,0.038382727620417015,0.0396532358476727,0.04114913870745091,0.03897944386396118,0.042341013049766216,0.03560067951823927,0.041252776956061867,0.04263292744530479,0.04268621032816161,0.06172306991954211,0.04080994565385702,0.04170545377282933,0.0399080976965161,0.038249102790808794,0.053019514423034896,0.049614919206984465,0.04483808755395599,0.04010209594399381
