,index,age,target_label,session_id,correct_or_not,target_label_prob,airplane_prob,bear_prob,bike_prob,bird_prob,boat_prob,bowl_prob,car_prob,cat_prob,chair_prob,couch_prob,cup_prob,dog_prob,fish_prob,frog_prob,house_prob,key_prob,person_prob,phone_prob,rabbit_prob,scissors_prob,sheep_prob,train_prob,tree_prob
0,7697,2,sheep,run_v41540494982245,0.0,0.04600021940840978,0.04512188209860487,0.04357296172486024,0.0394631347647314,0.049558959377433195,0.05312429958286504,0.04737700386393297,0.033663393610368846,0.050885020474002146,0.03544453130919074,0.03676404130990359,0.04044229220615276,0.04860459256479314,0.050588927815056084,0.04106100729844682,0.04191441400743874,0.047167116151158726,0.037402471191069285,0.04215800678520442,0.039139799373359194,0.04838179150303346,0.04600021940840978,0.044461727229289975,0.03770240635069445
