,index,age,target_label,session_id,correct_or_not,target_label_prob,airplane_prob,bear_prob,bike_prob,bird_prob,boat_prob,bowl_prob,car_prob,cat_prob,chair_prob,couch_prob,cup_prob,dog_prob,fish_prob,frog_prob,house_prob,key_prob,person_prob,phone_prob,rabbit_prob,scissors_prob,sheep_prob,train_prob,tree_prob
0,8529,2,tree,run_v31532800290623,0.0,0.04191572470734156,0.046112991250493,0.041556951315252985,0.032160876445042966,0.04451741124772096,0.05460969051512474,0.043915071558151914,0.03801717096077625,0.04163246093113498,0.04678806308942242,0.0556303986597215,0.04241648888794719,0.04192311787429261,0.04703868269529983,0.043039080221831484,0.04124743595240553,0.04159464481774623,0.03443907602734803,0.043782208725473365,0.04179530263525343,0.042566383773471675,0.044621169098426755,0.04867959861032063,0.04191572470734156
