,index,age,target_label,session_id,correct_or_not,target_label_prob,airplane_prob,bear_prob,bike_prob,bird_prob,boat_prob,bowl_prob,car_prob,cat_prob,chair_prob,couch_prob,cup_prob,dog_prob,fish_prob,frog_prob,house_prob,key_prob,person_prob,phone_prob,rabbit_prob,scissors_prob,sheep_prob,train_prob,tree_prob
0,6800,6,phone,run_v41536447093595,0.0,0.031233872312591445,0.04836785883428916,0.03766345143358037,0.04614606134130298,0.039780624246748816,0.04121574247626392,0.04937263635583265,0.04852595880900065,0.03721107857338431,0.0538420482823208,0.04346863512659137,0.05442404622704576,0.04413782397759276,0.048641325140961394,0.04626691338742575,0.033998199843782564,0.054512045905952114,0.038021272423379236,0.031233872312591445,0.03713211464789718,0.04429806149564729,0.041435988690767485,0.04371111047794026,0.03659312998970163
