,index,age,target_label,session_id,correct_or_not,target_label_prob,airplane_prob,bear_prob,bike_prob,bird_prob,boat_prob,bowl_prob,car_prob,cat_prob,chair_prob,couch_prob,cup_prob,dog_prob,fish_prob,frog_prob,house_prob,key_prob,person_prob,phone_prob,rabbit_prob,scissors_prob,sheep_prob,train_prob,tree_prob
0,5625,7,house,run_v31534966969603,1.0,0.07663269116496033,0.04749525132836233,0.04243138599223635,0.042700936092447156,0.039361787802056875,0.03580715086133861,0.047500181241325455,0.0457532283129623,0.039142178267393433,0.042088509141159074,0.03702578706163434,0.0360705047501131,0.04224063577016044,0.03921841834280011,0.042173473279223966,0.07663269116496033,0.04078628121271601,0.043360960381782006,0.04691982293416071,0.04275761521017341,0.048448026784549625,0.04030915970523331,0.04020937546255861,0.041566638900652424
