,index,age,target_label,session_id,correct_or_not,target_label_prob,airplane_prob,bear_prob,bike_prob,bird_prob,boat_prob,bowl_prob,car_prob,cat_prob,chair_prob,couch_prob,cup_prob,dog_prob,fish_prob,frog_prob,house_prob,key_prob,person_prob,phone_prob,rabbit_prob,scissors_prob,sheep_prob,train_prob,tree_prob
0,950,6,bike,run_v31528746954006,1.0,0.08209068565423526,0.042610454577907145,0.03471714554147013,0.08209068565423526,0.041428996072935174,0.029879586858309715,0.03476736674542262,0.05240947333951457,0.053598227808648924,0.038039857039504896,0.035492724189522755,0.035467107136924095,0.04726802071797708,0.05104967259562273,0.04018788289267356,0.03331275557506517,0.04441502495897417,0.03326074958855456,0.04456280433422636,0.050308658898494577,0.06137897183325071,0.039185229789055254,0.04498759409992058,0.029581009751789962
