,index,age,target_label,session_id,correct_or_not,target_label_prob,airplane_prob,bear_prob,bike_prob,bird_prob,boat_prob,bowl_prob,car_prob,cat_prob,chair_prob,couch_prob,cup_prob,dog_prob,fish_prob,frog_prob,house_prob,key_prob,person_prob,phone_prob,rabbit_prob,scissors_prob,sheep_prob,train_prob,tree_prob
0,4463,3,dog,run_v31535923559910,0.0,0.04350314419693518,0.05281849768776409,0.03994973526187021,0.04223961359549101,0.04500547218264436,0.05088026993901817,0.04584238486074536,0.03652509974257904,0.043439281962336915,0.04036806483342078,0.038973939926855175,0.04578917422761235,0.04350314419693518,0.05399054815346983,0.04111112932259675,0.03754560659380804,0.04402814176709413,0.039341596983362204,0.03757067887724026,0.04507696053547501,0.053087588916456374,0.043332226558057144,0.041181426041461654,0.03839941783370586
