,index,age,target_label,session_id,correct_or_not,target_label_prob,airplane_prob,bear_prob,bike_prob,bird_prob,boat_prob,bowl_prob,car_prob,cat_prob,chair_prob,couch_prob,cup_prob,dog_prob,fish_prob,frog_prob,house_prob,key_prob,person_prob,phone_prob,rabbit_prob,scissors_prob,sheep_prob,train_prob,tree_prob
0,1433,2,bird,run_v31530737035545,0.0,0.03875789224953955,0.038055486836339324,0.05527921126583679,0.03419462830012552,0.03875789224953955,0.040502305803557015,0.03687548758468169,0.04288269232260563,0.04484633549393842,0.047518707804088275,0.042923916309064225,0.03804701459312447,0.040867836123610314,0.04205989987079833,0.05359983722730856,0.040214676981168936,0.036861844029477356,0.047193662474072154,0.04369214076084081,0.05117933164926526,0.04282069617580167,0.04953094217214298,0.0463993322981958,0.04569612167441672
