,index,age,target_label,session_id,correct_or_not,target_label_prob,airplane_prob,bear_prob,bike_prob,bird_prob,boat_prob,bowl_prob,car_prob,cat_prob,chair_prob,couch_prob,cup_prob,dog_prob,fish_prob,frog_prob,house_prob,key_prob,person_prob,phone_prob,rabbit_prob,scissors_prob,sheep_prob,train_prob,tree_prob
0,7232,8,scissors,run_v41542052947314,1.0,0.05873053986751107,0.04953276777035679,0.048196013697210605,0.04375224052297347,0.044042240669994674,0.03379563978890998,0.0430339538041947,0.03688665772015937,0.03996357766866046,0.039075808985626806,0.0344949497052683,0.04216752414324067,0.04319974306676904,0.04038410307965916,0.0395642699939629,0.044239446370464605,0.046193870910015505,0.04740332577668136,0.04525306521303502,0.03928667239849693,0.05873053986751107,0.0446396945075175,0.03973684064517147,0.05642705369411941
