,index,age,target_label,session_id,correct_or_not,target_label_prob,airplane_prob,bear_prob,bike_prob,bird_prob,boat_prob,bowl_prob,car_prob,cat_prob,chair_prob,couch_prob,cup_prob,dog_prob,fish_prob,frog_prob,house_prob,key_prob,person_prob,phone_prob,rabbit_prob,scissors_prob,sheep_prob,train_prob,tree_prob
0,6408,6,person,run_v31532557871071,1.0,0.0705041831015542,0.03598510292578594,0.04667331456063489,0.03390469756502081,0.03910991135252223,0.040716621846200854,0.044016564910140686,0.03621330019132652,0.04303669912719277,0.03846193488565241,0.03294859324727002,0.035721169838699225,0.039659477482479714,0.0405883929650831,0.04203090485653815,0.0426363853120635,0.04443840240253586,0.0705041831015542,0.044906152129774723,0.05397283120146449,0.05098983360362118,0.04183328751330852,0.041375335823995774,0.06027690315713443
