,index,age,target_label,session_id,correct_or_not,target_label_prob,airplane_prob,bear_prob,bike_prob,bird_prob,boat_prob,bowl_prob,car_prob,cat_prob,chair_prob,couch_prob,cup_prob,dog_prob,fish_prob,frog_prob,house_prob,key_prob,person_prob,phone_prob,rabbit_prob,scissors_prob,sheep_prob,train_prob,tree_prob
0,1554,7,boat,run_v31535233720666,0.0,0.05032020237578115,0.036103086350738195,0.03706515488796802,0.04730280950517521,0.03443390926610414,0.05032020237578115,0.04418914521549236,0.043556196345826526,0.04552602688357335,0.04764605270196236,0.04153615461811061,0.04403291901554063,0.04040881329892681,0.03975876248386937,0.041162121293525464,0.048578427731363776,0.04271670972973444,0.04075191662004892,0.057534089714552164,0.041573535812039014,0.03643536351932288,0.03774921408854773,0.0632091731115299,0.03841021543026729
