,index,age,target_label,session_id,correct_or_not,target_label_prob,airplane_prob,bear_prob,bike_prob,bird_prob,boat_prob,bowl_prob,car_prob,cat_prob,chair_prob,couch_prob,cup_prob,dog_prob,fish_prob,frog_prob,house_prob,key_prob,person_prob,phone_prob,rabbit_prob,scissors_prob,sheep_prob,train_prob,tree_prob
0,6978,2,rabbit,run_v31531419269258,0.0,0.04500189375734109,0.05621946395791154,0.0388527187141806,0.0346455982840541,0.043759251230763616,0.053514743309899825,0.042738578530582244,0.03368034592245718,0.04985343450710114,0.0473385309617743,0.03949662613696225,0.04395602522954122,0.04148118380544197,0.05148434825345781,0.0393547742453771,0.033561517092818245,0.04355331895793244,0.043318784067928114,0.032643620802672434,0.04500189375734109,0.055803294360653975,0.044939296390184826,0.04359671424673607,0.04120593723422814
