,index,age,target_label,session_id,correct_or_not,target_label_prob,airplane_prob,bear_prob,bike_prob,bird_prob,boat_prob,bowl_prob,car_prob,cat_prob,chair_prob,couch_prob,cup_prob,dog_prob,fish_prob,frog_prob,house_prob,key_prob,person_prob,phone_prob,rabbit_prob,scissors_prob,sheep_prob,train_prob,tree_prob
0,2549,2,car,run_v31526584027584,0.0,0.05069095922493119,0.04217262264945803,0.04203458801574975,0.06438689310155042,0.04518814057474067,0.04108005512439445,0.03902664822940204,0.05069095922493119,0.04126737473618145,0.04113613234789048,0.04188979778010271,0.039194608192741044,0.043158770411102394,0.03718254182355377,0.04541968728108646,0.03466214668459341,0.041894310540651854,0.041758088680043534,0.03502959010499397,0.03640279102441192,0.041880154451204965,0.04768351726325116,0.06634261839931065,0.04051796335865352
