,index,age,target_label,session_id,correct_or_not,target_label_prob,airplane_prob,bear_prob,bike_prob,bird_prob,boat_prob,bowl_prob,car_prob,cat_prob,chair_prob,couch_prob,cup_prob,dog_prob,fish_prob,frog_prob,house_prob,key_prob,person_prob,phone_prob,rabbit_prob,scissors_prob,sheep_prob,train_prob,tree_prob
0,6238,4,person,run_v31532716386819,1.0,0.06929378232677744,0.04044899399111786,0.04483068363057126,0.03015820407557094,0.04369733180418334,0.04168783100140587,0.03918788793962302,0.04126654698930416,0.04373732855198986,0.045828756440335926,0.041127151139936154,0.039813799045631745,0.044929743567899035,0.0446397270965891,0.05113218224321626,0.0365323220598136,0.04896368359342505,0.06929378232677744,0.042398184324219934,0.04630843184260796,0.03974965217440673,0.045342437656419446,0.036723777560544374,0.04220156094441117
