,index,age,target_label,session_id,correct_or_not,target_label_prob,airplane_prob,bear_prob,bike_prob,bird_prob,boat_prob,bowl_prob,car_prob,cat_prob,chair_prob,couch_prob,cup_prob,dog_prob,fish_prob,frog_prob,house_prob,key_prob,person_prob,phone_prob,rabbit_prob,scissors_prob,sheep_prob,train_prob,tree_prob
0,3470,10,couch,run_v31529432399324,1.0,0.08502310012604981,0.04301899251316834,0.03947115009857479,0.03807408064753875,0.03875052471424866,0.062464270562112484,0.049967094789144746,0.04537758271078253,0.037854034128530084,0.061830010272170034,0.08502310012604981,0.03089953686637096,0.039664918994943704,0.0420255224234447,0.04186918775595445,0.04586220741693945,0.04937156598942879,0.03730463877097637,0.020287210585793056,0.03907970440743117,0.04122403149694545,0.034541756393088506,0.038179235241582246,0.03785964309478084
