,index,age,target_label,session_id,correct_or_not,target_label_prob,airplane_prob,bear_prob,bike_prob,bird_prob,boat_prob,bowl_prob,car_prob,cat_prob,chair_prob,couch_prob,cup_prob,dog_prob,fish_prob,frog_prob,house_prob,key_prob,person_prob,phone_prob,rabbit_prob,scissors_prob,sheep_prob,train_prob,tree_prob
0,5579,8,house,run_v31533234855582,0.0,0.05350903784416103,0.04314676622582347,0.04373071805405716,0.04032941213053876,0.03487169036212466,0.03821073336671672,0.04258648940987915,0.04782514621813114,0.04282003235815518,0.0504219109872288,0.044120835544332736,0.03703830589190409,0.038260570548780966,0.036440892735779745,0.0404905094146587,0.05350903784416103,0.04024461832347073,0.04938846438156924,0.06613366310632209,0.04040532822660097,0.03668912690838396,0.04020261438099747,0.045275023315268476,0.047858110265114766
