,index,age,target_label,session_id,correct_or_not,target_label_prob,airplane_prob,bear_prob,bike_prob,bird_prob,boat_prob,bowl_prob,car_prob,cat_prob,chair_prob,couch_prob,cup_prob,dog_prob,fish_prob,frog_prob,house_prob,key_prob,person_prob,phone_prob,rabbit_prob,scissors_prob,sheep_prob,train_prob,tree_prob
0,1356,8,bird,run_v31530650564568,0.0,0.042910222436975044,0.05763398749634875,0.03517058221869347,0.044683483179480434,0.042910222436975044,0.04383082502230695,0.03272654774324058,0.049325196384344065,0.045809698431446465,0.05376511862842377,0.036433535929111485,0.03622086419859778,0.040166484617532874,0.050499285473388715,0.03784409432191026,0.03140954548003502,0.05450243348928952,0.0525427692800227,0.044431900027627876,0.0523208850596866,0.038348242069029294,0.03581939316753712,0.041270562755428425,0.04233434258954287
