,index,age,target_label,session_id,correct_or_not,target_label_prob,airplane_prob,bear_prob,bike_prob,bird_prob,boat_prob,bowl_prob,car_prob,cat_prob,chair_prob,couch_prob,cup_prob,dog_prob,fish_prob,frog_prob,house_prob,key_prob,person_prob,phone_prob,rabbit_prob,scissors_prob,sheep_prob,train_prob,tree_prob
0,8417,2,tree,run_v31533502835331,0.0,0.040355947921004436,0.05769901004039774,0.0419282597607508,0.04257887644174907,0.04326192330239608,0.03779626473950787,0.03642845302289083,0.04252679061371081,0.040283526859735005,0.05592865242889919,0.040624315301833296,0.038699280320538855,0.04582663422273068,0.05473272629173337,0.037112938624421075,0.036476543161859415,0.040475809253281494,0.07294697016440342,0.03132396690867673,0.04317924022364273,0.04087230773999431,0.038846340628300675,0.04009522202754212,0.040355947921004436
