,index,age,target_label,session_id,correct_or_not,target_label_prob,airplane_prob,bear_prob,bike_prob,bird_prob,boat_prob,bowl_prob,car_prob,cat_prob,chair_prob,couch_prob,cup_prob,dog_prob,fish_prob,frog_prob,house_prob,key_prob,person_prob,phone_prob,rabbit_prob,scissors_prob,sheep_prob,train_prob,tree_prob
0,7477,2,scissors,run_v41541876127391,0.0,0.04330500441166337,0.04408087119275354,0.04784666735572568,0.042631531609551535,0.04581199210963712,0.03855147381137036,0.04835148839423801,0.04568401549871435,0.041446677232923085,0.04161111501920677,0.03517976238293637,0.0449299581255765,0.042143227511113414,0.040390615350001664,0.06706014606750606,0.02821363805746123,0.05636807674155342,0.04235479797441486,0.04753656913467331,0.040819621367442896,0.04330500441166337,0.040124025646457465,0.03573613295197305,0.039822592053106114
