,index,age,target_label,session_id,correct_or_not,target_label_prob,airplane_prob,bear_prob,bike_prob,bird_prob,boat_prob,bowl_prob,car_prob,cat_prob,chair_prob,couch_prob,cup_prob,dog_prob,fish_prob,frog_prob,house_prob,key_prob,person_prob,phone_prob,rabbit_prob,scissors_prob,sheep_prob,train_prob,tree_prob
0,1255,7,bird,run_v31532127192962,0.0,0.04427809351100237,0.057709949836556564,0.03792964410639761,0.0579432361377133,0.04427809351100237,0.04048922402591228,0.038254982339030394,0.042713325752084856,0.04933874739822302,0.04105181054911713,0.03452728646816469,0.03994653378171643,0.049268496992870496,0.04296414238372615,0.03854889474203177,0.042174534690709066,0.04098706166274732,0.037467857241206694,0.03303249728388477,0.04302054843210265,0.056415034890096784,0.04564622047747309,0.04811219822781047,0.03817967906942206
