,index,age,target_label,session_id,correct_or_not,target_label_prob,airplane_prob,bear_prob,bike_prob,bird_prob,boat_prob,bowl_prob,car_prob,cat_prob,chair_prob,couch_prob,cup_prob,dog_prob,fish_prob,frog_prob,house_prob,key_prob,person_prob,phone_prob,rabbit_prob,scissors_prob,sheep_prob,train_prob,tree_prob
0,2749,4,cat,run_v41539199567971,0.0,0.05519965979320982,0.052109532297783825,0.04541940438609912,0.048175931392656086,0.05177256170526433,0.046886612441616925,0.03984188009833476,0.03594897131921442,0.05519965979320982,0.032251030575350066,0.030205585528735316,0.04176841933798385,0.04078783422691389,0.046258277400137424,0.036050759701379435,0.03701801548054495,0.03670324126374572,0.054045343394957694,0.03254563956057696,0.04613026199326377,0.060444824370249325,0.052384688787733724,0.0385539357669646,0.03949758917728396
