,index,age,target_label,session_id,correct_or_not,target_label_prob,airplane_prob,bear_prob,bike_prob,bird_prob,boat_prob,bowl_prob,car_prob,cat_prob,chair_prob,couch_prob,cup_prob,dog_prob,fish_prob,frog_prob,house_prob,key_prob,person_prob,phone_prob,rabbit_prob,scissors_prob,sheep_prob,train_prob,tree_prob
0,805,7,bike,run_v31530646589228,1.0,0.08856551448343067,0.0433453640541837,0.047161356886962304,0.08856551448343067,0.03735776968499863,0.043553142287435606,0.03807356574100557,0.0511340508180369,0.04330804979933052,0.05195732251770745,0.048533520653275444,0.04011217053268184,0.03942936590150796,0.038147943724891296,0.0352345512968352,0.025675418667296824,0.04254852567495384,0.048360797529232696,0.03353544850709099,0.03866141397302189,0.04122168420137346,0.03440603110963724,0.054065462594364365,0.03561152936074564
