,index,age,target_label,session_id,correct_or_not,target_label_prob,airplane_prob,bear_prob,bike_prob,bird_prob,boat_prob,bowl_prob,car_prob,cat_prob,chair_prob,couch_prob,cup_prob,dog_prob,fish_prob,frog_prob,house_prob,key_prob,person_prob,phone_prob,rabbit_prob,scissors_prob,sheep_prob,train_prob,tree_prob
0,5569,3,house,run_v31535652457615,0.0,0.04531520688650854,0.03774895455654535,0.04363690098515556,0.03439851225083105,0.037698599437783385,0.04152008295277388,0.05531614793526832,0.03679404650216467,0.04128113390513946,0.043995335389698007,0.045034007923254994,0.04756963749922877,0.03863991211182101,0.04743409622787011,0.05067410343072979,0.04531520688650854,0.04086931800138648,0.04158032775734349,0.04314150681932415,0.043319326902614926,0.042174483245554076,0.046581209178975125,0.047823539198448575,0.04745361090158028
