,index,age,target_label,session_id,correct_or_not,target_label_prob,airplane_prob,bear_prob,bike_prob,bird_prob,boat_prob,bowl_prob,car_prob,cat_prob,chair_prob,couch_prob,cup_prob,dog_prob,fish_prob,frog_prob,house_prob,key_prob,person_prob,phone_prob,rabbit_prob,scissors_prob,sheep_prob,train_prob,tree_prob
0,5090,5,frog,run_v41538939679021,0.0,0.04891513722106038,0.03971802906854662,0.05093201393265288,0.04448826740057709,0.04657882674973009,0.03880815891091382,0.04215434552714849,0.03948540199270222,0.043976759679413266,0.04086146543896216,0.03519216120332675,0.038707075054560225,0.04724705249553366,0.04062793458653237,0.04891513722106038,0.0442052747257564,0.047796253275431314,0.04828190322131231,0.042753564998218634,0.03946848582118539,0.03567530092297962,0.049755794754403476,0.0463786321876791,0.04799216083137382
