,index,age,target_label,session_id,correct_or_not,target_label_prob,airplane_prob,bear_prob,bike_prob,bird_prob,boat_prob,bowl_prob,car_prob,cat_prob,chair_prob,couch_prob,cup_prob,dog_prob,fish_prob,frog_prob,house_prob,key_prob,person_prob,phone_prob,rabbit_prob,scissors_prob,sheep_prob,train_prob,tree_prob
0,6106,2,person,run_v31535048237506,0.0,0.038920299621490274,0.03494392558429814,0.04417181342399206,0.035382083275108195,0.038594278984059815,0.036189371762226634,0.046120425799802446,0.05217461363596567,0.04493764656894459,0.035099748113885526,0.03805812880211615,0.05323389435964678,0.04499753179721621,0.05377498588159375,0.04537563719091351,0.04455352535299334,0.0407654997755408,0.038920299621490274,0.04726447357880511,0.044151979981654044,0.04257707452085426,0.04878764237179326,0.04053769726376446,0.04938772235333507
