,index,age,target_label,session_id,correct_or_not,target_label_prob,airplane_prob,bear_prob,bike_prob,bird_prob,boat_prob,bowl_prob,car_prob,cat_prob,chair_prob,couch_prob,cup_prob,dog_prob,fish_prob,frog_prob,house_prob,key_prob,person_prob,phone_prob,rabbit_prob,scissors_prob,sheep_prob,train_prob,tree_prob
0,5260,9,frog,run_v41536438537512,0.0,0.04667864240519951,0.03371772055099095,0.04210759751035298,0.04097589798060711,0.042805353798151924,0.03498371082552898,0.04165696069032239,0.05418508511939955,0.044769158838300384,0.03805244744901867,0.050327245458492806,0.046429986632348055,0.04391255643368662,0.04520776534633708,0.04667864240519951,0.050214620246403885,0.04443661368699068,0.041641798386601404,0.046454103216149296,0.04886019666964552,0.039309231827392835,0.04098943128199671,0.04199143899356182,0.04029243665252084
