,index,age,target_label,session_id,correct_or_not,target_label_prob,airplane_prob,bear_prob,bike_prob,bird_prob,boat_prob,bowl_prob,car_prob,cat_prob,chair_prob,couch_prob,cup_prob,dog_prob,fish_prob,frog_prob,house_prob,key_prob,person_prob,phone_prob,rabbit_prob,scissors_prob,sheep_prob,train_prob,tree_prob
0,4299,3,dog,run_v31534621458784,0.0,0.03930201624463815,0.04237869605114775,0.04175014999050533,0.03922214566849397,0.04710776753293206,0.04156389960954978,0.048724841422796865,0.039837222533877045,0.04182526112356174,0.05117508477814855,0.043728764856710754,0.0478620471231832,0.03930201624463815,0.042169620753894535,0.04050153206933689,0.046136139017316134,0.04312889103573896,0.041967922963010586,0.04442499188427513,0.04875860387013971,0.03800105646047143,0.039680494655215184,0.04099163877317811,0.04976121158187792
