,index,age,target_label,session_id,correct_or_not,target_label_prob,airplane_prob,bear_prob,bike_prob,bird_prob,boat_prob,bowl_prob,car_prob,cat_prob,chair_prob,couch_prob,cup_prob,dog_prob,fish_prob,frog_prob,house_prob,key_prob,person_prob,phone_prob,rabbit_prob,scissors_prob,sheep_prob,train_prob,tree_prob
0,3425,8,couch,run_v31528578599110,1.0,0.05816766114783131,0.040980484208397526,0.040296813326744424,0.0385629521733708,0.049128949533998725,0.044137982427338705,0.05330828931349888,0.04155557353389571,0.04041272166544967,0.047853970894270285,0.05816766114783131,0.04170540934343418,0.04229785693702667,0.05183985323191063,0.042874785986339085,0.04349601795190256,0.043942014368889074,0.03350013882951435,0.04198912880226256,0.03975799502104682,0.03905057344533489,0.040793153403061576,0.04493569682704876,0.03941197762743256
