,index,age,target_label,session_id,correct_or_not,target_label_prob,airplane_prob,bear_prob,bike_prob,bird_prob,boat_prob,bowl_prob,car_prob,cat_prob,chair_prob,couch_prob,cup_prob,dog_prob,fish_prob,frog_prob,house_prob,key_prob,person_prob,phone_prob,rabbit_prob,scissors_prob,sheep_prob,train_prob,tree_prob
0,1191,4,bird,run_v31530482097386,0.0,0.04955395080670904,0.03798795194667273,0.04208278126568053,0.043851319278619745,0.04955395080670904,0.03902400787333759,0.038862214322464075,0.03725614473511573,0.04733436930930298,0.045119321418824236,0.036340854484688004,0.03247639809309657,0.05126342023783803,0.047899033193653975,0.046610513736799974,0.043611980347273746,0.04038056014066881,0.07157027860469711,0.029580416051277394,0.04125988460769296,0.0457663175734046,0.052202227549384084,0.037688284054928356,0.04227777036786972
