,index,age,target_label,session_id,correct_or_not,target_label_prob,airplane_prob,bear_prob,bike_prob,bird_prob,boat_prob,bowl_prob,car_prob,cat_prob,chair_prob,couch_prob,cup_prob,dog_prob,fish_prob,frog_prob,house_prob,key_prob,person_prob,phone_prob,rabbit_prob,scissors_prob,sheep_prob,train_prob,tree_prob
0,3295,4,chair,run_v31532122506084,0.0,0.059448406826644755,0.036113121883893914,0.04345775226423754,0.03831345344909102,0.045078319548087505,0.0336487417043827,0.0322542997198871,0.046494521694840446,0.036671896980933934,0.059448406826644755,0.05969559709119981,0.03760218067134095,0.03918912726424025,0.037615260962604945,0.04285874392228094,0.05509332764439426,0.04277746336898038,0.03208752612577578,0.05233874795467423,0.04171820305789407,0.03971371632621044,0.04427634624608529,0.05102518509698188,0.052528060195337595
