,index,age,target_label,session_id,correct_or_not,target_label_prob,airplane_prob,bear_prob,bike_prob,bird_prob,boat_prob,bowl_prob,car_prob,cat_prob,chair_prob,couch_prob,cup_prob,dog_prob,fish_prob,frog_prob,house_prob,key_prob,person_prob,phone_prob,rabbit_prob,scissors_prob,sheep_prob,train_prob,tree_prob
0,302,10,airplane,run_v31529617799237,0.0,0.04512309455856234,0.04512309455856234,0.044036190990244355,0.03255046458553079,0.04451135730313288,0.06026626643964315,0.04647847118865122,0.047178619605091926,0.035794314111206725,0.03425365571272432,0.053994701806009106,0.030767101002606417,0.04165937015558897,0.046210556263723265,0.04454419637023806,0.038603563854387644,0.043835698039739614,0.043726973393266325,0.03285925950101863,0.03858987770583008,0.05664636171760508,0.04501321241527016,0.04950329304687846,0.04385340023305056
