,index,age,target_label,session_id,correct_or_not,target_label_prob,airplane_prob,bear_prob,bike_prob,bird_prob,boat_prob,bowl_prob,car_prob,cat_prob,chair_prob,couch_prob,cup_prob,dog_prob,fish_prob,frog_prob,house_prob,key_prob,person_prob,phone_prob,rabbit_prob,scissors_prob,sheep_prob,train_prob,tree_prob
0,2282,2,car,run_v31534627260730,0.0,0.03938608692684251,0.04103105477860816,0.04759193290108914,0.03895590973290547,0.04260210697244151,0.03911042931013641,0.0570006171002103,0.03938608692684251,0.04142912303185336,0.041309841666163714,0.03440449637185533,0.041524441284570814,0.042644117253439154,0.05191845448265792,0.0432127295868558,0.03738854238855388,0.04800737559530805,0.04375201630430887,0.04742087519277112,0.042373029536978704,0.050241931064937455,0.04145437207477687,0.04262788515163904,0.04461263129109629
