,index,age,target_label,session_id,correct_or_not,target_label_prob,airplane_prob,bear_prob,bike_prob,bird_prob,boat_prob,bowl_prob,car_prob,cat_prob,chair_prob,couch_prob,cup_prob,dog_prob,fish_prob,frog_prob,house_prob,key_prob,person_prob,phone_prob,rabbit_prob,scissors_prob,sheep_prob,train_prob,tree_prob
0,824,5,bike,run_v31532125606511,0.0,0.042468995282540126,0.05423184290207611,0.041300002468488806,0.042468995282540126,0.04798020770561944,0.04968512531288125,0.037198460893459684,0.043628451455849086,0.04014708462718897,0.04011283855414517,0.03993513956441863,0.03595810191703222,0.041240429343379646,0.045966385761513996,0.04759993461478519,0.04107480278677747,0.044386695205704915,0.04242293230357563,0.04163648747435686,0.043512587184090894,0.04978740330865448,0.04789990957459066,0.048217973916830754,0.03360820784204004
