,index,age,target_label,session_id,correct_or_not,target_label_prob,airplane_prob,bear_prob,bike_prob,bird_prob,boat_prob,bowl_prob,car_prob,cat_prob,chair_prob,couch_prob,cup_prob,dog_prob,fish_prob,frog_prob,house_prob,key_prob,person_prob,phone_prob,rabbit_prob,scissors_prob,sheep_prob,train_prob,tree_prob
0,3316,10,chair,run_v31528484187332,1.0,0.09165687676268085,0.039045329046555804,0.03732886222041759,0.04516971811831324,0.03623532828072592,0.04078050228085787,0.0370292548409486,0.039600407854865204,0.04261596478246813,0.09165687676268085,0.051058513380120844,0.052694943709563444,0.0388602789803943,0.03968215080106543,0.039215091452710515,0.05143371695056301,0.032867383122183534,0.036705595675902904,0.046146391032837006,0.04120704147881825,0.04330439568605746,0.037607387427600766,0.03693702976851517,0.04281783634583419
