,index,age,target_label,session_id,correct_or_not,target_label_prob,airplane_prob,bear_prob,bike_prob,bird_prob,boat_prob,bowl_prob,car_prob,cat_prob,chair_prob,couch_prob,cup_prob,dog_prob,fish_prob,frog_prob,house_prob,key_prob,person_prob,phone_prob,rabbit_prob,scissors_prob,sheep_prob,train_prob,tree_prob
0,367,10,airplane,run_v31531590758359,0.0,0.05873954127253525,0.05873954127253525,0.03705665779297771,0.040494659099230064,0.046966280920474925,0.061236514214511525,0.03756355532425017,0.03575550344863757,0.04010590205297901,0.03619849589245774,0.04922791928400071,0.04405793383526724,0.03894396173066975,0.048789143825122526,0.03645743881790061,0.07555008752450243,0.03412363360014723,0.029077269411602245,0.042802383055552985,0.048428231409810146,0.03940795352712917,0.04023941954832404,0.0431191220864635,0.03565839232545341
