,index,age,target_label,session_id,correct_or_not,target_label_prob,airplane_prob,bear_prob,bike_prob,bird_prob,boat_prob,bowl_prob,car_prob,cat_prob,chair_prob,couch_prob,cup_prob,dog_prob,fish_prob,frog_prob,house_prob,key_prob,person_prob,phone_prob,rabbit_prob,scissors_prob,sheep_prob,train_prob,tree_prob
0,2690,8,cat,run_v41541882339758,0.0,0.05426137924817907,0.038129002952335636,0.052017637668178386,0.03785435041474853,0.04988950726007973,0.039631311879064476,0.04150164128802449,0.03490720079343096,0.05426137924817907,0.04312510014502691,0.03923548720481486,0.03900442392779203,0.05073388448316703,0.03601103510985388,0.04432539329303041,0.037188297418000525,0.03901175565278358,0.06455936994886709,0.03373909395455689,0.04050762815394929,0.0428153625067301,0.04609690323306049,0.03974681781816021,0.0557074156461651
