,index,age,target_label,session_id,correct_or_not,target_label_prob,airplane_prob,bear_prob,bike_prob,bird_prob,boat_prob,bowl_prob,car_prob,cat_prob,chair_prob,couch_prob,cup_prob,dog_prob,fish_prob,frog_prob,house_prob,key_prob,person_prob,phone_prob,rabbit_prob,scissors_prob,sheep_prob,train_prob,tree_prob
0,3835,7,cup,run_v31532638669417,0.0,0.060835444176315444,0.03864449603771194,0.03779240607810937,0.048069577588770826,0.037513977576863033,0.061483310091012315,0.09161217093388704,0.04903230524212147,0.03535416705228277,0.03700305366366054,0.046755196653903326,0.060835444176315444,0.03813874763410687,0.04134337290498716,0.03789735728684287,0.02670653454750183,0.037341778122516114,0.038320706339979055,0.03689062303165704,0.034083298288295906,0.03725359612520281,0.038957548194102805,0.05110665666931936,0.03786367576085001
