,index,age,target_label,session_id,correct_or_not,target_label_prob,airplane_prob,bear_prob,bike_prob,bird_prob,boat_prob,bowl_prob,car_prob,cat_prob,chair_prob,couch_prob,cup_prob,dog_prob,fish_prob,frog_prob,house_prob,key_prob,person_prob,phone_prob,rabbit_prob,scissors_prob,sheep_prob,train_prob,tree_prob
0,8222,6,train,run_v41541966066093,0.0,0.047861724160181716,0.0365595195364758,0.04577282394422503,0.034520053268413356,0.046876065627574334,0.038388884390227355,0.039166316749283406,0.04056394624079198,0.05262035560670512,0.039684999175965144,0.05497256770222707,0.048596667391364964,0.04517739484745363,0.05363980253022037,0.038589371763895215,0.03663419580663418,0.03651288633228655,0.037010635788967725,0.03903076014161899,0.04841032885984877,0.04511964053231761,0.05134206850499094,0.047861724160181716,0.0429489910983307
