,index,age,target_label,session_id,correct_or_not,target_label_prob,airplane_prob,bear_prob,bike_prob,bird_prob,boat_prob,bowl_prob,car_prob,cat_prob,chair_prob,couch_prob,cup_prob,dog_prob,fish_prob,frog_prob,house_prob,key_prob,person_prob,phone_prob,rabbit_prob,scissors_prob,sheep_prob,train_prob,tree_prob
0,6141,3,person,run_v31535227345649,1.0,0.06497236927783057,0.04063345909540019,0.041453618136733435,0.05183778346387117,0.051744125482220654,0.039718584154719676,0.03904685373206169,0.03760144789587695,0.044026616195737424,0.04504884721775857,0.03523136791997454,0.037490865583571245,0.03982708548103965,0.03499118988305944,0.045661928219919184,0.036817728359932037,0.046974605020740516,0.06497236927783057,0.027381591790665304,0.0575918401548572,0.038353766649429195,0.04688924677845278,0.04155978249995412,0.05514529700619442
