,index,age,target_label,session_id,correct_or_not,target_label_prob,airplane_prob,bear_prob,bike_prob,bird_prob,boat_prob,bowl_prob,car_prob,cat_prob,chair_prob,couch_prob,cup_prob,dog_prob,fish_prob,frog_prob,house_prob,key_prob,person_prob,phone_prob,rabbit_prob,scissors_prob,sheep_prob,train_prob,tree_prob
0,5896,9,key,run_v41539116451668,1.0,0.07540784689463229,0.03645918053772574,0.04021269791958539,0.03834453911469512,0.04108395771858057,0.03565556832047232,0.040120882685771096,0.04140593664896982,0.037460184289445975,0.042772321609939684,0.03608831260599483,0.047057205705383694,0.03911121832329169,0.042239893856349214,0.04530215333234919,0.03346487083211982,0.07540784689463229,0.052978294655479485,0.03965874435700629,0.04941155034275228,0.05242486505957384,0.038774032092515474,0.03619025719721836,0.05837548590014784
