,index,age,target_label,session_id,correct_or_not,target_label_prob,airplane_prob,bear_prob,bike_prob,bird_prob,boat_prob,bowl_prob,car_prob,cat_prob,chair_prob,couch_prob,cup_prob,dog_prob,fish_prob,frog_prob,house_prob,key_prob,person_prob,phone_prob,rabbit_prob,scissors_prob,sheep_prob,train_prob,tree_prob
0,386,3,bear,run_v41537646708990,0.0,0.037963993999541604,0.040766995340143525,0.037963993999541604,0.03431852448295069,0.04667738702822439,0.03792932235941893,0.04612764322898025,0.0466573331105866,0.0422131779989994,0.03574078678273207,0.039630202774738804,0.048722087211771896,0.044130025819236314,0.05296431515493876,0.057106835190416406,0.03513482833640876,0.06196533913616018,0.04612167621394483,0.03824528791043942,0.03614628325359819,0.04815244235894991,0.04388018723562546,0.041065057425938314,0.038340267646255435
