,index,age,target_label,session_id,correct_or_not,target_label_prob,airplane_prob,bear_prob,bike_prob,bird_prob,boat_prob,bowl_prob,car_prob,cat_prob,chair_prob,couch_prob,cup_prob,dog_prob,fish_prob,frog_prob,house_prob,key_prob,person_prob,phone_prob,rabbit_prob,scissors_prob,sheep_prob,train_prob,tree_prob
0,3180,4,chair,run_v31529361599199,1.0,0.0575138940056997,0.04334666966619482,0.042932830810631546,0.04840301764132467,0.04377747432013535,0.046404477875659975,0.0342733509416457,0.04435277901620434,0.03827377375011973,0.0575138940056997,0.04265863252529406,0.042977509254395675,0.03850640309714973,0.037354457641041075,0.04399286086040991,0.04906583648916579,0.04200117027698411,0.04035074711532513,0.04273010569990066,0.044261806742097974,0.0406143197669523,0.039809823228211895,0.04350095960975388,0.052897099665701976
