,index,age,target_label,session_id,correct_or_not,target_label_prob,airplane_prob,bear_prob,bike_prob,bird_prob,boat_prob,bowl_prob,car_prob,cat_prob,chair_prob,couch_prob,cup_prob,dog_prob,fish_prob,frog_prob,house_prob,key_prob,person_prob,phone_prob,rabbit_prob,scissors_prob,sheep_prob,train_prob,tree_prob
0,7423,4,scissors,run_v41538857640316,1.0,0.07148462170237972,0.04315387302135535,0.04076843838897101,0.04133933913396032,0.040055229526332,0.02937484299986399,0.04530185724416081,0.03901047236242709,0.03882475632873252,0.03650105646643665,0.03397398230718926,0.04889845300559089,0.0442028506330973,0.03814882063505293,0.043393661960284616,0.0384797072217831,0.055829999414260575,0.04365753484027789,0.046368847394546074,0.04065366239662916,0.07148462170237972,0.0534043871423466,0.038048951798382843,0.049124654075939134
