,index,age,target_label,session_id,correct_or_not,target_label_prob,airplane_prob,bear_prob,bike_prob,bird_prob,boat_prob,bowl_prob,car_prob,cat_prob,chair_prob,couch_prob,cup_prob,dog_prob,fish_prob,frog_prob,house_prob,key_prob,person_prob,phone_prob,rabbit_prob,scissors_prob,sheep_prob,train_prob,tree_prob
0,5170,6,frog,run_v41541282871578,0.0,0.04883845813487569,0.03264667016286068,0.060685321365547974,0.06519477961212361,0.046147129933515434,0.03912034698493965,0.03627200661147765,0.044393553189151544,0.04593566062573152,0.036672424820308434,0.037174835803634114,0.036254685150010256,0.041244383221534224,0.039984524286916,0.04883845813487569,0.036225925180137536,0.036758421111118975,0.055759861185595214,0.03818988936482501,0.04794356616861836,0.04385279203776885,0.04374117379105033,0.04601994679853832,0.04094364445972059
