,index,age,target_label,session_id,correct_or_not,target_label_prob,airplane_prob,bear_prob,bike_prob,bird_prob,boat_prob,bowl_prob,car_prob,cat_prob,chair_prob,couch_prob,cup_prob,dog_prob,fish_prob,frog_prob,house_prob,key_prob,person_prob,phone_prob,rabbit_prob,scissors_prob,sheep_prob,train_prob,tree_prob
0,3218,6,chair,run_v31532197883703,0.0,0.055365410570775056,0.040206600170606295,0.04524338055933538,0.03548591279859466,0.038966146411454114,0.03761077283053562,0.04580231139081705,0.04326628119065957,0.039598970129630914,0.055365410570775056,0.04751481986660253,0.04806925115856926,0.0433225728142927,0.037111514663242764,0.04188202049674656,0.04588597478035568,0.04346195858171177,0.03810806910201547,0.05006551028611454,0.036203892138103204,0.0398018679981881,0.04492074232399284,0.04409660304361068,0.058009416694045204
