,index,age,target_label,session_id,correct_or_not,target_label_prob,airplane_prob,bear_prob,bike_prob,bird_prob,boat_prob,bowl_prob,car_prob,cat_prob,chair_prob,couch_prob,cup_prob,dog_prob,fish_prob,frog_prob,house_prob,key_prob,person_prob,phone_prob,rabbit_prob,scissors_prob,sheep_prob,train_prob,tree_prob
0,3998,2,cup,run_v31534705183546,0.0,0.03942908620352125,0.04948845817151206,0.039034949030228826,0.043599652404643245,0.040264207392058826,0.042190210750419316,0.04262309921138074,0.04201882360068254,0.04225575534223541,0.04932496591382979,0.04149055667495673,0.03942908620352125,0.042368157264283245,0.04554595635873159,0.04240116475828511,0.06277412079391376,0.038697476579167334,0.03146650418688444,0.03848746745261903,0.04033365923816036,0.04867704295680948,0.043587134074637934,0.057731056703817354,0.0362104949372218
