,index,age,target_label,session_id,correct_or_not,target_label_prob,airplane_prob,bear_prob,bike_prob,bird_prob,boat_prob,bowl_prob,car_prob,cat_prob,chair_prob,couch_prob,cup_prob,dog_prob,fish_prob,frog_prob,house_prob,key_prob,person_prob,phone_prob,rabbit_prob,scissors_prob,sheep_prob,train_prob,tree_prob
0,7193,9,scissors,run_v41537735414401,0.0,0.04954121364771818,0.04147370432132383,0.04524520785606422,0.05768225585392657,0.036338420876765684,0.04245319102023934,0.042911077160699196,0.040831968440876464,0.04310650771358294,0.037104334737526896,0.03531115093287004,0.039888714661579054,0.04108650183960235,0.05664521789974025,0.040345527649126064,0.05403114434075634,0.03800280299095227,0.04527002604821127,0.037885862182730594,0.04482103664126123,0.04954121364771818,0.03983978665562743,0.0439236000492167,0.04626074647960313
