,index,age,target_label,session_id,correct_or_not,target_label_prob,airplane_prob,bear_prob,bike_prob,bird_prob,boat_prob,bowl_prob,car_prob,cat_prob,chair_prob,couch_prob,cup_prob,dog_prob,fish_prob,frog_prob,house_prob,key_prob,person_prob,phone_prob,rabbit_prob,scissors_prob,sheep_prob,train_prob,tree_prob
0,5917,6,key,run_v41536441254680,1.0,0.06333712935804343,0.04020183522146889,0.039797810790579737,0.034050874536541605,0.04817440978174393,0.034777793966794805,0.041317985624599936,0.04103603596994769,0.04549045992799936,0.042444857919068435,0.03451110108472272,0.05175523589677506,0.04407467815033641,0.048519695542880395,0.04949945513417187,0.040529995491325944,0.06333712935804343,0.04780879633287006,0.048255555926127965,0.04082380158820669,0.043157377090684734,0.04144460650746386,0.03805602272019951,0.04093448543744701
