,index,age,target_label,session_id,correct_or_not,target_label_prob,airplane_prob,bear_prob,bike_prob,bird_prob,boat_prob,bowl_prob,car_prob,cat_prob,chair_prob,couch_prob,cup_prob,dog_prob,fish_prob,frog_prob,house_prob,key_prob,person_prob,phone_prob,rabbit_prob,scissors_prob,sheep_prob,train_prob,tree_prob
0,199,4,airplane,run_v31528052168660,1.0,0.05847258500584901,0.05847258500584901,0.038657511283931786,0.040965403634583994,0.0417674850955663,0.047880708728503016,0.04461756898232219,0.04210318757186799,0.04267288682773418,0.03718897077790171,0.04021320969732862,0.03864622797427865,0.04359750996126606,0.04761040548839056,0.03998390416016655,0.039699485621508164,0.03746781578832698,0.04248957373598851,0.041435235497474625,0.0428864904491588,0.04670410349473671,0.048349533100137676,0.045704128438996544,0.05088606868398134
