,index,age,target_label,session_id,correct_or_not,target_label_prob,airplane_prob,bear_prob,bike_prob,bird_prob,boat_prob,bowl_prob,car_prob,cat_prob,chair_prob,couch_prob,cup_prob,dog_prob,fish_prob,frog_prob,house_prob,key_prob,person_prob,phone_prob,rabbit_prob,scissors_prob,sheep_prob,train_prob,tree_prob
0,3164,2,chair,run_v31529432999222,1.0,0.10471883460122541,0.043973708974568246,0.03747997670025705,0.03789412250934361,0.03436353429528636,0.04491064104627813,0.040111461122720904,0.030641199736611658,0.03712874684779944,0.10471883460122541,0.05966045962810619,0.04963478781319638,0.03728939956671014,0.03631729919569594,0.044455386003385,0.023327646418523845,0.037912729931371326,0.03800480626970301,0.04377892383322064,0.04499122816782009,0.044588649530692324,0.04280023996763276,0.03972201092326204,0.04629420691658969
