,index,age,target_label,session_id,correct_or_not,target_label_prob,airplane_prob,bear_prob,bike_prob,bird_prob,boat_prob,bowl_prob,car_prob,cat_prob,chair_prob,couch_prob,cup_prob,dog_prob,fish_prob,frog_prob,house_prob,key_prob,person_prob,phone_prob,rabbit_prob,scissors_prob,sheep_prob,train_prob,tree_prob
0,8486,4,tree,run_v31525975379407,0.0,0.05695311074171795,0.04399175543059436,0.043115716613212854,0.041462981294567096,0.03857212437150817,0.042955524101115534,0.04544283019792917,0.04342624009112809,0.03734832773449362,0.07049948793321505,0.03739507520513268,0.042751918963152905,0.04197228806559872,0.03699860616952473,0.04039870570829401,0.039042884587046876,0.041029917584222635,0.059182082758865814,0.0371449765625723,0.04109200669964429,0.03927406464910258,0.03806749094403886,0.04188188359332166,0.05695311074171795
