,index,age,target_label,session_id,correct_or_not,target_label_prob,airplane_prob,bear_prob,bike_prob,bird_prob,boat_prob,bowl_prob,car_prob,cat_prob,chair_prob,couch_prob,cup_prob,dog_prob,fish_prob,frog_prob,house_prob,key_prob,person_prob,phone_prob,rabbit_prob,scissors_prob,sheep_prob,train_prob,tree_prob
0,6004,8,key,run_v41541372903587,1.0,0.06773019308615422,0.040710170023213026,0.04720794649154064,0.0376420597164341,0.0514921186894541,0.03324985668309628,0.047996064183882546,0.03567458844258072,0.04376789371468147,0.061475100066928814,0.037749996541935525,0.041930549353610694,0.03863736955600297,0.03868156060069131,0.03884877981584917,0.03349016815526207,0.06773019308615422,0.04470107304062687,0.029134246452759638,0.04182059913753759,0.06467510649131603,0.04966717951060188,0.030234691714482564,0.04348268853135785
