,index,age,target_label,session_id,correct_or_not,target_label_prob,airplane_prob,bear_prob,bike_prob,bird_prob,boat_prob,bowl_prob,car_prob,cat_prob,chair_prob,couch_prob,cup_prob,dog_prob,fish_prob,frog_prob,house_prob,key_prob,person_prob,phone_prob,rabbit_prob,scissors_prob,sheep_prob,train_prob,tree_prob
0,941,8,bike,run_v31529269799195,1.0,0.07589587631131754,0.03747585743531905,0.04348481346530019,0.07589587631131754,0.04610669243281646,0.04201658159956939,0.04292735420955216,0.035617486785354,0.04567871684161101,0.03804808551898739,0.03873197254174239,0.03754312276633811,0.045276460088360435,0.03723675015000247,0.0427346865980389,0.03645775511031945,0.035609656454771675,0.05402882566545796,0.037253489464702555,0.04069794839391833,0.04373202695586741,0.04579572657105924,0.052307466789852694,0.045342647849741145
