,index,age,target_label,session_id,correct_or_not,target_label_prob,airplane_prob,bear_prob,bike_prob,bird_prob,boat_prob,bowl_prob,car_prob,cat_prob,chair_prob,couch_prob,cup_prob,dog_prob,fish_prob,frog_prob,house_prob,key_prob,person_prob,phone_prob,rabbit_prob,scissors_prob,sheep_prob,train_prob,tree_prob
0,7744,3,sheep,run_v41537041776487,0.0,0.04889344536632445,0.040861253444405915,0.04011397871626908,0.03985249003006853,0.035926826865340995,0.03977076891330182,0.048682971827650016,0.05539312721743582,0.040502011127680884,0.035010871080980804,0.043775222679708396,0.049006319300804124,0.039907169967191986,0.04612473931604042,0.04315368161982997,0.04684121485633844,0.041361746505764796,0.0426592205760287,0.04073697519228373,0.03800687650208014,0.045612400963978166,0.04889344536632445,0.04192781575426961,0.055878872176223435
