,index,age,target_label,session_id,correct_or_not,target_label_prob,airplane_prob,bear_prob,bike_prob,bird_prob,boat_prob,bowl_prob,car_prob,cat_prob,chair_prob,couch_prob,cup_prob,dog_prob,fish_prob,frog_prob,house_prob,key_prob,person_prob,phone_prob,rabbit_prob,scissors_prob,sheep_prob,train_prob,tree_prob
0,5027,4,frog,run_v41537732023046,0.0,0.051191433499635494,0.04210488091333699,0.057008938108459015,0.04231773368225021,0.041924523687344395,0.03493918460792008,0.03628369503881596,0.05509596750749918,0.047566381001780164,0.044577020531795984,0.043684252903572494,0.03968426022966381,0.04872254398202957,0.041335790617237564,0.051191433499635494,0.035811104456627274,0.03896389529584482,0.03903017275383765,0.038983813891012346,0.043856677559632136,0.04518671754560232,0.05003679903019127,0.04397752165078303,0.037716691505128366
