,index,age,target_label,session_id,correct_or_not,target_label_prob,airplane_prob,bear_prob,bike_prob,bird_prob,boat_prob,bowl_prob,car_prob,cat_prob,chair_prob,couch_prob,cup_prob,dog_prob,fish_prob,frog_prob,house_prob,key_prob,person_prob,phone_prob,rabbit_prob,scissors_prob,sheep_prob,train_prob,tree_prob
0,1259,9,bird,run_v31531594552230,0.0,0.04952598817922222,0.037414629924009415,0.052695453878101386,0.042042868676998975,0.04952598817922222,0.03843113356874423,0.042595905637680835,0.036936181351979555,0.049531801654306575,0.03577319023903844,0.038468011843125316,0.04097458617264239,0.052789064994261434,0.049321323084378,0.046501240460497174,0.034898899270135515,0.04823783823320377,0.038786299719311586,0.034724570186443045,0.04677152420760539,0.049045941910458,0.05045554031530436,0.03885036150509755,0.04522764498745465
