,index,age,target_label,session_id,correct_or_not,target_label_prob,airplane_prob,bear_prob,bike_prob,bird_prob,boat_prob,bowl_prob,car_prob,cat_prob,chair_prob,couch_prob,cup_prob,dog_prob,fish_prob,frog_prob,house_prob,key_prob,person_prob,phone_prob,rabbit_prob,scissors_prob,sheep_prob,train_prob,tree_prob
0,1733,10,boat,run_v31534877448781,1.0,0.06518144928061904,0.05181436037976558,0.03747591512526723,0.04285640371324923,0.033722236771437784,0.06518144928061904,0.037318401080321716,0.041689242884729194,0.03860660894757327,0.035644589015848285,0.050555458154002204,0.048859769467889246,0.03615304170863312,0.03822607709563793,0.0377131263498227,0.06338624898166689,0.04100439855645393,0.05183000728069709,0.03582159519356682,0.04049448253274006,0.04239182907916831,0.04172746493069909,0.041147565145820846,0.04637972832439013
