,index,age,target_label,session_id,correct_or_not,target_label_prob,airplane_prob,bear_prob,bike_prob,bird_prob,boat_prob,bowl_prob,car_prob,cat_prob,chair_prob,couch_prob,cup_prob,dog_prob,fish_prob,frog_prob,house_prob,key_prob,person_prob,phone_prob,rabbit_prob,scissors_prob,sheep_prob,train_prob,tree_prob
0,250,4,airplane,run_v31530311922480,1.0,0.06535107714650537,0.06535107714650537,0.03960123891884163,0.04836636966119228,0.042440978785772084,0.05432636285519458,0.03513636126086898,0.04498242475712089,0.04548406274402181,0.04173845014486073,0.037939359734563305,0.04194815367752733,0.0401767796593997,0.04497213391502996,0.03963945518637227,0.041874869077507745,0.045647225435200695,0.03624625187151431,0.03601649484567254,0.04874733184024736,0.05163453822693765,0.03905607568303263,0.043544303176275126,0.03512970139634104
