,index,age,target_label,session_id,correct_or_not,target_label_prob,airplane_prob,bear_prob,bike_prob,bird_prob,boat_prob,bowl_prob,car_prob,cat_prob,chair_prob,couch_prob,cup_prob,dog_prob,fish_prob,frog_prob,house_prob,key_prob,person_prob,phone_prob,rabbit_prob,scissors_prob,sheep_prob,train_prob,tree_prob
0,5489,5,house,run_v31534368870242,1.0,0.08517409627199195,0.05442100600150056,0.03977203245000234,0.039465340203971994,0.045357661280434745,0.0541876504829664,0.038205318869248946,0.04416460734489384,0.03582760319449009,0.03200612778350354,0.03665755367212576,0.03363224138141616,0.04219187617380856,0.039948940472633844,0.03966184886187031,0.08517409627199195,0.037470227719650334,0.05015376982398746,0.03824514749206225,0.04447400029044094,0.043915919415689,0.04092762644491325,0.04089007745158268,0.043249326916814795
