,index,age,target_label,session_id,correct_or_not,target_label_prob,airplane_prob,bear_prob,bike_prob,bird_prob,boat_prob,bowl_prob,car_prob,cat_prob,chair_prob,couch_prob,cup_prob,dog_prob,fish_prob,frog_prob,house_prob,key_prob,person_prob,phone_prob,rabbit_prob,scissors_prob,sheep_prob,train_prob,tree_prob
0,1057,4,bike,run_v31529264825073,0.0,0.04169780105200272,0.05201850824812832,0.03732734649293804,0.04169780105200272,0.037754544653917504,0.04394729238712796,0.04100158740242814,0.043190162321214365,0.0374365489672124,0.0459399338206526,0.05122752074894034,0.04943452064165213,0.04220012571709602,0.03785265781957972,0.04112383946842147,0.049060486886104544,0.03772528631197309,0.056569366605948135,0.039800150688857415,0.042302392497821466,0.039717797492187554,0.04350340499856945,0.04092972171945791,0.04823900305776876
