,index,age,target_label,session_id,correct_or_not,target_label_prob,airplane_prob,bear_prob,bike_prob,bird_prob,boat_prob,bowl_prob,car_prob,cat_prob,chair_prob,couch_prob,cup_prob,dog_prob,fish_prob,frog_prob,house_prob,key_prob,person_prob,phone_prob,rabbit_prob,scissors_prob,sheep_prob,train_prob,tree_prob
0,4831,4,fish,run_v31534116098865,0.0,0.05040626870528552,0.04362906198911091,0.0439025385244366,0.0453676892096221,0.04603294159340008,0.04363099354159011,0.04880202400316604,0.04251628668520919,0.043099810320050905,0.03345006251696277,0.04684774145770812,0.043961437290385305,0.045673927082472976,0.05040626870528552,0.046864890314594704,0.03226460145579142,0.04708354432302988,0.044142925454737476,0.054234638337843914,0.031087926717700155,0.03927016956632788,0.04872839922817995,0.040509298235969195,0.03849282344642475
