,index,age,target_label,session_id,correct_or_not,target_label_prob,airplane_prob,bear_prob,bike_prob,bird_prob,boat_prob,bowl_prob,car_prob,cat_prob,chair_prob,couch_prob,cup_prob,dog_prob,fish_prob,frog_prob,house_prob,key_prob,person_prob,phone_prob,rabbit_prob,scissors_prob,sheep_prob,train_prob,tree_prob
0,1808,5,boat,run_v31526766142852,0.0,0.06736963770571754,0.051183521316843485,0.04022031954623141,0.04378257225281422,0.04012827075005591,0.06736963770571754,0.07334112524423266,0.037151913431672866,0.043212564146198874,0.04016813967860911,0.03553649554684758,0.056015873435441975,0.04175495285984923,0.04992952041382018,0.03814231693062627,0.0360175977665973,0.03822336723148223,0.038307602785406354,0.0336681447454783,0.04168499518825377,0.03850796616357575,0.03896957780456882,0.03852335312623696,0.038160171929439296
