,index,age,target_label,session_id,correct_or_not,target_label_prob,airplane_prob,bear_prob,bike_prob,bird_prob,boat_prob,bowl_prob,car_prob,cat_prob,chair_prob,couch_prob,cup_prob,dog_prob,fish_prob,frog_prob,house_prob,key_prob,person_prob,phone_prob,rabbit_prob,scissors_prob,sheep_prob,train_prob,tree_prob
0,1035,10,bike,run_v31530476039266,1.0,0.055887637275376066,0.037128091524601683,0.04818088958628198,0.055887637275376066,0.04790223337582386,0.03425274530743006,0.03759683109052346,0.043896236911376244,0.048602819485329136,0.04206866508742634,0.03626940746838405,0.04360077331495924,0.05173221050617337,0.0470190900025982,0.05231710299974884,0.03372587116958664,0.047708483782105716,0.03764248686712553,0.039303648039969274,0.04347562490906382,0.0403767850522465,0.05521663264396092,0.04257594758873578,0.03351978601117337
