,index,age,target_label,session_id,correct_or_not,target_label_prob,airplane_prob,bear_prob,bike_prob,bird_prob,boat_prob,bowl_prob,car_prob,cat_prob,chair_prob,couch_prob,cup_prob,dog_prob,fish_prob,frog_prob,house_prob,key_prob,person_prob,phone_prob,rabbit_prob,scissors_prob,sheep_prob,train_prob,tree_prob
0,279,3,airplane,run_v31529362393876,0.0,0.05064428001916853,0.05064428001916853,0.04065132912652561,0.053253470286139123,0.046636131168951614,0.05085311869808413,0.041514401145694574,0.043083871975505963,0.04242421266577418,0.04239865296533709,0.039557723403958855,0.03994899113025978,0.04781677783522587,0.04179271612991929,0.04345616747862976,0.043048681290822385,0.04286276772334713,0.044052262649898935,0.03935457540660778,0.04206559209002907,0.0383378598179924,0.03873285929034348,0.04229287330074139,0.045220684401043085
