,index,age,target_label,session_id,correct_or_not,target_label_prob,airplane_prob,bear_prob,bike_prob,bird_prob,boat_prob,bowl_prob,car_prob,cat_prob,chair_prob,couch_prob,cup_prob,dog_prob,fish_prob,frog_prob,house_prob,key_prob,person_prob,phone_prob,rabbit_prob,scissors_prob,sheep_prob,train_prob,tree_prob
0,136,8,airplane,run_v31532111494633,1.0,0.06704377821458808,0.06704377821458808,0.045333687035233494,0.04002262315937916,0.03648310222230632,0.052652917260611574,0.03460334426731259,0.056885971902642135,0.04314046813012336,0.03767174951333654,0.04511097020672713,0.03269738089483873,0.043687073864556426,0.046387063556571094,0.03792484592132737,0.03164484026786611,0.039433131811203316,0.039755019845496085,0.044985364048920465,0.0510906834274164,0.04110814378895862,0.04321995681137186,0.05533215268099489,0.03378573116821811
