,index,age,target_label,session_id,correct_or_not,target_label_prob,airplane_prob,bear_prob,bike_prob,bird_prob,boat_prob,bowl_prob,car_prob,cat_prob,chair_prob,couch_prob,cup_prob,dog_prob,fish_prob,frog_prob,house_prob,key_prob,person_prob,phone_prob,rabbit_prob,scissors_prob,sheep_prob,train_prob,tree_prob
0,7508,3,scissors,run_v41541288589117,0.0,0.04675153765156295,0.03819662143991925,0.045957383861246565,0.04321721984933011,0.043984505108057785,0.03971445670273698,0.03814069648737239,0.047279194984859364,0.04770591529595346,0.04271698067060896,0.039313315841492856,0.03760076079818844,0.044036706984086696,0.04050801602880476,0.05136422540989877,0.03724379165576166,0.06368134728182648,0.04319655293814424,0.03475249801895536,0.045067474125318405,0.04675153765156295,0.04919043461185909,0.040019633330663405,0.04036073092335208
