,index,age,target_label,session_id,correct_or_not,target_label_prob,airplane_prob,bear_prob,bike_prob,bird_prob,boat_prob,bowl_prob,car_prob,cat_prob,chair_prob,couch_prob,cup_prob,dog_prob,fish_prob,frog_prob,house_prob,key_prob,person_prob,phone_prob,rabbit_prob,scissors_prob,sheep_prob,train_prob,tree_prob
0,3657,8,couch,run_v31528583580541,1.0,0.09870038364797909,0.038523433989951124,0.04207008004344528,0.037442247924123234,0.036889029470754814,0.048746114340714984,0.03238522995397906,0.03866412863680373,0.037192897885663316,0.07365824369197639,0.09870038364797909,0.044528193552908546,0.037371631725866966,0.028076914156230273,0.03606283512521312,0.07004973355668452,0.04056733835964767,0.03201461439167462,0.043391927102383925,0.038470110249383224,0.038261715131455466,0.03704497288782763,0.03852198132125992,0.03136624285407339
