,index,age,target_label,session_id,correct_or_not,target_label_prob,airplane_prob,bear_prob,bike_prob,bird_prob,boat_prob,bowl_prob,car_prob,cat_prob,chair_prob,couch_prob,cup_prob,dog_prob,fish_prob,frog_prob,house_prob,key_prob,person_prob,phone_prob,rabbit_prob,scissors_prob,sheep_prob,train_prob,tree_prob
0,5159,6,frog,run_v41540158423085,0.0,0.06382829724856653,0.03516831736925051,0.07157926517158471,0.03931280543351907,0.036868389549741386,0.039627808187294174,0.04440650929980688,0.05238271760111706,0.03957604923312839,0.04175293876593366,0.03723383641617192,0.03551151895956921,0.04152723822056515,0.04052133309215088,0.06382829724856653,0.03708265441334322,0.0355429376408904,0.04702300414603774,0.04332083710620334,0.05235349419128295,0.03820962084421225,0.04347103330646802,0.04430187501690043,0.039397518786262034
