,index,age,target_label,session_id,correct_or_not,target_label_prob,airplane_prob,bear_prob,bike_prob,bird_prob,boat_prob,bowl_prob,car_prob,cat_prob,chair_prob,couch_prob,cup_prob,dog_prob,fish_prob,frog_prob,house_prob,key_prob,person_prob,phone_prob,rabbit_prob,scissors_prob,sheep_prob,train_prob,tree_prob
0,7253,3,scissors,run_v41538940667434,0.0,0.047963442416418034,0.045580941675102786,0.039798627627851677,0.04273460658083083,0.04603294774953988,0.04537475468019915,0.04056310623029207,0.03858591753998714,0.04054343119237439,0.043762368409828147,0.03936006813275821,0.04333475633410585,0.04445547410153307,0.04153281349564897,0.04110388454987607,0.03675992030210616,0.05261674872398627,0.038323784304004,0.042605398770442844,0.04713725064096766,0.047963442416418034,0.04362443998964352,0.043976678099542484,0.05422863845296096
