,index,age,target_label,session_id,correct_or_not,target_label_prob,airplane_prob,bear_prob,bike_prob,bird_prob,boat_prob,bowl_prob,car_prob,cat_prob,chair_prob,couch_prob,cup_prob,dog_prob,fish_prob,frog_prob,house_prob,key_prob,person_prob,phone_prob,rabbit_prob,scissors_prob,sheep_prob,train_prob,tree_prob
0,2940,3,cat,run_v41541271796834,0.0,0.056243541700435426,0.0365834407762172,0.04963244847159797,0.045139642128403205,0.06253205269328294,0.035724078950574875,0.035698748201298716,0.03758403540574171,0.056243541700435426,0.037547688175550285,0.037011186912652136,0.044126135284669236,0.05921678457969787,0.038512086085145406,0.04350632030438261,0.03754283899065706,0.0427010714969825,0.03181913226023185,0.02764784941116451,0.0489252902991088,0.0453097453917799,0.060521933449286004,0.04369502142011733,0.04277892761102244
