,index,age,target_label,session_id,correct_or_not,target_label_prob,airplane_prob,bear_prob,bike_prob,bird_prob,boat_prob,bowl_prob,car_prob,cat_prob,chair_prob,couch_prob,cup_prob,dog_prob,fish_prob,frog_prob,house_prob,key_prob,person_prob,phone_prob,rabbit_prob,scissors_prob,sheep_prob,train_prob,tree_prob
0,2479,2,car,run_v31534780801102,0.0,0.0424594980977886,0.0432575658348048,0.042005583844491774,0.04048534514734964,0.03313295807194649,0.03594792964743899,0.04374516416796618,0.0424594980977886,0.042784055484456934,0.053138617444274894,0.04569073744612184,0.04685100295506988,0.0408386115160458,0.038251600986560094,0.04164969525789817,0.039899253042200725,0.046404037389132416,0.052149098659453635,0.04764486343717244,0.04286798216108582,0.05636415088112634,0.04128076279890565,0.037914931424090935,0.045236554304617864
