,index,age,target_label,session_id,correct_or_not,target_label_prob,airplane_prob,bear_prob,bike_prob,bird_prob,boat_prob,bowl_prob,car_prob,cat_prob,chair_prob,couch_prob,cup_prob,dog_prob,fish_prob,frog_prob,house_prob,key_prob,person_prob,phone_prob,rabbit_prob,scissors_prob,sheep_prob,train_prob,tree_prob
0,2188,4,bowl,run_v31530480400108,1.0,0.07672962070964107,0.03567883995139044,0.03980491102371695,0.036598030937671264,0.04052333929749944,0.04618148297612617,0.07672962070964107,0.051492095441933394,0.039343232914945715,0.041527184732694726,0.04015456536675057,0.044724545654694976,0.038122544831829266,0.04603474259078858,0.045842583464182476,0.042964207473711165,0.04426416871212483,0.043689374926185146,0.048235862848481165,0.04407772303375862,0.03792179801333183,0.040360128235016814,0.03634149736169841,0.03938751950182713
