,index,age,target_label,session_id,correct_or_not,target_label_prob,airplane_prob,bear_prob,bike_prob,bird_prob,boat_prob,bowl_prob,car_prob,cat_prob,chair_prob,couch_prob,cup_prob,dog_prob,fish_prob,frog_prob,house_prob,key_prob,person_prob,phone_prob,rabbit_prob,scissors_prob,sheep_prob,train_prob,tree_prob
0,6277,7,person,run_v31533335412720,1.0,0.06744221392563347,0.04233090959220111,0.04725393866319722,0.04613401969409486,0.05286748099736864,0.040693844706024954,0.03825995719716282,0.03784282210591788,0.04373508531615679,0.03348325914176798,0.03490878965061164,0.03980438884877531,0.04789586924999741,0.03728525616693259,0.04387652221205521,0.04402097132969494,0.04304117069007516,0.06744221392563347,0.039329936922707684,0.04895966433298933,0.042415886829934135,0.04021378404053013,0.035642610954413914,0.05256161743175689
