,index,age,target_label,session_id,correct_or_not,target_label_prob,airplane_prob,bear_prob,bike_prob,bird_prob,boat_prob,bowl_prob,car_prob,cat_prob,chair_prob,couch_prob,cup_prob,dog_prob,fish_prob,frog_prob,house_prob,key_prob,person_prob,phone_prob,rabbit_prob,scissors_prob,sheep_prob,train_prob,tree_prob
0,669,3,bear,run_v41540581047662,0.0,0.0504769800660827,0.05159334724519372,0.0504769800660827,0.03886738054600095,0.04678580405531287,0.045560912473630116,0.03393026064966109,0.037104172045912244,0.04377386130423036,0.0429959197081616,0.03945825871359192,0.037594268416253164,0.04074932925928856,0.04467573797931832,0.044873534348387416,0.03857732009353338,0.04462894229450539,0.041917175646363054,0.03795845404688228,0.04548577164766006,0.045553915343827724,0.04353965363339596,0.04031226363511745,0.06358673684768963
