,index,age,target_label,session_id,correct_or_not,target_label_prob,airplane_prob,bear_prob,bike_prob,bird_prob,boat_prob,bowl_prob,car_prob,cat_prob,chair_prob,couch_prob,cup_prob,dog_prob,fish_prob,frog_prob,house_prob,key_prob,person_prob,phone_prob,rabbit_prob,scissors_prob,sheep_prob,train_prob,tree_prob
0,8654,5,tree,run_v31534277725122,0.0,0.05518829441139662,0.03728313643401001,0.043833898839268866,0.036564972233456436,0.03916322514827467,0.042642384931975454,0.03453930232920952,0.04259054677572506,0.03881717973409273,0.055321139543705905,0.05637966343313023,0.045960501060676257,0.04075876635301157,0.03690434293685024,0.04433021215583803,0.057279093144237354,0.041410559342282355,0.04385204510040417,0.04518457300230586,0.03951216410694932,0.03514313971014656,0.04064164009454401,0.046699219178508763,0.05518829441139662
