,index,age,target_label,session_id,correct_or_not,target_label_prob,airplane_prob,bear_prob,bike_prob,bird_prob,boat_prob,bowl_prob,car_prob,cat_prob,chair_prob,couch_prob,cup_prob,dog_prob,fish_prob,frog_prob,house_prob,key_prob,person_prob,phone_prob,rabbit_prob,scissors_prob,sheep_prob,train_prob,tree_prob
0,1823,3,boat,run_v31534619064946,0.0,0.04191978098839327,0.03602641906371568,0.0452921438673217,0.03937062969644445,0.04067955907623626,0.04191978098839327,0.0502036273217469,0.03534037408580058,0.04325267249211179,0.038637931209591886,0.03242548805128811,0.04338224234997209,0.040001105295992996,0.05008861656779154,0.040638732928765256,0.053227752916341554,0.048345558703931944,0.042118364300645666,0.06396327834808459,0.03990719757408582,0.0386905390857871,0.03902317573351369,0.05054761697315633,0.04691719336928058
