,index,age,target_label,session_id,correct_or_not,target_label_prob,airplane_prob,bear_prob,bike_prob,bird_prob,boat_prob,bowl_prob,car_prob,cat_prob,chair_prob,couch_prob,cup_prob,dog_prob,fish_prob,frog_prob,house_prob,key_prob,person_prob,phone_prob,rabbit_prob,scissors_prob,sheep_prob,train_prob,tree_prob
0,2303,5,car,run_v31534618697014,1.0,0.06148569578962235,0.040044709485696224,0.0544953054526895,0.04947555397699522,0.041758575016357435,0.04121647630794405,0.03776227871012661,0.06148569578962235,0.04524240719356812,0.04039408733068777,0.036653961090147825,0.0365789205610613,0.04622707580079004,0.04443078803745154,0.05248338956607276,0.04184184334468415,0.038604249131438395,0.04026941502199258,0.043216634250041776,0.042879565452776096,0.0344003434192208,0.043849792039114474,0.0470843180444376,0.03960461497708366
