,index,age,target_label,session_id,correct_or_not,target_label_prob,airplane_prob,bear_prob,bike_prob,bird_prob,boat_prob,bowl_prob,car_prob,cat_prob,chair_prob,couch_prob,cup_prob,dog_prob,fish_prob,frog_prob,house_prob,key_prob,person_prob,phone_prob,rabbit_prob,scissors_prob,sheep_prob,train_prob,tree_prob
0,6615,2,phone,run_v41541191620497,0.0,0.038198402627313804,0.04766974086845981,0.038211502905089595,0.07235218340876406,0.034136844089965285,0.04725449154282672,0.05233611634155987,0.07063032596057331,0.03451449410811113,0.03603880459842894,0.049319697112203686,0.03701983364658863,0.04236741923690637,0.04025232073713282,0.04303258311211199,0.038450382546418124,0.04294712358850034,0.037438522077646884,0.038198402627313804,0.034967341708059964,0.044014767954816764,0.03472193916921475,0.04953708603066698,0.0345880766286402
