,index,age,target_label,session_id,correct_or_not,target_label_prob,airplane_prob,bear_prob,bike_prob,bird_prob,boat_prob,bowl_prob,car_prob,cat_prob,chair_prob,couch_prob,cup_prob,dog_prob,fish_prob,frog_prob,house_prob,key_prob,person_prob,phone_prob,rabbit_prob,scissors_prob,sheep_prob,train_prob,tree_prob
0,6794,4,phone,run_v31529092199275,0.0,0.06775936322104095,0.03313944290237592,0.03634734664609491,0.03454678852958089,0.034378150371698786,0.04203221196472356,0.0429807529483863,0.03849198727881348,0.03694239423730766,0.07132206546520994,0.03311530832238604,0.055721533528340514,0.037375627853004204,0.0394125345770501,0.04081571758435318,0.04929850417073268,0.04489243732619713,0.04955680503746966,0.06775936322104095,0.03577233134885414,0.03958957656921105,0.038514366891880654,0.038378901936895755,0.05961585128839251
