,index,age,target_label,session_id,correct_or_not,target_label_prob,airplane_prob,bear_prob,bike_prob,bird_prob,boat_prob,bowl_prob,car_prob,cat_prob,chair_prob,couch_prob,cup_prob,dog_prob,fish_prob,frog_prob,house_prob,key_prob,person_prob,phone_prob,rabbit_prob,scissors_prob,sheep_prob,train_prob,tree_prob
0,6892,5,rabbit,run_v31529269996057,1.0,0.06285394473148632,0.039789517071182216,0.05068531612675192,0.04896362596235564,0.038292984881940086,0.041069349932169374,0.045634346144483764,0.045227130925574434,0.039835064156348104,0.04002483015024209,0.039609011262872786,0.039456475682247694,0.04265958636470183,0.03795020606728757,0.048472152706136286,0.03888136775176418,0.05144027427633386,0.04082979809405537,0.04301087043414067,0.06285394473148632,0.046069388377718914,0.036520245450367424,0.03796307525832418,0.04476143819151548
