,index,age,target_label,session_id,correct_or_not,target_label_prob,airplane_prob,bear_prob,bike_prob,bird_prob,boat_prob,bowl_prob,car_prob,cat_prob,chair_prob,couch_prob,cup_prob,dog_prob,fish_prob,frog_prob,house_prob,key_prob,person_prob,phone_prob,rabbit_prob,scissors_prob,sheep_prob,train_prob,tree_prob
0,8186,2,train,run_v41541709421834,0.0,0.04239546534468193,0.045389733514698674,0.046834829350997156,0.049633565762660405,0.04001760069490053,0.0396832966797269,0.043127208388720015,0.06561584275013185,0.0427686096858145,0.04259550796140583,0.037706078050438886,0.042815693629615965,0.03936773916152437,0.038183670323520436,0.04495204211609065,0.03843878925716568,0.04271205321051384,0.044001667275199816,0.03817648808083506,0.04966485214037643,0.04700835823186179,0.04123958535770285,0.04239546534468193,0.037671323031416265
