,index,age,target_label,session_id,correct_or_not,target_label_prob,airplane_prob,bear_prob,bike_prob,bird_prob,boat_prob,bowl_prob,car_prob,cat_prob,chair_prob,couch_prob,cup_prob,dog_prob,fish_prob,frog_prob,house_prob,key_prob,person_prob,phone_prob,rabbit_prob,scissors_prob,sheep_prob,train_prob,tree_prob
0,1078,5,bike,run_v31529011985004,1.0,0.0969833664455463,0.047492339467498756,0.03789306311643501,0.0969833664455463,0.040069411324412274,0.04906159481330912,0.03621960629276306,0.0493855034442867,0.04597621665195891,0.041075701983592915,0.03628252701375691,0.03888833006360285,0.042904216975495395,0.035414535731500454,0.03696379157928636,0.04303485315480172,0.033062699326589916,0.04917010983658024,0.03403276951892874,0.04394911846006344,0.03741240662190974,0.03493854902476456,0.05242294763292771,0.03736634151998892
