,index,age,target_label,session_id,correct_or_not,target_label_prob,airplane_prob,bear_prob,bike_prob,bird_prob,boat_prob,bowl_prob,car_prob,cat_prob,chair_prob,couch_prob,cup_prob,dog_prob,fish_prob,frog_prob,house_prob,key_prob,person_prob,phone_prob,rabbit_prob,scissors_prob,sheep_prob,train_prob,tree_prob
0,3886,5,cup,run_v31526762362068,0.0,0.054282889121440574,0.04061462338713395,0.05511403035413624,0.0453656116186876,0.043485905668413094,0.03938658807791493,0.060418133972910563,0.04175323099577538,0.03290061008395023,0.03715268268806185,0.03845028995445139,0.054282889121440574,0.04288488465153701,0.0433816169859944,0.046202988896377105,0.0379219362069248,0.04563312896267837,0.0377415639529091,0.03669700204836438,0.04246304594013616,0.04001534128680238,0.04471190379379127,0.03837661895001317,0.05504537240159583
