,index,age,target_label,session_id,correct_or_not,target_label_prob,airplane_prob,bear_prob,bike_prob,bird_prob,boat_prob,bowl_prob,car_prob,cat_prob,chair_prob,couch_prob,cup_prob,dog_prob,fish_prob,frog_prob,house_prob,key_prob,person_prob,phone_prob,rabbit_prob,scissors_prob,sheep_prob,train_prob,tree_prob
0,7716,5,sheep,run_v41537650464349,0.0,0.04804551775191138,0.040073298250539756,0.04697354969693424,0.04466738389655689,0.036854276565174406,0.049019467165409454,0.04848950845550456,0.03741980944285434,0.04307300167111106,0.03905588691726889,0.043286553555257776,0.03857758240679142,0.04203830868613289,0.04940874097237267,0.045240732173983965,0.03848660961005674,0.038018099534048215,0.046632872232114944,0.03907701584324681,0.044265162131755714,0.057207634353314794,0.04804551775191138,0.04275205272178584,0.041336935965873164
