,index,age,target_label,session_id,correct_or_not,target_label_prob,airplane_prob,bear_prob,bike_prob,bird_prob,boat_prob,bowl_prob,car_prob,cat_prob,chair_prob,couch_prob,cup_prob,dog_prob,fish_prob,frog_prob,house_prob,key_prob,person_prob,phone_prob,rabbit_prob,scissors_prob,sheep_prob,train_prob,tree_prob
0,4443,8,dog,run_v31535314151786,0.0,0.04669971078281848,0.05502807927089352,0.04016933236990326,0.055617501283077776,0.04000602303316746,0.04908391376830792,0.04250058911123493,0.0351635029143445,0.05263508625010024,0.04760541542159106,0.0409047012660112,0.04240525596680352,0.04669971078281848,0.04896624839569018,0.041344475839544335,0.03197227498831272,0.03807969099514513,0.045229721825213946,0.031883516806389026,0.044497695306452506,0.049981920571853695,0.04497372697455685,0.042206989433141634,0.033044627425446074
