,index,age,target_label,session_id,correct_or_not,target_label_prob,airplane_prob,bear_prob,bike_prob,bird_prob,boat_prob,bowl_prob,car_prob,cat_prob,chair_prob,couch_prob,cup_prob,dog_prob,fish_prob,frog_prob,house_prob,key_prob,person_prob,phone_prob,rabbit_prob,scissors_prob,sheep_prob,train_prob,tree_prob
0,990,6,bike,run_v31528749624228,1.0,0.08458445917126202,0.04816624251460045,0.04000037644971924,0.08458445917126202,0.040138680839513156,0.044654058588334114,0.03746343799207725,0.04531440283345136,0.04049489004640101,0.04062693391437759,0.0422411035121596,0.03681591110935559,0.042925829456260375,0.04521685007595378,0.041560052036629616,0.03643375132682598,0.03761206663332188,0.04067838272878743,0.033603177204535574,0.041218728904361145,0.04331557500109534,0.04418735049716825,0.045533895095867576,0.04721384406794178
