,index,age,target_label,session_id,correct_or_not,target_label_prob,airplane_prob,bear_prob,bike_prob,bird_prob,boat_prob,bowl_prob,car_prob,cat_prob,chair_prob,couch_prob,cup_prob,dog_prob,fish_prob,frog_prob,house_prob,key_prob,person_prob,phone_prob,rabbit_prob,scissors_prob,sheep_prob,train_prob,tree_prob
0,2437,4,car,run_v31534363758227,0.0,0.03572504309638002,0.04035393607247129,0.04617737877601597,0.03872266384250612,0.04587069009929562,0.0321649496492689,0.04639205279022436,0.03572504309638002,0.04330830855121485,0.03478811844924496,0.04051470034140161,0.0428294360938146,0.04136624779951588,0.0520181591870546,0.04335469238547593,0.04054727552349006,0.09582849630746955,0.04252779201671519,0.02979740150265825,0.04451783641406985,0.04116111955416686,0.044596267373688485,0.040388781502954135,0.03704865267090292
