,index,age,target_label,session_id,correct_or_not,target_label_prob,airplane_prob,bear_prob,bike_prob,bird_prob,boat_prob,bowl_prob,car_prob,cat_prob,chair_prob,couch_prob,cup_prob,dog_prob,fish_prob,frog_prob,house_prob,key_prob,person_prob,phone_prob,rabbit_prob,scissors_prob,sheep_prob,train_prob,tree_prob
0,4518,7,dog,run_v31527793036538,0.0,0.045872021854086086,0.04987049072846281,0.03923012995588454,0.04306333409655656,0.04568131355601238,0.035627373353377706,0.03809775188616539,0.04537294748639675,0.04097575626341898,0.04469469854605436,0.052878986037890686,0.04909158618580247,0.045872021854086086,0.060707828372901666,0.041390159314760366,0.035930948003380966,0.03827958112485062,0.04037283252182224,0.04695293487983908,0.03932315761015817,0.04333361782529499,0.041611993269677926,0.047372328675008735,0.03426822845219643
