,index,age,target_label,session_id,correct_or_not,target_label_prob,airplane_prob,bear_prob,bike_prob,bird_prob,boat_prob,bowl_prob,car_prob,cat_prob,chair_prob,couch_prob,cup_prob,dog_prob,fish_prob,frog_prob,house_prob,key_prob,person_prob,phone_prob,rabbit_prob,scissors_prob,sheep_prob,train_prob,tree_prob
0,5507,6,house,run_v31533760726982,1.0,0.0814313255643171,0.04469006726711206,0.03686400723510146,0.041775130638597516,0.03678863326155109,0.0566223983753092,0.04195471343019357,0.04378414352170115,0.0378990914883777,0.04862198320017109,0.04987978996099375,0.04393360172321644,0.039255552433435925,0.03822393326956598,0.03760990196416378,0.0814313255643171,0.04026254323333987,0.040063578772950574,0.03037524078887133,0.04015307479950451,0.03920343411926766,0.04592358655055234,0.04432105606991756,0.040363212331788016
