,index,age,target_label,session_id,correct_or_not,target_label_prob,airplane_prob,bear_prob,bike_prob,bird_prob,boat_prob,bowl_prob,car_prob,cat_prob,chair_prob,couch_prob,cup_prob,dog_prob,fish_prob,frog_prob,house_prob,key_prob,person_prob,phone_prob,rabbit_prob,scissors_prob,sheep_prob,train_prob,tree_prob
0,3219,4,chair,run_v31528135799225,0.0,0.04944172366512124,0.04167410553943992,0.04561290327682961,0.04043269941456678,0.04546702644341075,0.0357902832832343,0.038382771968646125,0.040410879882632436,0.03835887436349192,0.04944172366512124,0.038800313883650246,0.03968803240140485,0.04428568386886551,0.03805013524321062,0.03898159408826001,0.04246055872668091,0.04429637300552859,0.07646189425116245,0.044157661665459945,0.037711121068315666,0.03880553143059213,0.0397177571106766,0.03860954368965987,0.062402531729159695
