,index,age,target_label,session_id,correct_or_not,target_label_prob,airplane_prob,bear_prob,bike_prob,bird_prob,boat_prob,bowl_prob,car_prob,cat_prob,chair_prob,couch_prob,cup_prob,dog_prob,fish_prob,frog_prob,house_prob,key_prob,person_prob,phone_prob,rabbit_prob,scissors_prob,sheep_prob,train_prob,tree_prob
0,7465,3,scissors,run_v41539979793167,0.0,0.0437698692984853,0.05087891556306766,0.04740221140011203,0.05864774102488583,0.04539269092273967,0.041820615700488374,0.038689285084900465,0.04447451557284266,0.03826891043109162,0.04885809066118901,0.04001551204014588,0.04718108400221781,0.039107161870965475,0.03976424010617891,0.03949627980783624,0.03242548125468044,0.041816919981520505,0.03843837094558354,0.041489288360435576,0.04783922480939003,0.0437698692984853,0.03800673735755861,0.04389377352721984,0.052323080276464415
