,index,age,target_label,session_id,correct_or_not,target_label_prob,airplane_prob,bear_prob,bike_prob,bird_prob,boat_prob,bowl_prob,car_prob,cat_prob,chair_prob,couch_prob,cup_prob,dog_prob,fish_prob,frog_prob,house_prob,key_prob,person_prob,phone_prob,rabbit_prob,scissors_prob,sheep_prob,train_prob,tree_prob
0,131,2,airplane,run_v31528586162816,1.0,0.07875758404376841,0.07875758404376841,0.03964033841512672,0.04701120967726004,0.043851472655243987,0.06068534568208253,0.03422593333536012,0.04687558600914983,0.038697556606166875,0.04349281626571576,0.056365626322595126,0.042189998762678545,0.03503537487372022,0.03663611388800705,0.03394490742384153,0.04532655065844028,0.034064784939414276,0.04401574472960469,0.03921421845057961,0.04077208065649181,0.04421675950484448,0.03982975917183842,0.037735841885073555,0.03741439604299593
