,index,age,target_label,session_id,correct_or_not,target_label_prob,airplane_prob,bear_prob,bike_prob,bird_prob,boat_prob,bowl_prob,car_prob,cat_prob,chair_prob,couch_prob,cup_prob,dog_prob,fish_prob,frog_prob,house_prob,key_prob,person_prob,phone_prob,rabbit_prob,scissors_prob,sheep_prob,train_prob,tree_prob
0,5909,10,key,run_v41537128879867,1.0,0.06561063847954487,0.03812700112449397,0.04412551726467059,0.03877897765105208,0.04668315327881736,0.038669173413293546,0.04514889500219461,0.045278166710948205,0.04784476133041501,0.04073474022583444,0.04055317388756163,0.05385037459769889,0.046553113744258995,0.04992998655552398,0.045563210657107785,0.03370649596972234,0.06561063847954487,0.03258399080016005,0.037555245359480904,0.034077723302247696,0.04421523078015394,0.0446177635483314,0.04091349609490536,0.0448791702215823
