,index,age,target_label,session_id,correct_or_not,target_label_prob,airplane_prob,bear_prob,bike_prob,bird_prob,boat_prob,bowl_prob,car_prob,cat_prob,chair_prob,couch_prob,cup_prob,dog_prob,fish_prob,frog_prob,house_prob,key_prob,person_prob,phone_prob,rabbit_prob,scissors_prob,sheep_prob,train_prob,tree_prob
0,2617,5,car,run_v31533578889246,1.0,0.08581219649790728,0.04798560074466847,0.037620194650224904,0.05790225194975761,0.042836217896369114,0.03734043313092441,0.03320102811114549,0.08581219649790728,0.03817070011817266,0.03807762278513881,0.04755448860741497,0.03452344809741551,0.04072117673907262,0.0466835072549383,0.03800736818030812,0.042404886797154186,0.03942255381109252,0.03746715838378775,0.0381535987932576,0.04285750585922988,0.04110298399550557,0.03617350579117393,0.05517160737525975,0.04080996443008046
