,index,age,target_label,session_id,correct_or_not,target_label_prob,airplane_prob,bear_prob,bike_prob,bird_prob,boat_prob,bowl_prob,car_prob,cat_prob,chair_prob,couch_prob,cup_prob,dog_prob,fish_prob,frog_prob,house_prob,key_prob,person_prob,phone_prob,rabbit_prob,scissors_prob,sheep_prob,train_prob,tree_prob
0,4436,9,dog,run_v31526757005823,0.0,0.04337204149253426,0.03610930024407441,0.044572675157352706,0.03426281928484086,0.04303583989878174,0.0371010636422977,0.04222205400727647,0.03915775539937465,0.04035264949960953,0.04617199523868508,0.03528185995960008,0.04574927598130663,0.04337204149253426,0.042107008601360824,0.042701268802764515,0.03297907758883203,0.0503207639364197,0.062167964890256215,0.04738798105338296,0.03942156925001607,0.04872130556372385,0.04230468197880954,0.037618446926250666,0.06688060160244964
