,index,age,target_label,session_id,correct_or_not,target_label_prob,airplane_prob,bear_prob,bike_prob,bird_prob,boat_prob,bowl_prob,car_prob,cat_prob,chair_prob,couch_prob,cup_prob,dog_prob,fish_prob,frog_prob,house_prob,key_prob,person_prob,phone_prob,rabbit_prob,scissors_prob,sheep_prob,train_prob,tree_prob
0,1177,2,bird,run_v31527972599108,0.0,0.051649199494336766,0.046628314283737045,0.04330219200359225,0.04597038419549003,0.051649199494336766,0.03669136971382512,0.030955220144413452,0.04600521079336433,0.04345334997572246,0.045776443884637356,0.045242054614832855,0.03663670328619028,0.044256923429403974,0.04473160221720223,0.043894652108229654,0.03522111611431368,0.03973062487581128,0.0391427376717588,0.04193013571589594,0.042233462313091726,0.03910307417636744,0.04672129696572421,0.05101711058112859,0.059706821440930466
