,index,age,target_label,session_id,correct_or_not,target_label_prob,airplane_prob,bear_prob,bike_prob,bird_prob,boat_prob,bowl_prob,car_prob,cat_prob,chair_prob,couch_prob,cup_prob,dog_prob,fish_prob,frog_prob,house_prob,key_prob,person_prob,phone_prob,rabbit_prob,scissors_prob,sheep_prob,train_prob,tree_prob
0,7856,6,sheep,run_v41541095337087,0.0,0.040406650350792,0.06694706172509411,0.037172884670462224,0.04332319573057299,0.03994320649286501,0.05491309944539556,0.03771219224569987,0.04120232039466518,0.041980288597383404,0.039973036040408916,0.041809887534883676,0.03789624194421122,0.03647907070179441,0.05199894684006528,0.03646307205925221,0.047200250494563015,0.04417192033578546,0.05101994313901349,0.037413914810941605,0.04146829102708173,0.048213374315297965,0.040406650350792,0.04213301674610578,0.04015813435766482
