,index,age,target_label,session_id,correct_or_not,target_label_prob,airplane_prob,bear_prob,bike_prob,bird_prob,boat_prob,bowl_prob,car_prob,cat_prob,chair_prob,couch_prob,cup_prob,dog_prob,fish_prob,frog_prob,house_prob,key_prob,person_prob,phone_prob,rabbit_prob,scissors_prob,sheep_prob,train_prob,tree_prob
0,7749,5,sheep,run_v41540072238708,1.0,0.056875532230884464,0.04759275665473439,0.04463070517963453,0.042805942946470624,0.04789058647507558,0.0354787937555173,0.036433170290622506,0.03918676096103985,0.053326626017869916,0.04262008629220669,0.0412712003361033,0.03612328324187918,0.052391243056712306,0.04219260047170952,0.04341276796288493,0.03875350642160972,0.0387739538691648,0.04550182536650816,0.03485883300428699,0.040245810849929516,0.0518813853177089,0.056875532230884464,0.041015406668182576,0.046737222629263935
