,index,age,target_label,session_id,correct_or_not,target_label_prob,airplane_prob,bear_prob,bike_prob,bird_prob,boat_prob,bowl_prob,car_prob,cat_prob,chair_prob,couch_prob,cup_prob,dog_prob,fish_prob,frog_prob,house_prob,key_prob,person_prob,phone_prob,rabbit_prob,scissors_prob,sheep_prob,train_prob,tree_prob
0,8405,10,tree,run_v31533151972028,0.0,0.05022694728606435,0.04119390475735753,0.045876180849684985,0.04250751348832543,0.04728250587440068,0.03937928489814595,0.037324555498548746,0.04388088136305143,0.04618915650348317,0.03866574377439421,0.041565853844636014,0.0423476296549427,0.04684046052601122,0.035841636818011884,0.04737016256675604,0.0428715174272152,0.03832852829247041,0.0478099728671445,0.04473844786614106,0.03687086990286208,0.037959556717608964,0.0553075054658816,0.0496211837568619,0.05022694728606435
