,index,age,target_label,session_id,correct_or_not,target_label_prob,airplane_prob,bear_prob,bike_prob,bird_prob,boat_prob,bowl_prob,car_prob,cat_prob,chair_prob,couch_prob,cup_prob,dog_prob,fish_prob,frog_prob,house_prob,key_prob,person_prob,phone_prob,rabbit_prob,scissors_prob,sheep_prob,train_prob,tree_prob
0,6772,4,phone,run_v31529263799251,1.0,0.06825470117432386,0.03763246211602048,0.039451958031663646,0.0386514438024401,0.03939585289677519,0.040115217708708975,0.04893486797929616,0.03885859487798226,0.03544664235369486,0.04101979876746217,0.038958635571874525,0.058729821314139785,0.03551592887415411,0.03682654089240751,0.04254247541937024,0.047044210982060235,0.04918784916820985,0.03922821490891497,0.06825470117432386,0.042571892462828075,0.04008261552918199,0.04219906017115805,0.048340816417238884,0.05101039858009415
