,index,age,target_label,session_id,correct_or_not,target_label_prob,airplane_prob,bear_prob,bike_prob,bird_prob,boat_prob,bowl_prob,car_prob,cat_prob,chair_prob,couch_prob,cup_prob,dog_prob,fish_prob,frog_prob,house_prob,key_prob,person_prob,phone_prob,rabbit_prob,scissors_prob,sheep_prob,train_prob,tree_prob
0,5782,10,key,run_v41541797008950,1.0,0.084671158649582,0.040318532538174356,0.04630702421308591,0.04451030716353421,0.05071871494242735,0.04021284087622159,0.03949026153946662,0.0347163446014282,0.04079815350940232,0.03874307908312246,0.03612753639412872,0.0387719945180918,0.045823052488356025,0.03470325432525999,0.04823330238339312,0.03791815649623931,0.084671158649582,0.04578058386980028,0.03601124862788382,0.04964129576341382,0.04503180575238527,0.044987888568413466,0.03525906405975298,0.04122439963643647
