,index,age,target_label,session_id,correct_or_not,target_label_prob,airplane_prob,bear_prob,bike_prob,bird_prob,boat_prob,bowl_prob,car_prob,cat_prob,chair_prob,couch_prob,cup_prob,dog_prob,fish_prob,frog_prob,house_prob,key_prob,person_prob,phone_prob,rabbit_prob,scissors_prob,sheep_prob,train_prob,tree_prob
0,5153,6,frog,run_v41539973478099,0.0,0.05140203869803833,0.04348650564481757,0.052036694717855825,0.03833059740309334,0.047318497472203104,0.03652241541136768,0.05178537347516731,0.04869808977841644,0.04105494562618233,0.047179506375317565,0.03804802717254148,0.0491618350969772,0.044366990390396405,0.04506846711370865,0.05140203869803833,0.03941630299039535,0.041215996832922326,0.044865129496084774,0.030515003853279363,0.04581044536398402,0.04245494370905656,0.03994527665935256,0.04206131166947666,0.03925560504936492
