,index,age,target_label,session_id,correct_or_not,target_label_prob,airplane_prob,bear_prob,bike_prob,bird_prob,boat_prob,bowl_prob,car_prob,cat_prob,chair_prob,couch_prob,cup_prob,dog_prob,fish_prob,frog_prob,house_prob,key_prob,person_prob,phone_prob,rabbit_prob,scissors_prob,sheep_prob,train_prob,tree_prob
0,5773,4,key,run_v41541634683958,1.0,0.058814137551273835,0.04083063887762459,0.048291850316838095,0.04281086892534972,0.040914809969054736,0.038296037292727986,0.04427784642468442,0.0328036894617557,0.04354674760431303,0.04250977623651688,0.04052554221985517,0.04652320361369586,0.04203925848543567,0.04693315452191447,0.04963845716804061,0.029005506664563273,0.058814137551273835,0.056826819378821634,0.038974796602725,0.04507209955805808,0.052625124317915675,0.04180890992981136,0.03499135721811813,0.04193936766090611
