,index,age,target_label,session_id,correct_or_not,target_label_prob,airplane_prob,bear_prob,bike_prob,bird_prob,boat_prob,bowl_prob,car_prob,cat_prob,chair_prob,couch_prob,cup_prob,dog_prob,fish_prob,frog_prob,house_prob,key_prob,person_prob,phone_prob,rabbit_prob,scissors_prob,sheep_prob,train_prob,tree_prob
0,642,6,bear,run_v41539976227479,0.0,0.04098558198588287,0.04590938334360303,0.04098558198588287,0.03280099319459356,0.041367229595203774,0.04865524000855997,0.048759405093067996,0.043225813063363414,0.043504550204822565,0.04408672867443054,0.042350248392138676,0.04539517108462734,0.0432883803727978,0.042640586570363376,0.045366834457442155,0.03646397387408679,0.05282867681566183,0.038499518770128076,0.04962771456788287,0.04434486919002261,0.04906884561792663,0.037134708702127414,0.0434322972704599,0.040263249150806805
