,index,age,target_label,session_id,correct_or_not,target_label_prob,airplane_prob,bear_prob,bike_prob,bird_prob,boat_prob,bowl_prob,car_prob,cat_prob,chair_prob,couch_prob,cup_prob,dog_prob,fish_prob,frog_prob,house_prob,key_prob,person_prob,phone_prob,rabbit_prob,scissors_prob,sheep_prob,train_prob,tree_prob
0,543,2,bear,run_v41540164348203,0.0,0.03665430161174045,0.044037219864908314,0.03665430161174045,0.04641863806146765,0.049784042001248426,0.04622323045994822,0.041810609410239126,0.043125982510061604,0.04284833259728578,0.04548723166109811,0.038693060074213304,0.038751175440090685,0.044595706515550705,0.04262756409345161,0.05364042104650414,0.038515452340580056,0.048115510636489826,0.0394707864606469,0.0380113076360394,0.040849336880242636,0.04883667457700015,0.051370747971240215,0.043380120743664194,0.03675254740628849
