,index,age,target_label,session_id,correct_or_not,target_label_prob,airplane_prob,bear_prob,bike_prob,bird_prob,boat_prob,bowl_prob,car_prob,cat_prob,chair_prob,couch_prob,cup_prob,dog_prob,fish_prob,frog_prob,house_prob,key_prob,person_prob,phone_prob,rabbit_prob,scissors_prob,sheep_prob,train_prob,tree_prob
0,4732,2,fish,run_v31525990258467,0.0,0.04669193466743868,0.04476779324501265,0.050167659190727826,0.042412936225837895,0.04637423945420522,0.04649909339138064,0.04808160360315143,0.04559183601861634,0.038776519439637266,0.04057453982582444,0.03749479351862647,0.03908509894257959,0.04397582954415421,0.04669193466743868,0.04643815217888058,0.04202259529601424,0.039878372627319254,0.04326279059091157,0.048059871103610666,0.047569613253843186,0.039696708982867396,0.034882478593983,0.039925529101364966,0.04777001120401251
