,index,age,target_label,session_id,correct_or_not,target_label_prob,airplane_prob,bear_prob,bike_prob,bird_prob,boat_prob,bowl_prob,car_prob,cat_prob,chair_prob,couch_prob,cup_prob,dog_prob,fish_prob,frog_prob,house_prob,key_prob,person_prob,phone_prob,rabbit_prob,scissors_prob,sheep_prob,train_prob,tree_prob
0,4631,2,fish,run_v31534196533014,0.0,0.06158405802762213,0.03725427539849459,0.04014422568051901,0.07098640387649821,0.04305612341730489,0.04512761548180607,0.04118306574258768,0.05000180525825089,0.04456817007817768,0.03680956900085474,0.04473479646466651,0.04745750105213039,0.04431703943095918,0.06158405802762213,0.03788522019976066,0.030897194781459116,0.03475307872380415,0.03959689291127857,0.04267251432850644,0.039290201680205326,0.04031897278885804,0.04594947242806809,0.04363513040949053,0.037776672838697054
