,index,age,target_label,session_id,correct_or_not,target_label_prob,airplane_prob,bear_prob,bike_prob,bird_prob,boat_prob,bowl_prob,car_prob,cat_prob,chair_prob,couch_prob,cup_prob,dog_prob,fish_prob,frog_prob,house_prob,key_prob,person_prob,phone_prob,rabbit_prob,scissors_prob,sheep_prob,train_prob,tree_prob
0,8129,7,train,run_v41541795950259,1.0,0.05709850578935755,0.045835899860404684,0.041557365180056684,0.04522009550154409,0.04000325040863429,0.041665385353087926,0.03594675234673267,0.04721656374017928,0.044669350338097075,0.040337810405420706,0.045026543358617686,0.034481041785112056,0.04451340845990512,0.048727366633910196,0.03584200082320476,0.045973042729898925,0.038668251727628264,0.0492442608389965,0.04512727929524923,0.04449290097606817,0.04269604849232112,0.04029645418197696,0.05709850578935755,0.04536042177359615
