,index,age,target_label,session_id,correct_or_not,target_label_prob,airplane_prob,bear_prob,bike_prob,bird_prob,boat_prob,bowl_prob,car_prob,cat_prob,chair_prob,couch_prob,cup_prob,dog_prob,fish_prob,frog_prob,house_prob,key_prob,person_prob,phone_prob,rabbit_prob,scissors_prob,sheep_prob,train_prob,tree_prob
0,7573,10,sheep,run_v41539553475787,1.0,0.06354532480118352,0.03436644663969468,0.035460984566643414,0.033660520883166414,0.04971651865574043,0.04094194841088318,0.04026765282034897,0.045346590705253965,0.044632430502668956,0.03332605521001409,0.043056519693525454,0.042970305426391936,0.050322282940569174,0.03726372763015259,0.04303737400931091,0.03500200694252639,0.05812553948953746,0.039738090364803934,0.04726911302563389,0.03804388058009575,0.03892302225086603,0.06354532480118352,0.05018388075504148,0.05479978369594748
