,index,age,target_label,session_id,correct_or_not,target_label_prob,airplane_prob,bear_prob,bike_prob,bird_prob,boat_prob,bowl_prob,car_prob,cat_prob,chair_prob,couch_prob,cup_prob,dog_prob,fish_prob,frog_prob,house_prob,key_prob,person_prob,phone_prob,rabbit_prob,scissors_prob,sheep_prob,train_prob,tree_prob
0,8334,3,tree,run_v31534188043979,0.0,0.04009980235378627,0.046477838514608086,0.038652019275724266,0.04918072603431701,0.046589653964698365,0.05039108734781275,0.03897110935302746,0.040756233353181466,0.038098937953229974,0.08518614233263354,0.03351335666479127,0.040990737306721474,0.03873154558631646,0.042234530870829255,0.035912413870558615,0.038050928675010504,0.046689485134095786,0.044537246433048315,0.03881031958372127,0.03666096814342964,0.04153446543994678,0.04428449618364017,0.043645955624871544,0.04009980235378627
