,index,age,target_label,session_id,correct_or_not,target_label_prob,airplane_prob,bear_prob,bike_prob,bird_prob,boat_prob,bowl_prob,car_prob,cat_prob,chair_prob,couch_prob,cup_prob,dog_prob,fish_prob,frog_prob,house_prob,key_prob,person_prob,phone_prob,rabbit_prob,scissors_prob,sheep_prob,train_prob,tree_prob
0,2469,8,car,run_v31532475011111,0.0,0.0573507546664439,0.0419436230409333,0.04484050724873498,0.03921263407931991,0.03873616595909818,0.032625843762658084,0.04012643950250083,0.0573507546664439,0.04430202344249408,0.03555509426683506,0.04246688055586497,0.03515614753122816,0.04210374011416716,0.049842329293527575,0.04205794559719296,0.061476374245220275,0.03953476011568159,0.04801791373729078,0.05081166843300521,0.049921150951982254,0.041240305399249964,0.04069369562073129,0.037220375326343945,0.04476362710949521
