,index,age,target_label,session_id,correct_or_not,target_label_prob,airplane_prob,bear_prob,bike_prob,bird_prob,boat_prob,bowl_prob,car_prob,cat_prob,chair_prob,couch_prob,cup_prob,dog_prob,fish_prob,frog_prob,house_prob,key_prob,person_prob,phone_prob,rabbit_prob,scissors_prob,sheep_prob,train_prob,tree_prob
0,4800,10,fish,run_v31534104287120,0.0,0.050993827312118864,0.045093617515084485,0.0451943047288284,0.03791841420518416,0.041281549373303646,0.043753879579953255,0.0597910691251675,0.04213366903981986,0.0404492400468556,0.036815293821591,0.032778338362096926,0.03728705803229423,0.03985999745161827,0.050993827312118864,0.05266778065241987,0.054592605333897246,0.0430025333163386,0.05205554271309183,0.04078635371574754,0.04233994612278689,0.033447743333345124,0.04400698591893218,0.03654888986540081,0.047201360434123846
