,index,age,target_label,session_id,correct_or_not,target_label_prob,airplane_prob,bear_prob,bike_prob,bird_prob,boat_prob,bowl_prob,car_prob,cat_prob,chair_prob,couch_prob,cup_prob,dog_prob,fish_prob,frog_prob,house_prob,key_prob,person_prob,phone_prob,rabbit_prob,scissors_prob,sheep_prob,train_prob,tree_prob
0,3083,6,chair,run_v31531425410975,0.0,0.05834139094329311,0.045478310211800925,0.0356519510406679,0.04014019405438981,0.03573229347996453,0.056627764709689984,0.04045071501193466,0.03951770958512306,0.03703998777128194,0.05834139094329311,0.06516926660750962,0.0505748129790783,0.03698957934095875,0.0350125517454178,0.03794313234990009,0.07110499964134513,0.03841442854181241,0.03594938294759599,0.04381833678696307,0.0436435517470006,0.037275525265754846,0.038875485077859546,0.03803901957137388,0.03820961058928408
