,index,age,target_label,session_id,correct_or_not,target_label_prob,airplane_prob,bear_prob,bike_prob,bird_prob,boat_prob,bowl_prob,car_prob,cat_prob,chair_prob,couch_prob,cup_prob,dog_prob,fish_prob,frog_prob,house_prob,key_prob,person_prob,phone_prob,rabbit_prob,scissors_prob,sheep_prob,train_prob,tree_prob
0,318,6,airplane,run_v31530654982647,0.0,0.05968130686108176,0.05968130686108176,0.05042076982446902,0.05690877534687983,0.03686609511451156,0.04342865242942729,0.044073668406835756,0.05843038746452246,0.0400035438235353,0.03834289661462875,0.034162428551019704,0.034880085317829594,0.03850633049360969,0.0389787542319032,0.038245800330943915,0.037843277450703997,0.04125159038764163,0.040607661140103696,0.039594741800461845,0.060783387287282505,0.046676483659479844,0.03257645302042518,0.044568282080983644,0.043168628361719724
