,index,age,target_label,session_id,correct_or_not,target_label_prob,airplane_prob,bear_prob,bike_prob,bird_prob,boat_prob,bowl_prob,car_prob,cat_prob,chair_prob,couch_prob,cup_prob,dog_prob,fish_prob,frog_prob,house_prob,key_prob,person_prob,phone_prob,rabbit_prob,scissors_prob,sheep_prob,train_prob,tree_prob
0,860,6,bike,run_v31530390310095,1.0,0.08474242236068809,0.045559175386512885,0.034779987257729385,0.08474242236068809,0.0463291372230531,0.04876465636778868,0.04421992548828221,0.03875788430084644,0.04109232177967147,0.04198503487097623,0.030899185178715115,0.04269635951906118,0.04373662876583072,0.040739346768214904,0.04077238311777386,0.029027620325512947,0.03936417249655006,0.05089818243586544,0.03772545353832074,0.035967336205335744,0.03245800778394163,0.0447592424959311,0.04559264545192411,0.05913289088147389
