,index,age,target_label,session_id,correct_or_not,target_label_prob,airplane_prob,bear_prob,bike_prob,bird_prob,boat_prob,bowl_prob,car_prob,cat_prob,chair_prob,couch_prob,cup_prob,dog_prob,fish_prob,frog_prob,house_prob,key_prob,person_prob,phone_prob,rabbit_prob,scissors_prob,sheep_prob,train_prob,tree_prob
0,6719,2,phone,run_v41539459866934,1.0,0.06662581158707656,0.04254519338933775,0.04238775339035872,0.0322587287196484,0.03340115121723311,0.04504405149865836,0.05207164476524037,0.0391833168911774,0.05081559204532935,0.04269530998031039,0.041351034935944365,0.04455521303375292,0.03827748211153456,0.04881021957306967,0.04314882045769653,0.04581077887999815,0.03990172430433277,0.04170696386244051,0.06662581158707656,0.04554138454008561,0.03913821443143219,0.03814791760391399,0.04341525145704703,0.04316644132438139
