,index,age,target_label,session_id,correct_or_not,target_label_prob,airplane_prob,bear_prob,bike_prob,bird_prob,boat_prob,bowl_prob,car_prob,cat_prob,chair_prob,couch_prob,cup_prob,dog_prob,fish_prob,frog_prob,house_prob,key_prob,person_prob,phone_prob,rabbit_prob,scissors_prob,sheep_prob,train_prob,tree_prob
0,1841,3,boat,run_v31527801844607,0.0,0.054585225384981166,0.04392430154484003,0.038673106512620556,0.03733181898530967,0.03731837993078816,0.054585225384981166,0.03563330685688804,0.0457770717069713,0.04071847814105929,0.05951262465094371,0.05800202053901719,0.045079635590913845,0.04025638597829241,0.040200389684159406,0.04076624370052872,0.04976853073618688,0.04222519878998742,0.04000410561179528,0.04184311340794549,0.04602661399833581,0.041959081494422894,0.03966655963112566,0.04187797265715384,0.03884983446573339
