,index,age,target_label,session_id,correct_or_not,target_label_prob,airplane_prob,bear_prob,bike_prob,bird_prob,boat_prob,bowl_prob,car_prob,cat_prob,chair_prob,couch_prob,cup_prob,dog_prob,fish_prob,frog_prob,house_prob,key_prob,person_prob,phone_prob,rabbit_prob,scissors_prob,sheep_prob,train_prob,tree_prob
0,3675,4,couch,run_v31529187760457,0.0,0.03800745895321687,0.04017791738992614,0.04432738949061048,0.037633203319972816,0.03675676498771817,0.03474377864646349,0.03951669279073251,0.0440615213482159,0.040405709906233135,0.0748091480807351,0.03800745895321687,0.039059523885726345,0.04126545185837293,0.0440744236081933,0.043837173562193896,0.03775808541001111,0.04259261607416086,0.04968289431418031,0.04276019768429771,0.043173192990338706,0.05080156910128291,0.041333290009721475,0.045032994757016984,0.04818900183067871
