,index,age,target_label,session_id,correct_or_not,target_label_prob,airplane_prob,bear_prob,bike_prob,bird_prob,boat_prob,bowl_prob,car_prob,cat_prob,chair_prob,couch_prob,cup_prob,dog_prob,fish_prob,frog_prob,house_prob,key_prob,person_prob,phone_prob,rabbit_prob,scissors_prob,sheep_prob,train_prob,tree_prob
0,1914,6,bowl,run_v31528136999209,1.0,0.08085582825627503,0.035964966690606004,0.03803897361140791,0.03502268387327158,0.03801895859951721,0.05567172171026515,0.08085582825627503,0.0386677020992773,0.03979783417818422,0.03677999248307572,0.03984321872709735,0.06504674694097724,0.037366280357075204,0.032959128607549924,0.03885392977248964,0.05290256442423849,0.042145447204770925,0.04452920145791436,0.048182623484835437,0.04631341704862081,0.03950485168569398,0.04107458483572536,0.04153871101638448,0.030920632934746683
