,index,age,target_label,session_id,correct_or_not,target_label_prob,airplane_prob,bear_prob,bike_prob,bird_prob,boat_prob,bowl_prob,car_prob,cat_prob,chair_prob,couch_prob,cup_prob,dog_prob,fish_prob,frog_prob,house_prob,key_prob,person_prob,phone_prob,rabbit_prob,scissors_prob,sheep_prob,train_prob,tree_prob
0,6448,6,phone,run_v31531339757178,1.0,0.06226816949969259,0.03880240457469886,0.0408533024067007,0.036710199280359485,0.0367390504315767,0.037934474510971636,0.04113840816024237,0.04015639025612861,0.04501478666575131,0.04022433559907703,0.046820598582714486,0.05361870321213438,0.04265737541789512,0.044117337406263474,0.040607509524755225,0.036503499027184555,0.043616927051271646,0.038203750099239604,0.06226816949969259,0.04867514111431997,0.052889665729791493,0.041883817098063894,0.04726373413706305,0.04330042021410358
