,index,age,target_label,session_id,correct_or_not,target_label_prob,airplane_prob,bear_prob,bike_prob,bird_prob,boat_prob,bowl_prob,car_prob,cat_prob,chair_prob,couch_prob,cup_prob,dog_prob,fish_prob,frog_prob,house_prob,key_prob,person_prob,phone_prob,rabbit_prob,scissors_prob,sheep_prob,train_prob,tree_prob
0,1574,4,boat,run_v31533323191664,0.0,0.05689022771632572,0.04340364182087198,0.03851382692768138,0.039101815805720794,0.03982457262265883,0.05689022771632572,0.07521761241807907,0.0406774601158254,0.037525047645863424,0.04386179736685256,0.04904522299443714,0.046477061034079906,0.04286671488709764,0.05008154331512669,0.03996833980062545,0.02692179333641012,0.04353378252554795,0.04170481639160238,0.036731516944992666,0.03498161002654224,0.044777819191907466,0.03916172082484181,0.04348364988937513,0.04524840639753426
