,index,age,target_label,session_id,correct_or_not,target_label_prob,airplane_prob,bear_prob,bike_prob,bird_prob,boat_prob,bowl_prob,car_prob,cat_prob,chair_prob,couch_prob,cup_prob,dog_prob,fish_prob,frog_prob,house_prob,key_prob,person_prob,phone_prob,rabbit_prob,scissors_prob,sheep_prob,train_prob,tree_prob
0,5126,5,frog,run_v41541979890077,0.0,0.04947498394077539,0.04358999750494885,0.04464060081107975,0.06516794579772044,0.04385265165347092,0.03579643121267863,0.03458694584158949,0.05753265811225943,0.047678928959820746,0.03982841005901828,0.03402909625253977,0.0393618432590083,0.04966520751917079,0.04390688627327178,0.04947498394077539,0.04078482581948199,0.043455482278284024,0.0305377902188474,0.035035154309473224,0.043838003647892795,0.043257447148727715,0.05340148264912589,0.0510718969760479,0.029505329754766354
