,index,age,target_label,session_id,correct_or_not,target_label_prob,airplane_prob,bear_prob,bike_prob,bird_prob,boat_prob,bowl_prob,car_prob,cat_prob,chair_prob,couch_prob,cup_prob,dog_prob,fish_prob,frog_prob,house_prob,key_prob,person_prob,phone_prob,rabbit_prob,scissors_prob,sheep_prob,train_prob,tree_prob
0,1747,5,boat,run_v31535571531001,0.0,0.05277298079943193,0.04767719682913659,0.036596950111416414,0.03767236266074192,0.03912563052834882,0.05277298079943193,0.06323759382216963,0.03702418722092715,0.038244427269094924,0.049864752833581355,0.04957013517222383,0.037085800273268646,0.042584296579607425,0.04682564322503772,0.041919311475817,0.03510803792541912,0.0511182736169088,0.03888940046007395,0.041815074538126634,0.03546839278451378,0.0443984824874772,0.05015966672858981,0.04725557090184931,0.035585831756238126
