,index,age,target_label,session_id,correct_or_not,target_label_prob,airplane_prob,bear_prob,bike_prob,bird_prob,boat_prob,bowl_prob,car_prob,cat_prob,chair_prob,couch_prob,cup_prob,dog_prob,fish_prob,frog_prob,house_prob,key_prob,person_prob,phone_prob,rabbit_prob,scissors_prob,sheep_prob,train_prob,tree_prob
0,1331,3,bird,run_v31528063799169,0.0,0.041498329426223654,0.03651301880239513,0.03947170845581787,0.045812119120829185,0.041498329426223654,0.03217145534827533,0.04716574991830097,0.04870180700467233,0.041125769520997675,0.05116483710804509,0.04397947326532961,0.0329992556182557,0.046649919023088744,0.044553781960182684,0.0392088877178737,0.05440493906880271,0.04310716905411724,0.04197004422577984,0.05216090004619256,0.043484189580118696,0.04647970436561961,0.04292281789014642,0.04387694266239948,0.04057718081653562
