,index,age,target_label,session_id,correct_or_not,target_label_prob,airplane_prob,bear_prob,bike_prob,bird_prob,boat_prob,bowl_prob,car_prob,cat_prob,chair_prob,couch_prob,cup_prob,dog_prob,fish_prob,frog_prob,house_prob,key_prob,person_prob,phone_prob,rabbit_prob,scissors_prob,sheep_prob,train_prob,tree_prob
0,8301,2,train,run_v41539983756478,0.0,0.048055623830366705,0.046138237139381304,0.042990305036405406,0.03735069031006156,0.04031089912322395,0.046203013038650396,0.0410784603933598,0.03756653425608306,0.04607094895321524,0.05115721149907785,0.051001928536115314,0.042081896583862105,0.04493881086206723,0.038377217029596566,0.04481002740857637,0.032497871674158345,0.037860679999630276,0.03803453361675476,0.04137642075571116,0.04665785660981237,0.05395680338266399,0.04839282827509836,0.048055623830366705,0.043091201686127956
