,index,age,target_label,session_id,correct_or_not,target_label_prob,airplane_prob,bear_prob,bike_prob,bird_prob,boat_prob,bowl_prob,car_prob,cat_prob,chair_prob,couch_prob,cup_prob,dog_prob,fish_prob,frog_prob,house_prob,key_prob,person_prob,phone_prob,rabbit_prob,scissors_prob,sheep_prob,train_prob,tree_prob
0,7173,4,rabbit,run_v31531941975014,0.0,0.052178272999132046,0.03615187194751988,0.051970124609159625,0.04524932708733789,0.030561859162432713,0.039182309921963865,0.044870630096213206,0.038134615254435816,0.03764343587812613,0.0456437118909873,0.04081255180628677,0.04729233578489568,0.041261280539772814,0.03528645713966058,0.04042289465259422,0.04380599052821413,0.03388379216892033,0.04251770024299431,0.041539875034221505,0.052178272999132046,0.047785272811190244,0.06156514993911974,0.050278371773689934,0.05196216873113111
