,index,age,target_label,session_id,correct_or_not,target_label_prob,airplane_prob,bear_prob,bike_prob,bird_prob,boat_prob,bowl_prob,car_prob,cat_prob,chair_prob,couch_prob,cup_prob,dog_prob,fish_prob,frog_prob,house_prob,key_prob,person_prob,phone_prob,rabbit_prob,scissors_prob,sheep_prob,train_prob,tree_prob
0,6421,2,person,run_v31533498448216,0.0,0.03887531649990138,0.043919667152896885,0.04196075670482323,0.03769161274280678,0.04315071449146556,0.05251009638568215,0.04357807308160554,0.041185162396280235,0.04057032314995541,0.036201300236241754,0.05238770460273248,0.04227247499077926,0.0485833295282383,0.05102178741421178,0.044100458161837656,0.030742853511449553,0.04242902112224012,0.03887531649990138,0.03350095466338183,0.034589779373195295,0.05801855748792688,0.05494678861555696,0.041681068889782125,0.04608219879700878
