,index,age,target_label,session_id,correct_or_not,target_label_prob,airplane_prob,bear_prob,bike_prob,bird_prob,boat_prob,bowl_prob,car_prob,cat_prob,chair_prob,couch_prob,cup_prob,dog_prob,fish_prob,frog_prob,house_prob,key_prob,person_prob,phone_prob,rabbit_prob,scissors_prob,sheep_prob,train_prob,tree_prob
0,2389,8,car,run_v31535998725313,1.0,0.056764542784783774,0.046365204882984734,0.044283406348280395,0.054551420336994234,0.03833662130123319,0.04472876514669429,0.04433923754785495,0.056764542784783774,0.04000289876779466,0.04121572075231429,0.03623671709476458,0.038388842951063686,0.048043245941051665,0.039634170513963535,0.0476892987058189,0.03626142313546129,0.04582352347748559,0.040643520765083416,0.034941751525721786,0.045604849641961855,0.04033423907428303,0.0480135845173882,0.04203391010949879,0.045763104677519165
