,index,age,target_label,session_id,correct_or_not,target_label_prob,airplane_prob,bear_prob,bike_prob,bird_prob,boat_prob,bowl_prob,car_prob,cat_prob,chair_prob,couch_prob,cup_prob,dog_prob,fish_prob,frog_prob,house_prob,key_prob,person_prob,phone_prob,rabbit_prob,scissors_prob,sheep_prob,train_prob,tree_prob
0,4058,4,cup,run_v31533323191664,0.0,0.05549954134136121,0.03534316540591511,0.037053062878009246,0.038272143323670314,0.03797996302933082,0.043662406246700966,0.042119997900352917,0.0473098600287556,0.04112766605272164,0.05782464523737341,0.07129777254009644,0.05549954134136121,0.039634566985115145,0.044837860942651735,0.038004422473618175,0.03206195307874695,0.0427235351922819,0.03905212038299985,0.04747528079634841,0.04018136238434423,0.038631603357104215,0.03949539666933179,0.04992197176941698,0.04048970198375294
