,index,age,target_label,session_id,correct_or_not,target_label_prob,airplane_prob,bear_prob,bike_prob,bird_prob,boat_prob,bowl_prob,car_prob,cat_prob,chair_prob,couch_prob,cup_prob,dog_prob,fish_prob,frog_prob,house_prob,key_prob,person_prob,phone_prob,rabbit_prob,scissors_prob,sheep_prob,train_prob,tree_prob
0,3749,7,couch,run_v31528919459689,0.0,0.04201963389877464,0.046751509591790516,0.048678762274096954,0.0354259669860906,0.05154614583249109,0.04486561024271718,0.040688799723459936,0.03980342947989437,0.05158905516472042,0.0390839050731778,0.04201963389877464,0.03738587467593734,0.0442764097913778,0.04423760218382321,0.04987889842304331,0.038321994074233076,0.03406828352123429,0.04879663780034759,0.03601697099963768,0.04282558942542117,0.050207855369809255,0.0504154088789834,0.0422976560983995,0.04081800049053881
