,index,age,target_label,session_id,correct_or_not,target_label_prob,airplane_prob,bear_prob,bike_prob,bird_prob,boat_prob,bowl_prob,car_prob,cat_prob,chair_prob,couch_prob,cup_prob,dog_prob,fish_prob,frog_prob,house_prob,key_prob,person_prob,phone_prob,rabbit_prob,scissors_prob,sheep_prob,train_prob,tree_prob
0,3924,7,cup,run_v31526598717979,1.0,0.06110871747165063,0.036042186245478364,0.04090835117409231,0.039118899539694385,0.036640693802717485,0.03920200253872118,0.04394455125094781,0.04269474682011505,0.03935002080104232,0.0580515983391383,0.04793136301042831,0.06110871747165063,0.04371869378803196,0.037918381810660165,0.0431946689760626,0.054009667346224824,0.03762998601910575,0.03887587692401176,0.05658380885721242,0.0412945694730055,0.03622212134557264,0.04202057479627812,0.04326183149239708,0.04027668817741071
