,index,age,target_label,session_id,correct_or_not,target_label_prob,airplane_prob,bear_prob,bike_prob,bird_prob,boat_prob,bowl_prob,car_prob,cat_prob,chair_prob,couch_prob,cup_prob,dog_prob,fish_prob,frog_prob,house_prob,key_prob,person_prob,phone_prob,rabbit_prob,scissors_prob,sheep_prob,train_prob,tree_prob
0,5976,9,key,run_v41542060999675,0.0,0.051137897214985094,0.03665421360835916,0.041157662600021176,0.0429341083678401,0.042522137379124345,0.04433392719178542,0.038510652012867984,0.04242678291451808,0.03673596958263965,0.039623100203961426,0.03856120311071719,0.03283101576614715,0.04353146604127831,0.038598350885065,0.036042106305484566,0.04447590433260515,0.051137897214985094,0.05925183772167015,0.05362861983292534,0.04530448545696788,0.036725294268337566,0.04413810770210473,0.04414978908835533,0.06672536841223918
