,index,age,target_label,session_id,correct_or_not,target_label_prob,airplane_prob,bear_prob,bike_prob,bird_prob,boat_prob,bowl_prob,car_prob,cat_prob,chair_prob,couch_prob,cup_prob,dog_prob,fish_prob,frog_prob,house_prob,key_prob,person_prob,phone_prob,rabbit_prob,scissors_prob,sheep_prob,train_prob,tree_prob
0,3045,9,chair,run_v31531594948181,1.0,0.06877003085399115,0.04512643173973724,0.036794846253826737,0.05368537724351266,0.03987577172624721,0.04122213898722445,0.03908080498558521,0.04675514232468534,0.03477089690409048,0.06877003085399115,0.04926753806806455,0.05081812433098892,0.04066853322164503,0.04509116686046103,0.03940015814596739,0.03991238171845673,0.040562702845094625,0.0434887344153915,0.039325577407235475,0.04174272409547793,0.04151373499675171,0.03612380660556768,0.046772302431172794,0.03923107383882405
