,index,age,target_label,session_id,correct_or_not,target_label_prob,airplane_prob,bear_prob,bike_prob,bird_prob,boat_prob,bowl_prob,car_prob,cat_prob,chair_prob,couch_prob,cup_prob,dog_prob,fish_prob,frog_prob,house_prob,key_prob,person_prob,phone_prob,rabbit_prob,scissors_prob,sheep_prob,train_prob,tree_prob
0,8152,5,train,run_v41537731511716,0.0,0.05344568203871622,0.044835477087805144,0.03800585491400411,0.04691844955225026,0.042091476892385224,0.04146126896523396,0.038928981739741915,0.04910000761516048,0.04949780059728001,0.02990625331286326,0.03913515633831303,0.03681973613296927,0.04286924120281019,0.053614466863868865,0.03499048311079025,0.036979446210911024,0.05009178383728839,0.03981126262784897,0.05524144833981813,0.044916813442746416,0.044974622192671454,0.0376069713743588,0.05344568203871622,0.04875731561016481
