,index,age,target_label,session_id,correct_or_not,target_label_prob,airplane_prob,bear_prob,bike_prob,bird_prob,boat_prob,bowl_prob,car_prob,cat_prob,chair_prob,couch_prob,cup_prob,dog_prob,fish_prob,frog_prob,house_prob,key_prob,person_prob,phone_prob,rabbit_prob,scissors_prob,sheep_prob,train_prob,tree_prob
0,8245,3,train,run_v41541877818256,1.0,0.0725681576067126,0.05690595238233006,0.03925690904828911,0.05650753069033798,0.03921682705221421,0.048070722294254124,0.030272472881150744,0.06813282410715106,0.04230334408297566,0.03303370706676853,0.04984246304850708,0.041169947281835546,0.04111762298806206,0.04429333875553151,0.038230629103831106,0.02902486715436518,0.041912954091452626,0.032919484253850585,0.0381780851091071,0.043211191299447865,0.03342814907393701,0.0404885486795572,0.0725681576067126,0.03991427194833138
