,index,age,target_label,session_id,correct_or_not,target_label_prob,airplane_prob,bear_prob,bike_prob,bird_prob,boat_prob,bowl_prob,car_prob,cat_prob,chair_prob,couch_prob,cup_prob,dog_prob,fish_prob,frog_prob,house_prob,key_prob,person_prob,phone_prob,rabbit_prob,scissors_prob,sheep_prob,train_prob,tree_prob
0,3200,7,chair,run_v31529088599359,0.0,0.06727632977118472,0.039570779503000975,0.040293579063736304,0.0347201955599897,0.03920655531943359,0.05456235663510397,0.04357452877756568,0.03804836831510203,0.03515444816310797,0.06727632977118472,0.05676823409050831,0.03663377207602212,0.04081137832464197,0.036486003341468655,0.038337983235915134,0.0708358186559515,0.03687064393445213,0.045706253769129124,0.04333706605732185,0.038575681213710626,0.03451341235233755,0.03818507153614074,0.04096700788686771,0.04956453241730752
