,index,age,target_label,session_id,correct_or_not,target_label_prob,airplane_prob,bear_prob,bike_prob,bird_prob,boat_prob,bowl_prob,car_prob,cat_prob,chair_prob,couch_prob,cup_prob,dog_prob,fish_prob,frog_prob,house_prob,key_prob,person_prob,phone_prob,rabbit_prob,scissors_prob,sheep_prob,train_prob,tree_prob
0,884,10,bike,run_v31528489294961,0.0,0.034557112668798295,0.047345467954681336,0.045213634473077705,0.034557112668798295,0.04490289983681009,0.047835140173118816,0.04050546001969812,0.04137963981747628,0.0397350704462182,0.06934625018848764,0.07850490353492265,0.05434306863652683,0.03794348884088317,0.04678474795803375,0.04372545675307196,0.025875118160307433,0.04555715530818669,0.036911162586625766,0.030600872170224874,0.04137493815568528,0.03864826247179017,0.03931496694016162,0.04015794610668624,0.029437236798526986
