,index,age,target_label,session_id,correct_or_not,target_label_prob,airplane_prob,bear_prob,bike_prob,bird_prob,boat_prob,bowl_prob,car_prob,cat_prob,chair_prob,couch_prob,cup_prob,dog_prob,fish_prob,frog_prob,house_prob,key_prob,person_prob,phone_prob,rabbit_prob,scissors_prob,sheep_prob,train_prob,tree_prob
0,7022,7,rabbit,run_v31530646004607,0.0,0.046896748680152284,0.03393903642605691,0.05023559718604967,0.045936969714821155,0.04028474854298328,0.0456044775544767,0.03568402230712371,0.044472235378514746,0.04913465661058525,0.040601502904716015,0.03747764186596066,0.04079258824920694,0.05288275905836189,0.04075284236144451,0.049918419416400676,0.043212881503550356,0.040288078614747425,0.03285691379287093,0.03593299259427162,0.046896748680152284,0.04037601491979612,0.06000663221480375,0.054360243585589184,0.0383519965175162
