,index,age,target_label,session_id,correct_or_not,target_label_prob,airplane_prob,bear_prob,bike_prob,bird_prob,boat_prob,bowl_prob,car_prob,cat_prob,chair_prob,couch_prob,cup_prob,dog_prob,fish_prob,frog_prob,house_prob,key_prob,person_prob,phone_prob,rabbit_prob,scissors_prob,sheep_prob,train_prob,tree_prob
0,907,3,bike,run_v31529519153020,0.0,0.035705589533852895,0.041381697958617146,0.042627395569562354,0.035705589533852895,0.04351149444083184,0.04509109340558966,0.048486181247496415,0.04530313208812744,0.04050620505582887,0.04181370903496538,0.05177907612549573,0.04823896936059034,0.041438772806359714,0.05128687019555598,0.04215667477247343,0.05882385748275766,0.033680219673249176,0.03628099982348604,0.043506719317756376,0.03927467819740538,0.040444782021865924,0.04198636858327496,0.047091543263647034,0.03958397004121036
