,index,age,target_label,session_id,correct_or_not,target_label_prob,airplane_prob,bear_prob,bike_prob,bird_prob,boat_prob,bowl_prob,car_prob,cat_prob,chair_prob,couch_prob,cup_prob,dog_prob,fish_prob,frog_prob,house_prob,key_prob,person_prob,phone_prob,rabbit_prob,scissors_prob,sheep_prob,train_prob,tree_prob
0,2947,2,cat,run_v41536450268022,0.0,0.058779314623355935,0.05175147381140253,0.03924894355652263,0.04336880707676959,0.04098943599217763,0.04112672325653672,0.03546512312311267,0.0414829143418059,0.058779314623355935,0.034009325389285326,0.04111972743968979,0.04172316558453419,0.04059287898312255,0.04593866771117619,0.047805864589070525,0.04888929290286902,0.04352769862113678,0.03240209742345032,0.05022826757067477,0.06842018966792732,0.04736748743826366,0.03938552914561695,0.03934877664349613,0.027028295108002767
