,index,age,target_label,session_id,correct_or_not,target_label_prob,airplane_prob,bear_prob,bike_prob,bird_prob,boat_prob,bowl_prob,car_prob,cat_prob,chair_prob,couch_prob,cup_prob,dog_prob,fish_prob,frog_prob,house_prob,key_prob,person_prob,phone_prob,rabbit_prob,scissors_prob,sheep_prob,train_prob,tree_prob
0,5039,4,frog,run_v41539972713402,0.0,0.042086670224992906,0.04280008083113609,0.041785633475899885,0.038668764048731874,0.05084683444442911,0.03803567601301796,0.037031486729552504,0.0473266629992335,0.04014821930684965,0.04539353179687406,0.03792742188046836,0.03941062290501567,0.04443493957735974,0.04588631547312173,0.042086670224992906,0.04651250762651642,0.046178345683925155,0.04995983338975687,0.042337597315137615,0.03590431421251807,0.03887530292394024,0.048972993122031204,0.046118684033062254,0.05335756198642907
