,index,age,target_label,session_id,correct_or_not,target_label_prob,airplane_prob,bear_prob,bike_prob,bird_prob,boat_prob,bowl_prob,car_prob,cat_prob,chair_prob,couch_prob,cup_prob,dog_prob,fish_prob,frog_prob,house_prob,key_prob,person_prob,phone_prob,rabbit_prob,scissors_prob,sheep_prob,train_prob,tree_prob
0,2896,2,cat,run_v41541192829790,0.0,0.03341817893637013,0.04013747648153428,0.0456936741861415,0.04125318594183418,0.03576965019378519,0.0388037723736335,0.0439177168144023,0.044408763600430445,0.03341817893637013,0.04213915658223933,0.05459339913723038,0.04735844554331362,0.040964564019844836,0.05527045820426823,0.04027754253231483,0.04789497261693482,0.04285430626340467,0.05525156847096136,0.03691744008280918,0.028716800248199358,0.03639408271179674,0.05407353597730751,0.042430583700715584,0.05146072538052796
