,index,age,target_label,session_id,correct_or_not,target_label_prob,airplane_prob,bear_prob,bike_prob,bird_prob,boat_prob,bowl_prob,car_prob,cat_prob,chair_prob,couch_prob,cup_prob,dog_prob,fish_prob,frog_prob,house_prob,key_prob,person_prob,phone_prob,rabbit_prob,scissors_prob,sheep_prob,train_prob,tree_prob
0,266,4,airplane,run_v31530390885520,1.0,0.0716988235234149,0.0716988235234149,0.040910934461549635,0.042372225405984225,0.04354217918813117,0.04830211304760854,0.03394489944522463,0.04195513801032833,0.040740580801481414,0.05054259978616585,0.045406737559822545,0.04111763004628027,0.041791126378875325,0.04794866863034757,0.037320503972774345,0.03750952337740455,0.043182299915644075,0.04852006096365858,0.030371004893510037,0.044677977403765376,0.04126515462519423,0.0406761365013611,0.043369492215721415,0.04283418984575198
