,index,age,target_label,session_id,correct_or_not,target_label_prob,airplane_prob,bear_prob,bike_prob,bird_prob,boat_prob,bowl_prob,car_prob,cat_prob,chair_prob,couch_prob,cup_prob,dog_prob,fish_prob,frog_prob,house_prob,key_prob,person_prob,phone_prob,rabbit_prob,scissors_prob,sheep_prob,train_prob,tree_prob
0,6638,5,phone,run_v41542146453799,0.0,0.053874990082937516,0.04811923500433228,0.039514031114769206,0.04498912042593474,0.0459937532344413,0.04349730583432449,0.04820410558326234,0.05339409683673779,0.04709915810299427,0.0391088369168681,0.04044741316082668,0.045417647728452776,0.04112846833760816,0.0547199428456028,0.04085485669633296,0.047329744512150294,0.03937504030123466,0.03580607911340842,0.053874990082937516,0.04236380644758195,0.03379288987630693,0.0414446179734671,0.04048645727490588,0.03303840259551918
