,index,age,target_label,session_id,correct_or_not,target_label_prob,airplane_prob,bear_prob,bike_prob,bird_prob,boat_prob,bowl_prob,car_prob,cat_prob,chair_prob,couch_prob,cup_prob,dog_prob,fish_prob,frog_prob,house_prob,key_prob,person_prob,phone_prob,rabbit_prob,scissors_prob,sheep_prob,train_prob,tree_prob
0,2625,3,car,run_v31534624900915,0.0,0.042413779812989875,0.03560993753733139,0.04185671888700247,0.0401446805524231,0.04910902488776463,0.04851023055727243,0.0476849145439031,0.042413779812989875,0.042945761824764755,0.03951210111834724,0.03798095290503771,0.042458411072118285,0.03998499656976398,0.04808806264358519,0.03963003758019278,0.049149611764018344,0.049802750342750966,0.03888587103485903,0.04539120504927981,0.03680261308300495,0.05359962894566149,0.04350329783871255,0.0448152599284754,0.042120151520740445
