,index,age,target_label,session_id,correct_or_not,target_label_prob,airplane_prob,bear_prob,bike_prob,bird_prob,boat_prob,bowl_prob,car_prob,cat_prob,chair_prob,couch_prob,cup_prob,dog_prob,fish_prob,frog_prob,house_prob,key_prob,person_prob,phone_prob,rabbit_prob,scissors_prob,sheep_prob,train_prob,tree_prob
0,1040,6,bike,run_v31531341474003,0.0,0.053972771828403085,0.03945285791381008,0.05541802530637797,0.053972771828403085,0.03815050364788243,0.03975366497605595,0.04497314853695268,0.05168407400562257,0.03953138299704078,0.04011718327765833,0.04227689771958506,0.04532832467143623,0.04434257926807316,0.04461740508558906,0.049710847721666895,0.03535908944503581,0.04344781289849987,0.04367845261076859,0.03745373210136566,0.05122883780377058,0.03787675347244928,0.035829768604934725,0.044632155436245206,0.04116373067077607
