,index,age,target_label,session_id,correct_or_not,target_label_prob,airplane_prob,bear_prob,bike_prob,bird_prob,boat_prob,bowl_prob,car_prob,cat_prob,chair_prob,couch_prob,cup_prob,dog_prob,fish_prob,frog_prob,house_prob,key_prob,person_prob,phone_prob,rabbit_prob,scissors_prob,sheep_prob,train_prob,tree_prob
0,1970,5,bowl,run_v31528060993113,1.0,0.10192630675817517,0.03758604769119435,0.03820146838578183,0.030994789603859187,0.03380920700988193,0.0603897882335634,0.10192630675817517,0.03716051045320691,0.038177119069522675,0.03545858781393177,0.07364768550112231,0.04446704146490567,0.039446893247847635,0.030730981214266144,0.03528156913947502,0.033831803871469814,0.038565656879016585,0.038394794442366396,0.045582245358307176,0.04155564633274479,0.03771422334006221,0.03907771750474751,0.0437666995909499,0.04423321709360165
