,index,age,target_label,session_id,correct_or_not,target_label_prob,airplane_prob,bear_prob,bike_prob,bird_prob,boat_prob,bowl_prob,car_prob,cat_prob,chair_prob,couch_prob,cup_prob,dog_prob,fish_prob,frog_prob,house_prob,key_prob,person_prob,phone_prob,rabbit_prob,scissors_prob,sheep_prob,train_prob,tree_prob
0,5666,7,house,run_v31527793036538,1.0,0.07982629799207817,0.04087353331473288,0.0414670334975755,0.041462457356691226,0.03876677700279874,0.04790162476703353,0.03570530364538529,0.04389834536337838,0.037877207332134705,0.04719350394054918,0.03406099045412042,0.044061746053950385,0.03899955908974602,0.0414456533445455,0.04390319893212954,0.07982629799207817,0.04464618749288518,0.044046030037238684,0.04671980531123804,0.043142445055263476,0.039840282287197715,0.04042418572837942,0.04293353880790224,0.040804293193045904
