,index,age,target_label,session_id,correct_or_not,target_label_prob,airplane_prob,bear_prob,bike_prob,bird_prob,boat_prob,bowl_prob,car_prob,cat_prob,chair_prob,couch_prob,cup_prob,dog_prob,fish_prob,frog_prob,house_prob,key_prob,person_prob,phone_prob,rabbit_prob,scissors_prob,sheep_prob,train_prob,tree_prob
0,5753,7,key,run_v41541877471753,1.0,0.09779165205104745,0.037107190013746134,0.033697090791568955,0.0479622226697676,0.04748626912310184,0.04685515007274708,0.05095279927172172,0.034870670682439375,0.03100848735174963,0.03525860626025975,0.034990622527605875,0.04259275763659558,0.04357069714455128,0.03127491034146724,0.04120617410561035,0.03710727174825246,0.09779165205104745,0.045990038681193994,0.0458956423580475,0.03368815407250024,0.03586850654640694,0.049464405219702016,0.0367460288190102,0.05861465251090687
