,index,age,target_label,session_id,correct_or_not,target_label_prob,airplane_prob,bear_prob,bike_prob,bird_prob,boat_prob,bowl_prob,car_prob,cat_prob,chair_prob,couch_prob,cup_prob,dog_prob,fish_prob,frog_prob,house_prob,key_prob,person_prob,phone_prob,rabbit_prob,scissors_prob,sheep_prob,train_prob,tree_prob
0,6269,8,person,run_v31532545415363,0.0,0.044471408324758696,0.03883710570469513,0.0414184022631572,0.04824107816894462,0.04743550673247079,0.04362891863767274,0.03787585568428647,0.04039969037539822,0.04791803143617586,0.039265874380264916,0.03720367894989215,0.036589317058592384,0.04556970653930529,0.04740752902305669,0.05076791977801841,0.036261345319691225,0.05116143668962535,0.044471408324758696,0.03869288014474877,0.04694113642111627,0.044770750963993355,0.049794520712087155,0.046492847494574475,0.03885505919747378
