,index,age,target_label,session_id,correct_or_not,target_label_prob,airplane_prob,bear_prob,bike_prob,bird_prob,boat_prob,bowl_prob,car_prob,cat_prob,chair_prob,couch_prob,cup_prob,dog_prob,fish_prob,frog_prob,house_prob,key_prob,person_prob,phone_prob,rabbit_prob,scissors_prob,sheep_prob,train_prob,tree_prob
0,1029,3,bike,run_v31531861551790,0.0,0.04340282495799317,0.03890560765106811,0.05626002690010387,0.04340282495799317,0.042886545885952025,0.04134284168764386,0.04392416138052721,0.05412268944307369,0.049042884377133576,0.040482353972002914,0.035151890506320865,0.0405798411973047,0.04862758674579201,0.04817269971647817,0.04919916871867775,0.035606430967735185,0.03177336909096766,0.0412250316114915,0.03502040189845301,0.043894543458715116,0.03981503783259952,0.061051479191292515,0.04111145059854589,0.03840113221012779
