,index,age,target_label,session_id,correct_or_not,target_label_prob,airplane_prob,bear_prob,bike_prob,bird_prob,boat_prob,bowl_prob,car_prob,cat_prob,chair_prob,couch_prob,cup_prob,dog_prob,fish_prob,frog_prob,house_prob,key_prob,person_prob,phone_prob,rabbit_prob,scissors_prob,sheep_prob,train_prob,tree_prob
0,558,3,bear,run_v41539455310648,1.0,0.06617860778191528,0.04184520187138384,0.06617860778191528,0.03573965932888537,0.047747320595137414,0.04050075635572063,0.039580822541212264,0.03979920083314343,0.043472367715303134,0.03872299792044703,0.03825666319011985,0.046414619527773295,0.047728630226740495,0.03822138869147941,0.04756143935139227,0.03872358286898135,0.04202938414695605,0.0359965585310012,0.032612530037905194,0.05697526419465246,0.04638935116908443,0.04648971233356365,0.04348783680147239,0.04552610398572973
