,index,age,target_label,session_id,correct_or_not,target_label_prob,airplane_prob,bear_prob,bike_prob,bird_prob,boat_prob,bowl_prob,car_prob,cat_prob,chair_prob,couch_prob,cup_prob,dog_prob,fish_prob,frog_prob,house_prob,key_prob,person_prob,phone_prob,rabbit_prob,scissors_prob,sheep_prob,train_prob,tree_prob
0,1037,10,bike,run_v31531684620879,1.0,0.054645252406194375,0.04126041098981234,0.04845619692043148,0.054645252406194375,0.04114258685667603,0.03891987997069404,0.038352392586947504,0.04678816640184652,0.04168713902057945,0.03766592958416282,0.039577249823954865,0.04620770962924221,0.04591822704611996,0.04847169242782256,0.03952367613958003,0.040650162596413866,0.04443847731365331,0.039896376567633736,0.04140281750318325,0.046891593087449154,0.042454724756800316,0.04024137621477688,0.04795081713874237,0.047457145017282876
