,index,age,target_label,session_id,correct_or_not,target_label_prob,airplane_prob,bear_prob,bike_prob,bird_prob,boat_prob,bowl_prob,car_prob,cat_prob,chair_prob,couch_prob,cup_prob,dog_prob,fish_prob,frog_prob,house_prob,key_prob,person_prob,phone_prob,rabbit_prob,scissors_prob,sheep_prob,train_prob,tree_prob
0,931,5,bike,run_v31527979692326,1.0,0.07006475406436978,0.04501206125941426,0.05038632768903072,0.07006475406436978,0.042039438670690696,0.03813228037282668,0.04126859910959382,0.05263358116342721,0.03481694282119186,0.03712407629988425,0.03834211349574768,0.05203420930076617,0.037921734983503465,0.04436561657434679,0.03929791760966673,0.03559446565355732,0.04372868820581903,0.04265407565597264,0.04122363577049029,0.04621097254360117,0.03930908596379335,0.0328132657099012,0.05053138307068003,0.044494774011724636
