,index,age,target_label,session_id,correct_or_not,target_label_prob,airplane_prob,bear_prob,bike_prob,bird_prob,boat_prob,bowl_prob,car_prob,cat_prob,chair_prob,couch_prob,cup_prob,dog_prob,fish_prob,frog_prob,house_prob,key_prob,person_prob,phone_prob,rabbit_prob,scissors_prob,sheep_prob,train_prob,tree_prob
0,7494,3,scissors,run_v41540335010082,0.0,0.037055852184663805,0.050498247427640156,0.050675480100809446,0.03930208218564149,0.04001754330303316,0.05129222717290834,0.048181583874184496,0.0506246755408889,0.044165019640282084,0.03378191920367081,0.03798894236426981,0.03854903494690986,0.042947132062039844,0.04355082639810272,0.046478423331661495,0.04787503987204295,0.033164268661645166,0.04332126011044522,0.05231973066334609,0.047556155695819544,0.037055852184663805,0.038989027440337366,0.04293326436065338,0.03873226345900372
