,index,age,target_label,session_id,correct_or_not,target_label_prob,airplane_prob,bear_prob,bike_prob,bird_prob,boat_prob,bowl_prob,car_prob,cat_prob,chair_prob,couch_prob,cup_prob,dog_prob,fish_prob,frog_prob,house_prob,key_prob,person_prob,phone_prob,rabbit_prob,scissors_prob,sheep_prob,train_prob,tree_prob
0,5261,9,frog,run_v41536527300044,0.0,0.05066810992517839,0.039540155199691465,0.042872108340123,0.044165779492497656,0.04331683954921079,0.04567223520849235,0.04174653425075478,0.041476620776500564,0.050532245394854645,0.04301841832796736,0.04008979623630022,0.036513470232481325,0.04964901672975288,0.03958904309716328,0.05066810992517839,0.04543097360027741,0.038019895791622516,0.04678392754037814,0.0376769633975412,0.04267676307667018,0.038455899571657674,0.05148536154517767,0.05221629053168567,0.038403552184020716
