,index,age,target_label,session_id,correct_or_not,target_label_prob,airplane_prob,bear_prob,bike_prob,bird_prob,boat_prob,bowl_prob,car_prob,cat_prob,chair_prob,couch_prob,cup_prob,dog_prob,fish_prob,frog_prob,house_prob,key_prob,person_prob,phone_prob,rabbit_prob,scissors_prob,sheep_prob,train_prob,tree_prob
0,5491,5,house,run_v31535927234711,0.0,0.036681298657880605,0.041653909717433234,0.04195725459962158,0.06124201639054831,0.04533021788943765,0.04019656781496603,0.03308425265192296,0.05416663338788363,0.040780803332223364,0.03746625419656913,0.060481098618137,0.053779509662256156,0.03979810093438314,0.030416682202322444,0.03749631803457952,0.036681298657880605,0.03647666624899901,0.03465173583170296,0.050117100964160194,0.050516750994233806,0.03232734180977729,0.044898140079246265,0.04951154338624332,0.04696980259547244
