,index,age,target_label,session_id,correct_or_not,target_label_prob,airplane_prob,bear_prob,bike_prob,bird_prob,boat_prob,bowl_prob,car_prob,cat_prob,chair_prob,couch_prob,cup_prob,dog_prob,fish_prob,frog_prob,house_prob,key_prob,person_prob,phone_prob,rabbit_prob,scissors_prob,sheep_prob,train_prob,tree_prob
0,5337,6,house,run_v31526240601849,1.0,0.09471870176712914,0.04142453277001598,0.040455104014893696,0.043555257487813304,0.04024959903242272,0.04014019223650992,0.04051034934698082,0.04982354116136788,0.039316218649110064,0.04509337248298851,0.061452731241900996,0.03375016931462895,0.04063294856946615,0.038594215658922765,0.03746662650465193,0.09471870176712914,0.03977332974680557,0.041371657715845014,0.02855930213547256,0.04121898454779506,0.03841803486407332,0.039173483268738686,0.04480655344721025,0.03949509403525642
