,index,age,target_label,session_id,correct_or_not,target_label_prob,airplane_prob,bear_prob,bike_prob,bird_prob,boat_prob,bowl_prob,car_prob,cat_prob,chair_prob,couch_prob,cup_prob,dog_prob,fish_prob,frog_prob,house_prob,key_prob,person_prob,phone_prob,rabbit_prob,scissors_prob,sheep_prob,train_prob,tree_prob
0,8561,8,tree,run_v31527876268182,1.0,0.06106513856798678,0.036609630621098996,0.045070154794583435,0.03464898160910487,0.038600274232500606,0.037349770930635635,0.04050730932959591,0.04012868079375553,0.04050980340420576,0.051115652100207125,0.043784589188483776,0.04544666977481879,0.04036120921029273,0.03576949148361234,0.0447560011650449,0.03508083007342463,0.055245903628759724,0.05341819430912223,0.043830494069999025,0.04429823984430002,0.04603993596136835,0.043005541587856605,0.043357503319242346,0.06106513856798678
