,index,age,target_label,session_id,correct_or_not,target_label_prob,airplane_prob,bear_prob,bike_prob,bird_prob,boat_prob,bowl_prob,car_prob,cat_prob,chair_prob,couch_prob,cup_prob,dog_prob,fish_prob,frog_prob,house_prob,key_prob,person_prob,phone_prob,rabbit_prob,scissors_prob,sheep_prob,train_prob,tree_prob
0,521,3,bear,run_v41536529414716,1.0,0.08912499139525347,0.03640599285851742,0.08912499139525347,0.022936041316572606,0.04518943496696982,0.03737638395223938,0.041238950079461725,0.040520985470300454,0.052212892338526336,0.0374999707835931,0.041915525548152505,0.03770661555981099,0.04971101896417574,0.04148330900984592,0.06937138816176718,0.029151607025811085,0.04125199169983484,0.035118867412728856,0.037235758813369484,0.06250188051775298,0.03506794738747189,0.0522202670349655,0.03353753488360141,0.031220644819277516
