,index,age,target_label,session_id,correct_or_not,target_label_prob,airplane_prob,bear_prob,bike_prob,bird_prob,boat_prob,bowl_prob,car_prob,cat_prob,chair_prob,couch_prob,cup_prob,dog_prob,fish_prob,frog_prob,house_prob,key_prob,person_prob,phone_prob,rabbit_prob,scissors_prob,sheep_prob,train_prob,tree_prob
0,7605,5,sheep,run_v41540068440653,1.0,0.05559313910222493,0.04290763603641105,0.04003145502217014,0.052226237827009775,0.0446293913961689,0.03525036791288534,0.03791308527866769,0.04852476667113394,0.0464869336424288,0.03683376689604362,0.04214369663680267,0.04042154079883676,0.05149477306466507,0.04073091489210419,0.04296471395829428,0.03953997311302127,0.037385968387808624,0.03689548112637396,0.03912854741324843,0.04039683564806608,0.05152513474511419,0.05559313910222493,0.051440187843793804,0.04553545258672651
