,index,age,target_label,session_id,correct_or_not,target_label_prob,airplane_prob,bear_prob,bike_prob,bird_prob,boat_prob,bowl_prob,car_prob,cat_prob,chair_prob,couch_prob,cup_prob,dog_prob,fish_prob,frog_prob,house_prob,key_prob,person_prob,phone_prob,rabbit_prob,scissors_prob,sheep_prob,train_prob,tree_prob
0,8085,10,train,run_v41541973472864,0.0,0.05972025774856008,0.03727686769812505,0.04718322317313406,0.051871780213605834,0.03864910169274683,0.042173763323698835,0.04485133920740145,0.05723716235827634,0.04055590285574487,0.039052219342131385,0.03878687353333904,0.03332251109851717,0.04778179465270577,0.039374609595591185,0.04360229067028371,0.04118533292196976,0.042798424591909925,0.03765964707975435,0.034522564082907214,0.0391775203066382,0.03408444428289758,0.06499264248443573,0.05972025774856008,0.04413972708562563
