,index,age,target_label,session_id,correct_or_not,target_label_prob,airplane_prob,bear_prob,bike_prob,bird_prob,boat_prob,bowl_prob,car_prob,cat_prob,chair_prob,couch_prob,cup_prob,dog_prob,fish_prob,frog_prob,house_prob,key_prob,person_prob,phone_prob,rabbit_prob,scissors_prob,sheep_prob,train_prob,tree_prob
0,6097,7,person,run_v31527789844695,1.0,0.05870980789688199,0.053881875371002315,0.0433612534581018,0.037845539266152736,0.041896633952094184,0.037820507136482426,0.0370879156625367,0.03961583769936495,0.041688019315995986,0.04069179017711304,0.043945209560925624,0.03544539645156191,0.03980079084132159,0.04505449512942342,0.04412502760631602,0.04701854967506506,0.03693568902105294,0.05870980789688199,0.04288622334542888,0.046621275962873736,0.049808644086864126,0.051773660495137985,0.03358854918838933,0.05039730869991336
