,index,age,target_label,session_id,correct_or_not,target_label_prob,airplane_prob,bear_prob,bike_prob,bird_prob,boat_prob,bowl_prob,car_prob,cat_prob,chair_prob,couch_prob,cup_prob,dog_prob,fish_prob,frog_prob,house_prob,key_prob,person_prob,phone_prob,rabbit_prob,scissors_prob,sheep_prob,train_prob,tree_prob
0,2895,2,cat,run_v41541885836725,0.0,0.03882982594785603,0.03465285783207359,0.04356833075981456,0.03384019978111841,0.04773216484265345,0.031069525660433826,0.04372069293839857,0.0382188245567856,0.03882982594785603,0.054789724629597435,0.039505124130923434,0.03886701687572409,0.0421412573889563,0.04476981582835302,0.057307535056999565,0.03957044824987668,0.06251691881950325,0.03551195931815264,0.051137229035937,0.0419988296097764,0.04349896552542724,0.04694436453308868,0.048552610384647504,0.04125577829390277
