,index,age,target_label,session_id,correct_or_not,target_label_prob,airplane_prob,bear_prob,bike_prob,bird_prob,boat_prob,bowl_prob,car_prob,cat_prob,chair_prob,couch_prob,cup_prob,dog_prob,fish_prob,frog_prob,house_prob,key_prob,person_prob,phone_prob,rabbit_prob,scissors_prob,sheep_prob,train_prob,tree_prob
0,6466,7,phone,run_v31531594033814,1.0,0.06795710745388035,0.03670321876076234,0.0435930878385398,0.04109764686107612,0.03654437258715321,0.034119982273521664,0.04212501646995933,0.046553632929845275,0.043831762714745724,0.03346649259352839,0.043514201287351374,0.05199453801521973,0.038691359648188296,0.03812149166012263,0.04410766343620411,0.05433778554003516,0.042215215206092276,0.054911255194575306,0.06795710745388035,0.037613599370734115,0.040458604443126614,0.03657287956307655,0.043368668622827164,0.04810041752943435
