,index,age,target_label,session_id,correct_or_not,target_label_prob,airplane_prob,bear_prob,bike_prob,bird_prob,boat_prob,bowl_prob,car_prob,cat_prob,chair_prob,couch_prob,cup_prob,dog_prob,fish_prob,frog_prob,house_prob,key_prob,person_prob,phone_prob,rabbit_prob,scissors_prob,sheep_prob,train_prob,tree_prob
0,4580,6,fish,run_v31526063950237,0.0,0.044731988646993556,0.04048588970314824,0.043889827926526084,0.037563310540104956,0.04123587181170759,0.04022738690006027,0.03661785975522266,0.040924344761587024,0.04383530230951922,0.05256661737741721,0.041739250104559866,0.04602278553121941,0.039636628088924576,0.044731988646993556,0.05370507929602577,0.04430820012488129,0.06312031325825529,0.03721650002756399,0.04076030724443617,0.03392184002391429,0.047276077450272555,0.043492534623987764,0.05085322369678229,0.03586886079689005
