,index,age,target_label,session_id,correct_or_not,target_label_prob,airplane_prob,bear_prob,bike_prob,bird_prob,boat_prob,bowl_prob,car_prob,cat_prob,chair_prob,couch_prob,cup_prob,dog_prob,fish_prob,frog_prob,house_prob,key_prob,person_prob,phone_prob,rabbit_prob,scissors_prob,sheep_prob,train_prob,tree_prob
0,8168,4,train,run_v41536178424927,0.0,0.04417168291835384,0.03441403482971845,0.05164376445562289,0.06883018442551099,0.04317422107655133,0.03951122157708229,0.038883800870736514,0.04717075133002583,0.047144331454046645,0.040120588653126926,0.038358326467636546,0.03862311756511065,0.047589984440059074,0.0411171421220966,0.04734173055597219,0.033045450430872064,0.03842498006072343,0.043542923572116414,0.03225400218071537,0.04522293279188937,0.037425099576869104,0.05544719188421221,0.04417168291835384,0.04654253676095134
