,index,age,target_label,session_id,correct_or_not,target_label_prob,airplane_prob,bear_prob,bike_prob,bird_prob,boat_prob,bowl_prob,car_prob,cat_prob,chair_prob,couch_prob,cup_prob,dog_prob,fish_prob,frog_prob,house_prob,key_prob,person_prob,phone_prob,rabbit_prob,scissors_prob,sheep_prob,train_prob,tree_prob
0,6291,5,person,run_v31534115334473,0.0,0.04920690766289099,0.04017419634657926,0.046455096601626944,0.04341480419695241,0.046315844003688725,0.0433001550370629,0.03997990223849267,0.03603122837300351,0.04804282329933411,0.04369983202294877,0.03887266885482945,0.0349018333335023,0.04860276813380063,0.036697415530929964,0.04127639742147854,0.0376674706013776,0.04322172598940875,0.04920690766289099,0.03711964277505127,0.05151212635547942,0.04325835280645839,0.047622356422941506,0.0436359198113696,0.058990532180792234
