,index,age,target_label,session_id,correct_or_not,target_label_prob,airplane_prob,bear_prob,bike_prob,bird_prob,boat_prob,bowl_prob,car_prob,cat_prob,chair_prob,couch_prob,cup_prob,dog_prob,fish_prob,frog_prob,house_prob,key_prob,person_prob,phone_prob,rabbit_prob,scissors_prob,sheep_prob,train_prob,tree_prob
0,8200,5,train,run_v41537040494526,1.0,0.0712523265675466,0.04693025822231077,0.04081963690387396,0.05112802403125957,0.04096977631534398,0.043417085541403014,0.036650816255445307,0.05159332858029407,0.04175198608058682,0.04273840174267707,0.05018533916244331,0.04050858850320332,0.047107327344573555,0.053297710685960294,0.035621448389310965,0.04121177461697353,0.04212823187040756,0.03985700370196497,0.033331180745780946,0.039223403577600534,0.03442093622697221,0.04010399895281138,0.0712523265675466,0.03575141598125644
