,index,age,target_label,session_id,correct_or_not,target_label_prob,airplane_prob,bear_prob,bike_prob,bird_prob,boat_prob,bowl_prob,car_prob,cat_prob,chair_prob,couch_prob,cup_prob,dog_prob,fish_prob,frog_prob,house_prob,key_prob,person_prob,phone_prob,rabbit_prob,scissors_prob,sheep_prob,train_prob,tree_prob
0,8356,5,tree,run_v31532893428063,1.0,0.06410552477800281,0.03277923400307579,0.042636294155781684,0.036566204266176225,0.03911924678900884,0.03750245518953078,0.03715169809180411,0.0394186209310492,0.039339010486897946,0.05248475660940319,0.04073515594112384,0.04689701825012576,0.04327252873529914,0.03749012028089536,0.0395232166731065,0.04969133654682114,0.046528271925638263,0.055259036364604,0.050413833486149535,0.04018206718118696,0.04092805606024722,0.042828097726992045,0.04514821552707962,0.06410552477800281
