,index,age,target_label,session_id,correct_or_not,target_label_prob,airplane_prob,bear_prob,bike_prob,bird_prob,boat_prob,bowl_prob,car_prob,cat_prob,chair_prob,couch_prob,cup_prob,dog_prob,fish_prob,frog_prob,house_prob,key_prob,person_prob,phone_prob,rabbit_prob,scissors_prob,sheep_prob,train_prob,tree_prob
0,7678,5,sheep,run_v41539974003261,0.0,0.05130497619462626,0.038938863970828665,0.046374962243990694,0.05423030389027233,0.04746920961122732,0.0390815324352791,0.03491199252249289,0.04035047759480861,0.05201095127804207,0.03866982559417871,0.04058452455784459,0.04116490504621066,0.05148276614348908,0.05808990886477442,0.04438372579346142,0.03638193157249673,0.04259979523651624,0.04167058462827191,0.03477684044145718,0.03948957673095568,0.040399613079622226,0.05130497619462626,0.047202573856354235,0.03843015871279902
