,index,age,target_label,session_id,correct_or_not,target_label_prob,airplane_prob,bear_prob,bike_prob,bird_prob,boat_prob,bowl_prob,car_prob,cat_prob,chair_prob,couch_prob,cup_prob,dog_prob,fish_prob,frog_prob,house_prob,key_prob,person_prob,phone_prob,rabbit_prob,scissors_prob,sheep_prob,train_prob,tree_prob
0,7164,5,rabbit,run_v31528152599102,1.0,0.07492746686927905,0.04654353577258881,0.043843038320694326,0.035098147996161976,0.041265591828473974,0.04319590618349945,0.03902436928665117,0.03964304127571739,0.0572737061813106,0.0377331281952108,0.039467100652384256,0.03541261445412831,0.03892053121978221,0.04645780966128035,0.041754118674262646,0.03140549998751326,0.05304018693421497,0.04766776783140542,0.04484095400309491,0.07492746686927905,0.058011008601367986,0.03797747478307254,0.03169075235630486,0.03480624893160077
