,index,age,target_label,session_id,correct_or_not,target_label_prob,airplane_prob,bear_prob,bike_prob,bird_prob,boat_prob,bowl_prob,car_prob,cat_prob,chair_prob,couch_prob,cup_prob,dog_prob,fish_prob,frog_prob,house_prob,key_prob,person_prob,phone_prob,rabbit_prob,scissors_prob,sheep_prob,train_prob,tree_prob
0,4245,2,dog,run_v31534373551923,0.0,0.04948198440063913,0.0387220266002323,0.04485552625179434,0.04127977298696106,0.04341034652012034,0.041059917993666845,0.04296859768167846,0.05340023980686229,0.042508116187515176,0.038151841674325566,0.03842267235615814,0.03869267971800577,0.04948198440063913,0.05142071968112442,0.0510528890543645,0.03965263128498106,0.04913172316823131,0.03907492285419525,0.040872493435112865,0.043151671692624405,0.04171886966736726,0.04975654103429454,0.0423897562932096,0.03882405965653532
