,index,age,target_label,session_id,correct_or_not,target_label_prob,airplane_prob,bear_prob,bike_prob,bird_prob,boat_prob,bowl_prob,car_prob,cat_prob,chair_prob,couch_prob,cup_prob,dog_prob,fish_prob,frog_prob,house_prob,key_prob,person_prob,phone_prob,rabbit_prob,scissors_prob,sheep_prob,train_prob,tree_prob
0,3019,5,cat,run_v41540068440653,0.0,0.051731522559991715,0.04848750418352708,0.04185073423142786,0.055918363347731516,0.048778954267989345,0.040314009586088995,0.03946447283435574,0.03704134759556657,0.051731522559991715,0.03816060222953602,0.03839449725128957,0.04079509464030301,0.041356673106750966,0.037672693750152975,0.04103705185757632,0.03839697926622991,0.03931407613059947,0.05522055651979191,0.037146291268874136,0.04820192087930511,0.04830595843503861,0.038389075831235436,0.04209651259851485,0.05192510762812299
