,index,age,target_label,session_id,correct_or_not,target_label_prob,airplane_prob,bear_prob,bike_prob,bird_prob,boat_prob,bowl_prob,car_prob,cat_prob,chair_prob,couch_prob,cup_prob,dog_prob,fish_prob,frog_prob,house_prob,key_prob,person_prob,phone_prob,rabbit_prob,scissors_prob,sheep_prob,train_prob,tree_prob
0,6812,4,rabbit,run_v31531599507205,0.0,0.04045980547994347,0.03419417884322122,0.040635268246961134,0.04367825838820667,0.03887092362412675,0.03694047651621543,0.04092202519964759,0.050754280266619586,0.03902509533517142,0.05255579567783066,0.07621977405556096,0.06973852417557186,0.040022151551810374,0.03640111552395885,0.042536014597505084,0.02807713834466241,0.03437120943592474,0.040076911069084536,0.06075347083574256,0.04045980547994347,0.03580538961815808,0.03953313426659629,0.04090224205080988,0.03752681689667047
