,index,age,target_label,session_id,correct_or_not,target_label_prob,airplane_prob,bear_prob,bike_prob,bird_prob,boat_prob,bowl_prob,car_prob,cat_prob,chair_prob,couch_prob,cup_prob,dog_prob,fish_prob,frog_prob,house_prob,key_prob,person_prob,phone_prob,rabbit_prob,scissors_prob,sheep_prob,train_prob,tree_prob
0,7557,6,scissors,run_v41541188097677,0.0,0.05117141377064906,0.037310425409368346,0.04040244106405962,0.042575924955433005,0.04465817383525389,0.04165776332791597,0.043243417896076525,0.04054896090851868,0.044874759044372846,0.04099313961469333,0.03911740679039841,0.03776365065880938,0.04923968800297477,0.03746303782832366,0.05292304124936819,0.040314542926921375,0.06984354153677272,0.03899892867036081,0.03613594296286067,0.04626042720927845,0.05117141377064906,0.04854937436850729,0.036890732766712626,0.039063265202370336
