,index,age,target_label,session_id,correct_or_not,target_label_prob,airplane_prob,bear_prob,bike_prob,bird_prob,boat_prob,bowl_prob,car_prob,cat_prob,chair_prob,couch_prob,cup_prob,dog_prob,fish_prob,frog_prob,house_prob,key_prob,person_prob,phone_prob,rabbit_prob,scissors_prob,sheep_prob,train_prob,tree_prob
0,3253,10,chair,run_v31529097018168,1.0,0.07391696124561702,0.035503414089683175,0.03935759443408801,0.03325727159423132,0.03856892350136232,0.04199919787420982,0.040564367237627484,0.03390714957139473,0.0401245814519505,0.07391696124561702,0.04413861187703832,0.04745539824731022,0.04153815237534781,0.044246111032253,0.04107184261682158,0.07221467367567791,0.038051562098898754,0.034566293062106776,0.054181625462482015,0.04013488856413126,0.03743733238746524,0.04630012422823081,0.03953589140512664,0.041928031966945285
