,index,age,target_label,session_id,correct_or_not,target_label_prob,airplane_prob,bear_prob,bike_prob,bird_prob,boat_prob,bowl_prob,car_prob,cat_prob,chair_prob,couch_prob,cup_prob,dog_prob,fish_prob,frog_prob,house_prob,key_prob,person_prob,phone_prob,rabbit_prob,scissors_prob,sheep_prob,train_prob,tree_prob
0,5451,6,house,run_v31533063763887,1.0,0.06908145921702975,0.03776496026330515,0.03434680585548406,0.04843145727693993,0.04358885788765734,0.0487596760778698,0.03494602192411555,0.0432861362515933,0.04572112935390714,0.044185708021940155,0.03736007064313639,0.03765424085452783,0.04172730006641786,0.034618848642561026,0.039722629671004095,0.06908145921702975,0.0486662031071752,0.043179487948777,0.04615753465293631,0.049277324764689386,0.04420042690367664,0.037306656483595296,0.055330993215659444,0.034686070916001614
