,index,age,target_label,session_id,correct_or_not,target_label_prob,airplane_prob,bear_prob,bike_prob,bird_prob,boat_prob,bowl_prob,car_prob,cat_prob,chair_prob,couch_prob,cup_prob,dog_prob,fish_prob,frog_prob,house_prob,key_prob,person_prob,phone_prob,rabbit_prob,scissors_prob,sheep_prob,train_prob,tree_prob
0,6690,5,phone,run_v41541977671135,1.0,0.06336914414308983,0.03352831199308402,0.04044027971836308,0.031247865758664325,0.03577909541809149,0.04742302303983968,0.034503742468482056,0.046697988385399986,0.04475089084965243,0.039810862935821,0.051161746565377836,0.04661397834808314,0.03815466584930531,0.04245982871563236,0.039821061168848634,0.0512711374783441,0.04102440792489684,0.049018129120817475,0.06336914414308983,0.04821776195756208,0.04129175476082736,0.04184934849710227,0.04803523543865657,0.043529739464058095
