,index,age,target_label,session_id,correct_or_not,target_label_prob,airplane_prob,bear_prob,bike_prob,bird_prob,boat_prob,bowl_prob,car_prob,cat_prob,chair_prob,couch_prob,cup_prob,dog_prob,fish_prob,frog_prob,house_prob,key_prob,person_prob,phone_prob,rabbit_prob,scissors_prob,sheep_prob,train_prob,tree_prob
0,4561,6,fish,run_v31526251554792,0.0,0.06058226941070455,0.05154168574952962,0.04255593164332268,0.04460839405179347,0.03874757163437389,0.0417693398472159,0.054788115085867645,0.04435123802293979,0.042964180373233435,0.03772742289445916,0.04184862979843723,0.06323293537341437,0.042273390450209065,0.06058226941070455,0.03525009710310511,0.04197138654167375,0.04212815742887688,0.02873124370758635,0.04265453326800051,0.03675799513884882,0.0452459847214322,0.038110114605275,0.044662103908379006,0.0374972792413216
