,index,age,target_label,session_id,correct_or_not,target_label_prob,airplane_prob,bear_prob,bike_prob,bird_prob,boat_prob,bowl_prob,car_prob,cat_prob,chair_prob,couch_prob,cup_prob,dog_prob,fish_prob,frog_prob,house_prob,key_prob,person_prob,phone_prob,rabbit_prob,scissors_prob,sheep_prob,train_prob,tree_prob
0,7261,10,scissors,run_v41536446273758,1.0,0.07514597867286185,0.03430048084719699,0.04741078147780417,0.03463402158144599,0.042927344778286816,0.031026370052833756,0.04386663962273257,0.0311379035251967,0.04453778427816803,0.03578169279439192,0.03746735737527216,0.041161113951750865,0.044685948179464675,0.045170486645437075,0.05294103327801247,0.034849381776032876,0.05272597082187247,0.05278330604718483,0.03859293382274472,0.03742724061419555,0.07514597867286185,0.0610115259521956,0.03865280811694423,0.041761895787973874
