,index,age,target_label,session_id,correct_or_not,target_label_prob,airplane_prob,bear_prob,bike_prob,bird_prob,boat_prob,bowl_prob,car_prob,cat_prob,chair_prob,couch_prob,cup_prob,dog_prob,fish_prob,frog_prob,house_prob,key_prob,person_prob,phone_prob,rabbit_prob,scissors_prob,sheep_prob,train_prob,tree_prob
0,8402,9,tree,run_v31532805040363,1.0,0.06687967582842665,0.04532621031300849,0.04530867644597144,0.04252624335347741,0.04959997785265707,0.036172151460687745,0.037915114062475455,0.03529276183004066,0.04451467456555683,0.04195175159768865,0.039226597783371016,0.04618265151092418,0.047336451164488036,0.03514139012373228,0.044426371355994185,0.04037235641110125,0.043659885971112464,0.039636587927300765,0.040272670303837715,0.04150770468292083,0.04892092660938275,0.04915307461453069,0.03867609423131354,0.06687967582842665
