,index,age,target_label,session_id,correct_or_not,target_label_prob,airplane_prob,bear_prob,bike_prob,bird_prob,boat_prob,bowl_prob,car_prob,cat_prob,chair_prob,couch_prob,cup_prob,dog_prob,fish_prob,frog_prob,house_prob,key_prob,person_prob,phone_prob,rabbit_prob,scissors_prob,sheep_prob,train_prob,tree_prob
0,7491,5,scissors,run_v41538851068620,1.0,0.07296652361616579,0.046069488886645846,0.04437264252338536,0.0450428024463187,0.03679018247518299,0.04155513986334441,0.05151671899637716,0.03236717082460118,0.04151576020430147,0.03679761115030722,0.03928107424981446,0.032716796096199444,0.04412429295567703,0.04347356050963536,0.0391024162669917,0.04950913885980457,0.03675228542630093,0.04324231985657578,0.033866474386633816,0.03817294957653988,0.07296652361616579,0.05098989897685106,0.042202618864641446,0.057572132987704264
