,index,age,target_label,session_id,correct_or_not,target_label_prob,airplane_prob,bear_prob,bike_prob,bird_prob,boat_prob,bowl_prob,car_prob,cat_prob,chair_prob,couch_prob,cup_prob,dog_prob,fish_prob,frog_prob,house_prob,key_prob,person_prob,phone_prob,rabbit_prob,scissors_prob,sheep_prob,train_prob,tree_prob
0,5485,6,house,run_v31534365370913,0.0,0.04438798932163923,0.04060268941993603,0.04574152249555094,0.036584697823349284,0.041933821440823596,0.04696728888352002,0.038904528929529926,0.044783480010044466,0.04452484106763237,0.038956776415245774,0.04760785172985707,0.04136903814468656,0.04015234341984788,0.0451252054275919,0.04075253440935616,0.04438798932163923,0.04208908929390235,0.04081382066618614,0.04350303803105185,0.051377902875372486,0.05200275088591426,0.0381316610562715,0.04819445586412864,0.04549267238856149
