,index,age,target_label,session_id,correct_or_not,target_label_prob,airplane_prob,bear_prob,bike_prob,bird_prob,boat_prob,bowl_prob,car_prob,cat_prob,chair_prob,couch_prob,cup_prob,dog_prob,fish_prob,frog_prob,house_prob,key_prob,person_prob,phone_prob,rabbit_prob,scissors_prob,sheep_prob,train_prob,tree_prob
0,7201,2,scissors,run_v41536265687579,0.0,0.05112282730391897,0.048154686419590385,0.04885035410109969,0.048040004009888115,0.03935430765880068,0.042670932742355554,0.043480013233492834,0.04024114729858593,0.04644857075136669,0.04188809857162774,0.0358682706445606,0.045311659205733594,0.04115579189529071,0.043066294413711105,0.038645042184174,0.034920013603730905,0.04537739895872871,0.03814178936700491,0.03471300270940252,0.06045263187525073,0.05112282730391897,0.04146154263704465,0.043107414832643035,0.047528205581997864
