,index,age,target_label,session_id,correct_or_not,target_label_prob,airplane_prob,bear_prob,bike_prob,bird_prob,boat_prob,bowl_prob,car_prob,cat_prob,chair_prob,couch_prob,cup_prob,dog_prob,fish_prob,frog_prob,house_prob,key_prob,person_prob,phone_prob,rabbit_prob,scissors_prob,sheep_prob,train_prob,tree_prob
0,2521,7,car,run_v31534113078748,1.0,0.07334403919958794,0.034037557463626834,0.039005416022816555,0.050901148745499177,0.037441987055017736,0.04307265481614836,0.04497824326157366,0.07334403919958794,0.040185708951557056,0.03309148114731398,0.055172049391372276,0.04228268169511787,0.044382968550932794,0.050349219026737245,0.03808655585244364,0.041005790191265865,0.04117978185342457,0.035049013669986764,0.03789373871074014,0.03936533891634945,0.043922697249455,0.038601645377524516,0.056156533472437285,0.04049374937907116
