,index,age,target_label,session_id,correct_or_not,target_label_prob,airplane_prob,bear_prob,bike_prob,bird_prob,boat_prob,bowl_prob,car_prob,cat_prob,chair_prob,couch_prob,cup_prob,dog_prob,fish_prob,frog_prob,house_prob,key_prob,person_prob,phone_prob,rabbit_prob,scissors_prob,sheep_prob,train_prob,tree_prob
0,1397,9,bird,run_v31531594948181,0.0,0.046063667102144115,0.040015089272946634,0.04327601105968908,0.04087110103957634,0.046063667102144115,0.04269906070137453,0.041208232092279126,0.039202707799429075,0.049746610815471444,0.039671201357763516,0.040518727417494606,0.043043141382332846,0.05202282174251692,0.05162594909082372,0.04684543772563389,0.03944154338018052,0.04695943655166411,0.03829298599579922,0.032876113226191744,0.04377282924153771,0.04355341328834858,0.04657052053646231,0.05159299858846333,0.04013040059187644
