,index,age,target_label,session_id,correct_or_not,target_label_prob,airplane_prob,bear_prob,bike_prob,bird_prob,boat_prob,bowl_prob,car_prob,cat_prob,chair_prob,couch_prob,cup_prob,dog_prob,fish_prob,frog_prob,house_prob,key_prob,person_prob,phone_prob,rabbit_prob,scissors_prob,sheep_prob,train_prob,tree_prob
0,5627,4,house,run_v31535740489930,0.0,0.038552152809124475,0.045164274349300176,0.045731306927499354,0.03973067499613671,0.04270502619628072,0.040142307043005185,0.03758150898021343,0.042364296279662594,0.04971316148831769,0.04081513011205911,0.038604365697428665,0.0403344618329736,0.046678210553053094,0.0448476734072405,0.041590806492152264,0.038552152809124475,0.047368126045129105,0.042955458639079916,0.04508996365225843,0.04251279403309963,0.04239140411447212,0.04955847148889787,0.050581569129360716,0.04498685573325468
