,index,age,target_label,session_id,correct_or_not,target_label_prob,airplane_prob,bear_prob,bike_prob,bird_prob,boat_prob,bowl_prob,car_prob,cat_prob,chair_prob,couch_prob,cup_prob,dog_prob,fish_prob,frog_prob,house_prob,key_prob,person_prob,phone_prob,rabbit_prob,scissors_prob,sheep_prob,train_prob,tree_prob
0,5202,6,frog,run_v41542063339917,0.0,0.043911057495001904,0.03465676321934643,0.03932333411070305,0.04067338027627889,0.042785354295680915,0.04193635316921229,0.07377365043870743,0.04075820183744082,0.035258906021531,0.043169830441419,0.03793846061494371,0.04906002171932249,0.040686808952600954,0.05573804555756912,0.043911057495001904,0.0432238258842284,0.046768635626262475,0.04457289770408723,0.03627944296897133,0.04311796313313623,0.04181526936291106,0.04190441846596669,0.040712213827154835,0.041935164877523676
