,index,age,target_label,session_id,correct_or_not,target_label_prob,airplane_prob,bear_prob,bike_prob,bird_prob,boat_prob,bowl_prob,car_prob,cat_prob,chair_prob,couch_prob,cup_prob,dog_prob,fish_prob,frog_prob,house_prob,key_prob,person_prob,phone_prob,rabbit_prob,scissors_prob,sheep_prob,train_prob,tree_prob
0,1101,3,bike,run_v31528837199127,0.0,0.038133646203328986,0.04178524814742146,0.03995962123120662,0.038133646203328986,0.045822789196551826,0.038257348041317966,0.047456415166316185,0.052391955437190926,0.04017261454950128,0.04348378119316968,0.040058749104684835,0.04875173063712533,0.04385456580462129,0.051864612653063545,0.048287843088318204,0.04418207595118759,0.04943688009801554,0.03659029853132122,0.043272336639021726,0.04218147375063116,0.045949645527952554,0.039020087952310045,0.041168709989664286,0.03791757110607771
