,index,age,target_label,session_id,correct_or_not,target_label_prob,airplane_prob,bear_prob,bike_prob,bird_prob,boat_prob,bowl_prob,car_prob,cat_prob,chair_prob,couch_prob,cup_prob,dog_prob,fish_prob,frog_prob,house_prob,key_prob,person_prob,phone_prob,rabbit_prob,scissors_prob,sheep_prob,train_prob,tree_prob
0,4273,4,dog,run_v31526073488506,0.0,0.05341109174888091,0.0396664015246423,0.05132198720259793,0.050396447707944346,0.04962431282390113,0.03431299991536164,0.042356850849817454,0.04103472330281009,0.045748543530550995,0.04433946796825915,0.03902876835210316,0.0474089815461084,0.05341109174888091,0.04747939438373091,0.04103054892319757,0.03324249464427878,0.042322161302612675,0.055619241661063974,0.029657419090214365,0.0431516506119143,0.03696737135394738,0.04656624024937861,0.03716692992788829,0.04814597137879576
