,index,age,target_label,session_id,correct_or_not,target_label_prob,airplane_prob,bear_prob,bike_prob,bird_prob,boat_prob,bowl_prob,car_prob,cat_prob,chair_prob,couch_prob,cup_prob,dog_prob,fish_prob,frog_prob,house_prob,key_prob,person_prob,phone_prob,rabbit_prob,scissors_prob,sheep_prob,train_prob,tree_prob
0,8325,6,tree,run_v31533404434586,1.0,0.07678907515738735,0.04298931466263685,0.04641320957197009,0.03898076697570977,0.04007621236043415,0.03652080435126648,0.05150682499535717,0.04068159461662962,0.03850897917029498,0.03550561524310701,0.03583818001248829,0.04800093671341915,0.039146022369508295,0.0359088577829241,0.041533239530809604,0.03971413870258119,0.04820419755491316,0.04596495419584071,0.04593126050313548,0.04054269130716479,0.050232547657751564,0.04209373623212144,0.038916840332548726,0.07678907515738735
