,index,age,target_label,session_id,correct_or_not,target_label_prob,airplane_prob,bear_prob,bike_prob,bird_prob,boat_prob,bowl_prob,car_prob,cat_prob,chair_prob,couch_prob,cup_prob,dog_prob,fish_prob,frog_prob,house_prob,key_prob,person_prob,phone_prob,rabbit_prob,scissors_prob,sheep_prob,train_prob,tree_prob
0,8418,7,tree,run_v31533165861944,1.0,0.07813021250897945,0.04271131914402036,0.04637775847580518,0.028990300385249083,0.03573543521548613,0.0452052249426745,0.042543772924135435,0.030525994430022192,0.04540896161548207,0.03678788132278141,0.04219121895178462,0.042942956283546004,0.044590526424457294,0.03415555530758936,0.03652376504867667,0.040214333074760744,0.0415227834697544,0.04571535883554007,0.04443784642231877,0.04746398446895519,0.04707878245711338,0.0538690776134674,0.0468769506774004,0.07813021250897945
