,index,age,target_label,session_id,correct_or_not,target_label_prob,airplane_prob,bear_prob,bike_prob,bird_prob,boat_prob,bowl_prob,car_prob,cat_prob,chair_prob,couch_prob,cup_prob,dog_prob,fish_prob,frog_prob,house_prob,key_prob,person_prob,phone_prob,rabbit_prob,scissors_prob,sheep_prob,train_prob,tree_prob
0,2543,5,car,run_v31533333476410,0.0,0.0438607531413529,0.043791605884310844,0.04162603897365763,0.04142265750248845,0.038391132066257376,0.043892852857560866,0.04179301995483611,0.0438607531413529,0.03911922352526106,0.06388031658502066,0.06413629743100493,0.05144123464541626,0.03579781046276829,0.0451018491721549,0.04026379064782348,0.04059703763788998,0.04551560216484629,0.03755662183000541,0.05434592776819075,0.04103474623746343,0.03902682582122428,0.035761912801913695,0.0353987111454457,0.03624403174310668
