,index,age,target_label,session_id,correct_or_not,target_label_prob,airplane_prob,bear_prob,bike_prob,bird_prob,boat_prob,bowl_prob,car_prob,cat_prob,chair_prob,couch_prob,cup_prob,dog_prob,fish_prob,frog_prob,house_prob,key_prob,person_prob,phone_prob,rabbit_prob,scissors_prob,sheep_prob,train_prob,tree_prob
0,4870,3,fish,run_v31533942928266,0.0,0.047061981837971,0.04014922935339895,0.03774041198120484,0.0407877219701082,0.04662250886635123,0.045794886316729747,0.05593865875329904,0.046109109900491656,0.04170385650368947,0.04213989589462698,0.04138669240357202,0.04888721260480357,0.0458784515330965,0.047061981837971,0.045678567481241876,0.036121577837903734,0.049390578537134563,0.03600843774009344,0.044898588002879575,0.035553801298565404,0.04151168722581995,0.042335354589626006,0.04691482521951491,0.04138596414787742
