,index,age,target_label,session_id,correct_or_not,target_label_prob,airplane_prob,bear_prob,bike_prob,bird_prob,boat_prob,bowl_prob,car_prob,cat_prob,chair_prob,couch_prob,cup_prob,dog_prob,fish_prob,frog_prob,house_prob,key_prob,person_prob,phone_prob,rabbit_prob,scissors_prob,sheep_prob,train_prob,tree_prob
0,7547,8,scissors,run_v41541792446475,0.0,0.048011759344004326,0.05998759612327814,0.038437532321604,0.04653503336237158,0.047262192144440884,0.046523275977461795,0.04454860609879513,0.04388668519601886,0.04040312371622957,0.03741626588775524,0.04626142592515202,0.055030255303858924,0.039655672583378876,0.04940447461919934,0.039717124874891735,0.04233786364489313,0.03740121117145284,0.032997847107127026,0.034047912636448796,0.04168222033584678,0.048011759344004326,0.04220385717580129,0.045405411988660715,0.04084265246132901
