,index,age,target_label,session_id,correct_or_not,target_label_prob,airplane_prob,bear_prob,bike_prob,bird_prob,boat_prob,bowl_prob,car_prob,cat_prob,chair_prob,couch_prob,cup_prob,dog_prob,fish_prob,frog_prob,house_prob,key_prob,person_prob,phone_prob,rabbit_prob,scissors_prob,sheep_prob,train_prob,tree_prob
0,2490,2,car,run_v31534373551923,1.0,0.0846967391475631,0.03872746044863798,0.036881115167012674,0.046634289558680056,0.041615442102623246,0.035393582391856575,0.04231970893271332,0.0846967391475631,0.03791597174214706,0.03970623581752223,0.04276253909718306,0.03895442403748099,0.04390966988525734,0.04484428761237792,0.04197237796402139,0.04201240993375376,0.05170505526021231,0.034407678214542506,0.03758761686336294,0.040229209518982754,0.04489573138267143,0.04425563750024142,0.051108591092831904,0.037464226328324
