,index,age,target_label,session_id,correct_or_not,target_label_prob,airplane_prob,bear_prob,bike_prob,bird_prob,boat_prob,bowl_prob,car_prob,cat_prob,chair_prob,couch_prob,cup_prob,dog_prob,fish_prob,frog_prob,house_prob,key_prob,person_prob,phone_prob,rabbit_prob,scissors_prob,sheep_prob,train_prob,tree_prob
0,1234,8,bird,run_v31531594463960,0.0,0.04646541633807398,0.05110337866052479,0.04165147801876349,0.039572149258465895,0.04646541633807398,0.048190049561415114,0.04457229098973919,0.0412892725332101,0.04181484986593694,0.03484873795251461,0.043244511116832036,0.036659953832424506,0.04186196604064772,0.043836383041636146,0.03994494995546717,0.03664276356206933,0.03931458229634137,0.05356744205326324,0.03431859167316052,0.044135580233529606,0.06059814574594491,0.04456169457444551,0.04527449097475301,0.046531321720840825
