,index,age,target_label,session_id,correct_or_not,target_label_prob,airplane_prob,bear_prob,bike_prob,bird_prob,boat_prob,bowl_prob,car_prob,cat_prob,chair_prob,couch_prob,cup_prob,dog_prob,fish_prob,frog_prob,house_prob,key_prob,person_prob,phone_prob,rabbit_prob,scissors_prob,sheep_prob,train_prob,tree_prob
0,6100,4,person,run_v31534622195685,0.0,0.04950392826377638,0.04180896151321241,0.06336346015702307,0.05036739467678521,0.04101784042858963,0.04316714848506887,0.04410934843720034,0.04139808507234681,0.03809955715136432,0.04436445254237746,0.039686207564054735,0.039216938871502835,0.03978263065012841,0.05251814625898454,0.0505008922654392,0.03628181618720195,0.036814714630983944,0.04950392826377638,0.042404178221230125,0.04528165717841982,0.04081977117383226,0.03663272286249215,0.04427926841779056,0.03858087899019493
