,index,age,target_label,session_id,correct_or_not,target_label_prob,airplane_prob,bear_prob,bike_prob,bird_prob,boat_prob,bowl_prob,car_prob,cat_prob,chair_prob,couch_prob,cup_prob,dog_prob,fish_prob,frog_prob,house_prob,key_prob,person_prob,phone_prob,rabbit_prob,scissors_prob,sheep_prob,train_prob,tree_prob
0,2660,6,cat,run_v41542053180845,0.0,0.04864370177268266,0.04254256834522723,0.043948916251749966,0.039632297205311855,0.0418560546575081,0.05606491025970696,0.046201191512514395,0.041281040101421536,0.04864370177268266,0.03497376480953389,0.03721619765908607,0.042883699281962756,0.045389463230097536,0.04953870652568638,0.04659404034903324,0.042613539471110615,0.041730196641565666,0.04700342431290842,0.03863464635591209,0.040110521689465065,0.04014534298635875,0.04803623607718903,0.047507460587101855,0.037452079916865784
