,index,age,target_label,session_id,correct_or_not,target_label_prob,airplane_prob,bear_prob,bike_prob,bird_prob,boat_prob,bowl_prob,car_prob,cat_prob,chair_prob,couch_prob,cup_prob,dog_prob,fish_prob,frog_prob,house_prob,key_prob,person_prob,phone_prob,rabbit_prob,scissors_prob,sheep_prob,train_prob,tree_prob
0,2007,2,bowl,run_v31531604038450,1.0,0.07385824677985191,0.04291963466590849,0.03927165376151938,0.031720893399440855,0.04040876373345823,0.05947735494279588,0.07385824677985191,0.04305463816225446,0.045757588147398304,0.046052604811340714,0.045240364138071386,0.04772913014098287,0.040502709093811456,0.05384524133912048,0.040554571598490456,0.03224750977566287,0.04157032682951902,0.033824335720634306,0.04262065961903673,0.03940416172386352,0.04252220427696809,0.04054320440591042,0.0410281643089582,0.035846038625001894
