,index,age,target_label,session_id,correct_or_not,target_label_prob,airplane_prob,bear_prob,bike_prob,bird_prob,boat_prob,bowl_prob,car_prob,cat_prob,chair_prob,couch_prob,cup_prob,dog_prob,fish_prob,frog_prob,house_prob,key_prob,person_prob,phone_prob,rabbit_prob,scissors_prob,sheep_prob,train_prob,tree_prob
0,6012,6,key,run_v41541966815102,0.0,0.06583975080959473,0.033456778265646636,0.04282724987667524,0.03351412725916637,0.036401500605973386,0.03579471346780272,0.03810914223334072,0.03443202386083287,0.039831811543808805,0.06767990073072763,0.04067269870023175,0.053451483894797466,0.03889262058509538,0.04296804832809651,0.040753850903795776,0.04394554200228039,0.06583975080959473,0.037107780866789807,0.04789801438246488,0.03949028696817838,0.05047397885089387,0.04237549872635937,0.04676473741688251,0.0473184597205649
