,index,age,target_label,session_id,correct_or_not,target_label_prob,airplane_prob,bear_prob,bike_prob,bird_prob,boat_prob,bowl_prob,car_prob,cat_prob,chair_prob,couch_prob,cup_prob,dog_prob,fish_prob,frog_prob,house_prob,key_prob,person_prob,phone_prob,rabbit_prob,scissors_prob,sheep_prob,train_prob,tree_prob
0,2336,6,car,run_v31533065061260,1.0,0.05743958806001941,0.04769179187107151,0.039469457509363585,0.04352092576964197,0.038166250576736664,0.049315160745626876,0.0492165860495073,0.05743958806001941,0.040249342956646415,0.04258106495601671,0.041622358086275645,0.04692549373917537,0.04294460594074405,0.0485119568749667,0.04493196030868867,0.040931887145403294,0.040058792055320584,0.04006159372898029,0.03840023782589157,0.03684785794970444,0.043331028648671305,0.044301585936828876,0.045745594180872574,0.037734879083846255
