,index,age,target_label,session_id,correct_or_not,target_label_prob,airplane_prob,bear_prob,bike_prob,bird_prob,boat_prob,bowl_prob,car_prob,cat_prob,chair_prob,couch_prob,cup_prob,dog_prob,fish_prob,frog_prob,house_prob,key_prob,person_prob,phone_prob,rabbit_prob,scissors_prob,sheep_prob,train_prob,tree_prob
0,6528,2,phone,run_v41539812565666,0.0,0.04301271743613084,0.051617349529021105,0.04447896888794077,0.042250821170378934,0.047284374573654885,0.04795819490678373,0.029939395897411333,0.04571341176424912,0.043555302005922426,0.046299912460178116,0.05181374923053024,0.03541393262488286,0.040908301631388415,0.04310015262218382,0.041377759619081654,0.04461098746354215,0.043300041763753926,0.04138662276489052,0.04301271743613084,0.04043924006648492,0.04091491666918718,0.039224972788163545,0.04522052041199692,0.05017835371224281
