,index,age,target_label,session_id,correct_or_not,target_label_prob,airplane_prob,bear_prob,bike_prob,bird_prob,boat_prob,bowl_prob,car_prob,cat_prob,chair_prob,couch_prob,cup_prob,dog_prob,fish_prob,frog_prob,house_prob,key_prob,person_prob,phone_prob,rabbit_prob,scissors_prob,sheep_prob,train_prob,tree_prob
0,7019,7,rabbit,run_v31532127192962,0.0,0.06056131166024172,0.038767460273156536,0.044091749318797786,0.05508720699857214,0.028376662795156993,0.05476118951146158,0.031395111559235155,0.0386810934236708,0.08468946685318707,0.03203071188352931,0.0331187961884336,0.033901914801688166,0.05169295237780709,0.031142877739073524,0.03631242873943199,0.03541186719389001,0.02843843128596819,0.040924700689285956,0.06504917900790964,0.06056131166024172,0.05012389933900545,0.03459678148293819,0.03364558796702447,0.05719861891053466
