,index,age,target_label,session_id,correct_or_not,target_label_prob,airplane_prob,bear_prob,bike_prob,bird_prob,boat_prob,bowl_prob,car_prob,cat_prob,chair_prob,couch_prob,cup_prob,dog_prob,fish_prob,frog_prob,house_prob,key_prob,person_prob,phone_prob,rabbit_prob,scissors_prob,sheep_prob,train_prob,tree_prob
0,7660,7,sheep,run_v41537138613105,0.0,0.05788593062894512,0.038801658123616786,0.04910689035344851,0.04426888348058769,0.04790194440421001,0.03864345155990775,0.04071897078202806,0.034581569253561616,0.05130958481754317,0.04307785093989028,0.041721726161569314,0.03977969825425448,0.0453104733127662,0.04032951737607771,0.0594185040589891,0.036413700061260205,0.046540376721646994,0.043719011103813224,0.03682110011863639,0.049317817064325385,0.041141123905650674,0.05788593062894512,0.03692396960784852,0.03626624790942283
