,index,age,target_label,session_id,correct_or_not,target_label_prob,airplane_prob,bear_prob,bike_prob,bird_prob,boat_prob,bowl_prob,car_prob,cat_prob,chair_prob,couch_prob,cup_prob,dog_prob,fish_prob,frog_prob,house_prob,key_prob,person_prob,phone_prob,rabbit_prob,scissors_prob,sheep_prob,train_prob,tree_prob
0,1761,2,boat,run_v31533240618116,1.0,0.06651223227263668,0.042543580238169516,0.03792732329332809,0.04737187486598385,0.037722546354935896,0.06651223227263668,0.038097506089155776,0.04782555894004648,0.039800007505583934,0.04836755552696094,0.06301865626784785,0.05792239201597427,0.03505327631044341,0.03840751052402015,0.03856256881435941,0.045071848408075196,0.03694749343348288,0.03931795210757028,0.03704530417593505,0.04478476084101364,0.03531202050380211,0.03732312545677565,0.04993060508038002,0.03513430097351908
