,index,age,target_label,session_id,correct_or_not,target_label_prob,airplane_prob,bear_prob,bike_prob,bird_prob,boat_prob,bowl_prob,car_prob,cat_prob,chair_prob,couch_prob,cup_prob,dog_prob,fish_prob,frog_prob,house_prob,key_prob,person_prob,phone_prob,rabbit_prob,scissors_prob,sheep_prob,train_prob,tree_prob
0,7796,4,sheep,run_v41542062654769,0.0,0.051022463670615824,0.04370145543071906,0.06566199025722673,0.05956113892410626,0.03716392105304107,0.03908598897594976,0.04028157506389284,0.050416555043008314,0.03994653621773338,0.03560983170238019,0.03734009351233484,0.034571907194402,0.044331513128880895,0.032641265598198126,0.049369248446159204,0.033879182187908446,0.03672107145180856,0.04035413334191831,0.04128029350325085,0.04824500893931984,0.036486766541434526,0.051022463670615824,0.053038030069267314,0.04929002974644381
