,index,age,target_label,session_id,correct_or_not,target_label_prob,airplane_prob,bear_prob,bike_prob,bird_prob,boat_prob,bowl_prob,car_prob,cat_prob,chair_prob,couch_prob,cup_prob,dog_prob,fish_prob,frog_prob,house_prob,key_prob,person_prob,phone_prob,rabbit_prob,scissors_prob,sheep_prob,train_prob,tree_prob
0,4989,3,frog,run_v41541621006300,0.0,0.051178723221729394,0.041788025226548155,0.050647760925937535,0.04080500105809186,0.04692984450761763,0.04303393438919528,0.039146002959678614,0.0401728164797002,0.044755771175699,0.04141290089484442,0.04295076112893486,0.03967468445841551,0.03984888441094054,0.04095221965450754,0.051178723221729394,0.04107184876610953,0.041536076914986834,0.05562541398552086,0.037264457164536816,0.04631963775176578,0.038983478889582965,0.0488845673820309,0.04533127803070686,0.04168591062291863
