,index,age,target_label,session_id,correct_or_not,target_label_prob,airplane_prob,bear_prob,bike_prob,bird_prob,boat_prob,bowl_prob,car_prob,cat_prob,chair_prob,couch_prob,cup_prob,dog_prob,fish_prob,frog_prob,house_prob,key_prob,person_prob,phone_prob,rabbit_prob,scissors_prob,sheep_prob,train_prob,tree_prob
0,2173,5,bowl,run_v31531608572760,1.0,0.06666015546028582,0.03993300260639498,0.04145059374865143,0.042451716165632244,0.043792706088962796,0.048307243198197736,0.06666015546028582,0.043247302027148785,0.03889275346485597,0.03878677399186123,0.036275884717812686,0.05791539270909741,0.037775209262774084,0.05083402215409584,0.04477478231172459,0.04175542183272856,0.03903283048357031,0.04162437575837234,0.050337240703173386,0.03821453766108949,0.039894019869261166,0.036003731926228286,0.03992140305936839,0.04211890079871255
