,index,age,target_label,session_id,correct_or_not,target_label_prob,airplane_prob,bear_prob,bike_prob,bird_prob,boat_prob,bowl_prob,car_prob,cat_prob,chair_prob,couch_prob,cup_prob,dog_prob,fish_prob,frog_prob,house_prob,key_prob,person_prob,phone_prob,rabbit_prob,scissors_prob,sheep_prob,train_prob,tree_prob
0,466,4,bear,run_v41542051051527,0.0,0.050978774627289745,0.045381913510932154,0.050978774627289745,0.044793748327996846,0.043549348075535434,0.04823603216308098,0.05423724168379635,0.045889248470995236,0.039633435016980495,0.04346749538394201,0.03621029765883115,0.0380771764722611,0.04140368865551851,0.04597504907256918,0.04399896328335392,0.0431099356534368,0.040211824401367634,0.04862080556336869,0.04049228356205008,0.04347555880699905,0.046123199823197285,0.034975936992379365,0.040806360882791236,0.04035168191132667
