,index,age,target_label,session_id,correct_or_not,target_label_prob,airplane_prob,bear_prob,bike_prob,bird_prob,boat_prob,bowl_prob,car_prob,cat_prob,chair_prob,couch_prob,cup_prob,dog_prob,fish_prob,frog_prob,house_prob,key_prob,person_prob,phone_prob,rabbit_prob,scissors_prob,sheep_prob,train_prob,tree_prob
0,141,6,airplane,run_v31530654749203,0.0,0.0460119065362708,0.0460119065362708,0.0389283049346836,0.037783213037585764,0.03702560924167041,0.05390495355961538,0.06536560202977079,0.0406443098650679,0.04139326579144395,0.043090820431460695,0.04596803111355548,0.04047594616765103,0.042585631587414075,0.05088658145485801,0.042324282384512975,0.04500290131165313,0.0375812509776413,0.04292178960469066,0.03582902724548288,0.037431255254220565,0.0417806807610517,0.04878417512642018,0.046135258467236276,0.038145203116042414
