,index,age,target_label,session_id,correct_or_not,target_label_prob,airplane_prob,bear_prob,bike_prob,bird_prob,boat_prob,bowl_prob,car_prob,cat_prob,chair_prob,couch_prob,cup_prob,dog_prob,fish_prob,frog_prob,house_prob,key_prob,person_prob,phone_prob,rabbit_prob,scissors_prob,sheep_prob,train_prob,tree_prob
0,4148,5,cup,run_v31534452769911,0.0,0.04493799451460619,0.036088142570676524,0.03885494913856441,0.03884436891480566,0.036559478824579106,0.0390148220215897,0.039028012441424106,0.0392054002211693,0.04843362512961358,0.056979192108066436,0.04584416726560127,0.04493799451460619,0.04627944204542491,0.03521803790711457,0.05139990391405539,0.029087533790989627,0.042107039645523536,0.03894926941115611,0.05688134969759942,0.0494765078616531,0.05095255952493842,0.04749956272970486,0.04723640944072113,0.04112223088042279
