,index,age,target_label,session_id,correct_or_not,target_label_prob,airplane_prob,bear_prob,bike_prob,bird_prob,boat_prob,bowl_prob,car_prob,cat_prob,chair_prob,couch_prob,cup_prob,dog_prob,fish_prob,frog_prob,house_prob,key_prob,person_prob,phone_prob,rabbit_prob,scissors_prob,sheep_prob,train_prob,tree_prob
0,7247,4,scissors,run_v41540324175563,0.0,0.05244730734155469,0.06106350878536623,0.04014674772001451,0.0487226080779657,0.045865967571968314,0.0455098234824395,0.03997910386170039,0.044666843258456296,0.04563914413965392,0.04118396726644497,0.04008920428526967,0.04502763977857569,0.03614187922548008,0.0404566367229045,0.03732236607787239,0.04028599478491462,0.04510099401110165,0.03630976519986345,0.043871084656959526,0.045758187897228124,0.05244730734155469,0.04114112320588705,0.045143703824951455,0.03812639882342722
