,index,age,target_label,session_id,correct_or_not,target_label_prob,airplane_prob,bear_prob,bike_prob,bird_prob,boat_prob,bowl_prob,car_prob,cat_prob,chair_prob,couch_prob,cup_prob,dog_prob,fish_prob,frog_prob,house_prob,key_prob,person_prob,phone_prob,rabbit_prob,scissors_prob,sheep_prob,train_prob,tree_prob
0,4599,3,fish,run_v31534882246884,0.0,0.0395773952053761,0.03774711134915539,0.04312140186008179,0.05936200934688895,0.04277986734412738,0.04882787921926998,0.0432045864403448,0.03466285267192088,0.0495918936526286,0.03305643192546593,0.045488792453811426,0.0434600728303373,0.04144846748632567,0.0395773952053761,0.04444896111880261,0.04686755382956204,0.029501828342889558,0.05433211154101898,0.030694076545545866,0.04487118865564215,0.04706293408760942,0.04020814859781523,0.04696146173718392,0.052722973758196144
