,index,age,target_label,session_id,correct_or_not,target_label_prob,airplane_prob,bear_prob,bike_prob,bird_prob,boat_prob,bowl_prob,car_prob,cat_prob,chair_prob,couch_prob,cup_prob,dog_prob,fish_prob,frog_prob,house_prob,key_prob,person_prob,phone_prob,rabbit_prob,scissors_prob,sheep_prob,train_prob,tree_prob
0,6777,3,phone,run_v41540160120457,1.0,0.046341040278830826,0.0444529217683583,0.04358036207471225,0.042881503086853005,0.04294862307383016,0.04026385892173342,0.04285660266077985,0.04439951560474637,0.04474521435536744,0.04293967580086003,0.04532678253553099,0.04358471832277771,0.04357401356554909,0.041915103384976116,0.04403798825178088,0.04434204814192512,0.04310039289572904,0.043531892366221764,0.046341040278830826,0.04319949369996239,0.043898366749810284,0.04329380033480131,0.04282706531674569,0.041959016808117894
