,index,age,target_label,session_id,correct_or_not,target_label_prob,airplane_prob,bear_prob,bike_prob,bird_prob,boat_prob,bowl_prob,car_prob,cat_prob,chair_prob,couch_prob,cup_prob,dog_prob,fish_prob,frog_prob,house_prob,key_prob,person_prob,phone_prob,rabbit_prob,scissors_prob,sheep_prob,train_prob,tree_prob
0,4373,3,dog,run_v31536011164972,0.0,0.0416174193063829,0.042673503887126374,0.045441841385057274,0.034495808343796286,0.0437182813158785,0.04926226332041124,0.043330148822127657,0.04009904676203156,0.046516164854126546,0.043173654959483734,0.0458951150540344,0.041025144129792065,0.0416174193063829,0.04561279831884497,0.04683048044923267,0.03242915054137795,0.045877917091932424,0.03800955143105177,0.0476132731167645,0.043583452090595096,0.047214010536341625,0.042505182634111856,0.04417604668565948,0.048899744963839156
