,index,age,target_label,session_id,correct_or_not,target_label_prob,airplane_prob,bear_prob,bike_prob,bird_prob,boat_prob,bowl_prob,car_prob,cat_prob,chair_prob,couch_prob,cup_prob,dog_prob,fish_prob,frog_prob,house_prob,key_prob,person_prob,phone_prob,rabbit_prob,scissors_prob,sheep_prob,train_prob,tree_prob
0,404,3,bear,run_v41541713608273,1.0,0.06020896215077741,0.04983956634513129,0.06020896215077741,0.0344783889379123,0.04420042445046304,0.05540392143957888,0.035226033641754466,0.03394144520645833,0.04696264331065236,0.04024497069361367,0.049210662394782244,0.03698197809517983,0.04725400537071776,0.054452436990257466,0.03975648141321334,0.03651619141372617,0.036287986807312225,0.04627843015179535,0.03185623152900485,0.05122655065886622,0.041946051886220484,0.04173164023831712,0.04319827594172467,0.042796720932540507
