,index,age,target_label,session_id,correct_or_not,target_label_prob,airplane_prob,bear_prob,bike_prob,bird_prob,boat_prob,bowl_prob,car_prob,cat_prob,chair_prob,couch_prob,cup_prob,dog_prob,fish_prob,frog_prob,house_prob,key_prob,person_prob,phone_prob,rabbit_prob,scissors_prob,sheep_prob,train_prob,tree_prob
0,5961,6,key,run_v41540070771431,0.0,0.05602404606622195,0.05401592409488441,0.04311694806003557,0.05150851607596172,0.042477505100299386,0.049726341344420784,0.05065490734308825,0.03847792357093529,0.04254906617410207,0.04166726782939886,0.0328682952526407,0.03684446211340074,0.04285616201869633,0.03728798132220458,0.04130211127607306,0.031216211019493977,0.05602404606622195,0.048666956877074265,0.040418870614423064,0.05679951338260083,0.04544483919300291,0.03629699035886079,0.036224410592530246,0.04355475031965007
