,index,age,target_label,session_id,correct_or_not,target_label_prob,airplane_prob,bear_prob,bike_prob,bird_prob,boat_prob,bowl_prob,car_prob,cat_prob,chair_prob,couch_prob,cup_prob,dog_prob,fish_prob,frog_prob,house_prob,key_prob,person_prob,phone_prob,rabbit_prob,scissors_prob,sheep_prob,train_prob,tree_prob
0,7518,3,scissors,run_v41539458140524,0.0,0.03759584521410619,0.048743881071995454,0.04238621900931774,0.03900212536378316,0.04071222541039082,0.05655514135212344,0.05202534933486803,0.038393335898930445,0.039265259289575256,0.04683642088429299,0.04553938318875346,0.0423712418279293,0.041534792500823016,0.04688903909737019,0.04052534730583184,0.06295109093407461,0.0405943627292942,0.03724330208995052,0.03830137449214941,0.040443699205758826,0.03759584521410619,0.04135291154245949,0.03895452707046047,0.04178312518576105
