,index,age,target_label,session_id,correct_or_not,target_label_prob,airplane_prob,bear_prob,bike_prob,bird_prob,boat_prob,bowl_prob,car_prob,cat_prob,chair_prob,couch_prob,cup_prob,dog_prob,fish_prob,frog_prob,house_prob,key_prob,person_prob,phone_prob,rabbit_prob,scissors_prob,sheep_prob,train_prob,tree_prob
0,237,6,airplane,run_v31531601459423,0.0,0.04144486894983014,0.04144486894983014,0.03747720287170211,0.05498335855847512,0.041163862601706,0.03470871679219178,0.05202874975117826,0.03077756325699238,0.035107364318288994,0.03875057537139345,0.041303600902804855,0.06059091729220876,0.04605570696191444,0.036819506014409954,0.04062336302763185,0.03815561845071908,0.04615218732135916,0.04241010800955959,0.05661916492477436,0.03997844330943766,0.042099227877213576,0.0441915406231078,0.04365312644750715,0.05490522636559344
