,index,age,target_label,session_id,correct_or_not,target_label_prob,airplane_prob,bear_prob,bike_prob,bird_prob,boat_prob,bowl_prob,car_prob,cat_prob,chair_prob,couch_prob,cup_prob,dog_prob,fish_prob,frog_prob,house_prob,key_prob,person_prob,phone_prob,rabbit_prob,scissors_prob,sheep_prob,train_prob,tree_prob
0,8469,8,tree,run_v31533750663590,0.0,0.037113421460327124,0.05470965960457817,0.04434325773185143,0.036718113793149876,0.0398364991827661,0.041760958648668876,0.038050014614069046,0.03972620931738768,0.042814938307272864,0.052874865736465076,0.04081655684017295,0.04579672665251003,0.043486985932667255,0.0406755291843226,0.0440601903753465,0.03719527455502528,0.04785235121546135,0.03869298455359683,0.04339410544601682,0.04602203683273895,0.0574013284344852,0.0448695182003529,0.041788473380767105,0.037113421460327124
