,index,age,target_label,session_id,correct_or_not,target_label_prob,airplane_prob,bear_prob,bike_prob,bird_prob,boat_prob,bowl_prob,car_prob,cat_prob,chair_prob,couch_prob,cup_prob,dog_prob,fish_prob,frog_prob,house_prob,key_prob,person_prob,phone_prob,rabbit_prob,scissors_prob,sheep_prob,train_prob,tree_prob
0,3763,10,couch,run_v31529617799237,1.0,0.07976932276823198,0.04148792892974192,0.04171377656464049,0.025845695449839397,0.04227586373514752,0.033844068265522706,0.03310021971992996,0.061221215033600444,0.04068808028119426,0.05630770320306682,0.07976932276823198,0.025554655650579065,0.035341600498204166,0.03402015253907663,0.03560268448550768,0.051419945621054265,0.051614889383111894,0.03274047383878037,0.058040302818317485,0.04473453206056172,0.04197248235378948,0.03960850880690197,0.052456187185670335,0.04063971080752959
