,index,age,target_label,session_id,correct_or_not,target_label_prob,airplane_prob,bear_prob,bike_prob,bird_prob,boat_prob,bowl_prob,car_prob,cat_prob,chair_prob,couch_prob,cup_prob,dog_prob,fish_prob,frog_prob,house_prob,key_prob,person_prob,phone_prob,rabbit_prob,scissors_prob,sheep_prob,train_prob,tree_prob
0,2961,8,cat,run_v41541367019106,0.0,0.04248915918463014,0.04629009356572517,0.04295046327878023,0.04204354658158476,0.05041242769317515,0.04399416476986338,0.044610105524553946,0.04625488200388299,0.04248915918463014,0.040265430830089786,0.04001019833315938,0.03811697138530266,0.04494473325038058,0.040691379103231444,0.053971681460846015,0.04283503165968365,0.042232656947131325,0.040307114136637213,0.047011706173951846,0.043737671149848896,0.04456241281250978,0.04613500585423333,0.039891769676362404,0.03624139462443596
