,index,age,target_label,session_id,correct_or_not,target_label_prob,airplane_prob,bear_prob,bike_prob,bird_prob,boat_prob,bowl_prob,car_prob,cat_prob,chair_prob,couch_prob,cup_prob,dog_prob,fish_prob,frog_prob,house_prob,key_prob,person_prob,phone_prob,rabbit_prob,scissors_prob,sheep_prob,train_prob,tree_prob
0,1109,9,bike,run_v31528839599186,1.0,0.06345609660128375,0.04456837667213406,0.037690180375302675,0.06345609660128375,0.048731242658424614,0.04433488994013219,0.03792861579787286,0.04651129294640071,0.05006922320672254,0.03168725840120711,0.03416802677337445,0.04258411439113179,0.04799767536569555,0.04000461293240441,0.04606037919818014,0.03567408184690973,0.051888006600667856,0.0390163630377511,0.046316273561547265,0.049385208957367685,0.046545370169220696,0.039438480019457524,0.038319967775002996,0.037624262771808324
