,index,age,target_label,session_id,correct_or_not,target_label_prob,airplane_prob,bear_prob,bike_prob,bird_prob,boat_prob,bowl_prob,car_prob,cat_prob,chair_prob,couch_prob,cup_prob,dog_prob,fish_prob,frog_prob,house_prob,key_prob,person_prob,phone_prob,rabbit_prob,scissors_prob,sheep_prob,train_prob,tree_prob
0,84,3,airplane,run_v31531351017862,0.0,0.04724359778667903,0.04724359778667903,0.04394312045616489,0.04972801174834715,0.04598082486198928,0.04190334702257979,0.03804263783514634,0.04566895977251534,0.04033691249833678,0.04198703976579042,0.04808751544090268,0.04619924989229125,0.0413788040814911,0.03676646378322532,0.04291262602178406,0.03815359982792781,0.04270175791041386,0.04301096944936521,0.04037497352025775,0.037178623478215926,0.04892782734503076,0.03925244777117913,0.04093489701666862,0.05928579271369751
