,index,age,target_label,session_id,correct_or_not,target_label_prob,airplane_prob,bear_prob,bike_prob,bird_prob,boat_prob,bowl_prob,car_prob,cat_prob,chair_prob,couch_prob,cup_prob,dog_prob,fish_prob,frog_prob,house_prob,key_prob,person_prob,phone_prob,rabbit_prob,scissors_prob,sheep_prob,train_prob,tree_prob
0,6599,8,phone,run_v31528395207991,0.0,0.05712058709171141,0.04156056708994775,0.04204862956814278,0.04216385453338419,0.03924018753582061,0.038905328506931645,0.034835133666390426,0.0434590824934427,0.040833590228989275,0.04029295583294358,0.050437003899889095,0.041275992509715774,0.04120953754397222,0.04563605307673096,0.042311498440501014,0.05945889949331265,0.04107075684091103,0.04563085821366917,0.05712058709171141,0.041010632230014436,0.04151128248904818,0.0421440041874524,0.046956903886244,0.040886660640834606
