,index,age,target_label,session_id,correct_or_not,target_label_prob,airplane_prob,bear_prob,bike_prob,bird_prob,boat_prob,bowl_prob,car_prob,cat_prob,chair_prob,couch_prob,cup_prob,dog_prob,fish_prob,frog_prob,house_prob,key_prob,person_prob,phone_prob,rabbit_prob,scissors_prob,sheep_prob,train_prob,tree_prob
0,1146,3,bird,run_v31531693813983,0.0,0.05320764547502878,0.04018821441251696,0.043337278267509154,0.04794402019317105,0.05320764547502878,0.04160949454586912,0.03983681013763046,0.0437739019941001,0.054824897813012655,0.0361864536645885,0.03887246973086014,0.03992014750848993,0.05491791430086868,0.062304779688880076,0.04739118922166583,0.03440824050948326,0.043191055370045445,0.04016396277360427,0.027537453841802728,0.04062998365104346,0.04259836272476021,0.055803320753648494,0.040463557051716094,0.030888846369704636
