,index,age,target_label,session_id,correct_or_not,target_label_prob,airplane_prob,bear_prob,bike_prob,bird_prob,boat_prob,bowl_prob,car_prob,cat_prob,chair_prob,couch_prob,cup_prob,dog_prob,fish_prob,frog_prob,house_prob,key_prob,person_prob,phone_prob,rabbit_prob,scissors_prob,sheep_prob,train_prob,tree_prob
0,3654,8,couch,run_v31530643882583,0.0,0.04486440610383777,0.04150666655103153,0.042093850846642536,0.03664688277075626,0.04008703656662993,0.04760561885563364,0.03911555034002859,0.04194067034967309,0.041977414795636527,0.05540386962330439,0.04486440610383777,0.03917088627781172,0.041364745025226614,0.0384350309827692,0.038605619510761885,0.04469072121848385,0.04148010634824403,0.04358051681068329,0.05590236811639165,0.050440276034050185,0.03643909855264947,0.042783662488633654,0.0483852195343655,0.04747978229675457
