,index,age,target_label,session_id,correct_or_not,target_label_prob,airplane_prob,bear_prob,bike_prob,bird_prob,boat_prob,bowl_prob,car_prob,cat_prob,chair_prob,couch_prob,cup_prob,dog_prob,fish_prob,frog_prob,house_prob,key_prob,person_prob,phone_prob,rabbit_prob,scissors_prob,sheep_prob,train_prob,tree_prob
0,1084,8,bike,run_v31529359799192,1.0,0.07445621706534156,0.03443107973510351,0.04271032675080106,0.07445621706534156,0.03686692555851381,0.03962214576634472,0.03853280463543051,0.04365945682015074,0.045084741088683586,0.03885101286035356,0.04303753791798756,0.04258104307117479,0.04641101640238135,0.03956932646601224,0.04243308133240673,0.049334247941923176,0.03395071785661485,0.04620649167886608,0.03984088178498542,0.04836656751097764,0.03851469377554906,0.0395299429048801,0.05485590009106527,0.04115384098445253
