,index,age,target_label,session_id,correct_or_not,target_label_prob,airplane_prob,bear_prob,bike_prob,bird_prob,boat_prob,bowl_prob,car_prob,cat_prob,chair_prob,couch_prob,cup_prob,dog_prob,fish_prob,frog_prob,house_prob,key_prob,person_prob,phone_prob,rabbit_prob,scissors_prob,sheep_prob,train_prob,tree_prob
0,8432,3,tree,run_v31534792432132,1.0,0.06372060087910233,0.029019117243866282,0.0438937459749566,0.024328046566548158,0.04415389139132847,0.04783823931527039,0.053042085342331964,0.029952138404317187,0.053972906534280156,0.03873783387938492,0.04411318849130842,0.043990137402274615,0.041418297078745524,0.04014957909281238,0.04191513013091759,0.034098425966477004,0.03106491198514459,0.04650471942216156,0.05126556076898777,0.04394184811095291,0.04214653376297875,0.057617911625772164,0.053115150630080085,0.06372060087910233
