,index,age,target_label,session_id,correct_or_not,target_label_prob,airplane_prob,bear_prob,bike_prob,bird_prob,boat_prob,bowl_prob,car_prob,cat_prob,chair_prob,couch_prob,cup_prob,dog_prob,fish_prob,frog_prob,house_prob,key_prob,person_prob,phone_prob,rabbit_prob,scissors_prob,sheep_prob,train_prob,tree_prob
0,7670,4,sheep,run_v41541174399584,0.0,0.048672293829691356,0.04472025804534029,0.04687693305078097,0.03962309908871456,0.035057444869012445,0.03971303103280059,0.048586956040584245,0.06389273337347091,0.03093871917891197,0.04285882649612305,0.05257740650953958,0.0465483991165494,0.04147991620600703,0.03452803556711966,0.04954827391520554,0.03653354810708168,0.04370517979715906,0.036018232863938036,0.05412171650469126,0.04378388659792037,0.03576712930525607,0.048672293829691356,0.04471722048515388,0.03973076001894801
