,index,age,target_label,session_id,correct_or_not,target_label_prob,airplane_prob,bear_prob,bike_prob,bird_prob,boat_prob,bowl_prob,car_prob,cat_prob,chair_prob,couch_prob,cup_prob,dog_prob,fish_prob,frog_prob,house_prob,key_prob,person_prob,phone_prob,rabbit_prob,scissors_prob,sheep_prob,train_prob,tree_prob
0,688,5,bear,run_v41537053860221,0.0,0.054810562003151736,0.039981697259378855,0.054810562003151736,0.04285414810181211,0.04400297336964489,0.043857345156180734,0.04102143663098353,0.045322701169358104,0.04262048390733348,0.04119430968797378,0.03816614759141614,0.04147945861578136,0.04228349675691982,0.03984040159334894,0.04809149677791362,0.039925245639044794,0.04121480576025344,0.039656825418021166,0.04307056442672435,0.04288237601590682,0.03600818655718134,0.04562741390815173,0.04635492490430052,0.05973299874921888
