,index,age,target_label,session_id,correct_or_not,target_label_prob,airplane_prob,bear_prob,bike_prob,bird_prob,boat_prob,bowl_prob,car_prob,cat_prob,chair_prob,couch_prob,cup_prob,dog_prob,fish_prob,frog_prob,house_prob,key_prob,person_prob,phone_prob,rabbit_prob,scissors_prob,sheep_prob,train_prob,tree_prob
0,8253,3,train,run_v41540077574466,0.0,0.04042182405330194,0.042537123887452545,0.0438250676645662,0.04454098390458641,0.04537216082316643,0.041801226269965096,0.04230467374047417,0.044177629170950215,0.04457477942367246,0.0445007713244426,0.04283212541430514,0.04342677012258982,0.04461192577515406,0.04412782492474497,0.04190158968641538,0.03990531159246606,0.04382247524069478,0.04446615867194041,0.04290419749800913,0.042165008343134455,0.04514529501393283,0.045412651805406455,0.04042182405330194,0.045222425648628425
