,index,age,target_label,session_id,correct_or_not,target_label_prob,airplane_prob,bear_prob,bike_prob,bird_prob,boat_prob,bowl_prob,car_prob,cat_prob,chair_prob,couch_prob,cup_prob,dog_prob,fish_prob,frog_prob,house_prob,key_prob,person_prob,phone_prob,rabbit_prob,scissors_prob,sheep_prob,train_prob,tree_prob
0,2000,5,bowl,run_v31532126921035,1.0,0.068423095276844,0.039427631473430653,0.038807964455789414,0.04962815670140214,0.04741995518689226,0.042522619447526847,0.068423095276844,0.03875056620117952,0.040189899897708777,0.03968657446236724,0.03678894452591238,0.05429293586737033,0.042988414833202586,0.04945027381949772,0.042905476686418594,0.03337678186673734,0.05878771639234622,0.040263541833660044,0.03998441559886488,0.0369840136724563,0.041759789915272884,0.040643003716841694,0.038860443932053394,0.03805778423622462
