,index,age,target_label,session_id,correct_or_not,target_label_prob,airplane_prob,bear_prob,bike_prob,bird_prob,boat_prob,bowl_prob,car_prob,cat_prob,chair_prob,couch_prob,cup_prob,dog_prob,fish_prob,frog_prob,house_prob,key_prob,person_prob,phone_prob,rabbit_prob,scissors_prob,sheep_prob,train_prob,tree_prob
0,7181,5,rabbit,run_v31532030055524,0.0,0.03849570813278963,0.03648657854417312,0.04057683583531836,0.03347790380645259,0.03983272655139153,0.04459103564840042,0.03708066969506117,0.04151275426412628,0.0415405836007027,0.055905374990045706,0.03456173828406747,0.03728669212299678,0.042307850272088283,0.04013026220170842,0.03757005647683116,0.05511989529164284,0.04796089634938166,0.06726314640390248,0.04086320428541781,0.03849570813278963,0.03724698597865443,0.038829738407957864,0.04446807006151527,0.06689129279537377
