,index,age,target_label,session_id,correct_or_not,target_label_prob,airplane_prob,bear_prob,bike_prob,bird_prob,boat_prob,bowl_prob,car_prob,cat_prob,chair_prob,couch_prob,cup_prob,dog_prob,fish_prob,frog_prob,house_prob,key_prob,person_prob,phone_prob,rabbit_prob,scissors_prob,sheep_prob,train_prob,tree_prob
0,2966,4,cat,run_v41537380064062,0.0,0.03955056752012303,0.04137032821156945,0.03797061268442682,0.042385623099903805,0.04234891546416837,0.05622051987733378,0.04462661430168271,0.0436027340096928,0.03955056752012303,0.035967446208686076,0.03393622287733042,0.035658676485022134,0.04011925858297369,0.04082329852260212,0.0395458929946898,0.04511823896383126,0.04757206979148732,0.04848643049616849,0.04134179292622533,0.04489214699818015,0.05690017225724422,0.046404822126927724,0.04408601303399481,0.05107160256573571
