,index,age,target_label,session_id,correct_or_not,target_label_prob,airplane_prob,bear_prob,bike_prob,bird_prob,boat_prob,bowl_prob,car_prob,cat_prob,chair_prob,couch_prob,cup_prob,dog_prob,fish_prob,frog_prob,house_prob,key_prob,person_prob,phone_prob,rabbit_prob,scissors_prob,sheep_prob,train_prob,tree_prob
0,7044,6,rabbit,run_v31531425410975,0.0,0.04979480899439288,0.047740785995530895,0.0442797091331838,0.038874521146205404,0.04786095429437968,0.040243427099709496,0.03804343576654139,0.03777579566640748,0.053425611996212576,0.043654732216057236,0.03816198116972475,0.03518750256311964,0.048054005114220096,0.0497702840497216,0.044306875063826405,0.03702897867630293,0.046548784960395766,0.046318154271180065,0.03413964515718879,0.04979480899439288,0.05064338882997896,0.05042635473421173,0.04092548455617392,0.036794778545334576
