,index,age,target_label,session_id,correct_or_not,target_label_prob,airplane_prob,bear_prob,bike_prob,bird_prob,boat_prob,bowl_prob,car_prob,cat_prob,chair_prob,couch_prob,cup_prob,dog_prob,fish_prob,frog_prob,house_prob,key_prob,person_prob,phone_prob,rabbit_prob,scissors_prob,sheep_prob,train_prob,tree_prob
0,2026,4,bowl,run_v31530390885520,0.0,0.05446394953937468,0.04036126625319378,0.04169357850584411,0.038158254777551186,0.041556180238482614,0.04644943898644967,0.05446394953937468,0.053641316972876045,0.04266042401109041,0.050566186563615806,0.05755672271185465,0.041166797498999735,0.04042330211394358,0.04820572873232807,0.03918863902493071,0.03926757702353406,0.04077904377979774,0.037312402277146044,0.03624288488500595,0.03581993355876168,0.039909810137288504,0.04448148503698884,0.043668540959905834,0.04642653641103616
