,index,age,target_label,session_id,correct_or_not,target_label_prob,airplane_prob,bear_prob,bike_prob,bird_prob,boat_prob,bowl_prob,car_prob,cat_prob,chair_prob,couch_prob,cup_prob,dog_prob,fish_prob,frog_prob,house_prob,key_prob,person_prob,phone_prob,rabbit_prob,scissors_prob,sheep_prob,train_prob,tree_prob
0,2968,3,cat,run_v41541623466092,0.0,0.04700740319135862,0.04018489851103017,0.048161935007836054,0.04980210789829964,0.04271959886083427,0.036241331122543144,0.03257054172174383,0.04572666891238276,0.04700740319135862,0.036204199276840196,0.04260652694210782,0.04032133313045904,0.05144978345490104,0.041242735550526495,0.052747205256657034,0.03919081936309313,0.04661038678461829,0.04988711197792915,0.031288290445426324,0.041903853417558035,0.04520366485401523,0.05479370995942587,0.04663146318206279,0.037504431178350915
