,index,age,target_label,session_id,correct_or_not,target_label_prob,airplane_prob,bear_prob,bike_prob,bird_prob,boat_prob,bowl_prob,car_prob,cat_prob,chair_prob,couch_prob,cup_prob,dog_prob,fish_prob,frog_prob,house_prob,key_prob,person_prob,phone_prob,rabbit_prob,scissors_prob,sheep_prob,train_prob,tree_prob
0,7228,4,scissors,run_v41541182991485,1.0,0.06138007256353666,0.052942439298353065,0.04234652006387374,0.03971905460464392,0.04277569455496848,0.03965707407948132,0.04652851017167141,0.03482776319211352,0.039668105146721706,0.038603757054727114,0.040702260631312576,0.040196088536060985,0.041489781924715544,0.05291977943865076,0.039563989057099375,0.03573803894048671,0.040436532233203856,0.05577435816273041,0.03882700573912193,0.031743588447630734,0.06138007256353666,0.050138950775185244,0.042410281858311326,0.05161035352539964
