,index,age,target_label,session_id,correct_or_not,target_label_prob,airplane_prob,bear_prob,bike_prob,bird_prob,boat_prob,bowl_prob,car_prob,cat_prob,chair_prob,couch_prob,cup_prob,dog_prob,fish_prob,frog_prob,house_prob,key_prob,person_prob,phone_prob,rabbit_prob,scissors_prob,sheep_prob,train_prob,tree_prob
0,6268,3,person,run_v31533850555503,1.0,0.06507642478336347,0.037741727723804255,0.04314868281153665,0.03548771507163465,0.04280061428704276,0.04659241623460992,0.042772809766084795,0.03801137735915742,0.043419297862511586,0.040715591868211165,0.03713425307831535,0.03918043707587947,0.043666376150472946,0.040163249192931204,0.04157702198672023,0.05718204710455806,0.04023097948882849,0.06507642478336347,0.047673490573581785,0.044562220483483,0.03991535450187466,0.040924315104443325,0.03851806872157497,0.05350552876937993
