,index,age,target_label,session_id,correct_or_not,target_label_prob,airplane_prob,bear_prob,bike_prob,bird_prob,boat_prob,bowl_prob,car_prob,cat_prob,chair_prob,couch_prob,cup_prob,dog_prob,fish_prob,frog_prob,house_prob,key_prob,person_prob,phone_prob,rabbit_prob,scissors_prob,sheep_prob,train_prob,tree_prob
0,8246,2,train,run_v41536948622581,0.0,0.04169946736342508,0.03698170145891798,0.0391298538162921,0.04674279793857532,0.047114865824447544,0.039735339973953024,0.03811581946951293,0.03719010083693513,0.046824922603129975,0.04326119959741425,0.03915879097844729,0.04086787683944677,0.04310152194184085,0.04094171092386786,0.049772225811076244,0.04363715249845292,0.07819325991377733,0.0485375884806781,0.03480362903989963,0.03786281358538008,0.05128189186678078,0.04073321882238468,0.04169946736342508,0.034312250415364114
