,index,age,target_label,session_id,correct_or_not,target_label_prob,airplane_prob,bear_prob,bike_prob,bird_prob,boat_prob,bowl_prob,car_prob,cat_prob,chair_prob,couch_prob,cup_prob,dog_prob,fish_prob,frog_prob,house_prob,key_prob,person_prob,phone_prob,rabbit_prob,scissors_prob,sheep_prob,train_prob,tree_prob
0,1566,4,boat,run_v31526162026170,1.0,0.05158033072360661,0.045842089806932655,0.04098645889799454,0.03787616707064971,0.04083244486669493,0.05158033072360661,0.043663557683044536,0.04404387619337616,0.044356290665189146,0.04432173411235067,0.04277591480037072,0.04006091356357471,0.04125715838704308,0.04834153209050033,0.043087039262718875,0.040965068960164726,0.04394837521004216,0.04198974818706603,0.043729475375493605,0.0456024844321863,0.04547869670650364,0.042081382618986786,0.04449740557226544,0.04268185481324476
