,index,age,target_label,session_id,correct_or_not,target_label_prob,airplane_prob,bear_prob,bike_prob,bird_prob,boat_prob,bowl_prob,car_prob,cat_prob,chair_prob,couch_prob,cup_prob,dog_prob,fish_prob,frog_prob,house_prob,key_prob,person_prob,phone_prob,rabbit_prob,scissors_prob,sheep_prob,train_prob,tree_prob
0,1131,2,bike,run_v31531428472392,1.0,0.07230136604251222,0.05036893399591396,0.04153366748450705,0.07230136604251222,0.04167187418179845,0.049855578297399145,0.03906975334704027,0.045325786423072834,0.0423540098764735,0.03921594915037267,0.036700139959143015,0.04479683628628874,0.044218499791648117,0.04063052254857062,0.04137117841747775,0.04320591052833357,0.04459711512999274,0.03752654839878855,0.03833875414189736,0.046992559274909744,0.044798477061772625,0.03475818410315577,0.046167622992383056,0.034200732566548146
