,index,age,target_label,session_id,correct_or_not,target_label_prob,airplane_prob,bear_prob,bike_prob,bird_prob,boat_prob,bowl_prob,car_prob,cat_prob,chair_prob,couch_prob,cup_prob,dog_prob,fish_prob,frog_prob,house_prob,key_prob,person_prob,phone_prob,rabbit_prob,scissors_prob,sheep_prob,train_prob,tree_prob
0,8425,6,tree,run_v31533676370547,1.0,0.07002086956631569,0.030646442853174905,0.03918168905251394,0.04575878511243746,0.04392414223562945,0.04559869969971309,0.03838755278860029,0.036168400839472044,0.032946497042357664,0.04051060846072666,0.04716529672881131,0.04421113725249081,0.0431423617128279,0.03941095203183075,0.03832189907270924,0.03994179315254989,0.05338055408111277,0.047185572109457355,0.050706314034091836,0.03232348014718368,0.035905454728185945,0.06039948202801181,0.04476201526979547,0.07002086956631569
