,index,age,target_label,session_id,correct_or_not,target_label_prob,airplane_prob,bear_prob,bike_prob,bird_prob,boat_prob,bowl_prob,car_prob,cat_prob,chair_prob,couch_prob,cup_prob,dog_prob,fish_prob,frog_prob,house_prob,key_prob,person_prob,phone_prob,rabbit_prob,scissors_prob,sheep_prob,train_prob,tree_prob
0,4119,4,cup,run_v31533242019710,0.0,0.05233682880193208,0.03710324073906286,0.042224165475624895,0.041792730537651854,0.040977946129653525,0.04574123965344689,0.051716647326342347,0.04568812544957785,0.03567910085818192,0.06056316484985271,0.06094373190121723,0.05233682880193208,0.036664543003490056,0.048569351441968785,0.041005539587337596,0.038566651095316234,0.044585140982156886,0.03905444137783071,0.0415121160619499,0.04114866335230974,0.035633642943131705,0.03638996058150874,0.04130829762377079,0.04079473022668451
