,index,age,target_label,session_id,correct_or_not,target_label_prob,airplane_prob,bear_prob,bike_prob,bird_prob,boat_prob,bowl_prob,car_prob,cat_prob,chair_prob,couch_prob,cup_prob,dog_prob,fish_prob,frog_prob,house_prob,key_prob,person_prob,phone_prob,rabbit_prob,scissors_prob,sheep_prob,train_prob,tree_prob
0,8586,7,tree,run_v31532978289131,1.0,0.07555685351319487,0.036834083423545654,0.04672196208361774,0.04822382363957574,0.042243728794587196,0.04109634390411086,0.04343483702239732,0.03434996847770357,0.03907393567476162,0.038240867498839676,0.036674310334103274,0.04760235037031198,0.03991178388793321,0.03850961992739343,0.040726314722308435,0.038221956633492336,0.057447193446713084,0.04074733034675459,0.04965107424192242,0.04165096581157837,0.0430605232601225,0.04051824849066284,0.03950192449436913,0.07555685351319487
