,index,age,target_label,session_id,correct_or_not,target_label_prob,airplane_prob,bear_prob,bike_prob,bird_prob,boat_prob,bowl_prob,car_prob,cat_prob,chair_prob,couch_prob,cup_prob,dog_prob,fish_prob,frog_prob,house_prob,key_prob,person_prob,phone_prob,rabbit_prob,scissors_prob,sheep_prob,train_prob,tree_prob
0,6514,3,phone,run_v41538940667434,0.0,0.04091999332872517,0.04765233929344202,0.04124720198498827,0.04095376571036411,0.04902619531050071,0.04532000868161628,0.03839115682969542,0.037612777321906585,0.04092650354687583,0.054598437016704214,0.04135664623204273,0.043980089523773566,0.03959187568186617,0.04139048361813911,0.0391298493368119,0.06665751823503469,0.040010899755266345,0.04206475175422516,0.04091999332872517,0.03669305316929221,0.0475452165376691,0.04189255365935832,0.04365783344224561,0.03938085002945658
