,index,age,target_label,session_id,correct_or_not,target_label_prob,airplane_prob,bear_prob,bike_prob,bird_prob,boat_prob,bowl_prob,car_prob,cat_prob,chair_prob,couch_prob,cup_prob,dog_prob,fish_prob,frog_prob,house_prob,key_prob,person_prob,phone_prob,rabbit_prob,scissors_prob,sheep_prob,train_prob,tree_prob
0,4125,3,cup,run_v31533757367391,0.0,0.05319817521017818,0.04031575583437483,0.03822818660963711,0.04061790413022299,0.04055405327038019,0.044817204943500714,0.05614059738942549,0.057265260116214335,0.039880158990052324,0.042096577459708295,0.050133928140368295,0.05319817521017818,0.04428531274441518,0.04797150881936131,0.0433690049724622,0.0381551106858657,0.044920959479969616,0.04038212414190673,0.04582312977419661,0.03769850754057343,0.03862934291762009,0.04033719330516271,0.04240842906719005,0.032771574457213654
