,index,age,target_label,session_id,correct_or_not,target_label_prob,airplane_prob,bear_prob,bike_prob,bird_prob,boat_prob,bowl_prob,car_prob,cat_prob,chair_prob,couch_prob,cup_prob,dog_prob,fish_prob,frog_prob,house_prob,key_prob,person_prob,phone_prob,rabbit_prob,scissors_prob,sheep_prob,train_prob,tree_prob
0,4688,4,fish,run_v31526673903441,0.0,0.05064880480168766,0.03871952358779025,0.04559696050644139,0.04283400081263795,0.04219171188811331,0.03910165367000071,0.046827245837265906,0.04965730105676095,0.044403519666431544,0.04121345401568236,0.04938659016411677,0.05150055549705402,0.050303010029705636,0.05064880480168766,0.04771591903570482,0.031664359380208985,0.04380376232750211,0.03501278659994152,0.03659307723241166,0.04556644939554636,0.03997300590951227,0.046978336014166955,0.0443966036059497,0.035911368965367126
