,index,age,target_label,session_id,correct_or_not,target_label_prob,airplane_prob,bear_prob,bike_prob,bird_prob,boat_prob,bowl_prob,car_prob,cat_prob,chair_prob,couch_prob,cup_prob,dog_prob,fish_prob,frog_prob,house_prob,key_prob,person_prob,phone_prob,rabbit_prob,scissors_prob,sheep_prob,train_prob,tree_prob
0,4659,3,fish,run_v31535738891937,1.0,0.06485006014363238,0.04452542247345211,0.03725734999610957,0.04724448801040006,0.04813682526118739,0.04381277854895535,0.04177134897523081,0.047189731173560845,0.041026433268799734,0.04392777746495407,0.053113825312170036,0.047695149774097965,0.047061137042034004,0.06485006014363238,0.04198236684804643,0.035078000640074755,0.03961097364837549,0.03936205288718911,0.03616593066756232,0.04011949239924632,0.040334758809746206,0.04253260084698406,0.03844662294918467,0.03875487285900629
