,index,age,target_label,session_id,correct_or_not,target_label_prob,airplane_prob,bear_prob,bike_prob,bird_prob,boat_prob,bowl_prob,car_prob,cat_prob,chair_prob,couch_prob,cup_prob,dog_prob,fish_prob,frog_prob,house_prob,key_prob,person_prob,phone_prob,rabbit_prob,scissors_prob,sheep_prob,train_prob,tree_prob
0,4350,4,dog,run_v31535841492468,0.0,0.04667478077128187,0.04137123661916646,0.037688595573652825,0.04414801132209876,0.04578882008012605,0.038827954389553526,0.038193740504095124,0.044604199994856354,0.04023145356040282,0.03740294303047425,0.03699820603713641,0.03560618102707674,0.04667478077128187,0.05245596147206032,0.05057097366612578,0.03678827495717473,0.07341217142608833,0.04873938221886575,0.04856852390364726,0.03772799710478801,0.04402894497707238,0.04640361776146693,0.03881387734377127,0.03495415225901801
