,index,age,target_label,session_id,correct_or_not,target_label_prob,airplane_prob,bear_prob,bike_prob,bird_prob,boat_prob,bowl_prob,car_prob,cat_prob,chair_prob,couch_prob,cup_prob,dog_prob,fish_prob,frog_prob,house_prob,key_prob,person_prob,phone_prob,rabbit_prob,scissors_prob,sheep_prob,train_prob,tree_prob
0,5268,9,frog,run_v41541182623838,0.0,0.04919006056848914,0.04282126565195945,0.04216846909692898,0.03717903227773494,0.039974514677671824,0.051940088234262376,0.04688159773620614,0.035640230483679425,0.047101998229317474,0.03820683436633334,0.04050527148706352,0.0422754887867627,0.04192193904908447,0.03870985035152695,0.04919006056848914,0.04103841690881806,0.04683914019393442,0.04395219986402834,0.039726941060659965,0.04482607452632773,0.0375312225994362,0.05518603391028784,0.051299863728771974,0.045083466210714976
