,index,age,target_label,session_id,correct_or_not,target_label_prob,airplane_prob,bear_prob,bike_prob,bird_prob,boat_prob,bowl_prob,car_prob,cat_prob,chair_prob,couch_prob,cup_prob,dog_prob,fish_prob,frog_prob,house_prob,key_prob,person_prob,phone_prob,rabbit_prob,scissors_prob,sheep_prob,train_prob,tree_prob
0,2454,5,car,run_v31533578333379,1.0,0.08747052841031867,0.041488191775143936,0.040827883294844644,0.058171860192603515,0.036161748690999654,0.03484998636896962,0.036002344852576404,0.08747052841031867,0.03753913552368042,0.03694035499747062,0.04298954803395861,0.04083702782317034,0.04260220945978709,0.03983602408929933,0.043130949198162946,0.04375811511242261,0.0394570999373248,0.03858126742166597,0.04208512606076401,0.04178157106762144,0.03859617222329537,0.04305736001217528,0.054750444947492295,0.03908505050625253
