,index,age,target_label,session_id,correct_or_not,target_label_prob,airplane_prob,bear_prob,bike_prob,bird_prob,boat_prob,bowl_prob,car_prob,cat_prob,chair_prob,couch_prob,cup_prob,dog_prob,fish_prob,frog_prob,house_prob,key_prob,person_prob,phone_prob,rabbit_prob,scissors_prob,sheep_prob,train_prob,tree_prob
0,7195,8,scissors,run_v41539810430132,1.0,0.06414160305572847,0.03661593913866207,0.04271604640541297,0.03686828986955635,0.03926384100852109,0.036118070173272315,0.04057266279293636,0.03751446861338231,0.03765311549207694,0.042741019986015934,0.03443710569512044,0.05239025472481187,0.046303081558050144,0.04740924150202897,0.0449118796385634,0.03736922684403868,0.04769854821034925,0.04763282689023312,0.043737068380819526,0.04502755505957403,0.06414160305572847,0.04561326287264042,0.04240160797079925,0.05086328411740614
