,index,age,target_label,session_id,correct_or_not,target_label_prob,airplane_prob,bear_prob,bike_prob,bird_prob,boat_prob,bowl_prob,car_prob,cat_prob,chair_prob,couch_prob,cup_prob,dog_prob,fish_prob,frog_prob,house_prob,key_prob,person_prob,phone_prob,rabbit_prob,scissors_prob,sheep_prob,train_prob,tree_prob
0,6386,9,person,run_v31533251095500,0.0,0.052591516809824816,0.04294802684006396,0.0449121770029233,0.039932403556530646,0.05295869077268942,0.043732418938606854,0.040371767911862436,0.0418544535794059,0.04667272654488004,0.03758216377052873,0.04336381476742078,0.03721183326012076,0.04746640372700377,0.04101921069114456,0.04823760301434882,0.039438320570288524,0.038974746179974755,0.052591516809824816,0.036425424240870585,0.041231801035973716,0.041533433622797655,0.05368108042233151,0.042618655075855265,0.045241327664553
