,index,age,target_label,session_id,correct_or_not,target_label_prob,airplane_prob,bear_prob,bike_prob,bird_prob,boat_prob,bowl_prob,car_prob,cat_prob,chair_prob,couch_prob,cup_prob,dog_prob,fish_prob,frog_prob,house_prob,key_prob,person_prob,phone_prob,rabbit_prob,scissors_prob,sheep_prob,train_prob,tree_prob
0,1831,4,boat,run_v31533916799721,0.0,0.05710105421489965,0.04458552627214298,0.039794353270219074,0.04857170489924842,0.04410153723293186,0.05710105421489965,0.07125176529280329,0.04026999189918535,0.038746600486126784,0.034234877697068636,0.042615945286267796,0.05001372206880079,0.04023147696221904,0.05476730442100905,0.03482005681996743,0.03563348662075705,0.04307702828576067,0.03624831759399176,0.04179273313783819,0.038029401418099906,0.04602376377321762,0.040090189745593474,0.03982509086169083,0.03817407174016013
