,index,age,target_label,session_id,correct_or_not,target_label_prob,airplane_prob,bear_prob,bike_prob,bird_prob,boat_prob,bowl_prob,car_prob,cat_prob,chair_prob,couch_prob,cup_prob,dog_prob,fish_prob,frog_prob,house_prob,key_prob,person_prob,phone_prob,rabbit_prob,scissors_prob,sheep_prob,train_prob,tree_prob
0,6045,6,key,run_v41536525611330,0.0,0.03926928877022169,0.047087434108622275,0.0393774341845415,0.04029432300284589,0.03941136047310415,0.04657434170813536,0.0365894582714893,0.0374219496378338,0.03734964661761583,0.06863992171743886,0.047370682098758464,0.0435261378584759,0.03725846254777428,0.030779408677786353,0.03925706747240592,0.06637704006869881,0.03926928877022169,0.0390846711786398,0.05314842095651532,0.039054346671592494,0.03230661432624356,0.041033495664036974,0.04465352183490493,0.05413497215231841
