,index,age,target_label,session_id,correct_or_not,target_label_prob,airplane_prob,bear_prob,bike_prob,bird_prob,boat_prob,bowl_prob,car_prob,cat_prob,chair_prob,couch_prob,cup_prob,dog_prob,fish_prob,frog_prob,house_prob,key_prob,person_prob,phone_prob,rabbit_prob,scissors_prob,sheep_prob,train_prob,tree_prob
0,7539,10,scissors,run_v41541187472978,0.0,0.051740654907761745,0.036547587629792794,0.04742694433153166,0.04151860734466087,0.048311094756973115,0.04244256284015054,0.044904330668202985,0.04545022473419745,0.047197098020226806,0.0389653958880308,0.032711192155692737,0.03451395665259072,0.03936003405631376,0.04802724228054234,0.04203447249667569,0.04062446345851125,0.053427909487863495,0.04572195876827606,0.042020104467993556,0.05039186868849389,0.051740654907761745,0.037076558808624906,0.043271583149076476,0.04631415440781634
