,index,age,target_label,session_id,correct_or_not,target_label_prob,airplane_prob,bear_prob,bike_prob,bird_prob,boat_prob,bowl_prob,car_prob,cat_prob,chair_prob,couch_prob,cup_prob,dog_prob,fish_prob,frog_prob,house_prob,key_prob,person_prob,phone_prob,rabbit_prob,scissors_prob,sheep_prob,train_prob,tree_prob
0,6021,3,key,run_v41541803076160,1.0,0.055577122724528444,0.04025700414996119,0.04049537835672642,0.045551466756913635,0.038319877541140836,0.045481834002595554,0.04153634053821612,0.04570226563329598,0.03967946063733702,0.04123360943428404,0.04172822567145049,0.04488650315122395,0.038745475750058246,0.03842865600857759,0.042401844523145854,0.04084548685468323,0.055577122724528444,0.036121606915894944,0.044852831591256276,0.04557110488815316,0.05139366464216113,0.04377474340775664,0.04701060955134731,0.05040488726929192
