,index,age,target_label,session_id,correct_or_not,target_label_prob,airplane_prob,bear_prob,bike_prob,bird_prob,boat_prob,bowl_prob,car_prob,cat_prob,chair_prob,couch_prob,cup_prob,dog_prob,fish_prob,frog_prob,house_prob,key_prob,person_prob,phone_prob,rabbit_prob,scissors_prob,sheep_prob,train_prob,tree_prob
0,5055,4,frog,run_v41541195291014,0.0,0.0418647233599908,0.044178932375969183,0.04032059182533198,0.039499326800825754,0.04310400595152751,0.04587156498724946,0.036885951131974744,0.05194672320408267,0.039633480210205435,0.04303275187799374,0.044191957514681524,0.044065723028695596,0.0400148221761697,0.043569891986214665,0.0418647233599908,0.03834318635100974,0.044224169233556036,0.040608342014044514,0.04151774827157073,0.046319956728720864,0.042717146977142344,0.04172648041328602,0.05217345802668182,0.05418906555307528
