,index,age,target_label,session_id,correct_or_not,target_label_prob,airplane_prob,bear_prob,bike_prob,bird_prob,boat_prob,bowl_prob,car_prob,cat_prob,chair_prob,couch_prob,cup_prob,dog_prob,fish_prob,frog_prob,house_prob,key_prob,person_prob,phone_prob,rabbit_prob,scissors_prob,sheep_prob,train_prob,tree_prob
0,4759,2,fish,run_v31526680185143,0.0,0.03624132017551951,0.04656313719028831,0.053831852470950466,0.0473427696409997,0.041868308720291056,0.04453471257081543,0.04011731417459543,0.04427943643486296,0.046284244201202265,0.0395005686377301,0.033925722354553225,0.03585359844371855,0.04394662277668761,0.03624132017551951,0.04380247964893247,0.04070061534535861,0.038703943373455146,0.04521974349604205,0.03857854565171278,0.05187536859922437,0.04635385242161597,0.044076346844697425,0.04412601375984796,0.05227348306689864
