,index,age,target_label,session_id,correct_or_not,target_label_prob,airplane_prob,bear_prob,bike_prob,bird_prob,boat_prob,bowl_prob,car_prob,cat_prob,chair_prob,couch_prob,cup_prob,dog_prob,fish_prob,frog_prob,house_prob,key_prob,person_prob,phone_prob,rabbit_prob,scissors_prob,sheep_prob,train_prob,tree_prob
0,7351,5,scissors,run_v41542054080714,1.0,0.07798290835375432,0.04255558674845343,0.04224258924694616,0.03567333100734986,0.042597064457640874,0.03741762450860675,0.04279801923894795,0.03849906718243929,0.04852573437759915,0.04838362338107717,0.039660061143635454,0.04945700615758371,0.03809486273295349,0.04473027722148715,0.038191214669421554,0.04140018809567795,0.04774562951111027,0.03501595551380048,0.04692415383409894,0.04399142235926983,0.07798290835375432,0.03659782888801754,0.0462101246445417,0.035305726725587114
