,index,age,target_label,session_id,correct_or_not,target_label_prob,airplane_prob,bear_prob,bike_prob,bird_prob,boat_prob,bowl_prob,car_prob,cat_prob,chair_prob,couch_prob,cup_prob,dog_prob,fish_prob,frog_prob,house_prob,key_prob,person_prob,phone_prob,rabbit_prob,scissors_prob,sheep_prob,train_prob,tree_prob
0,1980,6,bowl,run_v31530559902290,1.0,0.11352147963491419,0.040323911465280464,0.04509705903562466,0.03381239960011702,0.037700066722339005,0.07503124737845293,0.11352147963491419,0.029591212699128133,0.041969987781538695,0.043883110626988325,0.041142704356866254,0.023283886821139042,0.03388245523861706,0.04601180363327358,0.04295574212899788,0.030366009510974807,0.035535522833240824,0.04691687223148322,0.030170168449446047,0.04105376813020148,0.04176994883114436,0.03834410803943225,0.043158017993089416,0.04447851685771027
