,index,age,target_label,session_id,correct_or_not,target_label_prob,airplane_prob,bear_prob,bike_prob,bird_prob,boat_prob,bowl_prob,car_prob,cat_prob,chair_prob,couch_prob,cup_prob,dog_prob,fish_prob,frog_prob,house_prob,key_prob,person_prob,phone_prob,rabbit_prob,scissors_prob,sheep_prob,train_prob,tree_prob
0,8681,2,tree,run_v31525990258467,1.0,0.0681287248038296,0.03161043985538305,0.04741577870186729,0.03777483434295975,0.03780257002002381,0.037242458741198185,0.0420033685265416,0.0436404333996971,0.041669947562855456,0.03485380469773508,0.04792967370276547,0.04037109732700557,0.0377936039128835,0.035984226931219616,0.042145880052416984,0.06051184108745843,0.0398330722635346,0.03974334588966276,0.05253522807329723,0.04693357328695202,0.04384201106290953,0.04140252264983186,0.04883156310797125,0.0681287248038296
