,index,age,target_label,session_id,correct_or_not,target_label_prob,airplane_prob,bear_prob,bike_prob,bird_prob,boat_prob,bowl_prob,car_prob,cat_prob,chair_prob,couch_prob,cup_prob,dog_prob,fish_prob,frog_prob,house_prob,key_prob,person_prob,phone_prob,rabbit_prob,scissors_prob,sheep_prob,train_prob,tree_prob
0,2301,2,car,run_v31536016527217,0.0,0.05063316633352906,0.047573622051605785,0.03562655960137453,0.040182317479046235,0.044849936177907716,0.041658050088344535,0.03570263437793067,0.05063316633352906,0.0395785096478296,0.03879388979038045,0.04522380141523837,0.04114632517900043,0.04419138174268311,0.049853149670680864,0.042214621458145564,0.03404883926390241,0.04137197524788963,0.05874920483281424,0.04535880284565212,0.04169631336042313,0.040882960165678446,0.04201286946773852,0.04911517320590917,0.04953589659629533
