,index,age,target_label,session_id,correct_or_not,target_label_prob,airplane_prob,bear_prob,bike_prob,bird_prob,boat_prob,bowl_prob,car_prob,cat_prob,chair_prob,couch_prob,cup_prob,dog_prob,fish_prob,frog_prob,house_prob,key_prob,person_prob,phone_prob,rabbit_prob,scissors_prob,sheep_prob,train_prob,tree_prob
0,6062,2,person,run_v31535133984389,0.0,0.04749201755770438,0.04033143063181869,0.041724401604867914,0.03920814670475861,0.04657023726588243,0.04381560774535782,0.048500200859408246,0.04796145303928898,0.039530978754120906,0.04359686172639505,0.04389912262655799,0.04472303216601656,0.04362109976037228,0.04650003360254534,0.04804720949616925,0.03879967765018435,0.04196621665379965,0.04749201755770438,0.04252390950364108,0.036593815278636324,0.0433455400555829,0.0419747411182543,0.0453622433148255,0.04391202288381154
