,index,age,target_label,session_id,correct_or_not,target_label_prob,airplane_prob,bear_prob,bike_prob,bird_prob,boat_prob,bowl_prob,car_prob,cat_prob,chair_prob,couch_prob,cup_prob,dog_prob,fish_prob,frog_prob,house_prob,key_prob,person_prob,phone_prob,rabbit_prob,scissors_prob,sheep_prob,train_prob,tree_prob
0,7824,4,sheep,run_v41540077997401,0.0,0.04503558028765952,0.03539358005643806,0.05225207326319035,0.04251497775247981,0.04635669469491056,0.040891953941538356,0.03463528155005938,0.04781698851000818,0.04518982031284079,0.0362146223634669,0.04164013211715726,0.043124516428351745,0.04898232825442314,0.046266791147832255,0.04639792884113674,0.03892358375526788,0.04471300047734608,0.044365602706958863,0.05255320273990581,0.04417648756454551,0.029999907535551134,0.04503558028765952,0.04592733019331196,0.04662761550561991
