,index,age,target_label,session_id,correct_or_not,target_label_prob,airplane_prob,bear_prob,bike_prob,bird_prob,boat_prob,bowl_prob,car_prob,cat_prob,chair_prob,couch_prob,cup_prob,dog_prob,fish_prob,frog_prob,house_prob,key_prob,person_prob,phone_prob,rabbit_prob,scissors_prob,sheep_prob,train_prob,tree_prob
0,1383,4,bird,run_v31530480400108,0.0,0.050374912207617764,0.04940232898722719,0.06054385423188036,0.05552442419415289,0.050374912207617764,0.03883073238316869,0.037731960023145154,0.043738667399701336,0.05373422557446629,0.034558024571285255,0.036088338745315605,0.04065260753069772,0.051212876567317565,0.05142938174056738,0.04934395469160897,0.03165899324251765,0.037280050042659885,0.0410923916659222,0.028068927146135285,0.06129425146437868,0.04027021321785791,0.04133185018392069,0.03756293764636149,0.028274096542093886
