,index,age,target_label,session_id,correct_or_not,target_label_prob,airplane_prob,bear_prob,bike_prob,bird_prob,boat_prob,bowl_prob,car_prob,cat_prob,chair_prob,couch_prob,cup_prob,dog_prob,fish_prob,frog_prob,house_prob,key_prob,person_prob,phone_prob,rabbit_prob,scissors_prob,sheep_prob,train_prob,tree_prob
0,3813,4,cup,run_v31527895799232,0.0,0.044866011110967524,0.047569156040169425,0.04531060639928314,0.044443840964588734,0.044465199475391806,0.050020596398356904,0.0355898244497621,0.040574095796525746,0.04017261530450946,0.04673769756568088,0.03640198555536511,0.044866011110967524,0.037562705381596645,0.03524543687093453,0.04270779306376953,0.03488530018249609,0.05681220169520336,0.042111796882630885,0.04636103816490393,0.04909306578538778,0.04147005979606002,0.0387968990083535,0.04157230085451986,0.057229773253542955
