,index,age,target_label,session_id,correct_or_not,target_label_prob,airplane_prob,bear_prob,bike_prob,bird_prob,boat_prob,bowl_prob,car_prob,cat_prob,chair_prob,couch_prob,cup_prob,dog_prob,fish_prob,frog_prob,house_prob,key_prob,person_prob,phone_prob,rabbit_prob,scissors_prob,sheep_prob,train_prob,tree_prob
0,6076,3,person,run_v31533769481903,0.0,0.05742122810194561,0.035567311778466795,0.038429544032850566,0.06969373191204757,0.04088980973130086,0.038405377866429356,0.04677605537261265,0.044854569385006315,0.042826790472186994,0.04046054121137452,0.03789138377815943,0.041078467459340774,0.037227497896354454,0.040801597529574324,0.04387524364675099,0.038504473369417015,0.05112626614329297,0.05742122810194561,0.03643779722566343,0.043859979180028145,0.05793618055192983,0.033789691923516586,0.041478514220647876,0.04066794721110314
