,index,age,target_label,session_id,correct_or_not,target_label_prob,airplane_prob,bear_prob,bike_prob,bird_prob,boat_prob,bowl_prob,car_prob,cat_prob,chair_prob,couch_prob,cup_prob,dog_prob,fish_prob,frog_prob,house_prob,key_prob,person_prob,phone_prob,rabbit_prob,scissors_prob,sheep_prob,train_prob,tree_prob
0,771,4,bike,run_v31529518268893,1.0,0.0576167760758728,0.0460885578487262,0.0444675681272624,0.0576167760758728,0.04286672117570953,0.04277339591281039,0.03648290066743572,0.04913176392956452,0.04049533142309849,0.04084151499215234,0.03785694518081319,0.03937584028719171,0.03853753823307628,0.04788239071969228,0.040122634179788785,0.04581641907109101,0.042575997207400816,0.0389827177158638,0.04349964619573311,0.055883506131064166,0.0364264915238779,0.03776977084497289,0.04516463566831525,0.04934093688848629
