,index,age,target_label,session_id,correct_or_not,target_label_prob,airplane_prob,bear_prob,bike_prob,bird_prob,boat_prob,bowl_prob,car_prob,cat_prob,chair_prob,couch_prob,cup_prob,dog_prob,fish_prob,frog_prob,house_prob,key_prob,person_prob,phone_prob,rabbit_prob,scissors_prob,sheep_prob,train_prob,tree_prob
0,7656,2,sheep,run_v41540493567302,0.0,0.05663494194097512,0.03746197720507491,0.04356620173511012,0.04229217797014969,0.035867386514642614,0.047291620001343994,0.03999896555427978,0.04516914611044406,0.042352434237016866,0.03534669327879627,0.04330878104170652,0.037780354407535494,0.04204897630105885,0.032982907487349916,0.044226152817535565,0.045678137733388066,0.04281352014087253,0.0426156487334644,0.03900428285251124,0.05689656002797832,0.05429688699830953,0.05663494194097512,0.046251140322195954,0.04611510658826026
