,index,age,target_label,session_id,correct_or_not,target_label_prob,airplane_prob,bear_prob,bike_prob,bird_prob,boat_prob,bowl_prob,car_prob,cat_prob,chair_prob,couch_prob,cup_prob,dog_prob,fish_prob,frog_prob,house_prob,key_prob,person_prob,phone_prob,rabbit_prob,scissors_prob,sheep_prob,train_prob,tree_prob
0,7653,2,sheep,run_v41540323866144,0.0,0.04305662318645814,0.03912335432027156,0.043387162983217036,0.04080183064886853,0.04986866100195993,0.026832635475397843,0.03509380737655374,0.06184967807602622,0.04468268805164113,0.04575751948612598,0.046481769398872004,0.03617586619549922,0.047404924115273264,0.04670139868983967,0.044869612927811615,0.055503165589173294,0.038421968940448706,0.03799999672661126,0.035565772611915826,0.053483000776787075,0.04026705719883076,0.04305662318645814,0.04177163365016032,0.044899872572256846
