,index,age,target_label,session_id,correct_or_not,target_label_prob,airplane_prob,bear_prob,bike_prob,bird_prob,boat_prob,bowl_prob,car_prob,cat_prob,chair_prob,couch_prob,cup_prob,dog_prob,fish_prob,frog_prob,house_prob,key_prob,person_prob,phone_prob,rabbit_prob,scissors_prob,sheep_prob,train_prob,tree_prob
0,3000,4,cat,run_v41541534066681,0.0,0.04615859641143947,0.04712657303022579,0.049064754344791635,0.04198606002975885,0.04260506165455909,0.03913295268673965,0.050876659520350274,0.04686004970680739,0.04615859641143947,0.042731890953859125,0.04048362443526335,0.04334414353787447,0.044421970231775555,0.04947504850597612,0.045331229071269075,0.03952244281122573,0.043963210867282464,0.034664249092522005,0.03294550035715863,0.046421856198477315,0.042510276534701845,0.046190643765786965,0.045001639038876544,0.03918156721327873
