,index,age,target_label,session_id,correct_or_not,target_label_prob,airplane_prob,bear_prob,bike_prob,bird_prob,boat_prob,bowl_prob,car_prob,cat_prob,chair_prob,couch_prob,cup_prob,dog_prob,fish_prob,frog_prob,house_prob,key_prob,person_prob,phone_prob,rabbit_prob,scissors_prob,sheep_prob,train_prob,tree_prob
0,7153,9,rabbit,run_v31528839599186,1.0,0.06678200676606172,0.0516816741331052,0.04688837327241582,0.04382903146446938,0.042541057479049946,0.04232599083593496,0.03442551537219112,0.04186253959621312,0.04561803046522673,0.039776571244321324,0.03805347267207101,0.03149811042623126,0.038789865939581045,0.03835674059577726,0.0400568293076833,0.036637253568252516,0.052823156918995154,0.04051890194160378,0.04848018851646184,0.06678200676606172,0.05087273976815657,0.03841249627123463,0.045290085166134704,0.044479368278827675
