,index,age,target_label,session_id,correct_or_not,target_label_prob,airplane_prob,bear_prob,bike_prob,bird_prob,boat_prob,bowl_prob,car_prob,cat_prob,chair_prob,couch_prob,cup_prob,dog_prob,fish_prob,frog_prob,house_prob,key_prob,person_prob,phone_prob,rabbit_prob,scissors_prob,sheep_prob,train_prob,tree_prob
0,3812,2,cup,run_v31533408664187,0.0,0.04029031408166074,0.04488697407923793,0.05428606271085186,0.03209960890342711,0.04583673605223615,0.0426879012218504,0.03889282666372307,0.02806917333557482,0.0547707712814632,0.04292720622077357,0.03978193174229426,0.04029031408166074,0.04822571333001223,0.04288885638880426,0.04032756515083453,0.04059732459725811,0.034066098857990924,0.04638863278736609,0.03554156972724676,0.05474555428708584,0.04805548996231664,0.0560153899081189,0.03841746903573361,0.05020082967413899
