,index,age,target_label,session_id,correct_or_not,target_label_prob,airplane_prob,bear_prob,bike_prob,bird_prob,boat_prob,bowl_prob,car_prob,cat_prob,chair_prob,couch_prob,cup_prob,dog_prob,fish_prob,frog_prob,house_prob,key_prob,person_prob,phone_prob,rabbit_prob,scissors_prob,sheep_prob,train_prob,tree_prob
0,5065,4,frog,run_v41541634954309,0.0,0.05336014970702369,0.03711669177360459,0.04445013203512643,0.03727611236190885,0.048088190368301205,0.04113417886454773,0.03674333020875859,0.04182833675081065,0.04921219737495921,0.03536755481908267,0.04523447217434832,0.04005350968085345,0.04969292867142205,0.04150492146167045,0.05336014970702369,0.03336292332563063,0.054265023038339126,0.04214283741308782,0.03847471286380325,0.04119587721560557,0.04229571685914818,0.05460497646202621,0.049062995975385895,0.043532230594555306
