,index,age,target_label,session_id,correct_or_not,target_label_prob,airplane_prob,bear_prob,bike_prob,bird_prob,boat_prob,bowl_prob,car_prob,cat_prob,chair_prob,couch_prob,cup_prob,dog_prob,fish_prob,frog_prob,house_prob,key_prob,person_prob,phone_prob,rabbit_prob,scissors_prob,sheep_prob,train_prob,tree_prob
0,4606,6,fish,run_v31535225488118,0.0,0.048918227022614336,0.04339743018756929,0.037779389667921597,0.044544565630322885,0.04311492120061431,0.044401862421196106,0.05508642222897942,0.057285025273588926,0.04076685812755802,0.038080386214253255,0.039408526562856115,0.04098900479759924,0.0457703490685083,0.048918227022614336,0.044159055643711864,0.03667961212363178,0.051002649698844604,0.040692502721724345,0.03822877543886262,0.04080302303390455,0.05397180117046478,0.03719284436864439,0.04349576858825868,0.03423099880837052
