,index,age,target_label,session_id,correct_or_not,target_label_prob,airplane_prob,bear_prob,bike_prob,bird_prob,boat_prob,bowl_prob,car_prob,cat_prob,chair_prob,couch_prob,cup_prob,dog_prob,fish_prob,frog_prob,house_prob,key_prob,person_prob,phone_prob,rabbit_prob,scissors_prob,sheep_prob,train_prob,tree_prob
0,2632,5,car,run_v31534719241030,1.0,0.05806317205966126,0.03612395947372709,0.0419303821049336,0.05437530462071103,0.036651651646002904,0.0407303150698867,0.04893995280254976,0.05806317205966126,0.036213391257861216,0.041494570382422234,0.038303725719804727,0.0482004167443825,0.0433471761518498,0.040334745859335205,0.04389091081873074,0.043291818729815634,0.0489849687722524,0.038491765142928985,0.05042028439561579,0.041937095368787376,0.03548371732923639,0.04199907168195577,0.051578908250964534,0.039212695616584255
