,index,age,target_label,session_id,correct_or_not,target_label_prob,airplane_prob,bear_prob,bike_prob,bird_prob,boat_prob,bowl_prob,car_prob,cat_prob,chair_prob,couch_prob,cup_prob,dog_prob,fish_prob,frog_prob,house_prob,key_prob,person_prob,phone_prob,rabbit_prob,scissors_prob,sheep_prob,train_prob,tree_prob
0,5766,4,key,run_v41541182991485,1.0,0.054634327914848846,0.04626201321922659,0.043610452219474044,0.03626812765921867,0.0475951472686326,0.04711945388188801,0.04509982083811673,0.03282003635763786,0.04142281698199288,0.04281010154663989,0.03594527605676417,0.04459614731264687,0.04023076458831003,0.044443705048995474,0.04718596673591562,0.03920428956577752,0.054634327914848846,0.04587208746879412,0.0452491120394205,0.04657544527600442,0.041127961054595256,0.04284183075430958,0.03892866873707974,0.050156447473710675
