,index,age,target_label,session_id,correct_or_not,target_label_prob,airplane_prob,bear_prob,bike_prob,bird_prob,boat_prob,bowl_prob,car_prob,cat_prob,chair_prob,couch_prob,cup_prob,dog_prob,fish_prob,frog_prob,house_prob,key_prob,person_prob,phone_prob,rabbit_prob,scissors_prob,sheep_prob,train_prob,tree_prob
0,7680,2,sheep,run_v41541709421834,0.0,0.058776237054520834,0.03559878461966425,0.05168866320451197,0.056168233094494854,0.047206279268330646,0.042554835501015666,0.03139928478913604,0.040672307737236436,0.04933530779946837,0.031500583935600124,0.04629809648143316,0.040583709554422726,0.04670655160287425,0.040267823030835925,0.036505786780090546,0.0343947280773976,0.0488925557632387,0.032983905576092716,0.04813974265002788,0.044886719958365226,0.06049111289156234,0.058776237054520834,0.04003031740624827,0.03491843322343145
