,index,age,target_label,session_id,correct_or_not,target_label_prob,airplane_prob,bear_prob,bike_prob,bird_prob,boat_prob,bowl_prob,car_prob,cat_prob,chair_prob,couch_prob,cup_prob,dog_prob,fish_prob,frog_prob,house_prob,key_prob,person_prob,phone_prob,rabbit_prob,scissors_prob,sheep_prob,train_prob,tree_prob
0,4668,5,fish,run_v31535318407670,0.0,0.0382472751316577,0.04506353660949179,0.042796707568711984,0.04956520719652911,0.04930661017124652,0.04225883533848006,0.03690774330437167,0.048801682661064216,0.048659904353718364,0.03735789172997285,0.038549560996561,0.03995344905412069,0.047291370157343825,0.0382472751316577,0.04449795826244896,0.042639036746267865,0.043788727012471204,0.04193843309421243,0.036874385459066655,0.04805726473489058,0.047433321154019305,0.04549748214128318,0.04082500936647703,0.043688607755592974
