,index,age,target_label,session_id,correct_or_not,target_label_prob,airplane_prob,bear_prob,bike_prob,bird_prob,boat_prob,bowl_prob,car_prob,cat_prob,chair_prob,couch_prob,cup_prob,dog_prob,fish_prob,frog_prob,house_prob,key_prob,person_prob,phone_prob,rabbit_prob,scissors_prob,sheep_prob,train_prob,tree_prob
0,8583,8,tree,run_v31533080542007,0.0,0.05991427300431531,0.04036183556329706,0.06330880836293264,0.037042945047384,0.04188295301589007,0.036716574425727184,0.040754834993114754,0.03833203653983392,0.04079610739251657,0.03927626082574194,0.03633430777839251,0.04604680271111723,0.04001894124093579,0.04015914989201401,0.046704577149567876,0.03798192019168954,0.05781107281965311,0.049654645590202266,0.04358351422546465,0.036939921688815554,0.04638538004760648,0.041855195165657756,0.038137942328130024,0.05991427300431531
