,index,age,target_label,session_id,correct_or_not,target_label_prob,airplane_prob,bear_prob,bike_prob,bird_prob,boat_prob,bowl_prob,car_prob,cat_prob,chair_prob,couch_prob,cup_prob,dog_prob,fish_prob,frog_prob,house_prob,key_prob,person_prob,phone_prob,rabbit_prob,scissors_prob,sheep_prob,train_prob,tree_prob
0,4016,3,cup,run_v31534104683781,1.0,0.06175872524435172,0.03777515126699887,0.038579975571380445,0.042508667816874506,0.043808418037624364,0.03775983720201674,0.042578870195827324,0.043662567840649195,0.0399216502401426,0.043843898947056106,0.05058587814435386,0.06175872524435172,0.04023921347753882,0.037276828726902994,0.04067111849852121,0.032899328782178695,0.052213539705867985,0.034764497309903206,0.05214765092511624,0.03982102484165582,0.03903662741291591,0.04400714875197708,0.048874637525553176,0.05526474353459334
