,index,age,target_label,session_id,correct_or_not,target_label_prob,airplane_prob,bear_prob,bike_prob,bird_prob,boat_prob,bowl_prob,car_prob,cat_prob,chair_prob,couch_prob,cup_prob,dog_prob,fish_prob,frog_prob,house_prob,key_prob,person_prob,phone_prob,rabbit_prob,scissors_prob,sheep_prob,train_prob,tree_prob
0,1608,8,boat,run_v31534104042262,1.0,0.07951407531603377,0.050042556534093265,0.03630490824503014,0.04337978608959008,0.03875006629196464,0.07951407531603377,0.03875801628434132,0.04620688572807942,0.04397881034078683,0.033186605163735866,0.03766601611154178,0.03784057923827714,0.037156069711354545,0.03709217351948692,0.036349304878759106,0.05480326671624695,0.0481050824856836,0.04726528335731689,0.043107509878755335,0.04474791544792036,0.04264801388201366,0.03632901500392147,0.04674695032619535,0.040021109448871474
