,index,age,target_label,session_id,correct_or_not,target_label_prob,airplane_prob,bear_prob,bike_prob,bird_prob,boat_prob,bowl_prob,car_prob,cat_prob,chair_prob,couch_prob,cup_prob,dog_prob,fish_prob,frog_prob,house_prob,key_prob,person_prob,phone_prob,rabbit_prob,scissors_prob,sheep_prob,train_prob,tree_prob
0,4646,4,fish,run_v31534371519519,1.0,0.07040112604032668,0.04555755018972231,0.035105967908825454,0.04044600499772239,0.04380650912202815,0.0428371865589831,0.04484841347675798,0.04704486706484418,0.038693927010805304,0.035718505022112185,0.05595924491082735,0.054440906135334144,0.04518217626147588,0.07040112604032668,0.03985143425704895,0.037102964646449965,0.04537214226704494,0.040037802150830706,0.03851850928667701,0.036984255363642964,0.0447880555865545,0.03579943711393116,0.040463158963991774,0.04103985566406279
