,index,age,target_label,session_id,correct_or_not,target_label_prob,airplane_prob,bear_prob,bike_prob,bird_prob,boat_prob,bowl_prob,car_prob,cat_prob,chair_prob,couch_prob,cup_prob,dog_prob,fish_prob,frog_prob,house_prob,key_prob,person_prob,phone_prob,rabbit_prob,scissors_prob,sheep_prob,train_prob,tree_prob
0,8671,3,tree,run_v31525904067360,0.0,0.039032545446784236,0.037607533128484076,0.04225495186654373,0.041160085335337215,0.04473782149573011,0.04144048623264318,0.047225909056228824,0.043665591379388254,0.04145743475899448,0.051765355781034667,0.06072457287660566,0.03435495261810527,0.04238368251715414,0.03985268725564208,0.040677439708342436,0.06762419914348444,0.042245381970950624,0.03847276563756875,0.039845147238991734,0.03788532115002754,0.04090569722996803,0.04270902322627353,0.041971414945716816,0.039032545446784236
