,index,age,target_label,session_id,correct_or_not,target_label_prob,airplane_prob,bear_prob,bike_prob,bird_prob,boat_prob,bowl_prob,car_prob,cat_prob,chair_prob,couch_prob,cup_prob,dog_prob,fish_prob,frog_prob,house_prob,key_prob,person_prob,phone_prob,rabbit_prob,scissors_prob,sheep_prob,train_prob,tree_prob
0,773,3,bike,run_v31529015399141,0.0,0.04410863054961438,0.045524454955098166,0.0484727839561418,0.04410863054961438,0.052592329508058686,0.0446445981352445,0.03706616780244975,0.04386781570973944,0.04494703751255848,0.045490670930308424,0.037819957388394845,0.042095265451499685,0.03986616762371593,0.03985877093697072,0.044011795940035014,0.03417699391974146,0.05368917801492336,0.062373259004217085,0.03193848569067648,0.0504323904655175,0.04444501863146032,0.03198760910390073,0.044740212034351454,0.03585040673538182
