,index,age,target_label,session_id,correct_or_not,target_label_prob,airplane_prob,bear_prob,bike_prob,bird_prob,boat_prob,bowl_prob,car_prob,cat_prob,chair_prob,couch_prob,cup_prob,dog_prob,fish_prob,frog_prob,house_prob,key_prob,person_prob,phone_prob,rabbit_prob,scissors_prob,sheep_prob,train_prob,tree_prob
0,5792,6,key,run_v41541621494644,0.0,0.05398384810551734,0.04323826211677033,0.04189622906686488,0.043990319680488575,0.04954665970257284,0.04391136940442009,0.04530122927929367,0.043856253840252477,0.03744534129373249,0.038231857217614185,0.03898672083071337,0.04325444105335254,0.04053748464628547,0.04080999195498104,0.04428276983113696,0.04194069400572323,0.05398384810551734,0.043087175343668585,0.04152839272744044,0.045047172570116076,0.04441108345224179,0.03632052567892774,0.041465326956039605,0.056926851241846016
