,index,age,target_label,session_id,correct_or_not,target_label_prob,airplane_prob,bear_prob,bike_prob,bird_prob,boat_prob,bowl_prob,car_prob,cat_prob,chair_prob,couch_prob,cup_prob,dog_prob,fish_prob,frog_prob,house_prob,key_prob,person_prob,phone_prob,rabbit_prob,scissors_prob,sheep_prob,train_prob,tree_prob
0,7595,3,sheep,run_v41540071870507,1.0,0.05537906070974413,0.03526424150565237,0.04880734244016621,0.04566909519534919,0.047384874759515035,0.03927148128224772,0.033634483211226925,0.05033627618778727,0.04936928992323476,0.042194012510069316,0.04213213970580423,0.0393930963135721,0.053255617218741926,0.05035776358305113,0.046220513768292816,0.0390684488267116,0.04455358791028848,0.03625470383406577,0.03666400156690171,0.04452804682030764,0.03605531692482951,0.05537906070974413,0.045904899015560933,0.03830170678687934
