,index,age,target_label,session_id,correct_or_not,target_label_prob,airplane_prob,bear_prob,bike_prob,bird_prob,boat_prob,bowl_prob,car_prob,cat_prob,chair_prob,couch_prob,cup_prob,dog_prob,fish_prob,frog_prob,house_prob,key_prob,person_prob,phone_prob,rabbit_prob,scissors_prob,sheep_prob,train_prob,tree_prob
0,1660,6,boat,run_v31532982235550,1.0,0.06413161375423321,0.05094704465880015,0.038512057197811214,0.044153049376418965,0.038563776965807664,0.06413161375423321,0.056713600258601976,0.04076116707257163,0.03644845438214791,0.03537653627400762,0.03926837323592819,0.057697083610600004,0.03394648377669864,0.05555098930427313,0.033901745302521415,0.046340704555895486,0.04290671193423683,0.03585286908645132,0.043929654080271385,0.037133656410243146,0.04341164142222279,0.03589870710306343,0.0503801364534126,0.038173943783781424
