,index,age,target_label,session_id,correct_or_not,target_label_prob,airplane_prob,bear_prob,bike_prob,bird_prob,boat_prob,bowl_prob,car_prob,cat_prob,chair_prob,couch_prob,cup_prob,dog_prob,fish_prob,frog_prob,house_prob,key_prob,person_prob,phone_prob,rabbit_prob,scissors_prob,sheep_prob,train_prob,tree_prob
0,7174,6,rabbit,run_v31531848222253,0.0,0.05433982044713866,0.05707962780984956,0.04858483373735079,0.03702845825932933,0.042865288039407,0.03566975494195446,0.03900642821282455,0.037891925454115266,0.06104659324933716,0.03715389984773703,0.03684414404998374,0.04110961336870304,0.050267128153316055,0.05889255321836646,0.052678439172416894,0.03227329731179457,0.03432922745072456,0.04173169534410162,0.04474481753601151,0.05433982044713866,0.04177072626883227,0.04451707188565893,0.03582759865270266,0.03434705758834395
