,index,age,target_label,session_id,correct_or_not,target_label_prob,airplane_prob,bear_prob,bike_prob,bird_prob,boat_prob,bowl_prob,car_prob,cat_prob,chair_prob,couch_prob,cup_prob,dog_prob,fish_prob,frog_prob,house_prob,key_prob,person_prob,phone_prob,rabbit_prob,scissors_prob,sheep_prob,train_prob,tree_prob
0,4277,5,dog,run_v31534269898831,0.0,0.03839943939766529,0.041525365108820746,0.043057592559585335,0.036842881364797166,0.036994865023111945,0.04463397376762304,0.04303245646820104,0.04143283625885436,0.03760342903516156,0.048561892382101596,0.04058726304077411,0.043076164811289716,0.03839943939766529,0.04389387259308239,0.0446025929334348,0.0402710953863456,0.04912838154280083,0.0635955445928639,0.040160136209016185,0.03684308031165796,0.048945310408167124,0.03984868940536392,0.043064922573888074,0.0538982148253933
