,index,age,target_label,session_id,correct_or_not,target_label_prob,airplane_prob,bear_prob,bike_prob,bird_prob,boat_prob,bowl_prob,car_prob,cat_prob,chair_prob,couch_prob,cup_prob,dog_prob,fish_prob,frog_prob,house_prob,key_prob,person_prob,phone_prob,rabbit_prob,scissors_prob,sheep_prob,train_prob,tree_prob
0,781,9,bike,run_v31530651505372,0.0,0.04387774622324218,0.040649881540166265,0.044525060230637584,0.04387774622324218,0.04207850529760743,0.046488152073648176,0.05760009988291297,0.034189776668270895,0.045754238517348805,0.036805696175961085,0.03924608501911383,0.044493612278245664,0.03779000903036653,0.06796778977880616,0.046554770912858354,0.035722589511280226,0.04514517398323707,0.039878825812075254,0.05471475744432862,0.047464395397745676,0.04085955750729441,0.03724800095921237,0.0340549157291007,0.03689036002653979
