,index,age,target_label,session_id,correct_or_not,target_label_prob,airplane_prob,bear_prob,bike_prob,bird_prob,boat_prob,bowl_prob,car_prob,cat_prob,chair_prob,couch_prob,cup_prob,dog_prob,fish_prob,frog_prob,house_prob,key_prob,person_prob,phone_prob,rabbit_prob,scissors_prob,sheep_prob,train_prob,tree_prob
0,493,2,bear,run_v41540577083754,0.0,0.03964299388618157,0.03686115496950321,0.03964299388618157,0.034804727853963435,0.0380810743729949,0.052798158416399066,0.0584222458700003,0.03811432521545493,0.044308868347659465,0.03447872635824209,0.040208322372329436,0.04707370430175586,0.040832486773469734,0.04198990999774551,0.040406814140103685,0.034062092533870665,0.04882798965372758,0.039097133719551494,0.046819034464197516,0.045752892460421586,0.07071029839232089,0.04212835420549704,0.04201772610055557,0.0425609655940544
