,index,age,target_label,session_id,correct_or_not,target_label_prob,airplane_prob,bear_prob,bike_prob,bird_prob,boat_prob,bowl_prob,car_prob,cat_prob,chair_prob,couch_prob,cup_prob,dog_prob,fish_prob,frog_prob,house_prob,key_prob,person_prob,phone_prob,rabbit_prob,scissors_prob,sheep_prob,train_prob,tree_prob
0,6849,5,rabbit,run_v31530383662987,0.0,0.040394707788485126,0.03839766879961315,0.037551994864243175,0.041005102992002614,0.04060860413115827,0.05374571581757768,0.07044586446707125,0.048875259832574895,0.03653513789646212,0.04089013507917912,0.039647732353239915,0.05571612279015566,0.041184621428286744,0.04313626180299599,0.03721376821868753,0.038669043534392586,0.03872186587272741,0.038183371096705644,0.039150913677774124,0.040394707788485126,0.04074467163803776,0.044945316181325655,0.0464867282454283,0.04774939149187528
