,index,age,target_label,session_id,correct_or_not,target_label_prob,airplane_prob,bear_prob,bike_prob,bird_prob,boat_prob,bowl_prob,car_prob,cat_prob,chair_prob,couch_prob,cup_prob,dog_prob,fish_prob,frog_prob,house_prob,key_prob,person_prob,phone_prob,rabbit_prob,scissors_prob,sheep_prob,train_prob,tree_prob
0,2484,8,car,run_v31532469229565,1.0,0.08515329263930566,0.04193477855491209,0.03608512000395583,0.03760229499796811,0.04654799073579364,0.039306477235688746,0.03646461286361627,0.08515329263930566,0.03804645600023686,0.03631959240148538,0.05573264057639104,0.038007927517669876,0.044481582819304546,0.04871545328767695,0.03791547562332235,0.04563438901165332,0.06002665575762224,0.040362178457332136,0.03673771447958518,0.04055541385796045,0.041160427557707976,0.035272801455772815,0.039385881602776646,0.038550842562262204
