,index,age,target_label,session_id,correct_or_not,target_label_prob,airplane_prob,bear_prob,bike_prob,bird_prob,boat_prob,bowl_prob,car_prob,cat_prob,chair_prob,couch_prob,cup_prob,dog_prob,fish_prob,frog_prob,house_prob,key_prob,person_prob,phone_prob,rabbit_prob,scissors_prob,sheep_prob,train_prob,tree_prob
0,4100,3,cup,run_v31532550096967,0.0,0.04161203781369148,0.0402869879821706,0.03914277449279867,0.037516609454890215,0.046773327180939545,0.039325317755502215,0.03896836727292369,0.038539464853591394,0.04620937535264258,0.03520357365689828,0.038307207032045106,0.04161203781369148,0.044692892799596914,0.04949498581884121,0.0541208087680247,0.039263620109783244,0.08546573245017358,0.042874119300499405,0.035488351899887104,0.04086921968086204,0.051422221199847504,0.04103171803992991,0.03349220842643983,0.03989907865802095
