,index,age,target_label,session_id,correct_or_not,target_label_prob,airplane_prob,bear_prob,bike_prob,bird_prob,boat_prob,bowl_prob,car_prob,cat_prob,chair_prob,couch_prob,cup_prob,dog_prob,fish_prob,frog_prob,house_prob,key_prob,person_prob,phone_prob,rabbit_prob,scissors_prob,sheep_prob,train_prob,tree_prob
0,13,6,airplane,run_v31532113255816,0.0,0.04541966438416257,0.04541966438416257,0.036884264074360094,0.04207798723871714,0.04069035574543067,0.04288969794808314,0.03593126888390033,0.06133868829356973,0.048911479041755024,0.034410104626977425,0.040306399211753094,0.03393714723373254,0.049621346396456316,0.05984650608289137,0.04403693808185923,0.03424182140394277,0.04887125481416894,0.033909288218730724,0.0387813637523614,0.03892721471041601,0.04611126863974201,0.04921551443919164,0.058041986682416266,0.035598440095381344
