,index,age,target_label,session_id,correct_or_not,target_label_prob,airplane_prob,bear_prob,bike_prob,bird_prob,boat_prob,bowl_prob,car_prob,cat_prob,chair_prob,couch_prob,cup_prob,dog_prob,fish_prob,frog_prob,house_prob,key_prob,person_prob,phone_prob,rabbit_prob,scissors_prob,sheep_prob,train_prob,tree_prob
0,8544,3,tree,run_v31536096434754,0.0,0.05013048155809672,0.0534377110492739,0.038720174504114496,0.037807122825994285,0.043734475022619755,0.052924512982586096,0.05177128954989527,0.04008574675468218,0.03693083781629139,0.04427255035984597,0.04379109807473257,0.055398681624597705,0.03935771376929485,0.04126857241000703,0.041889237918586564,0.04159269624836906,0.038113974878593526,0.039839073197887744,0.039166050178714544,0.041799177236036204,0.03903110461545819,0.043108165625176935,0.045829551799145,0.05013048155809672
