,index,age,target_label,session_id,correct_or_not,target_label_prob,airplane_prob,bear_prob,bike_prob,bird_prob,boat_prob,bowl_prob,car_prob,cat_prob,chair_prob,couch_prob,cup_prob,dog_prob,fish_prob,frog_prob,house_prob,key_prob,person_prob,phone_prob,rabbit_prob,scissors_prob,sheep_prob,train_prob,tree_prob
0,2302,2,car,run_v31533502835331,0.0,0.033934085230107575,0.04438516934111597,0.04216570584863187,0.046620669383970983,0.03900752645647815,0.04329106452769412,0.03914251340560791,0.033934085230107575,0.03859477431174494,0.09678392276877229,0.032779723241532804,0.04113038314287073,0.04460237249530723,0.034852523642574844,0.04096459509004378,0.049828499361726286,0.037449556571157464,0.047943027104811194,0.0423615394369389,0.043182618177526944,0.03607572876753841,0.04319099882813103,0.034482944907787035,0.04723005795792961
