,index,age,target_label,session_id,correct_or_not,target_label_prob,airplane_prob,bear_prob,bike_prob,bird_prob,boat_prob,bowl_prob,car_prob,cat_prob,chair_prob,couch_prob,cup_prob,dog_prob,fish_prob,frog_prob,house_prob,key_prob,person_prob,phone_prob,rabbit_prob,scissors_prob,sheep_prob,train_prob,tree_prob
0,2214,7,bowl,run_v31531344318041,0.0,0.05276088187619726,0.03963710882325361,0.04557222878616922,0.04537797357749648,0.044190155729921084,0.042594615115621445,0.05276088187619726,0.03956593189648019,0.04404987113510874,0.03140166793787693,0.052709521164051205,0.041965892321195894,0.043656859973043576,0.04095585162558836,0.04506076822650322,0.04067645641947222,0.039176383984112925,0.044222875710501,0.05286080542959069,0.0442837112431541,0.04650917804910936,0.04273648448141968,0.04071559720873644,0.039319179285396355
