,index,age,target_label,session_id,correct_or_not,target_label_prob,airplane_prob,bear_prob,bike_prob,bird_prob,boat_prob,bowl_prob,car_prob,cat_prob,chair_prob,couch_prob,cup_prob,dog_prob,fish_prob,frog_prob,house_prob,key_prob,person_prob,phone_prob,rabbit_prob,scissors_prob,sheep_prob,train_prob,tree_prob
0,4091,3,cup,run_v31536096434754,0.0,0.04608876812606524,0.05531160587454503,0.04387424625581653,0.03990607150512597,0.04283112392691102,0.041120209473750925,0.041015089941356546,0.04138755065228755,0.037796575099070015,0.04597706907457417,0.041386385380037215,0.04608876812606524,0.040969836182145315,0.03939791539257127,0.04389830064145333,0.03556902668962868,0.0498962409964301,0.04333738752559233,0.040574816999667744,0.047752521315266604,0.05635088433343959,0.041899059003588306,0.03651815975025753,0.04714115586041903
