,index,age,target_label,session_id,correct_or_not,target_label_prob,airplane_prob,bear_prob,bike_prob,bird_prob,boat_prob,bowl_prob,car_prob,cat_prob,chair_prob,couch_prob,cup_prob,dog_prob,fish_prob,frog_prob,house_prob,key_prob,person_prob,phone_prob,rabbit_prob,scissors_prob,sheep_prob,train_prob,tree_prob
0,4433,4,dog,run_v31533075663881,0.0,0.04252109613529566,0.04319482931773009,0.041610436209931045,0.05083426370307932,0.04558221739557908,0.04207978346932859,0.04795948041271341,0.0411054992538927,0.03885799346707645,0.041360925298568725,0.03665829553750308,0.04613722081162761,0.04252109613529566,0.04522818440853235,0.043412833048977174,0.03865967679157699,0.05296498646025746,0.039117862819091465,0.045966704199897325,0.03957704588794596,0.047401021366418786,0.038215272760003124,0.04105110092385246,0.050503270321120994
