,index,age,target_label,session_id,correct_or_not,target_label_prob,airplane_prob,bear_prob,bike_prob,bird_prob,boat_prob,bowl_prob,car_prob,cat_prob,chair_prob,couch_prob,cup_prob,dog_prob,fish_prob,frog_prob,house_prob,key_prob,person_prob,phone_prob,rabbit_prob,scissors_prob,sheep_prob,train_prob,tree_prob
0,2792,3,cat,run_v41539802976560,0.0,0.038954952969841646,0.0683451247137275,0.03705540514509259,0.05102086806595125,0.046417802775546586,0.0457059430002082,0.03549157856719056,0.04742678383668673,0.038954952969841646,0.034528728233281875,0.037574301587537405,0.04320769421632971,0.04387788911891274,0.052666200878186624,0.038206979575671034,0.04299030292326003,0.04443869168930216,0.05213923296989883,0.032258203067991764,0.03865123501182501,0.04776260773699236,0.04196020848752495,0.04109702953494387,0.038222235894096526
