,index,age,target_label,session_id,correct_or_not,target_label_prob,airplane_prob,bear_prob,bike_prob,bird_prob,boat_prob,bowl_prob,car_prob,cat_prob,chair_prob,couch_prob,cup_prob,dog_prob,fish_prob,frog_prob,house_prob,key_prob,person_prob,phone_prob,rabbit_prob,scissors_prob,sheep_prob,train_prob,tree_prob
0,2931,6,cat,run_v41542057378964,0.0,0.04285689896568174,0.042385553970593806,0.04879929437234609,0.036878979681910944,0.04909700343971977,0.03441968065638468,0.03725607510602683,0.039632065939457506,0.04285689896568174,0.05180158961870307,0.044177822552619025,0.04610834334868669,0.04423210237652915,0.04341071282065615,0.04125695885475564,0.03531327904862707,0.04225993698714535,0.06779012577433075,0.04021844644263723,0.03446922163980153,0.04157518657181253,0.03948316194092166,0.040896607449661664,0.0556809524409908
