,index,age,target_label,session_id,correct_or_not,target_label_prob,airplane_prob,bear_prob,bike_prob,bird_prob,boat_prob,bowl_prob,car_prob,cat_prob,chair_prob,couch_prob,cup_prob,dog_prob,fish_prob,frog_prob,house_prob,key_prob,person_prob,phone_prob,rabbit_prob,scissors_prob,sheep_prob,train_prob,tree_prob
0,553,6,bear,run_v41541892178571,0.0,0.0560229335193218,0.035682668138855324,0.0560229335193218,0.04020802796531735,0.042989589389227395,0.047174765574510905,0.04644314185563089,0.041254236444723785,0.040179843097000775,0.03711942966907059,0.03996013408274281,0.042448290736923036,0.04228576144799815,0.05629822150156344,0.06023351645398305,0.03582852176421026,0.03957760976749229,0.03324699353782225,0.050871754398370404,0.03845877300698402,0.03482532584585144,0.04376809041791896,0.048358321450808185,0.04676404993367285
