,index,age,target_label,session_id,correct_or_not,target_label_prob,airplane_prob,bear_prob,bike_prob,bird_prob,boat_prob,bowl_prob,car_prob,cat_prob,chair_prob,couch_prob,cup_prob,dog_prob,fish_prob,frog_prob,house_prob,key_prob,person_prob,phone_prob,rabbit_prob,scissors_prob,sheep_prob,train_prob,tree_prob
0,2702,8,cat,run_v41541970057187,0.0,0.03833806851525981,0.043380451890696024,0.041155554946230674,0.044944075553783006,0.042012479213916216,0.04649432147949973,0.04399258001456474,0.04732886846948377,0.03833806851525981,0.034837596243896485,0.03978020471455341,0.03908971396745568,0.04517843709205896,0.04801018860174722,0.04416875711804285,0.04003498896023197,0.043920644715414583,0.04510000127104666,0.04407047021818992,0.03210626901172611,0.04336282370323915,0.04793081789761241,0.0580259618876852,0.04673672451366543
