,index,age,target_label,session_id,correct_or_not,target_label_prob,airplane_prob,bear_prob,bike_prob,bird_prob,boat_prob,bowl_prob,car_prob,cat_prob,chair_prob,couch_prob,cup_prob,dog_prob,fish_prob,frog_prob,house_prob,key_prob,person_prob,phone_prob,rabbit_prob,scissors_prob,sheep_prob,train_prob,tree_prob
0,8295,3,train,run_v41541881316296,0.0,0.04552057832734864,0.037619612837731804,0.03537158761173776,0.04561062646253194,0.03942704704831273,0.03214852064336155,0.04254294947326501,0.04277659439675654,0.04242927550560722,0.045390277108007714,0.03940675258293047,0.04008832591908445,0.04259870828055453,0.035193177130148884,0.03876860448062674,0.030884686927588258,0.06910968304845913,0.034713506574441735,0.05552593712839166,0.047149158711366025,0.06403636687266115,0.04239547274874474,0.04552057832734864,0.051292550180341304
