,index,age,target_label,session_id,correct_or_not,target_label_prob,airplane_prob,bear_prob,bike_prob,bird_prob,boat_prob,bowl_prob,car_prob,cat_prob,chair_prob,couch_prob,cup_prob,dog_prob,fish_prob,frog_prob,house_prob,key_prob,person_prob,phone_prob,rabbit_prob,scissors_prob,sheep_prob,train_prob,tree_prob
0,8033,9,train,run_v41539554299326,0.0,0.043899329533394794,0.031323381853660716,0.04425485618553522,0.06278227874920103,0.03895916273158181,0.03963405435787686,0.04905943804077447,0.05565912814384324,0.03867885452882704,0.04185927881792685,0.03346661780442371,0.05350130448253069,0.03500723545944198,0.04169928421156015,0.04659014946892712,0.03410974612550645,0.037579198820488394,0.04722217234169084,0.042606900481594254,0.03748474605195569,0.039898811197114116,0.061458260827358384,0.043899329533394794,0.0432658097847862
