,index,age,target_label,session_id,correct_or_not,target_label_prob,airplane_prob,bear_prob,bike_prob,bird_prob,boat_prob,bowl_prob,car_prob,cat_prob,chair_prob,couch_prob,cup_prob,dog_prob,fish_prob,frog_prob,house_prob,key_prob,person_prob,phone_prob,rabbit_prob,scissors_prob,sheep_prob,train_prob,tree_prob
0,3495,7,couch,run_v31530818736526,0.0,0.051035607263667584,0.0408421633623757,0.03963531682538167,0.035559992039204145,0.04042803497435295,0.04274894291596649,0.05525865312771156,0.039824441773312784,0.047271317461408946,0.05241260588866129,0.051035607263667584,0.04673550920698047,0.048687304692772944,0.04256524109459688,0.046988539818057264,0.05048786234451173,0.0382456763719208,0.04764658645777526,0.03434777630478828,0.04006466012642733,0.039702766328749764,0.04539049860931741,0.034653112572437944,0.03946739043962108
