,index,age,target_label,session_id,correct_or_not,target_label_prob,airplane_prob,bear_prob,bike_prob,bird_prob,boat_prob,bowl_prob,car_prob,cat_prob,chair_prob,couch_prob,cup_prob,dog_prob,fish_prob,frog_prob,house_prob,key_prob,person_prob,phone_prob,rabbit_prob,scissors_prob,sheep_prob,train_prob,tree_prob
0,5232,7,frog,run_v41541877471753,0.0,0.05263989379752932,0.039836724690960834,0.041300528163658666,0.04019282374166032,0.04430361719430513,0.03520003047330816,0.04260530622917514,0.04625945548178774,0.04243869263646781,0.04101985683361835,0.04121664517439825,0.05242598153644676,0.045061755447525186,0.0499932061694395,0.05263989379752932,0.039421100922496656,0.0678386423499558,0.035554822979310924,0.04800598428034977,0.0379367858230253,0.040432972621855724,0.040965918739086525,0.04160038234120123,0.03374887237243719
