,index,age,target_label,session_id,correct_or_not,target_label_prob,airplane_prob,bear_prob,bike_prob,bird_prob,boat_prob,bowl_prob,car_prob,cat_prob,chair_prob,couch_prob,cup_prob,dog_prob,fish_prob,frog_prob,house_prob,key_prob,person_prob,phone_prob,rabbit_prob,scissors_prob,sheep_prob,train_prob,tree_prob
0,2887,6,cat,run_v41542068776189,0.0,0.04788407802209422,0.046466752479453984,0.03859407018000666,0.040546516436679655,0.041438471529534,0.05416836316506505,0.037962037246293726,0.039674761554022504,0.04788407802209422,0.04209547792925932,0.04243226227655819,0.03823844011284968,0.039815448234895565,0.04244759659432129,0.04201096827574143,0.04988930937684932,0.04205095220255512,0.04029251448884743,0.045003805687263504,0.0537758045320772,0.04471194665415344,0.040131060797968125,0.04892771574404368,0.04144164647946695
