,index,age,target_label,session_id,correct_or_not,target_label_prob,airplane_prob,bear_prob,bike_prob,bird_prob,boat_prob,bowl_prob,car_prob,cat_prob,chair_prob,couch_prob,cup_prob,dog_prob,fish_prob,frog_prob,house_prob,key_prob,person_prob,phone_prob,rabbit_prob,scissors_prob,sheep_prob,train_prob,tree_prob
0,5361,4,house,run_v31532547735203,1.0,0.09557152120281179,0.04302472070406011,0.034487577841147164,0.03817315293343859,0.03459435094131221,0.04565646921265056,0.04899263309005089,0.03605176535442858,0.036761268554517126,0.05405073784605769,0.04214302126260776,0.031214644778315023,0.04028703408871876,0.03512968292914484,0.03954887936247336,0.09557152120281179,0.0364553887535705,0.056326948441326484,0.040178877202288896,0.03900903848094784,0.033524976906091665,0.04443106062059987,0.04659492499417654,0.04779132449926366
