,index,age,target_label,session_id,correct_or_not,target_label_prob,airplane_prob,bear_prob,bike_prob,bird_prob,boat_prob,bowl_prob,car_prob,cat_prob,chair_prob,couch_prob,cup_prob,dog_prob,fish_prob,frog_prob,house_prob,key_prob,person_prob,phone_prob,rabbit_prob,scissors_prob,sheep_prob,train_prob,tree_prob
0,4533,5,dog,run_v31534618697014,0.0,0.04652315323228198,0.03966439660419716,0.05211195070752258,0.06043228158796922,0.04626867461507949,0.03983817283017926,0.03995797027255234,0.04793181834394954,0.04319911751917679,0.04086473709333892,0.03819271328609053,0.036762624761738666,0.04652315323228198,0.04290853765245114,0.05169764826812281,0.04076406995297981,0.03632086187349814,0.04835394221298827,0.03248889112466176,0.05241859777190726,0.036264303922725304,0.046119674750961855,0.04269972466043715,0.03821613695519004
