,index,age,target_label,session_id,correct_or_not,target_label_prob,airplane_prob,bear_prob,bike_prob,bird_prob,boat_prob,bowl_prob,car_prob,cat_prob,chair_prob,couch_prob,cup_prob,dog_prob,fish_prob,frog_prob,house_prob,key_prob,person_prob,phone_prob,rabbit_prob,scissors_prob,sheep_prob,train_prob,tree_prob
0,1417,7,bird,run_v31528919459689,1.0,0.05268854456359336,0.04235479214362975,0.04247325255543246,0.0479120656115343,0.05268854456359336,0.043613752113873985,0.0302594088332448,0.04980320246678683,0.04859008961936568,0.030193566548907553,0.04329135932041265,0.035461177504692104,0.04589509139348162,0.05268773185776263,0.04343088863326214,0.050274336914077206,0.04551990603019081,0.045900410534318085,0.035070849637895876,0.04826991894595916,0.04503065198536184,0.04707677774278558,0.038570795567705644,0.035631429475726076
