,index,age,target_label,session_id,correct_or_not,target_label_prob,airplane_prob,bear_prob,bike_prob,bird_prob,boat_prob,bowl_prob,car_prob,cat_prob,chair_prob,couch_prob,cup_prob,dog_prob,fish_prob,frog_prob,house_prob,key_prob,person_prob,phone_prob,rabbit_prob,scissors_prob,sheep_prob,train_prob,tree_prob
0,4279,2,dog,run_v31535055752386,0.0,0.038910245770573317,0.05299912943816415,0.05103487576154457,0.03709432730691985,0.03687704102362956,0.039331735237344505,0.05717337339694036,0.03023152985788103,0.0383036158940377,0.03518496926602957,0.042888424998123766,0.046573089319463114,0.038910245770573317,0.040196772755607506,0.04065567747119412,0.050281410813284494,0.032057561451260826,0.034996753336403195,0.040362160117196504,0.058106827689951755,0.05681680373213777,0.047029460748526423,0.04454322277145066,0.04835099184233518
