,index,age,target_label,session_id,correct_or_not,target_label_prob,airplane_prob,bear_prob,bike_prob,bird_prob,boat_prob,bowl_prob,car_prob,cat_prob,chair_prob,couch_prob,cup_prob,dog_prob,fish_prob,frog_prob,house_prob,key_prob,person_prob,phone_prob,rabbit_prob,scissors_prob,sheep_prob,train_prob,tree_prob
0,1719,8,boat,run_v31535830420056,1.0,0.07674390788384149,0.05471222059006934,0.03960180968057023,0.0522115023383696,0.04188293781524366,0.07674390788384149,0.05426343107909866,0.03670938091694447,0.04265409926603598,0.042857896560733355,0.04100882225115646,0.047125933404498284,0.04286611181065692,0.04973141439905272,0.03813829265658104,0.044752308633998775,0.033889618066590056,0.03628403306059156,0.034506751289672934,0.03652574051722161,0.04286981316593073,0.03591361258637217,0.0405072920841376,0.03424306994263248
