,index,age,target_label,session_id,correct_or_not,target_label_prob,airplane_prob,bear_prob,bike_prob,bird_prob,boat_prob,bowl_prob,car_prob,cat_prob,chair_prob,couch_prob,cup_prob,dog_prob,fish_prob,frog_prob,house_prob,key_prob,person_prob,phone_prob,rabbit_prob,scissors_prob,sheep_prob,train_prob,tree_prob
0,1695,3,boat,run_v31536096434754,0.0,0.04751209583403649,0.044197332966882226,0.04405289466985597,0.034707021994454176,0.04486241142705547,0.04751209583403649,0.06383903607360894,0.039487591855133876,0.04312717602647816,0.04404574979919781,0.043777879758617175,0.052110203718954556,0.04405184624357509,0.045690842110973934,0.04663921673642057,0.03491695818121302,0.04289768207100126,0.03492226932526648,0.04552582953945715,0.03655482967175976,0.03599552179856325,0.04950428440304211,0.042383623470646066,0.03919770232380658
