,index,age,target_label,session_id,correct_or_not,target_label_prob,airplane_prob,bear_prob,bike_prob,bird_prob,boat_prob,bowl_prob,car_prob,cat_prob,chair_prob,couch_prob,cup_prob,dog_prob,fish_prob,frog_prob,house_prob,key_prob,person_prob,phone_prob,rabbit_prob,scissors_prob,sheep_prob,train_prob,tree_prob
0,319,6,airplane,run_v31528501199314,0.0,0.06464923501624507,0.06464923501624507,0.04085831671150791,0.04235011782242775,0.04604452766149127,0.06712785636855224,0.033470303169773966,0.036728140513170554,0.0463433004430799,0.04807379882238691,0.04803304847427642,0.03570847314421904,0.04025618301336713,0.04189075196136703,0.042227110528292235,0.053797505747592324,0.03707395655278121,0.04149870292205697,0.029343411425936793,0.04118972608733977,0.037933737501851895,0.04033510534720559,0.03939627740172617,0.04567041336335174
