,index,age,target_label,session_id,correct_or_not,target_label_prob,airplane_prob,bear_prob,bike_prob,bird_prob,boat_prob,bowl_prob,car_prob,cat_prob,chair_prob,couch_prob,cup_prob,dog_prob,fish_prob,frog_prob,house_prob,key_prob,person_prob,phone_prob,rabbit_prob,scissors_prob,sheep_prob,train_prob,tree_prob
0,8451,7,tree,run_v31535146271976,1.0,0.06683775204819037,0.03256001877092277,0.04071711165255944,0.0366580610658139,0.039441546690392695,0.036721137207069154,0.04446212422780234,0.04106211892026702,0.037966965104336975,0.05902583404285843,0.055541553837903636,0.046328966978369523,0.04432298418851119,0.034310050119106816,0.03680475933311066,0.0514955184428909,0.041107992527241684,0.0404396938825612,0.05076678912424934,0.037031382167636975,0.033398821525281716,0.04808880060068938,0.04491001754223375,0.06683775204819037
