,index,age,target_label,session_id,correct_or_not,target_label_prob,airplane_prob,bear_prob,bike_prob,bird_prob,boat_prob,bowl_prob,car_prob,cat_prob,chair_prob,couch_prob,cup_prob,dog_prob,fish_prob,frog_prob,house_prob,key_prob,person_prob,phone_prob,rabbit_prob,scissors_prob,sheep_prob,train_prob,tree_prob
0,6452,4,phone,run_v31530730132348,1.0,0.07045998480294824,0.04235408044131609,0.041900838017242294,0.04159663409825452,0.03464535794688598,0.04079512882855549,0.04054769725614605,0.04310892262887395,0.0453347740091852,0.04508263278781707,0.04092304760165247,0.04557213995331333,0.03828487748575232,0.03788754163212865,0.040057508471108755,0.051071801873722074,0.04737091808459472,0.04365845660595521,0.07045998480294824,0.04340106869102366,0.04044784982501717,0.03502185989354606,0.04677278953989266,0.04370408952506806
