,index,age,target_label,session_id,correct_or_not,target_label_prob,airplane_prob,bear_prob,bike_prob,bird_prob,boat_prob,bowl_prob,car_prob,cat_prob,chair_prob,couch_prob,cup_prob,dog_prob,fish_prob,frog_prob,house_prob,key_prob,person_prob,phone_prob,rabbit_prob,scissors_prob,sheep_prob,train_prob,tree_prob
0,6239,6,person,run_v31526580838432,0.0,0.043410003308429215,0.04291535423482084,0.04829602068010622,0.059348247925987196,0.043045450890164864,0.04341978584213268,0.04172139259534851,0.051910894014428444,0.04474579757973961,0.041330523053591486,0.0397716880798686,0.04253785418141572,0.040453151317913945,0.04359301807760502,0.05269695726625638,0.03622801769033974,0.035584360273576136,0.043410003308429215,0.0367714361863877,0.045375937360672386,0.03973195156535918,0.04660450057068746,0.04594490827565895,0.03456274902950962
