,index,age,target_label,session_id,correct_or_not,target_label_prob,airplane_prob,bear_prob,bike_prob,bird_prob,boat_prob,bowl_prob,car_prob,cat_prob,chair_prob,couch_prob,cup_prob,dog_prob,fish_prob,frog_prob,house_prob,key_prob,person_prob,phone_prob,rabbit_prob,scissors_prob,sheep_prob,train_prob,tree_prob
0,7719,3,sheep,run_v41539117499957,0.0,0.06159582908990761,0.042762316631307626,0.061134917155596116,0.030839882941651145,0.0426039324894186,0.032408310953259974,0.0349405899565055,0.0737273824538005,0.047056336193400314,0.0427541964715951,0.0362850287144882,0.04160397626004185,0.046365191830017055,0.03934448643272834,0.056512002053285715,0.03115794153180888,0.031818084603829774,0.04010482743317408,0.03400204089544253,0.04799022755233843,0.03575888197384665,0.06159582908990761,0.040842768071827795,0.048390848310728186
