,index,age,target_label,session_id,correct_or_not,target_label_prob,airplane_prob,bear_prob,bike_prob,bird_prob,boat_prob,bowl_prob,car_prob,cat_prob,chair_prob,couch_prob,cup_prob,dog_prob,fish_prob,frog_prob,house_prob,key_prob,person_prob,phone_prob,rabbit_prob,scissors_prob,sheep_prob,train_prob,tree_prob
0,5534,5,house,run_v31533414083894,1.0,0.06361601787328827,0.03982105364024603,0.04335049847856224,0.03825858757465007,0.03973496848576622,0.0508131619952466,0.043037893373089095,0.03759222779917768,0.03831354798987931,0.054470474340079206,0.03989742465729323,0.04280637440623633,0.04168947826183622,0.041606487892284966,0.04139047562551548,0.06361601787328827,0.039233871171277086,0.04319441794264928,0.05615311620787841,0.0421372508614691,0.03723434610030242,0.04234740689068876,0.04029412092573269,0.043006797506851505
