,index,age,target_label,session_id,correct_or_not,target_label_prob,airplane_prob,bear_prob,bike_prob,bird_prob,boat_prob,bowl_prob,car_prob,cat_prob,chair_prob,couch_prob,cup_prob,dog_prob,fish_prob,frog_prob,house_prob,key_prob,person_prob,phone_prob,rabbit_prob,scissors_prob,sheep_prob,train_prob,tree_prob
0,3085,3,chair,run_v31527963107380,1.0,0.06373052436326176,0.04240511889278124,0.03816459889938808,0.04015654788921103,0.044518099187590275,0.0442361681035205,0.037627406291512115,0.0429115260666524,0.039332771231429434,0.06373052436326176,0.03246006045625553,0.040607515304787165,0.03687278005168466,0.03779067592707202,0.036823894825117734,0.058130754641218224,0.04183297120401569,0.03533354045989913,0.05613434859764809,0.04659762881240328,0.056048041630073125,0.0409742051179166,0.05088465298422879,0.036426169062333216
