,index,age,target_label,session_id,correct_or_not,target_label_prob,airplane_prob,bear_prob,bike_prob,bird_prob,boat_prob,bowl_prob,car_prob,cat_prob,chair_prob,couch_prob,cup_prob,dog_prob,fish_prob,frog_prob,house_prob,key_prob,person_prob,phone_prob,rabbit_prob,scissors_prob,sheep_prob,train_prob,tree_prob
0,7621,3,sheep,run_v41541192715495,0.0,0.043432866648392826,0.04886904712288281,0.039082845666508284,0.0425241166118534,0.040024878166343106,0.040864407230846264,0.036515410629243183,0.04155249318223145,0.036398204940827315,0.041687621262758885,0.050445327724351424,0.04685576722394731,0.038686918963532685,0.04373703362435576,0.03730677984238199,0.07045625829461438,0.03533916659855123,0.03662071426560397,0.05710697870664835,0.041561647192320215,0.04593154267882855,0.043432866648392826,0.04253445506643236,0.04246551835654419
