,index,age,target_label,session_id,correct_or_not,target_label_prob,airplane_prob,bear_prob,bike_prob,bird_prob,boat_prob,bowl_prob,car_prob,cat_prob,chair_prob,couch_prob,cup_prob,dog_prob,fish_prob,frog_prob,house_prob,key_prob,person_prob,phone_prob,rabbit_prob,scissors_prob,sheep_prob,train_prob,tree_prob
0,4362,10,dog,run_v31533151972028,0.0,0.043245989162681214,0.04069304577770389,0.049772661762158735,0.05621220890746312,0.04850555205922012,0.040366616929530016,0.03829967887113044,0.044449303137717444,0.0432383623887486,0.036996002165201734,0.03808651114340816,0.0396996737085837,0.043245989162681214,0.03341425424089984,0.04347573539389601,0.04235622734202443,0.04380638994610369,0.05420966350280281,0.038965226742055846,0.04800064168260742,0.036198054140775704,0.03831115644786475,0.04709290177740991,0.054604142770012264
