,index,age,target_label,session_id,correct_or_not,target_label_prob,airplane_prob,bear_prob,bike_prob,bird_prob,boat_prob,bowl_prob,car_prob,cat_prob,chair_prob,couch_prob,cup_prob,dog_prob,fish_prob,frog_prob,house_prob,key_prob,person_prob,phone_prob,rabbit_prob,scissors_prob,sheep_prob,train_prob,tree_prob
0,1456,9,bird,run_v31528835999112,1.0,0.05484328614700367,0.03865844512937943,0.04975922243197655,0.043289732200378885,0.05484328614700367,0.04470404293279811,0.03973531134603828,0.04243776641404552,0.0387429552973661,0.035790643779268765,0.03812934032423587,0.04243263427242828,0.04157450231836568,0.04875297008698869,0.047197995777576544,0.03743516203059498,0.04443432859690195,0.05150616558343282,0.03426196707973466,0.046216838997473926,0.05108204204067255,0.03822748887178261,0.03976551332782192,0.051021645013734254
