,index,age,target_label,session_id,correct_or_not,target_label_prob,airplane_prob,bear_prob,bike_prob,bird_prob,boat_prob,bowl_prob,car_prob,cat_prob,chair_prob,couch_prob,cup_prob,dog_prob,fish_prob,frog_prob,house_prob,key_prob,person_prob,phone_prob,rabbit_prob,scissors_prob,sheep_prob,train_prob,tree_prob
0,1017,7,bike,run_v31528838399095,1.0,0.10725882012091313,0.03790171480188956,0.03135767945671239,0.10725882012091313,0.03891661363963037,0.041378301000221725,0.03842650848852997,0.05856239992229776,0.04355968939738145,0.036804754160518365,0.0397633090739475,0.03904634158894301,0.03592750657572878,0.040401645026184256,0.03414667496447616,0.03808787786412916,0.04325532166700557,0.03734655166424982,0.03991513202464099,0.0485587296415391,0.04354479465313729,0.03587881953838653,0.05531161871048921,0.03464919601904803
