,index,age,target_label,session_id,correct_or_not,target_label_prob,airplane_prob,bear_prob,bike_prob,bird_prob,boat_prob,bowl_prob,car_prob,cat_prob,chair_prob,couch_prob,cup_prob,dog_prob,fish_prob,frog_prob,house_prob,key_prob,person_prob,phone_prob,rabbit_prob,scissors_prob,sheep_prob,train_prob,tree_prob
0,6592,8,phone,run_v31528743888718,1.0,0.05981417164848958,0.036184877198454646,0.04924578876328398,0.031260057568920724,0.03684807289692705,0.039823281604588714,0.03624052790883674,0.04590198815643562,0.04441563537496229,0.037456891645300756,0.04263982842562211,0.037814619561160334,0.041749295037039925,0.045679272859319664,0.051371235302056756,0.04255890931910946,0.048517605664381604,0.048360711290670405,0.05981417164848958,0.04110979338110287,0.04967281528473902,0.040962448635018286,0.04857644072106936,0.04379573175251013
