,index,age,target_label,session_id,correct_or_not,target_label_prob,airplane_prob,bear_prob,bike_prob,bird_prob,boat_prob,bowl_prob,car_prob,cat_prob,chair_prob,couch_prob,cup_prob,dog_prob,fish_prob,frog_prob,house_prob,key_prob,person_prob,phone_prob,rabbit_prob,scissors_prob,sheep_prob,train_prob,tree_prob
0,7872,6,sheep,run_v41541970551892,1.0,0.06604108614128343,0.039624169137339287,0.0505117444172624,0.03843898040574381,0.041080433720269434,0.03623982891024153,0.04001120984865465,0.035750660917390056,0.04906090646636288,0.039578308920843984,0.0404299952935287,0.035515430836432,0.049838730986713535,0.03479367195927381,0.046554663646576885,0.04202435377155511,0.03378704366781622,0.05173018703486757,0.03771552757268787,0.05170681113742036,0.0423001102268976,0.06604108614128343,0.04121640396507603,0.05604974101576273
