,index,age,target_label,session_id,correct_or_not,target_label_prob,airplane_prob,bear_prob,bike_prob,bird_prob,boat_prob,bowl_prob,car_prob,cat_prob,chair_prob,couch_prob,cup_prob,dog_prob,fish_prob,frog_prob,house_prob,key_prob,person_prob,phone_prob,rabbit_prob,scissors_prob,sheep_prob,train_prob,tree_prob
0,4604,9,fish,run_v31533935389277,0.0,0.03688312722029054,0.041613900381017935,0.051676389053501,0.04372845140151303,0.04070674107035625,0.0442151745217903,0.04012771043224515,0.053943060971684116,0.03287810807030844,0.043026003555505295,0.04296059018629256,0.03883592151102553,0.03863300013115307,0.03688312722029054,0.044381670249878935,0.0375131268968858,0.04132379449210585,0.04012370517266527,0.04921510070571847,0.05416039886764286,0.043997367855114496,0.03516822468182005,0.046438963415289594,0.05844946915619543
