,index,age,target_label,session_id,correct_or_not,target_label_prob,airplane_prob,bear_prob,bike_prob,bird_prob,boat_prob,bowl_prob,car_prob,cat_prob,chair_prob,couch_prob,cup_prob,dog_prob,fish_prob,frog_prob,house_prob,key_prob,person_prob,phone_prob,rabbit_prob,scissors_prob,sheep_prob,train_prob,tree_prob
0,8679,8,tree,run_v31534199098795,0.0,0.04817290734920736,0.055854722037496904,0.04047283900988698,0.03317690289352404,0.043714157209752504,0.07576906442219437,0.03941753444017033,0.04140199692685061,0.03240882504832238,0.04310907828700809,0.040414695322002654,0.03740402003851451,0.04051803021944546,0.034233586270957246,0.038788937214937244,0.06389451666178468,0.04401019429522239,0.04323792037542976,0.03647837551755347,0.03752583656893196,0.040350932465766334,0.04711419467328695,0.042530732751753904,0.04817290734920736
