,index,age,target_label,session_id,correct_or_not,target_label_prob,airplane_prob,bear_prob,bike_prob,bird_prob,boat_prob,bowl_prob,car_prob,cat_prob,chair_prob,couch_prob,cup_prob,dog_prob,fish_prob,frog_prob,house_prob,key_prob,person_prob,phone_prob,rabbit_prob,scissors_prob,sheep_prob,train_prob,tree_prob
0,8407,10,tree,run_v31532545116879,0.0,0.04989152825381614,0.035851471062642956,0.0600492020242086,0.040622165698104624,0.04220124761962231,0.03824514024438119,0.045232913252694885,0.04329980629366542,0.040195532167404555,0.0342195719576065,0.03911960043547054,0.04272037321064073,0.04193412982121202,0.041695637010450745,0.05084125181344797,0.03800902994062789,0.050446026973169765,0.04273330729949927,0.04561871734491479,0.0486172268471291,0.04625694086817028,0.04401507263983871,0.03818410722128094,0.04989152825381614
