,index,age,target_label,session_id,correct_or_not,target_label_prob,airplane_prob,bear_prob,bike_prob,bird_prob,boat_prob,bowl_prob,car_prob,cat_prob,chair_prob,couch_prob,cup_prob,dog_prob,fish_prob,frog_prob,house_prob,key_prob,person_prob,phone_prob,rabbit_prob,scissors_prob,sheep_prob,train_prob,tree_prob
0,7040,5,rabbit,run_v31531944151133,0.0,0.04352968593861873,0.037786878928866924,0.06438033651086017,0.05790991296229565,0.05046099076679597,0.042937884208928113,0.03688471780084007,0.039185041874304036,0.04726073225990131,0.039713085402887635,0.03561633389601252,0.037954375506701846,0.04626148203984762,0.0378155990030443,0.04663431594754824,0.03748424249985862,0.04542778591287703,0.05476228011777965,0.032854730415767266,0.04352968593861873,0.036670663909754285,0.04146860337613108,0.04314008406859314,0.04386023665178571
