,index,age,target_label,session_id,correct_or_not,target_label_prob,airplane_prob,bear_prob,bike_prob,bird_prob,boat_prob,bowl_prob,car_prob,cat_prob,chair_prob,couch_prob,cup_prob,dog_prob,fish_prob,frog_prob,house_prob,key_prob,person_prob,phone_prob,rabbit_prob,scissors_prob,sheep_prob,train_prob,tree_prob
0,2680,3,cat,run_v41537645929566,0.0,0.05483626977020077,0.04317162993656889,0.05019765867579822,0.05635929850992494,0.04613192493129599,0.043122082234662955,0.03658888435401744,0.041340004307559595,0.05483626977020077,0.041755454952574156,0.0362502921198266,0.04211803179100009,0.04602469831578603,0.04375470959207469,0.04362385715012456,0.041826165786495215,0.038319460757520976,0.047710297146744546,0.0368345174455811,0.04916016313503975,0.03579532029993146,0.04054945533808341,0.04807992404649228,0.0364498994026963
