,index,age,target_label,session_id,correct_or_not,target_label_prob,airplane_prob,bear_prob,bike_prob,bird_prob,boat_prob,bowl_prob,car_prob,cat_prob,chair_prob,couch_prob,cup_prob,dog_prob,fish_prob,frog_prob,house_prob,key_prob,person_prob,phone_prob,rabbit_prob,scissors_prob,sheep_prob,train_prob,tree_prob
0,3282,5,chair,run_v31532110370251,0.0,0.05730211694698487,0.0419532875147004,0.039296704015801126,0.03760772715783047,0.0382828397249216,0.04501345909831307,0.04405119095364369,0.04010028605127831,0.04112332935627657,0.05730211694698487,0.05441081310152877,0.05141718675385733,0.036482646112422704,0.04061196502051737,0.036867083567501804,0.0683807608788585,0.03820738834612174,0.03301052816561309,0.04675021858908714,0.03971907764307353,0.04406005595346573,0.038635005140960924,0.046170398110879696,0.040545931796361505
