,index,age,target_label,session_id,correct_or_not,target_label_prob,airplane_prob,bear_prob,bike_prob,bird_prob,boat_prob,bowl_prob,car_prob,cat_prob,chair_prob,couch_prob,cup_prob,dog_prob,fish_prob,frog_prob,house_prob,key_prob,person_prob,phone_prob,rabbit_prob,scissors_prob,sheep_prob,train_prob,tree_prob
0,7635,2,sheep,run_v41540146150975,0.0,0.04216318761822959,0.0465650508330811,0.04975154605745369,0.04428796995049227,0.044144252971596375,0.046304045751500066,0.04356621873049332,0.047410022191474464,0.04212576493911688,0.039721250685287174,0.0402754384655101,0.04525441960200412,0.04493604196594762,0.03966134414272672,0.04657051517780103,0.03681057591245366,0.03902753619721717,0.03926311595481589,0.03978312284198625,0.04908493061468338,0.04698371438784215,0.04216318761822959,0.04252991777281959,0.04378001723546727
