,index,age,target_label,session_id,correct_or_not,target_label_prob,airplane_prob,bear_prob,bike_prob,bird_prob,boat_prob,bowl_prob,car_prob,cat_prob,chair_prob,couch_prob,cup_prob,dog_prob,fish_prob,frog_prob,house_prob,key_prob,person_prob,phone_prob,rabbit_prob,scissors_prob,sheep_prob,train_prob,tree_prob
0,8448,3,tree,run_v31534795803862,0.0,0.048212619553059194,0.03377165055804431,0.039561192831479304,0.04042192142868819,0.03626911770678333,0.05357161971782313,0.04385572791503018,0.04473097175996596,0.040187514465474375,0.045405775560068015,0.040479564829050386,0.05051697185448751,0.04032456344598712,0.04769616712697583,0.04661713269995827,0.044762831165508124,0.04146251318379403,0.038627013952963106,0.043663490117777176,0.04399811963606389,0.045378346149764416,0.03957245132199808,0.050912723019256076,0.048212619553059194
