,index,age,target_label,session_id,correct_or_not,target_label_prob,airplane_prob,bear_prob,bike_prob,bird_prob,boat_prob,bowl_prob,car_prob,cat_prob,chair_prob,couch_prob,cup_prob,dog_prob,fish_prob,frog_prob,house_prob,key_prob,person_prob,phone_prob,rabbit_prob,scissors_prob,sheep_prob,train_prob,tree_prob
0,6082,2,person,run_v31526581002319,0.0,0.03899687963478483,0.0340454130480182,0.04637832382221853,0.04068616690025517,0.03919633281334772,0.039868234732489766,0.04422710781643374,0.038386476935139247,0.041938815989474104,0.042021583747471634,0.03962661894258505,0.05091215007239611,0.039921968986823556,0.03798594131415917,0.04998751806500537,0.0356630205322547,0.08599543202899138,0.03899687963478483,0.03908731301324752,0.048526187495595924,0.05082768092757065,0.0391007721884052,0.03841822333420742,0.038201837659124986
