,index,age,target_label,session_id,correct_or_not,target_label_prob,airplane_prob,bear_prob,bike_prob,bird_prob,boat_prob,bowl_prob,car_prob,cat_prob,chair_prob,couch_prob,cup_prob,dog_prob,fish_prob,frog_prob,house_prob,key_prob,person_prob,phone_prob,rabbit_prob,scissors_prob,sheep_prob,train_prob,tree_prob
0,5380,10,house,run_v31532559393734,1.0,0.08399638237677097,0.03794927251398248,0.03751483640076281,0.04088774136538759,0.037008239771114095,0.05097913522152888,0.03354803084701667,0.05071652340519926,0.03697785025903247,0.053617580411087766,0.04524646807282917,0.04328913792865175,0.036187106037339434,0.03578933721840664,0.041407715526147824,0.08399638237677097,0.039825301698050146,0.043507809324001674,0.05422257215202609,0.04056297149958207,0.03998025199252606,0.03952243749987142,0.04110263268543597,0.03616066579324859
