,index,age,target_label,session_id,correct_or_not,target_label_prob,airplane_prob,bear_prob,bike_prob,bird_prob,boat_prob,bowl_prob,car_prob,cat_prob,chair_prob,couch_prob,cup_prob,dog_prob,fish_prob,frog_prob,house_prob,key_prob,person_prob,phone_prob,rabbit_prob,scissors_prob,sheep_prob,train_prob,tree_prob
0,60,10,airplane,run_v31530383974873,1.0,0.06677362169990339,0.06677362169990339,0.042891072222627905,0.047261634148078886,0.0436142779751908,0.06514478059264397,0.04117774271739639,0.0465085318238233,0.04167708315574779,0.05583224797271923,0.04687582380773817,0.03821222714671124,0.041586942395646705,0.04271443332891715,0.040689577100262664,0.03198431015472227,0.03950902566403915,0.03674160935709875,0.027968142518177464,0.03346266895311676,0.0395384349861633,0.04224598310436938,0.04650718852532763,0.041082640649577604
