,index,age,target_label,session_id,correct_or_not,target_label_prob,airplane_prob,bear_prob,bike_prob,bird_prob,boat_prob,bowl_prob,car_prob,cat_prob,chair_prob,couch_prob,cup_prob,dog_prob,fish_prob,frog_prob,house_prob,key_prob,person_prob,phone_prob,rabbit_prob,scissors_prob,sheep_prob,train_prob,tree_prob
0,6301,5,person,run_v31526254092272,0.0,0.045998722461151206,0.03913327356443356,0.04290788657130103,0.03551961238176932,0.051560591671722535,0.04674995527401212,0.04523651920266411,0.03568273293858935,0.05244070722548584,0.04086609761185207,0.03855804409831226,0.04039143872806176,0.049015218171510146,0.04616343196151886,0.04076133914082084,0.03863310071187642,0.04013847343096886,0.045998722461151206,0.04286516149703104,0.05056691428753858,0.04557417125198733,0.04299398623283882,0.041747732027994706,0.04649488955655933
