,index,age,target_label,session_id,correct_or_not,target_label_prob,airplane_prob,bear_prob,bike_prob,bird_prob,boat_prob,bowl_prob,car_prob,cat_prob,chair_prob,couch_prob,cup_prob,dog_prob,fish_prob,frog_prob,house_prob,key_prob,person_prob,phone_prob,rabbit_prob,scissors_prob,sheep_prob,train_prob,tree_prob
0,4430,8,dog,run_v31533241811959,0.0,0.05569250120809522,0.04552086791787657,0.04171501117262449,0.044133076140111506,0.044043249358366954,0.03489480974902087,0.04126713556389007,0.04063931688572045,0.05311801725942524,0.039024511980810694,0.05125482065871491,0.04975178332008207,0.05569250120809522,0.05571806774546888,0.03963311960124558,0.03263170498114047,0.038111113409286794,0.032091755862100176,0.036527568648529504,0.03841111315013016,0.03912503320579869,0.049216830578663114,0.05934771214922836,0.03813087945366925
