,index,age,target_label,session_id,correct_or_not,target_label_prob,airplane_prob,bear_prob,bike_prob,bird_prob,boat_prob,bowl_prob,car_prob,cat_prob,chair_prob,couch_prob,cup_prob,dog_prob,fish_prob,frog_prob,house_prob,key_prob,person_prob,phone_prob,rabbit_prob,scissors_prob,sheep_prob,train_prob,tree_prob
0,5949,5,key,run_v41541970856667,0.0,0.04228278465821731,0.04549373568348762,0.03853494032651074,0.045866528503984,0.05150853266592978,0.04179085762863594,0.04057861129971068,0.046230480083386226,0.04187600743440757,0.03728918339656214,0.044971008178452995,0.03635137201493431,0.04672820952126177,0.04591147916306358,0.0412034347093783,0.043125641433745546,0.04228278465821731,0.05336433244552938,0.038277546773118086,0.04004342061551809,0.034009461926020085,0.04369602309486157,0.05518160794866557,0.04568480049461854
