,index,age,target_label,session_id,correct_or_not,target_label_prob,airplane_prob,bear_prob,bike_prob,bird_prob,boat_prob,bowl_prob,car_prob,cat_prob,chair_prob,couch_prob,cup_prob,dog_prob,fish_prob,frog_prob,house_prob,key_prob,person_prob,phone_prob,rabbit_prob,scissors_prob,sheep_prob,train_prob,tree_prob
0,4060,3,cup,run_v31535836082838,0.0,0.0659792326890066,0.03263899429229835,0.03539019692014666,0.04399764300593014,0.04053152908374445,0.030137004123861565,0.04438379547846307,0.033946408484064716,0.03289249521332528,0.090415840925255,0.07383681465387687,0.0659792326890066,0.03683992447515896,0.03404059167368553,0.036876153581716246,0.02602015814930983,0.03570378125301329,0.036298383041200526,0.06836190283988332,0.038127882449904796,0.03691159268776504,0.04048243000711802,0.04753901837102855,0.03864822660024301
