,index,age,target_label,session_id,correct_or_not,target_label_prob,airplane_prob,bear_prob,bike_prob,bird_prob,boat_prob,bowl_prob,car_prob,cat_prob,chair_prob,couch_prob,cup_prob,dog_prob,fish_prob,frog_prob,house_prob,key_prob,person_prob,phone_prob,rabbit_prob,scissors_prob,sheep_prob,train_prob,tree_prob
0,3740,3,couch,run_v31529447016526,0.0,0.04952545559732867,0.04892880850932461,0.04154008016050482,0.03621440173081507,0.04150631835522352,0.0476382493993721,0.047855526258940156,0.043395340137207444,0.039215706459081484,0.037808891273403936,0.04952545559732867,0.042220803748075894,0.04246128335933126,0.04986882984756393,0.043802493196962264,0.04121223090725191,0.0391520121463868,0.03948976885885996,0.04331918113884665,0.04343283104217374,0.044928771657978706,0.044091778096283916,0.04222706842141137,0.050164169697671956
