,index,age,target_label,session_id,correct_or_not,target_label_prob,airplane_prob,bear_prob,bike_prob,bird_prob,boat_prob,bowl_prob,car_prob,cat_prob,chair_prob,couch_prob,cup_prob,dog_prob,fish_prob,frog_prob,house_prob,key_prob,person_prob,phone_prob,rabbit_prob,scissors_prob,sheep_prob,train_prob,tree_prob
0,6009,3,key,run_v41540156085249,1.0,0.06694969622882405,0.04101052448596185,0.03943516122255561,0.052079442790348165,0.044089744183855153,0.039571362025592687,0.05204585103261265,0.035936378031531685,0.04292707731085875,0.04423321338327892,0.0502247536775961,0.04583042216971665,0.045064551468081505,0.05983576527493807,0.04106969782974252,0.030003929375119635,0.06694969622882405,0.04544553892070097,0.02910903837570349,0.039501564241383305,0.0463175953705742,0.03354002435289179,0.04041130795564269,0.03536736029248951
