,index,age,target_label,session_id,correct_or_not,target_label_prob,airplane_prob,bear_prob,bike_prob,bird_prob,boat_prob,bowl_prob,car_prob,cat_prob,chair_prob,couch_prob,cup_prob,dog_prob,fish_prob,frog_prob,house_prob,key_prob,person_prob,phone_prob,rabbit_prob,scissors_prob,sheep_prob,train_prob,tree_prob
0,7896,7,sheep,run_v41541875405974,0.0,0.044627859911966494,0.05285561145473086,0.04269261371384403,0.04035712196990271,0.04345923309857439,0.05223416419368211,0.040657919979921124,0.04711652507003951,0.04149439790904469,0.04321125404701579,0.03764957479099433,0.037366648070095224,0.047772549728199123,0.050305587501628855,0.04330417726393577,0.03898934557271295,0.03950835852719564,0.04374468867007642,0.042919787014155636,0.03934972426268993,0.04008430317490103,0.044627859911966494,0.05169888710702458,0.038599666967668644
