,index,age,target_label,session_id,correct_or_not,target_label_prob,airplane_prob,bear_prob,bike_prob,bird_prob,boat_prob,bowl_prob,car_prob,cat_prob,chair_prob,couch_prob,cup_prob,dog_prob,fish_prob,frog_prob,house_prob,key_prob,person_prob,phone_prob,rabbit_prob,scissors_prob,sheep_prob,train_prob,tree_prob
0,365,7,airplane,run_v31530737301771,0.0,0.04731170922077725,0.04731170922077725,0.039840570918400625,0.03490121243615081,0.05306709541778982,0.04457161595875408,0.03530371416484868,0.05444007729256503,0.05410719678937816,0.039321150774647706,0.036336972917404065,0.028978687156730645,0.054061282128313244,0.04207803316883806,0.03954197469772078,0.04189536336362985,0.03289523441963853,0.03639922521107152,0.03391198910890696,0.0576798534273703,0.04699967925487727,0.04697657168574845,0.06298472467369202,0.036396065812746056
