,index,age,target_label,session_id,correct_or_not,target_label_prob,airplane_prob,bear_prob,bike_prob,bird_prob,boat_prob,bowl_prob,car_prob,cat_prob,chair_prob,couch_prob,cup_prob,dog_prob,fish_prob,frog_prob,house_prob,key_prob,person_prob,phone_prob,rabbit_prob,scissors_prob,sheep_prob,train_prob,tree_prob
0,8345,6,tree,run_v31526251554792,1.0,0.0748570982349383,0.03850776173900426,0.04317271707824801,0.036963250909454105,0.04238801684036195,0.03864890510124877,0.03774639272137629,0.04398412081280625,0.037345073115518795,0.05645482498102714,0.031211689481710367,0.04223875222048221,0.04239815797556141,0.04136072430994161,0.04148788282117078,0.03427679556624534,0.051011967830452525,0.06296983730320635,0.03795604049323348,0.03541430746061497,0.05046826736045106,0.0393694069500155,0.03976800869293062,0.0748570982349383
