,index,age,target_label,session_id,correct_or_not,target_label_prob,airplane_prob,bear_prob,bike_prob,bird_prob,boat_prob,bowl_prob,car_prob,cat_prob,chair_prob,couch_prob,cup_prob,dog_prob,fish_prob,frog_prob,house_prob,key_prob,person_prob,phone_prob,rabbit_prob,scissors_prob,sheep_prob,train_prob,tree_prob
0,8686,5,tree,run_v31533924351945,0.0,0.05477839110497792,0.04271518070338682,0.04040329936502519,0.03724026417677984,0.04170719387595091,0.0394001402265567,0.038232877429829004,0.037774260621699814,0.03770752837974722,0.041592747245124365,0.04206666150122171,0.04912633712803425,0.04080209311510298,0.040266641362650166,0.0416780293869496,0.0587408875176887,0.04163102797423614,0.053259870649714415,0.05215893757839169,0.04134637273960665,0.045583280198753205,0.04055296716025886,0.041235010558313974,0.05477839110497792
