,index,age,target_label,session_id,correct_or_not,target_label_prob,airplane_prob,bear_prob,bike_prob,bird_prob,boat_prob,bowl_prob,car_prob,cat_prob,chair_prob,couch_prob,cup_prob,dog_prob,fish_prob,frog_prob,house_prob,key_prob,person_prob,phone_prob,rabbit_prob,scissors_prob,sheep_prob,train_prob,tree_prob
0,5419,6,house,run_v31533676370547,1.0,0.08394876769068985,0.03802392276846694,0.0396208159079244,0.039109901467929725,0.04060829644865766,0.043657639542265245,0.03552208212303951,0.0432283554798775,0.0394761395525511,0.04538080186417725,0.05241982667180904,0.03657555441825125,0.03890701131629215,0.0438911756800459,0.040276195272987286,0.08394876769068985,0.043390228393761034,0.038511395359451285,0.05420661053708231,0.041088335507064484,0.03656048276298009,0.04192060469902682,0.04251269699084057,0.041163159544828395
