,index,age,target_label,session_id,correct_or_not,target_label_prob,airplane_prob,bear_prob,bike_prob,bird_prob,boat_prob,bowl_prob,car_prob,cat_prob,chair_prob,couch_prob,cup_prob,dog_prob,fish_prob,frog_prob,house_prob,key_prob,person_prob,phone_prob,rabbit_prob,scissors_prob,sheep_prob,train_prob,tree_prob
0,1621,2,boat,run_v31526752420466,1.0,0.0825740695507931,0.05112847049401547,0.03865075543507518,0.04825930159897637,0.04454560414276816,0.0825740695507931,0.04398235066636599,0.03729663424247484,0.03915380055249077,0.03967779318238746,0.040331697357145424,0.04588560449824607,0.04241046168681772,0.05108692067372254,0.03862038244098126,0.03395186916829013,0.04124430197720532,0.03922701439496697,0.035540304211328304,0.04284830920389217,0.0457657934208447,0.03959447714153316,0.039769260958132664,0.03845482300154618
