,index,age,target_label,session_id,correct_or_not,target_label_prob,airplane_prob,bear_prob,bike_prob,bird_prob,boat_prob,bowl_prob,car_prob,cat_prob,chair_prob,couch_prob,cup_prob,dog_prob,fish_prob,frog_prob,house_prob,key_prob,person_prob,phone_prob,rabbit_prob,scissors_prob,sheep_prob,train_prob,tree_prob
0,5206,7,frog,run_v41537052413404,0.0,0.05098643650104212,0.040135982191042224,0.0469797499109399,0.03749424451744248,0.04474824126373701,0.03524226452852787,0.038198563344873974,0.04387641098166342,0.05038968870692393,0.03559102875048682,0.04576561681727498,0.04820098043239179,0.049838333111805175,0.048683776889723425,0.05098643650104212,0.043167358114958115,0.0360432715807697,0.04463538659276647,0.044160040802754146,0.04638180746634192,0.03648365745788062,0.05140318108255288,0.04111414714105683,0.040479831813044154
