,index,age,target_label,session_id,correct_or_not,target_label_prob,airplane_prob,bear_prob,bike_prob,bird_prob,boat_prob,bowl_prob,car_prob,cat_prob,chair_prob,couch_prob,cup_prob,dog_prob,fish_prob,frog_prob,house_prob,key_prob,person_prob,phone_prob,rabbit_prob,scissors_prob,sheep_prob,train_prob,tree_prob
0,8035,9,train,run_v41541367614243,0.0,0.057084831615377994,0.03976888121445063,0.04926051970915443,0.046634390635665234,0.04009992892720691,0.04065010691682035,0.03945446085189245,0.038082201810376755,0.04635375041694155,0.042674221681434685,0.03733311291645217,0.03967897271366274,0.04516293269732689,0.038407844193841634,0.05772029262305769,0.033273277794564314,0.04520736273016904,0.040817732052429036,0.04500978544069078,0.03958354486620268,0.03872065626757688,0.06000043333910336,0.057084831615377994,0.03902075858560186
