,index,age,target_label,session_id,correct_or_not,target_label_prob,airplane_prob,bear_prob,bike_prob,bird_prob,boat_prob,bowl_prob,car_prob,cat_prob,chair_prob,couch_prob,cup_prob,dog_prob,fish_prob,frog_prob,house_prob,key_prob,person_prob,phone_prob,rabbit_prob,scissors_prob,sheep_prob,train_prob,tree_prob
0,6941,7,rabbit,run_v31529088599359,1.0,0.060560906795181495,0.04589464736775207,0.058348306621783266,0.05146048069416009,0.04378229709929769,0.033272612926033486,0.035604389157158946,0.043881552151880956,0.05059565784410907,0.039800864594285924,0.036657117187892,0.043828112771822324,0.0459647325839439,0.03934538546379214,0.03729540147642087,0.03766106502305406,0.048343014730568776,0.039203322479489384,0.03763205540360052,0.060560906795181495,0.04553380623714707,0.040833932864958025,0.04411181663492263,0.04038852189074503
