,index,age,target_label,session_id,correct_or_not,target_label_prob,airplane_prob,bear_prob,bike_prob,bird_prob,boat_prob,bowl_prob,car_prob,cat_prob,chair_prob,couch_prob,cup_prob,dog_prob,fish_prob,frog_prob,house_prob,key_prob,person_prob,phone_prob,rabbit_prob,scissors_prob,sheep_prob,train_prob,tree_prob
0,2368,9,car,run_v31535143897060,1.0,0.06359496199819377,0.04905026400812144,0.04227472007516003,0.041715546585949066,0.040892680338824046,0.042637738795534195,0.0346632015934661,0.06359496199819377,0.04184217667405342,0.0372853483044572,0.04128966296006585,0.039822676602338125,0.04147169823924001,0.05032644989472592,0.044416684524504375,0.0465011108712046,0.03861023928677936,0.03884970965881783,0.05193769384318207,0.04359457368176291,0.038463533608567003,0.039083878654938245,0.05722691091741164,0.03444853888270317
