,index,age,target_label,session_id,correct_or_not,target_label_prob,airplane_prob,bear_prob,bike_prob,bird_prob,boat_prob,bowl_prob,car_prob,cat_prob,chair_prob,couch_prob,cup_prob,dog_prob,fish_prob,frog_prob,house_prob,key_prob,person_prob,phone_prob,rabbit_prob,scissors_prob,sheep_prob,train_prob,tree_prob
0,324,4,airplane,run_v31528912799246,1.0,0.06188646866527091,0.06188646866527091,0.044223434269047776,0.04322696559260234,0.04063360024577361,0.0557274881812805,0.05116917768976985,0.04287622982246538,0.03844984760879198,0.039994155747819934,0.03837342790754863,0.04263111116030247,0.03920935739125296,0.03522955529772125,0.03691878965119086,0.04066368114816669,0.040809755125248405,0.0433860399988234,0.03949747927946382,0.04309427877430458,0.05098336266681373,0.03809757824941821,0.04239373770400422,0.050524477822918495
