,index,age,target_label,session_id,correct_or_not,target_label_prob,airplane_prob,bear_prob,bike_prob,bird_prob,boat_prob,bowl_prob,car_prob,cat_prob,chair_prob,couch_prob,cup_prob,dog_prob,fish_prob,frog_prob,house_prob,key_prob,person_prob,phone_prob,rabbit_prob,scissors_prob,sheep_prob,train_prob,tree_prob
0,1492,3,bird,run_v31530482623512,0.0,0.042840260051467266,0.03892842856750076,0.04349348116564586,0.03308905329128013,0.042840260051467266,0.048574284829336505,0.04454297873261117,0.04579341703882236,0.04239787061777805,0.03979988067517433,0.03984063378133139,0.04793280770405021,0.0436063831793819,0.05086695896013735,0.04217674818871735,0.039511223348202534,0.06085246092082412,0.042227189710756216,0.04371668356434143,0.03831688140953357,0.05087838497088008,0.03999168351429421,0.04138205486287362,0.0392402509150596
