,index,age,target_label,session_id,correct_or_not,target_label_prob,airplane_prob,bear_prob,bike_prob,bird_prob,boat_prob,bowl_prob,car_prob,cat_prob,chair_prob,couch_prob,cup_prob,dog_prob,fish_prob,frog_prob,house_prob,key_prob,person_prob,phone_prob,rabbit_prob,scissors_prob,sheep_prob,train_prob,tree_prob
0,2101,4,bowl,run_v31530478955787,0.0,0.0404866944209898,0.04209815549485061,0.04423929531582404,0.043479880794026184,0.04005806683333263,0.03347018719109814,0.0404866944209898,0.03166336202979347,0.044426374452414034,0.045592159106488284,0.06713447608538504,0.03717306203651404,0.03965600589888675,0.0394181385241291,0.037111146990273576,0.04799755125213569,0.037183702839638365,0.03890555702361087,0.073721133313282,0.042315893440433745,0.03739562025786233,0.04297705786525488,0.04748744778276766,0.04600903105100884
