,index,age,target_label,session_id,correct_or_not,target_label_prob,airplane_prob,bear_prob,bike_prob,bird_prob,boat_prob,bowl_prob,car_prob,cat_prob,chair_prob,couch_prob,cup_prob,dog_prob,fish_prob,frog_prob,house_prob,key_prob,person_prob,phone_prob,rabbit_prob,scissors_prob,sheep_prob,train_prob,tree_prob
0,114,4,airplane,run_v31531941504435,0.0,0.044209206339725825,0.044209206339725825,0.03983690008291794,0.040687413474908,0.04132372576415398,0.05434566288855081,0.05450612207127612,0.04673333787187822,0.04366949119599601,0.03822489031954722,0.042719104349412326,0.04310556470595551,0.048466062246781336,0.054495275132668726,0.0445386780819265,0.03463021602829378,0.04713101611042231,0.042875402963724836,0.03135788518874043,0.0368204193659985,0.038841114714733505,0.04524325775833104,0.051711994477614,0.03452725886644289
