,index,age,target_label,session_id,correct_or_not,target_label_prob,airplane_prob,bear_prob,bike_prob,bird_prob,boat_prob,bowl_prob,car_prob,cat_prob,chair_prob,couch_prob,cup_prob,dog_prob,fish_prob,frog_prob,house_prob,key_prob,person_prob,phone_prob,rabbit_prob,scissors_prob,sheep_prob,train_prob,tree_prob
0,4218,5,dog,run_v31534620925622,0.0,0.05263439429882894,0.042618107643322016,0.042381939318062854,0.03838998619630833,0.047584283197470656,0.029816924572948697,0.04292869841573365,0.035198413238292266,0.046213091181427544,0.06226363217328957,0.040664224954111775,0.03844434403227077,0.05263439429882894,0.05014778761242322,0.03939335365803866,0.033927326584518955,0.03392453440998931,0.06758139685082123,0.029878075148048265,0.03769562897648706,0.044778375888581905,0.047047991010853656,0.042555159066775566,0.0539323315713951
