,index,age,target_label,session_id,correct_or_not,target_label_prob,airplane_prob,bear_prob,bike_prob,bird_prob,boat_prob,bowl_prob,car_prob,cat_prob,chair_prob,couch_prob,cup_prob,dog_prob,fish_prob,frog_prob,house_prob,key_prob,person_prob,phone_prob,rabbit_prob,scissors_prob,sheep_prob,train_prob,tree_prob
0,3099,8,chair,run_v31531511496550,1.0,0.07812245316639058,0.036171986025504727,0.03993166003934449,0.03988594435802595,0.037872748752905236,0.04682979412260389,0.04112327030798935,0.038547892251989825,0.038097287073389656,0.07812245316639058,0.06108716159691864,0.048847519684275746,0.0383117473275173,0.036974390104590714,0.04001436576963027,0.04633160208720735,0.039654924326001526,0.04275766275318591,0.041223692284403916,0.04199931334727481,0.03822709764502274,0.037978116873347616,0.04148840535639147,0.04852096474608839
