,index,age,target_label,session_id,correct_or_not,target_label_prob,airplane_prob,bear_prob,bike_prob,bird_prob,boat_prob,bowl_prob,car_prob,cat_prob,chair_prob,couch_prob,cup_prob,dog_prob,fish_prob,frog_prob,house_prob,key_prob,person_prob,phone_prob,rabbit_prob,scissors_prob,sheep_prob,train_prob,tree_prob
0,3987,5,cup,run_v31535838096849,0.0,0.0545113859389594,0.03762711319448339,0.03642372572338603,0.037800523022621955,0.03895062362281806,0.03920379010037275,0.04072244283872079,0.039827089965132394,0.0394336605756414,0.07973243862599833,0.044607777699268256,0.0545113859389594,0.04235173660144392,0.036489309326945496,0.04233037521257406,0.03388734923824369,0.04086623804712716,0.040798101546597486,0.06934405104978761,0.03875618960336487,0.036832549274630214,0.04782214905509715,0.03373636190591331,0.047945017830872357
