,index,age,target_label,session_id,correct_or_not,target_label_prob,airplane_prob,bear_prob,bike_prob,bird_prob,boat_prob,bowl_prob,car_prob,cat_prob,chair_prob,couch_prob,cup_prob,dog_prob,fish_prob,frog_prob,house_prob,key_prob,person_prob,phone_prob,rabbit_prob,scissors_prob,sheep_prob,train_prob,tree_prob
0,6588,6,phone,run_v41541369283996,1.0,0.07124236506984383,0.03282680968161257,0.044867530317317925,0.035404605004959205,0.039307667627510305,0.03801280900718826,0.04688200529118222,0.04827321324596178,0.04226342307090107,0.03139390144679867,0.04817676748402125,0.050141179461014325,0.04089479338195238,0.04578103946817694,0.04692348215737051,0.057723003299736016,0.0365405243726863,0.042106453391962256,0.07124236506984383,0.038548264860764986,0.03897000958575803,0.047336056586725635,0.03667409711689768,0.0397099990696579
