,index,age,target_label,session_id,correct_or_not,target_label_prob,airplane_prob,bear_prob,bike_prob,bird_prob,boat_prob,bowl_prob,car_prob,cat_prob,chair_prob,couch_prob,cup_prob,dog_prob,fish_prob,frog_prob,house_prob,key_prob,person_prob,phone_prob,rabbit_prob,scissors_prob,sheep_prob,train_prob,tree_prob
0,7755,2,sheep,run_v41540505514990,0.0,0.044538812716026645,0.056267051254427124,0.041239011455360325,0.04272885035346587,0.04317474403209898,0.04488821203834143,0.04963232023630268,0.042164019080076144,0.03775650008591297,0.03735770807912521,0.04230712214262621,0.04700188260286664,0.04356575768055538,0.04564767333535732,0.036302224911543245,0.03327558736993415,0.044031975399330014,0.04269797128414635,0.03755495257692728,0.03847541468945763,0.05926138274778692,0.044538812716026645,0.0424708216177415,0.04766000431059006
