,index,age,target_label,session_id,correct_or_not,target_label_prob,airplane_prob,bear_prob,bike_prob,bird_prob,boat_prob,bowl_prob,car_prob,cat_prob,chair_prob,couch_prob,cup_prob,dog_prob,fish_prob,frog_prob,house_prob,key_prob,person_prob,phone_prob,rabbit_prob,scissors_prob,sheep_prob,train_prob,tree_prob
0,7884,3,sheep,run_v41541713608273,0.0,0.04200595754299873,0.04353080922730344,0.06517937959416244,0.04321009117377763,0.04579820550244366,0.04506577599722793,0.04060558561734437,0.045607391878553165,0.04671841309165857,0.041175719214702436,0.035697073158810544,0.037831503224342665,0.04781534094681872,0.04632121902520643,0.04972568665592687,0.036919065965732516,0.03497624283666652,0.0408616284269489,0.039644215721759135,0.0522099421425286,0.03730393376241057,0.04200595754299873,0.04499792626230124,0.03679889303037488
