,index,age,target_label,session_id,correct_or_not,target_label_prob,airplane_prob,bear_prob,bike_prob,bird_prob,boat_prob,bowl_prob,car_prob,cat_prob,chair_prob,couch_prob,cup_prob,dog_prob,fish_prob,frog_prob,house_prob,key_prob,person_prob,phone_prob,rabbit_prob,scissors_prob,sheep_prob,train_prob,tree_prob
0,7501,3,scissors,run_v41541367861088,0.0,0.051448916727828996,0.04695187242319571,0.04215280925648256,0.037054979352994726,0.04724626070535653,0.04331064775792526,0.035560498026795374,0.04203959395790461,0.037343528005586046,0.058162407285047825,0.0378244802038671,0.04121527664070643,0.03561801276519968,0.03764214897013951,0.04138031774559205,0.0419799830056829,0.05640643873098721,0.045836179104009445,0.04210313480618123,0.04118995818347071,0.051448916727828996,0.04219408088079023,0.04096615773353601,0.05437231773071989
