,index,age,target_label,session_id,correct_or_not,target_label_prob,airplane_prob,bear_prob,bike_prob,bird_prob,boat_prob,bowl_prob,car_prob,cat_prob,chair_prob,couch_prob,cup_prob,dog_prob,fish_prob,frog_prob,house_prob,key_prob,person_prob,phone_prob,rabbit_prob,scissors_prob,sheep_prob,train_prob,tree_prob
0,8396,10,tree,run_v31534876738764,1.0,0.07980046957859531,0.033154038706831875,0.04870113224164919,0.04401343598643486,0.04662155511009058,0.039417588472641756,0.037325374464013815,0.039032171191689405,0.041471382999307645,0.034434505981867966,0.03743863311696438,0.035126737709629374,0.041391241092430586,0.036249178824243104,0.03945505813628162,0.042310844533927514,0.05598934130445836,0.05653917694920787,0.03605978306746276,0.0476168688416345,0.04621067902231923,0.04273933326947952,0.03890146939883888,0.07980046957859531
