,index,age,target_label,session_id,correct_or_not,target_label_prob,airplane_prob,bear_prob,bike_prob,bird_prob,boat_prob,bowl_prob,car_prob,cat_prob,chair_prob,couch_prob,cup_prob,dog_prob,fish_prob,frog_prob,house_prob,key_prob,person_prob,phone_prob,rabbit_prob,scissors_prob,sheep_prob,train_prob,tree_prob
0,2875,6,cat,run_v41541280435385,0.0,0.04121615610652212,0.0379538161977299,0.03375019675427892,0.047358798239919404,0.04323001981552116,0.042264434335003806,0.041003365540756814,0.041698756627524626,0.04121615610652212,0.0521391524038684,0.04368224457025798,0.03793293926537269,0.039588902683311986,0.04240746882505351,0.03748560449306961,0.03120904016392099,0.055994742031661444,0.049336014798047306,0.07222738611450659,0.041930767643591035,0.03819961814949515,0.044557193574004526,0.040306705016213695,0.04452667665036843
