,index,age,target_label,session_id,correct_or_not,target_label_prob,airplane_prob,bear_prob,bike_prob,bird_prob,boat_prob,bowl_prob,car_prob,cat_prob,chair_prob,couch_prob,cup_prob,dog_prob,fish_prob,frog_prob,house_prob,key_prob,person_prob,phone_prob,rabbit_prob,scissors_prob,sheep_prob,train_prob,tree_prob
0,6017,3,key,run_v41541194883000,0.0,0.03956013911721061,0.03330308812971421,0.05538102154047149,0.03974569004092725,0.04263823273730708,0.04112995773765196,0.039244866948770156,0.04362764651259731,0.03991789178376055,0.034136963501908105,0.037201177241646455,0.03577984863750917,0.04229560358167321,0.036413646961579775,0.05113104754073956,0.041543918546676065,0.03956013911721061,0.06107256995652232,0.04461483862947222,0.042570160981352585,0.040355162722720085,0.05517919729004002,0.05270507904269808,0.05045225081705175
