,index,age,target_label,session_id,correct_or_not,target_label_prob,airplane_prob,bear_prob,bike_prob,bird_prob,boat_prob,bowl_prob,car_prob,cat_prob,chair_prob,couch_prob,cup_prob,dog_prob,fish_prob,frog_prob,house_prob,key_prob,person_prob,phone_prob,rabbit_prob,scissors_prob,sheep_prob,train_prob,tree_prob
0,510,3,bear,run_v41540063191685,1.0,0.0533122361882049,0.040407081981110614,0.0533122361882049,0.03988824301127625,0.04089002684292124,0.04439724286176423,0.04271716889008587,0.0364921074535406,0.046216354027882336,0.03959147744572921,0.042881946595958266,0.040751616024890004,0.04696786684021253,0.043226588239024456,0.049952342375199375,0.03939800822711685,0.04285385833995661,0.0468012326638807,0.04323904754426631,0.04471627542296557,0.0410665015666852,0.047770139647995036,0.04065159327943833,0.045811044529895574
