,index,age,target_label,session_id,correct_or_not,target_label_prob,airplane_prob,bear_prob,bike_prob,bird_prob,boat_prob,bowl_prob,car_prob,cat_prob,chair_prob,couch_prob,cup_prob,dog_prob,fish_prob,frog_prob,house_prob,key_prob,person_prob,phone_prob,rabbit_prob,scissors_prob,sheep_prob,train_prob,tree_prob
0,3719,6,couch,run_v31528408799127,0.0,0.06014618868179437,0.030147017244795318,0.03913237437976845,0.03543231321050699,0.035069782569212914,0.03606820417323935,0.038118819865459515,0.03622437094410027,0.03955645652458638,0.07155482879794811,0.06014618868179437,0.054509078337630114,0.03568691415306744,0.03960921583232575,0.038033942497017706,0.0771635027401828,0.03628950250231895,0.03069525281779644,0.056222720360998485,0.04257917025793447,0.04199586732827758,0.03812526018944673,0.047821416289494774,0.039817800302097035
