,index,age,target_label,session_id,correct_or_not,target_label_prob,airplane_prob,bear_prob,bike_prob,bird_prob,boat_prob,bowl_prob,car_prob,cat_prob,chair_prob,couch_prob,cup_prob,dog_prob,fish_prob,frog_prob,house_prob,key_prob,person_prob,phone_prob,rabbit_prob,scissors_prob,sheep_prob,train_prob,tree_prob
0,7673,3,sheep,run_v41541790390963,0.0,0.04911832345647205,0.044232013660681004,0.038619287737023125,0.04498688239667074,0.045472782494402404,0.0467646552282733,0.03719800041187403,0.03997250887675175,0.04555571866705922,0.040139434286652474,0.035871748173992926,0.03921281265869819,0.04080353069250473,0.038826854972329156,0.03934154458317878,0.049313238790552,0.03569867769465922,0.05521955297911766,0.03802340853024682,0.04214066571718071,0.054775717729805266,0.04911832345647205,0.04080864320180834,0.057903997060066166
