,index,age,target_label,session_id,correct_or_not,target_label_prob,airplane_prob,bear_prob,bike_prob,bird_prob,boat_prob,bowl_prob,car_prob,cat_prob,chair_prob,couch_prob,cup_prob,dog_prob,fish_prob,frog_prob,house_prob,key_prob,person_prob,phone_prob,rabbit_prob,scissors_prob,sheep_prob,train_prob,tree_prob
0,5897,3,key,run_v41541790390963,0.0,0.037819463510226345,0.04684754701827208,0.043207135162953374,0.03824661578782893,0.04182043602816869,0.032748411979053586,0.04619186939194025,0.033670656897147024,0.04381254014460896,0.05632184336581791,0.04381984410484846,0.03987548255061283,0.04688388791787422,0.037932555410308565,0.04199475945898966,0.03403227138161911,0.037819463510226345,0.04587696348549443,0.033084231031815604,0.03535430752239404,0.06722568677770031,0.05833531521350017,0.04901040155742613,0.04588777430139939
