,index,age,target_label,session_id,correct_or_not,target_label_prob,airplane_prob,bear_prob,bike_prob,bird_prob,boat_prob,bowl_prob,car_prob,cat_prob,chair_prob,couch_prob,cup_prob,dog_prob,fish_prob,frog_prob,house_prob,key_prob,person_prob,phone_prob,rabbit_prob,scissors_prob,sheep_prob,train_prob,tree_prob
0,6008,3,key,run_v41541288589117,1.0,0.06973137180687433,0.03476369445817388,0.04176136773706309,0.033856980328490036,0.06274066685024604,0.039161531840186115,0.03893987878932167,0.0382708074567504,0.047321688251165936,0.03412252011660949,0.040181672095924,0.03817618044175248,0.050456340503844406,0.04016644157914103,0.05820449012821223,0.0345474899103621,0.06973137180687433,0.05193402760539834,0.02715182127204828,0.03705175314984317,0.04272386989269834,0.056904424843990685,0.04002050186332981,0.041810479078574096
