,index,age,target_label,session_id,correct_or_not,target_label_prob,airplane_prob,bear_prob,bike_prob,bird_prob,boat_prob,bowl_prob,car_prob,cat_prob,chair_prob,couch_prob,cup_prob,dog_prob,fish_prob,frog_prob,house_prob,key_prob,person_prob,phone_prob,rabbit_prob,scissors_prob,sheep_prob,train_prob,tree_prob
0,6716,4,phone,run_v41541182991485,0.0,0.037964087328395485,0.042965632266135236,0.050483353452338224,0.043562439161317995,0.04376756613788606,0.0510853393566002,0.056423780571487364,0.04224399952691888,0.041309680301417746,0.04526906045633918,0.03613907635549156,0.04518826463009669,0.03994150072977563,0.05410169317361521,0.052268373122279735,0.03919238553241052,0.03588751946953594,0.04574030486660041,0.037964087328395485,0.03836282092936208,0.035489359421565024,0.04154672827157932,0.04063829108849937,0.040428743850352195
