,index,age,target_label,session_id,correct_or_not,target_label_prob,airplane_prob,bear_prob,bike_prob,bird_prob,boat_prob,bowl_prob,car_prob,cat_prob,chair_prob,couch_prob,cup_prob,dog_prob,fish_prob,frog_prob,house_prob,key_prob,person_prob,phone_prob,rabbit_prob,scissors_prob,sheep_prob,train_prob,tree_prob
0,2767,3,cat,run_v41540502227650,0.0,0.047297962669501446,0.038709854088540475,0.05844806021538693,0.02813058634094823,0.044122748823898834,0.04035403261730998,0.04061164096472743,0.042714268888223876,0.047297962669501446,0.03337307559135078,0.03439619522867284,0.03965376000747863,0.04436145168164402,0.0322305877886245,0.04407860179461215,0.040295207168434315,0.040960393233622855,0.03962530361643385,0.03843224277408974,0.0418793834818103,0.04215413131752305,0.07922319860416965,0.05151186771942548,0.05743544538357086
