,index,age,target_label,session_id,correct_or_not,target_label_prob,airplane_prob,bear_prob,bike_prob,bird_prob,boat_prob,bowl_prob,car_prob,cat_prob,chair_prob,couch_prob,cup_prob,dog_prob,fish_prob,frog_prob,house_prob,key_prob,person_prob,phone_prob,rabbit_prob,scissors_prob,sheep_prob,train_prob,tree_prob
0,5121,5,frog,run_v41541896767042,0.0,0.04759334092158298,0.040374160745715565,0.05446275341387017,0.041751139450720155,0.04490472500343766,0.03824249093763409,0.04815031894856123,0.040588466279068106,0.042537150011880874,0.03970456328360306,0.03919359011157244,0.04558825177110535,0.04720903206476654,0.03766772803913907,0.04759334092158298,0.035987738283075624,0.05128403953514422,0.04293009219695662,0.0378688220435034,0.04520556353431498,0.05147478637057019,0.04298505594370585,0.0391358996810536,0.04516029142901818
