,index,age,target_label,session_id,correct_or_not,target_label_prob,airplane_prob,bear_prob,bike_prob,bird_prob,boat_prob,bowl_prob,car_prob,cat_prob,chair_prob,couch_prob,cup_prob,dog_prob,fish_prob,frog_prob,house_prob,key_prob,person_prob,phone_prob,rabbit_prob,scissors_prob,sheep_prob,train_prob,tree_prob
0,3939,6,cup,run_v31532546378789,0.0,0.05016658256148656,0.042506447108751545,0.0493326086451621,0.04804340468576169,0.04502257605606488,0.04279451614326775,0.04642574158242187,0.03598524211335233,0.03762381578317983,0.036031350981422176,0.03587984777660684,0.05016658256148656,0.04033047717561721,0.038801674445849525,0.04194498995920242,0.04234489455777097,0.049868470834083065,0.04183524291885421,0.04851675306845401,0.04792323900670311,0.04126894350745629,0.03575024515955338,0.04027662985890314,0.061326306070075276
