,index,age,target_label,session_id,correct_or_not,target_label_prob,airplane_prob,bear_prob,bike_prob,bird_prob,boat_prob,bowl_prob,car_prob,cat_prob,chair_prob,couch_prob,cup_prob,dog_prob,fish_prob,frog_prob,house_prob,key_prob,person_prob,phone_prob,rabbit_prob,scissors_prob,sheep_prob,train_prob,tree_prob
0,4257,9,dog,run_v31527876599479,0.0,0.04295384260212446,0.05027391923888735,0.04046146199598655,0.03593850315609743,0.04222060657847166,0.06418182671537187,0.04887424666663519,0.03944713682754893,0.04097940343193326,0.040267081223362505,0.04416022588486089,0.04863897843653278,0.04295384260212446,0.04773413293655309,0.04316063030462243,0.035270129422939306,0.03936954760494865,0.04284710122786437,0.04003393754942867,0.038526157473328146,0.044011531985823915,0.04301723526524536,0.04219602856527749,0.04543633490615589
