,index,age,target_label,session_id,correct_or_not,target_label_prob,airplane_prob,bear_prob,bike_prob,bird_prob,boat_prob,bowl_prob,car_prob,cat_prob,chair_prob,couch_prob,cup_prob,dog_prob,fish_prob,frog_prob,house_prob,key_prob,person_prob,phone_prob,rabbit_prob,scissors_prob,sheep_prob,train_prob,tree_prob
0,8110,4,train,run_v41536863500898,1.0,0.05844873909533877,0.03636023154537816,0.03643633719777554,0.055982629462001575,0.03648417430445713,0.044515120819666326,0.03537583482030993,0.05097616281661569,0.04209664910335974,0.0530769435948389,0.040243983225935656,0.045258945274567745,0.040825493483415104,0.0436577005911992,0.04229385969232533,0.05530223669179723,0.04168459510324095,0.04064757995139496,0.04048287002131426,0.045553616541058724,0.04100076076647473,0.038543460121944276,0.05844873909533877,0.034752075775590266
