,index,age,target_label,session_id,correct_or_not,target_label_prob,airplane_prob,bear_prob,bike_prob,bird_prob,boat_prob,bowl_prob,car_prob,cat_prob,chair_prob,couch_prob,cup_prob,dog_prob,fish_prob,frog_prob,house_prob,key_prob,person_prob,phone_prob,rabbit_prob,scissors_prob,sheep_prob,train_prob,tree_prob
0,1075,2,bike,run_v31528323219648,0.0,0.053917398554403195,0.04184904967655439,0.0367875380402318,0.053917398554403195,0.042559884905234234,0.045166811124938984,0.03720671249710275,0.04071157243263822,0.045065495032181394,0.049360787878572204,0.049674949980378795,0.03587440072067022,0.03682056932913658,0.04442859278556686,0.03941269767563553,0.033496005710467194,0.04346635805744976,0.03980069422402506,0.04010896306353536,0.04696757534808995,0.05875877551532938,0.03928787362525216,0.061822415674371654,0.03745487814823432
