,index,age,target_label,session_id,correct_or_not,target_label_prob,airplane_prob,bear_prob,bike_prob,bird_prob,boat_prob,bowl_prob,car_prob,cat_prob,chair_prob,couch_prob,cup_prob,dog_prob,fish_prob,frog_prob,house_prob,key_prob,person_prob,phone_prob,rabbit_prob,scissors_prob,sheep_prob,train_prob,tree_prob
0,7415,3,scissors,run_v41541882639925,0.0,0.04068956250477078,0.04786169170188469,0.040692440712833886,0.03284026846548247,0.04509019973549355,0.05008993042176732,0.03693123142855117,0.04681324025788643,0.03641463447452591,0.030219234071031043,0.0800743992923667,0.04425080916166951,0.043619395833111245,0.0526868176967274,0.037092703819948454,0.03515671325928511,0.03566376030734526,0.03589896305401592,0.04463754112750226,0.04136231215950621,0.04068956250477078,0.04747771527944698,0.04853938745471336,0.045897047780134405
