,index,age,target_label,session_id,correct_or_not,target_label_prob,airplane_prob,bear_prob,bike_prob,bird_prob,boat_prob,bowl_prob,car_prob,cat_prob,chair_prob,couch_prob,cup_prob,dog_prob,fish_prob,frog_prob,house_prob,key_prob,person_prob,phone_prob,rabbit_prob,scissors_prob,sheep_prob,train_prob,tree_prob
0,6064,2,person,run_v31533502000624,0.0,0.050030375247830654,0.043251937640155155,0.04369098976837346,0.04747217048384606,0.05052166123743113,0.05007430650233505,0.03452614786014215,0.0420825335615024,0.04149472044631741,0.031772047957154506,0.043012739782084156,0.037018736798427695,0.04193774028041807,0.048415247232634726,0.0468253334186842,0.045506806603139334,0.04085770304138013,0.050030375247830654,0.03854817101867869,0.04328969460429106,0.0410361447489933,0.04444659451676609,0.041196531189812265,0.05299166605960228
