,index,age,target_label,session_id,correct_or_not,target_label_prob,airplane_prob,bear_prob,bike_prob,bird_prob,boat_prob,bowl_prob,car_prob,cat_prob,chair_prob,couch_prob,cup_prob,dog_prob,fish_prob,frog_prob,house_prob,key_prob,person_prob,phone_prob,rabbit_prob,scissors_prob,sheep_prob,train_prob,tree_prob
0,5331,7,house,run_v31526244386384,0.0,0.04910694449762581,0.04011494040467198,0.04414872209226002,0.0464721423255047,0.03867334649340136,0.0480477151994041,0.040299822867966364,0.037912386486298306,0.04046102609651932,0.0577591449460241,0.042203373392300576,0.04057140191373066,0.04101276478353448,0.03739110218289553,0.04106417854411951,0.04910694449762581,0.039845202853879436,0.050216263352433094,0.03857709868274738,0.03894736091023895,0.04451048176208622,0.03930301791423904,0.04548936436219316,0.05787219793592606
