,index,age,target_label,session_id,correct_or_not,target_label_prob,airplane_prob,bear_prob,bike_prob,bird_prob,boat_prob,bowl_prob,car_prob,cat_prob,chair_prob,couch_prob,cup_prob,dog_prob,fish_prob,frog_prob,house_prob,key_prob,person_prob,phone_prob,rabbit_prob,scissors_prob,sheep_prob,train_prob,tree_prob
0,3178,5,chair,run_v31530478097123,1.0,0.0676535181144253,0.05986847979947559,0.04456224170280793,0.03605749140482347,0.04275913820382716,0.04518813504386159,0.03756747344822364,0.036975230690546694,0.03798278241434963,0.0676535181144253,0.04345326265861336,0.04029450248281816,0.04686105329060498,0.037505239747869124,0.03866501627261728,0.032870813150171124,0.04410406232992615,0.044915721929271575,0.041394106864199025,0.04198741745212212,0.04532053290687941,0.045182834234746616,0.040757278279851365,0.04807366757796877
