,index,age,target_label,session_id,correct_or_not,target_label_prob,airplane_prob,bear_prob,bike_prob,bird_prob,boat_prob,bowl_prob,car_prob,cat_prob,chair_prob,couch_prob,cup_prob,dog_prob,fish_prob,frog_prob,house_prob,key_prob,person_prob,phone_prob,rabbit_prob,scissors_prob,sheep_prob,train_prob,tree_prob
0,6312,3,person,run_v31533940029619,0.0,0.05218197352750469,0.052664653532066404,0.04799411441807374,0.035746740480986916,0.0504684999889621,0.04081191722415336,0.03855475165707691,0.037640202842115854,0.045320764465404485,0.03791784153289657,0.03649705775653971,0.04081098728138598,0.045291955352802865,0.042891302298107496,0.04262270693971863,0.03300238626483141,0.04477797359841811,0.05218197352750469,0.03551209174683861,0.04433152260432347,0.0535925958134151,0.044235850944189525,0.03665106873828739,0.06048104099190092
