,index,age,target_label,session_id,correct_or_not,target_label_prob,airplane_prob,bear_prob,bike_prob,bird_prob,boat_prob,bowl_prob,car_prob,cat_prob,chair_prob,couch_prob,cup_prob,dog_prob,fish_prob,frog_prob,house_prob,key_prob,person_prob,phone_prob,rabbit_prob,scissors_prob,sheep_prob,train_prob,tree_prob
0,7404,3,scissors,run_v41542050212727,0.0,0.044717063241613154,0.04461543195600633,0.0565953794239856,0.03971949281904801,0.050683236290620326,0.0436162650679863,0.039267006074298186,0.03474749316707319,0.046855088911620275,0.039331361926616966,0.03738350107755554,0.03851420130500739,0.051343078358872425,0.043053642722854085,0.05008351663834882,0.03849505244456409,0.03898648350573436,0.04818595811754945,0.03127421378782258,0.044652410161267836,0.044717063241613154,0.04796634382315922,0.038943956219690413,0.050969822958705245
