,index,age,target_label,session_id,correct_or_not,target_label_prob,airplane_prob,bear_prob,bike_prob,bird_prob,boat_prob,bowl_prob,car_prob,cat_prob,chair_prob,couch_prob,cup_prob,dog_prob,fish_prob,frog_prob,house_prob,key_prob,person_prob,phone_prob,rabbit_prob,scissors_prob,sheep_prob,train_prob,tree_prob
0,7142,4,rabbit,run_v31531692039108,0.0,0.05036353745107357,0.05805072001044228,0.03921429591692325,0.042944117528639726,0.045779720352048726,0.04391255533118352,0.03610242604628546,0.0489353118663922,0.04294929914303086,0.03738804625832418,0.0385161331216248,0.043223785634542086,0.047238290042179526,0.05684022062317671,0.03873268327526958,0.03574029044190307,0.04399955242713239,0.04328669928646112,0.03651920808953759,0.05036353745107357,0.04591270453221041,0.04146250485737812,0.04327009915584401,0.03961779860839678
