,index,age,target_label,session_id,correct_or_not,target_label_prob,airplane_prob,bear_prob,bike_prob,bird_prob,boat_prob,bowl_prob,car_prob,cat_prob,chair_prob,couch_prob,cup_prob,dog_prob,fish_prob,frog_prob,house_prob,key_prob,person_prob,phone_prob,rabbit_prob,scissors_prob,sheep_prob,train_prob,tree_prob
0,1132,4,bike,run_v31529271233301,1.0,0.06316416165633129,0.05518898168976376,0.03953159210479954,0.06316416165633129,0.04631829941120274,0.04892920081387639,0.037257768659517326,0.04664888740003774,0.047967260410753915,0.03933871738483771,0.036179215634369696,0.038686240862981044,0.042138995059572325,0.04817075261390524,0.03552330917124342,0.03979311520299513,0.03909115960159259,0.04351464581338447,0.036422402563286264,0.04203162374413693,0.04795025837871341,0.0352180422900988,0.05137962979311755,0.03955573973948287
