,index,age,target_label,session_id,correct_or_not,target_label_prob,airplane_prob,bear_prob,bike_prob,bird_prob,boat_prob,bowl_prob,car_prob,cat_prob,chair_prob,couch_prob,cup_prob,dog_prob,fish_prob,frog_prob,house_prob,key_prob,person_prob,phone_prob,rabbit_prob,scissors_prob,sheep_prob,train_prob,tree_prob
0,3481,6,couch,run_v31528399548613,1.0,0.07722958702283443,0.03332135806022161,0.03863719206033096,0.03206360514353089,0.036413263512246816,0.02981507885584271,0.03614112328010524,0.03747782910703987,0.04217280969995067,0.044587374174807896,0.07722958702283443,0.05820746546196762,0.03981113040750578,0.039493730443653265,0.04407267964626447,0.05091530287246191,0.038997099977441135,0.03936228728936417,0.0623678134964737,0.03738237330880907,0.03660739106199242,0.04631034668440896,0.056809793824673965,0.04180336460807234
