,index,age,target_label,session_id,correct_or_not,target_label_prob,airplane_prob,bear_prob,bike_prob,bird_prob,boat_prob,bowl_prob,car_prob,cat_prob,chair_prob,couch_prob,cup_prob,dog_prob,fish_prob,frog_prob,house_prob,key_prob,person_prob,phone_prob,rabbit_prob,scissors_prob,sheep_prob,train_prob,tree_prob
0,1858,5,boat,run_v31535748540769,0.0,0.05113594231002798,0.044026615419572986,0.04237374779655438,0.04080897742460308,0.04669669009749626,0.05113594231002798,0.0443472471268119,0.038762050808926016,0.04220116853352162,0.04440185358771573,0.04332139044347187,0.04004002043423,0.04381874127821331,0.048089947968452,0.051213118375834164,0.03573654665960301,0.04471565380552895,0.04836256982781715,0.040545050740273945,0.04107919462192231,0.042276065153577416,0.04401909836250999,0.04550168514401035,0.036526624079325574
