,index,age,target_label,session_id,correct_or_not,target_label_prob,airplane_prob,bear_prob,bike_prob,bird_prob,boat_prob,bowl_prob,car_prob,cat_prob,chair_prob,couch_prob,cup_prob,dog_prob,fish_prob,frog_prob,house_prob,key_prob,person_prob,phone_prob,rabbit_prob,scissors_prob,sheep_prob,train_prob,tree_prob
0,6318,6,person,run_v31533934791891,1.0,0.0683975615419264,0.038410573829847895,0.04870102234511269,0.0380303875598022,0.04682069908015359,0.04375209128817318,0.03734440240738861,0.04199935993389084,0.04436826806752004,0.03563944348821693,0.038990742315689234,0.037407973791185024,0.042837485826586266,0.0409858614908883,0.0461784181430107,0.03993868522596013,0.04717443968382532,0.0683975615419264,0.045323173084961456,0.04483011809620385,0.03643435881557038,0.03967217267921257,0.04433802584676385,0.05242473545811042
