,index,age,target_label,session_id,correct_or_not,target_label_prob,airplane_prob,bear_prob,bike_prob,bird_prob,boat_prob,bowl_prob,car_prob,cat_prob,chair_prob,couch_prob,cup_prob,dog_prob,fish_prob,frog_prob,house_prob,key_prob,person_prob,phone_prob,rabbit_prob,scissors_prob,sheep_prob,train_prob,tree_prob
0,4610,3,fish,run_v31535137209217,0.0,0.04437043763270395,0.046722374091974994,0.0505014702950937,0.04566167339012468,0.04738868421284022,0.04454959879421327,0.040679198170822786,0.040459282871939804,0.04470681374538346,0.040647099956832515,0.04144898209107773,0.043157050820572515,0.04790655868739691,0.04437043763270395,0.04292497902823968,0.04208835343067616,0.03929560593612082,0.041950998427113945,0.03566069734174032,0.04450550622761096,0.039144906675346994,0.04473503193752126,0.04147722296229357,0.05001747327235983
