,index,age,target_label,session_id,correct_or_not,target_label_prob,airplane_prob,bear_prob,bike_prob,bird_prob,boat_prob,bowl_prob,car_prob,cat_prob,chair_prob,couch_prob,cup_prob,dog_prob,fish_prob,frog_prob,house_prob,key_prob,person_prob,phone_prob,rabbit_prob,scissors_prob,sheep_prob,train_prob,tree_prob
0,8266,9,train,run_v41541182623838,0.0,0.0572259460276496,0.04412494842770883,0.04100912199963792,0.07486243587673422,0.04540466902826885,0.049679314808844265,0.0342497820637001,0.05264308108529287,0.0421717140708028,0.040315060742624566,0.039298512570001526,0.034023560710547004,0.035310616529324386,0.0418087670186421,0.03606267607702393,0.04277739550527103,0.036464170818856556,0.0409677229051018,0.03632570468960907,0.048464112769260825,0.04569252506420612,0.043789747458516055,0.0572259460276496,0.0373284137523757
