,index,age,target_label,session_id,correct_or_not,target_label_prob,airplane_prob,bear_prob,bike_prob,bird_prob,boat_prob,bowl_prob,car_prob,cat_prob,chair_prob,couch_prob,cup_prob,dog_prob,fish_prob,frog_prob,house_prob,key_prob,person_prob,phone_prob,rabbit_prob,scissors_prob,sheep_prob,train_prob,tree_prob
0,4263,10,dog,run_v31533327551553,0.0,0.048451503359756044,0.0486648807369389,0.04427719343640352,0.04664493501363636,0.047178051805140515,0.04145372143593166,0.03883162822495438,0.04591382638324625,0.04999961086977622,0.0362267080707562,0.039493911960748994,0.04323410170649926,0.048451503359756044,0.04744861279824879,0.036998760536627234,0.04070889014332983,0.04437263698667813,0.03920130786242216,0.03701769593736521,0.05239790797571535,0.04536382059255985,0.04329443135584815,0.04311330396585455,0.039712558841562454
