,index,age,target_label,session_id,correct_or_not,target_label_prob,airplane_prob,bear_prob,bike_prob,bird_prob,boat_prob,bowl_prob,car_prob,cat_prob,chair_prob,couch_prob,cup_prob,dog_prob,fish_prob,frog_prob,house_prob,key_prob,person_prob,phone_prob,rabbit_prob,scissors_prob,sheep_prob,train_prob,tree_prob
0,4244,10,dog,run_v31533763635775,0.0,0.05027916591889757,0.04499938337617961,0.04991786183937731,0.05926166753572993,0.04852846490426587,0.04081946209635414,0.040250568806446896,0.03408727930193251,0.04786989604732704,0.038810804688290845,0.031981259761341765,0.03766933518805058,0.05027916591889757,0.04557645100078175,0.05095437923001975,0.04245461434541643,0.04148881476410561,0.03935848527708944,0.037210228723289954,0.050143082713451914,0.04173086368186547,0.048707182781046784,0.03766703782836065,0.0402337101903782
