,index,age,target_label,session_id,correct_or_not,target_label_prob,airplane_prob,bear_prob,bike_prob,bird_prob,boat_prob,bowl_prob,car_prob,cat_prob,chair_prob,couch_prob,cup_prob,dog_prob,fish_prob,frog_prob,house_prob,key_prob,person_prob,phone_prob,rabbit_prob,scissors_prob,sheep_prob,train_prob,tree_prob
0,6419,5,person,run_v31534709581729,0.0,0.04042264289819508,0.03600739916261761,0.04312313078368814,0.036757877625182296,0.04070688711365128,0.03691659839537651,0.05216881295723995,0.04080767503399736,0.03744518561471515,0.040776436738231656,0.04200622140069479,0.052802691473612474,0.043120777130848054,0.03648259189921895,0.042109671378983,0.037594926036966285,0.06693345026426603,0.04042264289819508,0.04497540851744851,0.03615297574073048,0.055453526724864,0.04735257941661278,0.040183661406988376,0.04969887228587129
