,index,age,target_label,session_id,correct_or_not,target_label_prob,airplane_prob,bear_prob,bike_prob,bird_prob,boat_prob,bowl_prob,car_prob,cat_prob,chair_prob,couch_prob,cup_prob,dog_prob,fish_prob,frog_prob,house_prob,key_prob,person_prob,phone_prob,rabbit_prob,scissors_prob,sheep_prob,train_prob,tree_prob
0,5339,6,house,run_v31526583886859,0.0,0.04014929984037738,0.047454580501870215,0.03991717802571771,0.048056487578449256,0.03841356648262665,0.04641888601937775,0.04249360488399799,0.05280283033494935,0.04333401126417913,0.050545756470795795,0.05408680067887825,0.037132578208994134,0.04675705993397619,0.04657878739820372,0.03942920477286417,0.04014929984037738,0.03824790451648247,0.04238398700964302,0.03597742351158552,0.039505782575808744,0.04263983433136918,0.03943823135292514,0.053684414213536834,0.03455179009339142
