,index,age,target_label,session_id,correct_or_not,target_label_prob,airplane_prob,bear_prob,bike_prob,bird_prob,boat_prob,bowl_prob,car_prob,cat_prob,chair_prob,couch_prob,cup_prob,dog_prob,fish_prob,frog_prob,house_prob,key_prob,person_prob,phone_prob,rabbit_prob,scissors_prob,sheep_prob,train_prob,tree_prob
0,5001,3,frog,run_v41541890328331,0.0,0.042435704124379546,0.04140877103765742,0.0383694075675833,0.04783540116128814,0.045572269597586895,0.03970335954995588,0.04162063971725488,0.05029953105674478,0.04484889500015837,0.03834512547009325,0.03380223209038385,0.04692130957238657,0.04462755307525255,0.05158066376934187,0.042435704124379546,0.04054149134576444,0.04429944109884666,0.03817319063566291,0.045658227320757735,0.039006289151504565,0.04539952819422391,0.04478427555800764,0.05326092445609644,0.04150576944906845
