,index,age,target_label,session_id,correct_or_not,target_label_prob,airplane_prob,bear_prob,bike_prob,bird_prob,boat_prob,bowl_prob,car_prob,cat_prob,chair_prob,couch_prob,cup_prob,dog_prob,fish_prob,frog_prob,house_prob,key_prob,person_prob,phone_prob,rabbit_prob,scissors_prob,sheep_prob,train_prob,tree_prob
0,5554,10,house,run_v31533331833502,1.0,0.07271868149550137,0.033038094820329114,0.04100538107314509,0.040040085100672494,0.04125991408356257,0.03592032053072701,0.0408055864594295,0.06192776411694705,0.03955145356315431,0.03384101414147809,0.05054836938337141,0.03928223558657366,0.04260512874342061,0.04056469680261925,0.04028047803328981,0.07271868149550137,0.037580735572965936,0.042403698762923034,0.052470375996070816,0.04049687282613079,0.041535848982991085,0.04324148336758947,0.0437219923823716,0.04515978817473598
