,index,age,target_label,session_id,correct_or_not,target_label_prob,airplane_prob,bear_prob,bike_prob,bird_prob,boat_prob,bowl_prob,car_prob,cat_prob,chair_prob,couch_prob,cup_prob,dog_prob,fish_prob,frog_prob,house_prob,key_prob,person_prob,phone_prob,rabbit_prob,scissors_prob,sheep_prob,train_prob,tree_prob
0,3277,2,chair,run_v31528482134673,1.0,0.08036603796652776,0.03317780699040344,0.04186890354508689,0.03367971838722933,0.04323131865195297,0.04483271665588926,0.03451482270143113,0.04298707142300197,0.036807854232098564,0.08036603796652776,0.04478301350749528,0.042571948750883,0.050722020947685326,0.04250134007227197,0.04497534767943517,0.032030273503099276,0.05070484131977422,0.04736925159700641,0.029769865477821105,0.04138781881726711,0.03624865098172164,0.05072311905667437,0.040250261184395474,0.054495996550848594
