,index,age,target_label,session_id,correct_or_not,target_label_prob,airplane_prob,bear_prob,bike_prob,bird_prob,boat_prob,bowl_prob,car_prob,cat_prob,chair_prob,couch_prob,cup_prob,dog_prob,fish_prob,frog_prob,house_prob,key_prob,person_prob,phone_prob,rabbit_prob,scissors_prob,sheep_prob,train_prob,tree_prob
0,7880,6,sheep,run_v41539981077129,1.0,0.09294311664002675,0.03620332636079507,0.045067106099121054,0.036177114786435524,0.05125128543582153,0.03942851025577162,0.04376779153186031,0.03857451328156738,0.04106489563770125,0.03642520107605087,0.04093550752913521,0.03849289718511207,0.051491403913283586,0.0356514066123438,0.0445142216432192,0.03574986272707229,0.04566809017571767,0.03284889615396845,0.04104312560493297,0.033724157486526775,0.04096653637423173,0.09294311664002675,0.048038146722665785,0.04997288676663906
