,index,age,target_label,session_id,correct_or_not,target_label_prob,airplane_prob,bear_prob,bike_prob,bird_prob,boat_prob,bowl_prob,car_prob,cat_prob,chair_prob,couch_prob,cup_prob,dog_prob,fish_prob,frog_prob,house_prob,key_prob,person_prob,phone_prob,rabbit_prob,scissors_prob,sheep_prob,train_prob,tree_prob
0,4811,4,fish,run_v31535918800613,1.0,0.07040055918457212,0.04450803608009981,0.0392375961366102,0.044473641334694704,0.04510812766349167,0.04691290646261626,0.04040351331290098,0.03916290844634687,0.04766141787026598,0.0382547241557848,0.04510979180982542,0.04055957760676503,0.04724940765503901,0.07040055918457212,0.04227888162046633,0.036750338301138656,0.039446925122048275,0.04744987451573389,0.038166777240396986,0.03881322899847056,0.041960788747162546,0.0430777445310341,0.04793959260053555,0.035073640604000256
