,index,age,target_label,session_id,correct_or_not,target_label_prob,airplane_prob,bear_prob,bike_prob,bird_prob,boat_prob,bowl_prob,car_prob,cat_prob,chair_prob,couch_prob,cup_prob,dog_prob,fish_prob,frog_prob,house_prob,key_prob,person_prob,phone_prob,rabbit_prob,scissors_prob,sheep_prob,train_prob,tree_prob
0,6838,5,rabbit,run_v31531521447859,0.0,0.056733035235291954,0.04425965825043469,0.042425786496254454,0.038055295658592746,0.04508683694845126,0.044342162649524744,0.037756759485423876,0.04346192382179797,0.04245874784312304,0.03636639346297254,0.044236898455299246,0.037323199228832094,0.0416076393839179,0.042766880985434394,0.045763652591239226,0.044905572510472204,0.04320989614094815,0.04020201101328352,0.04280979898271625,0.056733035235291954,0.04524803406269411,0.04263486622700959,0.040515324268667635,0.057829626297618356
