,index,age,target_label,session_id,correct_or_not,target_label_prob,airplane_prob,bear_prob,bike_prob,bird_prob,boat_prob,bowl_prob,car_prob,cat_prob,chair_prob,couch_prob,cup_prob,dog_prob,fish_prob,frog_prob,house_prob,key_prob,person_prob,phone_prob,rabbit_prob,scissors_prob,sheep_prob,train_prob,tree_prob
0,2818,4,cat,run_v41541891061699,0.0,0.05152701139809116,0.04043915060218174,0.04126281854726897,0.04163428972036253,0.03666600190944381,0.04500435480134809,0.04158625929232805,0.03917134371193015,0.05152701139809116,0.04389728077732034,0.03892623021355288,0.043691997845021396,0.04033965936983256,0.04711818808310676,0.04440393193624748,0.03797337846012344,0.04701157727030932,0.036820516903269075,0.04650298056909048,0.04845986142094739,0.06258543422637475,0.03792444537624246,0.051332331204527466,0.03572095636107965
