,index,age,target_label,session_id,correct_or_not,target_label_prob,airplane_prob,bear_prob,bike_prob,bird_prob,boat_prob,bowl_prob,car_prob,cat_prob,chair_prob,couch_prob,cup_prob,dog_prob,fish_prob,frog_prob,house_prob,key_prob,person_prob,phone_prob,rabbit_prob,scissors_prob,sheep_prob,train_prob,tree_prob
0,4334,5,dog,run_v31535047381610,1.0,0.05638712916493752,0.03925063685478825,0.04250910495345638,0.04997338643947597,0.05334659668243668,0.032370498510917986,0.036833930288021406,0.04564819635462246,0.04819659006891487,0.04636266040493556,0.04743589240528439,0.043332655197897293,0.05638712916493752,0.05345420498861987,0.046862653322983464,0.03204984996188822,0.04073827123590598,0.038092718358696105,0.03607445111102243,0.038664690220620086,0.03798082265082153,0.05154800015901593,0.04219684990002664,0.040690210764710986
