,index,age,target_label,session_id,correct_or_not,target_label_prob,airplane_prob,bear_prob,bike_prob,bird_prob,boat_prob,bowl_prob,car_prob,cat_prob,chair_prob,couch_prob,cup_prob,dog_prob,fish_prob,frog_prob,house_prob,key_prob,person_prob,phone_prob,rabbit_prob,scissors_prob,sheep_prob,train_prob,tree_prob
0,7726,4,sheep,run_v41542070097779,0.0,0.05048643105755132,0.037495678737354786,0.0428227574088884,0.04176400327373928,0.04033643686258476,0.04315087546057184,0.03822261299527286,0.04159986473724137,0.047421246298654365,0.044684273111033256,0.03843529605821633,0.036266307824636385,0.04710091050408776,0.04825962042411712,0.05728191909566356,0.03891859678844439,0.052723857274842065,0.04350258329060368,0.04016946437207553,0.04307163541631252,0.03833335964477124,0.05048643105755132,0.0509805887871823,0.03697168057615498
