,index,age,target_label,session_id,correct_or_not,target_label_prob,airplane_prob,bear_prob,bike_prob,bird_prob,boat_prob,bowl_prob,car_prob,cat_prob,chair_prob,couch_prob,cup_prob,dog_prob,fish_prob,frog_prob,house_prob,key_prob,person_prob,phone_prob,rabbit_prob,scissors_prob,sheep_prob,train_prob,tree_prob
0,2017,9,bowl,run_v31531594552230,1.0,0.07034015629825391,0.032956241532473084,0.0401631127180446,0.0399390829035528,0.0356486955214322,0.04204326030321204,0.07034015629825391,0.04490622847231335,0.04446915687309756,0.03680092438683228,0.04380410043078361,0.0686077261562268,0.03860475586380261,0.047426823002873285,0.04177266884119541,0.05829395686858605,0.047763172846126536,0.040920265235617086,0.044489078130244906,0.0381966412516504,0.03377433732216503,0.030279248772952065,0.03837707360927728,0.04042329265928719
