,index,age,target_label,session_id,correct_or_not,target_label_prob,airplane_prob,bear_prob,bike_prob,bird_prob,boat_prob,bowl_prob,car_prob,cat_prob,chair_prob,couch_prob,cup_prob,dog_prob,fish_prob,frog_prob,house_prob,key_prob,person_prob,phone_prob,rabbit_prob,scissors_prob,sheep_prob,train_prob,tree_prob
0,5102,5,frog,run_v41540072238708,0.0,0.03882657937179645,0.04772702419247819,0.0378961838540926,0.03903200128152329,0.04748172362303375,0.05561387241625424,0.04307355970842233,0.03611221659454525,0.04709868547466374,0.036432103758503434,0.03588425519033655,0.03934723517348276,0.041424329443373986,0.042118487210791665,0.03882657937179645,0.04674864644440101,0.04006687129054239,0.050569781648381,0.03689116679037426,0.04877161359861578,0.043580032156820915,0.044231039264631795,0.04834601952537154,0.05272657198756308
