,index,age,target_label,session_id,correct_or_not,target_label_prob,airplane_prob,bear_prob,bike_prob,bird_prob,boat_prob,bowl_prob,car_prob,cat_prob,chair_prob,couch_prob,cup_prob,dog_prob,fish_prob,frog_prob,house_prob,key_prob,person_prob,phone_prob,rabbit_prob,scissors_prob,sheep_prob,train_prob,tree_prob
0,3853,7,cup,run_v31532813483298,1.0,0.061313580146718824,0.04315140684801476,0.03746362940530598,0.0505573823848479,0.04003650903920321,0.05509412781185599,0.04567988925201572,0.04265808603489391,0.039868822694410465,0.04362564027413116,0.0417724645987918,0.061313580146718824,0.03779329647977029,0.04282054066253115,0.03893846384283786,0.0346896995175453,0.0412402912500594,0.039591947450444295,0.04978385758795934,0.03758805857735603,0.03864448475321611,0.04012709072797766,0.044933134723097914,0.05262759593701475
