,index,age,target_label,session_id,correct_or_not,target_label_prob,airplane_prob,bear_prob,bike_prob,bird_prob,boat_prob,bowl_prob,car_prob,cat_prob,chair_prob,couch_prob,cup_prob,dog_prob,fish_prob,frog_prob,house_prob,key_prob,person_prob,phone_prob,rabbit_prob,scissors_prob,sheep_prob,train_prob,tree_prob
0,4246,3,dog,run_v31536009351332,0.0,0.048763496046382346,0.04790751001656885,0.04120830466741087,0.036997690575998755,0.049906858012816954,0.05173356894033522,0.039882015200089285,0.04753939069104375,0.04157126880867194,0.042461847707275825,0.03990001542031947,0.03894954570173291,0.048763496046382346,0.04743773642398125,0.037973213730755385,0.03685174244769415,0.04573749564040083,0.04562954985778168,0.04693226868885613,0.03817827826531484,0.03808640963032218,0.041797701141168285,0.04668998593721766,0.04786410644786134
