,index,age,target_label,session_id,correct_or_not,target_label_prob,airplane_prob,bear_prob,bike_prob,bird_prob,boat_prob,bowl_prob,car_prob,cat_prob,chair_prob,couch_prob,cup_prob,dog_prob,fish_prob,frog_prob,house_prob,key_prob,person_prob,phone_prob,rabbit_prob,scissors_prob,sheep_prob,train_prob,tree_prob
0,7917,6,sheep,run_v41541878816184,1.0,0.08127074085540713,0.03733098767925329,0.051084811674657934,0.03701705569605163,0.04729991476172687,0.048141317649138295,0.03995979281485747,0.03834189465175906,0.03609936729353652,0.040617619444528116,0.042224262849731894,0.04132253466801033,0.04309909878478242,0.03457933223357873,0.04955910759024782,0.0385463477995165,0.05461403746005207,0.03507966367058258,0.036736513174534295,0.03658348757069211,0.044151541608921145,0.08127074085540713,0.03947864696405405,0.046861923104379824
