,index,age,target_label,session_id,correct_or_not,target_label_prob,airplane_prob,bear_prob,bike_prob,bird_prob,boat_prob,bowl_prob,car_prob,cat_prob,chair_prob,couch_prob,cup_prob,dog_prob,fish_prob,frog_prob,house_prob,key_prob,person_prob,phone_prob,rabbit_prob,scissors_prob,sheep_prob,train_prob,tree_prob
0,4957,3,frog,run_v41537465816172,0.0,0.04346672626926842,0.05891122135691355,0.03974147900034399,0.03979186900671332,0.049671333311610034,0.04594442573469259,0.037375292905218654,0.039156875466172095,0.04603368557959933,0.04441234567153559,0.03758293276124395,0.03628199903882555,0.04258226418043795,0.05511577232717244,0.04346672626926842,0.035952244237264945,0.04465299428273295,0.04727922748310994,0.03606448719852118,0.042143473279791836,0.04384141205992225,0.04701933894838448,0.04300206365953011,0.043976536240994596
