,index,age,target_label,session_id,correct_or_not,target_label_prob,airplane_prob,bear_prob,bike_prob,bird_prob,boat_prob,bowl_prob,car_prob,cat_prob,chair_prob,couch_prob,cup_prob,dog_prob,fish_prob,frog_prob,house_prob,key_prob,person_prob,phone_prob,rabbit_prob,scissors_prob,sheep_prob,train_prob,tree_prob
0,132,6,airplane,run_v31528845435187,1.0,0.06893768989748836,0.06893768989748836,0.0416806129865266,0.04074598244829646,0.04447016852811653,0.04904372376317599,0.04186480512559532,0.03760550972594072,0.03939049077531131,0.05689567915869165,0.03658278075796681,0.047110716215210666,0.042896050755695254,0.03867296155530377,0.03599806920458147,0.04531863129564791,0.04219407125237076,0.04396227087001573,0.036744357474567925,0.038874986304199916,0.0483195577633502,0.042096561521916334,0.03659773528861185,0.04399658733141851
