,index,age,target_label,session_id,correct_or_not,target_label_prob,airplane_prob,bear_prob,bike_prob,bird_prob,boat_prob,bowl_prob,car_prob,cat_prob,chair_prob,couch_prob,cup_prob,dog_prob,fish_prob,frog_prob,house_prob,key_prob,person_prob,phone_prob,rabbit_prob,scissors_prob,sheep_prob,train_prob,tree_prob
0,8661,2,tree,run_v31534790164115,1.0,0.06671985186891094,0.04056230747598277,0.04443874674538407,0.04700412722345039,0.04828926401255548,0.03976301430572422,0.04154614723386062,0.04261864807753658,0.03662484531091313,0.042236626367546104,0.03874976381153094,0.04206134595745878,0.04058539072064141,0.039068315339842,0.04410185662964606,0.044049215482149094,0.05221656430485955,0.04356702525252804,0.0402900589217333,0.04726075295845617,0.04012392268240294,0.04003165574513006,0.03809055357175733,0.06671985186891094
