,index,age,target_label,session_id,correct_or_not,target_label_prob,airplane_prob,bear_prob,bike_prob,bird_prob,boat_prob,bowl_prob,car_prob,cat_prob,chair_prob,couch_prob,cup_prob,dog_prob,fish_prob,frog_prob,house_prob,key_prob,person_prob,phone_prob,rabbit_prob,scissors_prob,sheep_prob,train_prob,tree_prob
0,6019,3,key,run_v41540415097481,0.0,0.05139368545471908,0.04263091274906137,0.043049352582042344,0.05675265220982286,0.04504402661399149,0.04374264739628097,0.05220616272036931,0.04227590091854779,0.04108429475574569,0.04006814262000847,0.03386574112549038,0.04497253272420313,0.038267151666789644,0.04939861016078681,0.04158591886543446,0.03995518153754351,0.05139368545471908,0.03940463570815377,0.035872857638153205,0.04632042659807378,0.050260484076853636,0.036527770143619895,0.043395337561124396,0.0419255741731839
