,index,age,target_label,session_id,correct_or_not,target_label_prob,airplane_prob,bear_prob,bike_prob,bird_prob,boat_prob,bowl_prob,car_prob,cat_prob,chair_prob,couch_prob,cup_prob,dog_prob,fish_prob,frog_prob,house_prob,key_prob,person_prob,phone_prob,rabbit_prob,scissors_prob,sheep_prob,train_prob,tree_prob
0,4649,5,fish,run_v31534792108907,1.0,0.05876939634640835,0.041247142620842184,0.036601410824339306,0.04097155087623148,0.04417909079223997,0.03531225148351109,0.04566362866118828,0.03518596932827748,0.044648566543978974,0.043739042936453296,0.04890437960275347,0.0558894456323007,0.044712713793932976,0.05876939634640835,0.04170980385112889,0.05083803908953645,0.03990313549195549,0.03609071711359145,0.04263155558594578,0.04588503385666388,0.044562397128784285,0.04195202254320009,0.04197801927584571,0.0386246866208905
