,index,age,target_label,session_id,correct_or_not,target_label_prob,airplane_prob,bear_prob,bike_prob,bird_prob,boat_prob,bowl_prob,car_prob,cat_prob,chair_prob,couch_prob,cup_prob,dog_prob,fish_prob,frog_prob,house_prob,key_prob,person_prob,phone_prob,rabbit_prob,scissors_prob,sheep_prob,train_prob,tree_prob
0,4935,2,frog,run_v41540505514990,0.0,0.04852294785571829,0.04570711129526112,0.0449551948305166,0.04745403238972848,0.04412902208451057,0.03678205021203838,0.03771520965164675,0.04410948343070107,0.051366558071245336,0.04306410356439683,0.04054730578950174,0.036022600164795866,0.053708618172466645,0.04255338873498062,0.04852294785571829,0.03584282855464582,0.039373387315595115,0.037054373588855063,0.03418907197874947,0.04325409521444121,0.052036549531874095,0.05729553569409216,0.0425363407094061,0.04178019116483272
