,index,age,target_label,session_id,correct_or_not,target_label_prob,airplane_prob,bear_prob,bike_prob,bird_prob,boat_prob,bowl_prob,car_prob,cat_prob,chair_prob,couch_prob,cup_prob,dog_prob,fish_prob,frog_prob,house_prob,key_prob,person_prob,phone_prob,rabbit_prob,scissors_prob,sheep_prob,train_prob,tree_prob
0,6828,4,rabbit,run_v31528931999110,0.0,0.04273318565834179,0.04514433526027311,0.042612849426095285,0.04538394642399686,0.04396102043832093,0.042663212877856224,0.037063289454384606,0.047596160717797195,0.04400047810812958,0.04138994296319042,0.040759050366692105,0.0395602559206831,0.04470158301679319,0.046388314173537074,0.05133822279261436,0.050234548188513056,0.05384024389375618,0.03840419473133254,0.03222604864038139,0.04273318565834179,0.04205460066398562,0.04106375135182125,0.045960700793563125,0.04092006413794104
