,index,age,target_label,session_id,correct_or_not,target_label_prob,airplane_prob,bear_prob,bike_prob,bird_prob,boat_prob,bowl_prob,car_prob,cat_prob,chair_prob,couch_prob,cup_prob,dog_prob,fish_prob,frog_prob,house_prob,key_prob,person_prob,phone_prob,rabbit_prob,scissors_prob,sheep_prob,train_prob,tree_prob
0,1745,8,boat,run_v31533766614584,1.0,0.054820707577478436,0.05060522814988188,0.04220514836947893,0.044362337098706336,0.04477416284245292,0.054820707577478436,0.03260715371753637,0.04438243190809417,0.0413523690032758,0.052655710430840844,0.044607516188433775,0.038049085933039184,0.03414608153829824,0.041171316209488294,0.04184775466468496,0.04822880945410937,0.04409231555880404,0.03900237696067884,0.04688185633942819,0.04245291975293628,0.046245447655340007,0.035533726014015096,0.04512894429039164,0.04484660034260659
