,index,age,target_label,session_id,correct_or_not,target_label_prob,airplane_prob,bear_prob,bike_prob,bird_prob,boat_prob,bowl_prob,car_prob,cat_prob,chair_prob,couch_prob,cup_prob,dog_prob,fish_prob,frog_prob,house_prob,key_prob,person_prob,phone_prob,rabbit_prob,scissors_prob,sheep_prob,train_prob,tree_prob
0,4919,2,frog,run_v41537468067553,0.0,0.04162073898635776,0.04935684830159376,0.0416063420709116,0.0496418718430204,0.04472334051492817,0.04748145597393911,0.04487747339287786,0.050149394129542044,0.0420620755979807,0.04216426979587859,0.03939596102082507,0.03816896807882558,0.04438736041003524,0.05138984231669588,0.04162073898635776,0.04219594420299252,0.043245657747623935,0.038503162022196454,0.041857673206142955,0.03789139145659802,0.04196836166371001,0.04349788433139898,0.042684202297575954,0.04112978063834946
