,index,age,target_label,session_id,correct_or_not,target_label_prob,airplane_prob,bear_prob,bike_prob,bird_prob,boat_prob,bowl_prob,car_prob,cat_prob,chair_prob,couch_prob,cup_prob,dog_prob,fish_prob,frog_prob,house_prob,key_prob,person_prob,phone_prob,rabbit_prob,scissors_prob,sheep_prob,train_prob,tree_prob
0,7889,4,sheep,run_v41541528939431,0.0,0.044571848143373206,0.03456046261559161,0.040509087568673365,0.051373878261262135,0.04759706806146371,0.039443296553999294,0.039345500740167225,0.03757085271308858,0.04199393654261503,0.05013728451967024,0.04769254358382108,0.04044829332661874,0.04478627272454691,0.05335234513196391,0.041340422328385834,0.031672924776591255,0.03896849268856994,0.05202845080741127,0.039341861125694245,0.037699747919071346,0.04502486218392588,0.044571848143373206,0.047712049309039134,0.052828518374456256
