,index,age,target_label,session_id,correct_or_not,target_label_prob,airplane_prob,bear_prob,bike_prob,bird_prob,boat_prob,bowl_prob,car_prob,cat_prob,chair_prob,couch_prob,cup_prob,dog_prob,fish_prob,frog_prob,house_prob,key_prob,person_prob,phone_prob,rabbit_prob,scissors_prob,sheep_prob,train_prob,tree_prob
0,3938,3,cup,run_v31532631641368,0.0,0.05460312971859614,0.04074850726555711,0.0378192408787507,0.041051239697767555,0.04505265444412428,0.041546306803347845,0.06664772549863537,0.041468365330106435,0.03977256030720593,0.04334548239266567,0.03952453499208701,0.05460312971859614,0.038696598774911106,0.050002168479089705,0.04116981542198612,0.03613847297191501,0.047486105942726634,0.040809593529467836,0.043438152054028914,0.0451200947217118,0.04398008055210567,0.03869064876643147,0.04037033713019695,0.042518184326584635
