,index,age,target_label,session_id,correct_or_not,target_label_prob,airplane_prob,bear_prob,bike_prob,bird_prob,boat_prob,bowl_prob,car_prob,cat_prob,chair_prob,couch_prob,cup_prob,dog_prob,fish_prob,frog_prob,house_prob,key_prob,person_prob,phone_prob,rabbit_prob,scissors_prob,sheep_prob,train_prob,tree_prob
0,1482,5,bird,run_v31530644391081,0.0,0.051041410044561815,0.03337630816043175,0.05177153647948223,0.034811625676430494,0.051041410044561815,0.03356552649433048,0.0409125765178303,0.03314020370002726,0.04651598641091856,0.04556230328967639,0.049213596298987944,0.03927108090146745,0.04942613259927307,0.03904694849858805,0.04657953192322752,0.040771539580649274,0.037313544051031176,0.06646140297877617,0.03251277492078179,0.04144578918154486,0.0461247291412117,0.04469898340158052,0.040033386596012306,0.05640308315317874
