,index,age,target_label,session_id,correct_or_not,target_label_prob,airplane_prob,bear_prob,bike_prob,bird_prob,boat_prob,bowl_prob,car_prob,cat_prob,chair_prob,couch_prob,cup_prob,dog_prob,fish_prob,frog_prob,house_prob,key_prob,person_prob,phone_prob,rabbit_prob,scissors_prob,sheep_prob,train_prob,tree_prob
0,4710,4,fish,run_v31535740915288,1.0,0.05672257250497,0.045746750454555854,0.039360914872111796,0.05116053472047322,0.04284579732885576,0.05169681269251578,0.050148200603039636,0.046979773767244944,0.04293982471579476,0.036651472260724426,0.037169077940442455,0.04371338393667067,0.04758014321834347,0.05672257250497,0.042177347309821006,0.035536029490965015,0.0499556573284504,0.03921885801803322,0.0384274551413681,0.04163288216250725,0.03718475442070178,0.040141528631351835,0.05156680932340197,0.03144341915765672
