,index,age,target_label,session_id,correct_or_not,target_label_prob,airplane_prob,bear_prob,bike_prob,bird_prob,boat_prob,bowl_prob,car_prob,cat_prob,chair_prob,couch_prob,cup_prob,dog_prob,fish_prob,frog_prob,house_prob,key_prob,person_prob,phone_prob,rabbit_prob,scissors_prob,sheep_prob,train_prob,tree_prob
0,3418,4,couch,run_v31531519125063,1.0,0.07020401587064475,0.03298464511237288,0.03704000338115826,0.037405657645999534,0.03768969451191364,0.03526203216978378,0.041829614393683344,0.047171262689184354,0.04060811036137609,0.0564798941157592,0.07020401587064475,0.05571810038407145,0.04065167852671245,0.0448328511261239,0.04054967554647847,0.037280449260633494,0.03730853349436702,0.04050516159445999,0.04580879288758876,0.046984071402426664,0.04620604397921277,0.039294641308435976,0.04567383766265074,0.04251123257496239
