,index,age,target_label,session_id,correct_or_not,target_label_prob,airplane_prob,bear_prob,bike_prob,bird_prob,boat_prob,bowl_prob,car_prob,cat_prob,chair_prob,couch_prob,cup_prob,dog_prob,fish_prob,frog_prob,house_prob,key_prob,person_prob,phone_prob,rabbit_prob,scissors_prob,sheep_prob,train_prob,tree_prob
0,396,7,bear,run_v41540406933734,0.0,0.0561110295909083,0.040602510855054084,0.0561110295909083,0.041175504493259046,0.04092174319526798,0.05170564887399407,0.04762859639849999,0.03893114005153599,0.05211824824860173,0.03829822252469,0.03806784294636589,0.04558787680262202,0.044673056410803255,0.05814684016173984,0.05218254013953817,0.03610323964036991,0.03515100754194982,0.03954209126388955,0.037198460337884244,0.04732235254737176,0.03588954559202314,0.040222449676943675,0.04536019444633207,0.03705985826035534
