,index,age,target_label,session_id,correct_or_not,target_label_prob,airplane_prob,bear_prob,bike_prob,bird_prob,boat_prob,bowl_prob,car_prob,cat_prob,chair_prob,couch_prob,cup_prob,dog_prob,fish_prob,frog_prob,house_prob,key_prob,person_prob,phone_prob,rabbit_prob,scissors_prob,sheep_prob,train_prob,tree_prob
0,7807,4,sheep,run_v41541376096056,0.0,0.04435087471417497,0.04064538217777521,0.047866882360544004,0.04679271912842832,0.045104953750162116,0.04187066128836185,0.04153051519562267,0.047529939842385245,0.04788607569403508,0.03971071444806493,0.0422082834140922,0.044613932724127545,0.04960962462821056,0.05230003319892444,0.05157630417452002,0.03466521278470468,0.043516418520918046,0.03612606834673726,0.03606991807316323,0.0458413057473906,0.043326239296559675,0.04435087471417497,0.04203308021342114,0.03482486027767657
