,index,age,target_label,session_id,correct_or_not,target_label_prob,airplane_prob,bear_prob,bike_prob,bird_prob,boat_prob,bowl_prob,car_prob,cat_prob,chair_prob,couch_prob,cup_prob,dog_prob,fish_prob,frog_prob,house_prob,key_prob,person_prob,phone_prob,rabbit_prob,scissors_prob,sheep_prob,train_prob,tree_prob
0,3665,7,couch,run_v31531769584349,1.0,0.07675457619350187,0.04892935749032424,0.03886820610086288,0.04468802660194808,0.04113060629727084,0.051765713963428196,0.04154041274449744,0.04102500007036014,0.03743285405396891,0.05394362498054865,0.07675457619350187,0.04954504125429793,0.04106014218789144,0.05018449400361551,0.03764157861862223,0.03403790959406658,0.04115737261733091,0.03467302739610774,0.02993717569147292,0.036047060296058864,0.03605527492162747,0.03511676376540289,0.05581508350025171,0.042650697656542495
