,index,age,target_label,session_id,correct_or_not,target_label_prob,airplane_prob,bear_prob,bike_prob,bird_prob,boat_prob,bowl_prob,car_prob,cat_prob,chair_prob,couch_prob,cup_prob,dog_prob,fish_prob,frog_prob,house_prob,key_prob,person_prob,phone_prob,rabbit_prob,scissors_prob,sheep_prob,train_prob,tree_prob
0,3479,10,couch,run_v31529008817526,1.0,0.07989773870256912,0.04959519493203293,0.03569317081831629,0.044984765063338365,0.039709591681509955,0.05041216472710831,0.055224613815998705,0.05425737668198256,0.03742805278927071,0.030228504030184084,0.07989773870256912,0.042283545203720296,0.03874271043388247,0.052685691144998326,0.03497414162636267,0.025817131590318718,0.05490604349180498,0.03634357981224655,0.027726613654030334,0.040585276595470766,0.04501758336589136,0.03422150670483391,0.05457496648297362,0.034690036651155054
