,index,age,target_label,session_id,correct_or_not,target_label_prob,airplane_prob,bear_prob,bike_prob,bird_prob,boat_prob,bowl_prob,car_prob,cat_prob,chair_prob,couch_prob,cup_prob,dog_prob,fish_prob,frog_prob,house_prob,key_prob,person_prob,phone_prob,rabbit_prob,scissors_prob,sheep_prob,train_prob,tree_prob
0,4410,2,dog,run_v31535558399646,0.0,0.040830927810046526,0.043805611908603194,0.0394634975697253,0.042910045689239576,0.04297256666538678,0.04221305739633132,0.04231340526584519,0.039661799622054766,0.04853733537571291,0.045327957403472154,0.04532963972183943,0.0478891531547289,0.040830927810046526,0.037662210189393364,0.043003429497095416,0.042355915491349046,0.059360724432019445,0.03121521518687919,0.04183110236192385,0.0534533353727583,0.05122574400575796,0.04553911371515624,0.03816877248146079,0.03492943968322037
