,index,age,target_label,session_id,correct_or_not,target_label_prob,airplane_prob,bear_prob,bike_prob,bird_prob,boat_prob,bowl_prob,car_prob,cat_prob,chair_prob,couch_prob,cup_prob,dog_prob,fish_prob,frog_prob,house_prob,key_prob,person_prob,phone_prob,rabbit_prob,scissors_prob,sheep_prob,train_prob,tree_prob
0,7780,5,sheep,run_v41541979890077,1.0,0.06520770637720455,0.034300974085435,0.04964275119583554,0.04789525898485794,0.04147530155133356,0.039751390334535563,0.035530354315044234,0.04535757300603857,0.052502664293435676,0.040799905674116906,0.032841335580201185,0.03918088613573981,0.054853192435931494,0.040148796115304856,0.05079998239382786,0.041133893473212634,0.05267121120614318,0.0324236699820984,0.035593416064666775,0.047865503068118244,0.04116287160505776,0.06520770637720455,0.04536240427293614,0.033498957848924094
