,index,age,target_label,session_id,correct_or_not,target_label_prob,airplane_prob,bear_prob,bike_prob,bird_prob,boat_prob,bowl_prob,car_prob,cat_prob,chair_prob,couch_prob,cup_prob,dog_prob,fish_prob,frog_prob,house_prob,key_prob,person_prob,phone_prob,rabbit_prob,scissors_prob,sheep_prob,train_prob,tree_prob
0,1563,3,boat,run_v31526758896291,0.0,0.06688980903512337,0.06100812918914581,0.040301944232986275,0.048913996694175454,0.044355167638804364,0.06688980903512337,0.05556449976716977,0.03739555055362918,0.052617052295581314,0.030146750130875036,0.0472744646704113,0.045577836734342736,0.03806447471671059,0.035183923233893716,0.035568959101121435,0.07676999143385746,0.03588081397605539,0.029461541062996935,0.032388221950285984,0.039405311207821224,0.028727584693091533,0.047163389290385466,0.039644398048897814,0.03169619034263778
