,index,age,target_label,session_id,correct_or_not,target_label_prob,airplane_prob,bear_prob,bike_prob,bird_prob,boat_prob,bowl_prob,car_prob,cat_prob,chair_prob,couch_prob,cup_prob,dog_prob,fish_prob,frog_prob,house_prob,key_prob,person_prob,phone_prob,rabbit_prob,scissors_prob,sheep_prob,train_prob,tree_prob
0,6281,5,person,run_v31535838096849,0.0,0.05378484838627588,0.0475556038630021,0.04994535669744644,0.05503276854517965,0.04791524446065009,0.04120762104168542,0.0363665991741022,0.039481013225094785,0.04873801326595754,0.03967968540209544,0.03650619627054593,0.03848523395010704,0.04360000681051301,0.04883293467506131,0.04116303612048674,0.03987625872418065,0.03854900842894008,0.05378484838627588,0.03605212409447044,0.03852496818963795,0.037869689017217135,0.04134530248312255,0.05354724404201294,0.045941243132214635
