,index,age,target_label,session_id,correct_or_not,target_label_prob,airplane_prob,bear_prob,bike_prob,bird_prob,boat_prob,bowl_prob,car_prob,cat_prob,chair_prob,couch_prob,cup_prob,dog_prob,fish_prob,frog_prob,house_prob,key_prob,person_prob,phone_prob,rabbit_prob,scissors_prob,sheep_prob,train_prob,tree_prob
0,4324,2,dog,run_v31534885341588,0.0,0.044495138566158283,0.049068245128877856,0.04258735310322621,0.05136056585308023,0.04473394421344139,0.04431637763446843,0.03828446337957374,0.04343805586928335,0.040925904268380886,0.039979458000661904,0.05954485928876188,0.03737966185165695,0.044495138566158283,0.052041581479290236,0.04357982878286401,0.03744429160451574,0.03945536028926386,0.03758624235436811,0.03624225876285309,0.032737945175875076,0.05028401160605604,0.050501707677805485,0.047229726660189195,0.03678301844934806
