,index,age,target_label,session_id,correct_or_not,target_label_prob,airplane_prob,bear_prob,bike_prob,bird_prob,boat_prob,bowl_prob,car_prob,cat_prob,chair_prob,couch_prob,cup_prob,dog_prob,fish_prob,frog_prob,house_prob,key_prob,person_prob,phone_prob,rabbit_prob,scissors_prob,sheep_prob,train_prob,tree_prob
0,4180,5,dog,run_v31526158807742,0.0,0.04832547724934781,0.04190936354765286,0.0444786673375627,0.039793963124324934,0.044819368769977046,0.04792202458386366,0.04016971175843376,0.04356241768449602,0.04682462740329802,0.040767604266861907,0.03892638456202749,0.03635119722106385,0.04832547724934781,0.04321091467577072,0.04647864329111143,0.04239822060013542,0.043921459283667606,0.042007775166728004,0.03867922608553047,0.04576913530338248,0.03852421519623408,0.049995579310463105,0.05439433174441428,0.04076969183365216
