,index,age,target_label,session_id,correct_or_not,target_label_prob,airplane_prob,bear_prob,bike_prob,bird_prob,boat_prob,bowl_prob,car_prob,cat_prob,chair_prob,couch_prob,cup_prob,dog_prob,fish_prob,frog_prob,house_prob,key_prob,person_prob,phone_prob,rabbit_prob,scissors_prob,sheep_prob,train_prob,tree_prob
0,3350,6,chair,run_v31531611923522,0.0,0.04585723725159793,0.03988181668104884,0.04413145007124402,0.033838874310615205,0.03475114763221681,0.03507611800446385,0.05783438296028764,0.040784383787678555,0.03764599117313815,0.04585723725159793,0.040218262488954694,0.04784067561549488,0.03619823726856968,0.03311568053266768,0.04181698742983227,0.038833874332157986,0.05174670527466993,0.04318106738112035,0.05290372459915478,0.040693535287650275,0.06018943299975789,0.053397441181518304,0.04343361900941182,0.046629354726748666
