,index,age,target_label,session_id,correct_or_not,target_label_prob,airplane_prob,bear_prob,bike_prob,bird_prob,boat_prob,bowl_prob,car_prob,cat_prob,chair_prob,couch_prob,cup_prob,dog_prob,fish_prob,frog_prob,house_prob,key_prob,person_prob,phone_prob,rabbit_prob,scissors_prob,sheep_prob,train_prob,tree_prob
0,68,8,airplane,run_v31532037422524,1.0,0.06034961076530041,0.06034961076530041,0.04000233698148296,0.036458891476545935,0.040962253262363836,0.05836378935765115,0.03554269699860392,0.05730575558539406,0.0425031417486966,0.04688724254079321,0.0399146751380648,0.036140777609499714,0.04261313633438155,0.041081902236460265,0.03877542734498225,0.041596420374944446,0.04437979916527039,0.043558423670198985,0.036528761317657164,0.04431366572358586,0.04171017606686872,0.040487653183761775,0.05176515388032294,0.03875830923716919
