,index,age,target_label,session_id,correct_or_not,target_label_prob,airplane_prob,bear_prob,bike_prob,bird_prob,boat_prob,bowl_prob,car_prob,cat_prob,chair_prob,couch_prob,cup_prob,dog_prob,fish_prob,frog_prob,house_prob,key_prob,person_prob,phone_prob,rabbit_prob,scissors_prob,sheep_prob,train_prob,tree_prob
0,4648,6,fish,run_v31526666150080,1.0,0.06180097948126983,0.038651595590649616,0.03999142543476491,0.04486821385899508,0.04723013524931351,0.042223749290782125,0.05290946236350463,0.049642231392102436,0.041523789155608226,0.037626556582361824,0.040595512547457614,0.05073248707492981,0.04575805208827972,0.06180097948126983,0.03934737212080706,0.03758265611773052,0.051395041089346595,0.03769870852731368,0.039217813311147744,0.04011723516959178,0.040963103420905304,0.038571355191672145,0.041445342543984624,0.04010718239748118
