,index,age,target_label,session_id,correct_or_not,target_label_prob,airplane_prob,bear_prob,bike_prob,bird_prob,boat_prob,bowl_prob,car_prob,cat_prob,chair_prob,couch_prob,cup_prob,dog_prob,fish_prob,frog_prob,house_prob,key_prob,person_prob,phone_prob,rabbit_prob,scissors_prob,sheep_prob,train_prob,tree_prob
0,5553,5,house,run_v31533759980347,1.0,0.08352465606390519,0.04609081386790796,0.04004770913578758,0.0378972104154053,0.04066763686830864,0.05578649933452768,0.04345021528078375,0.04255550408388837,0.03553949770864788,0.05142153362253809,0.043435566754082625,0.042504824556297054,0.03980291572170492,0.03870194026835141,0.04242818186252071,0.08352465606390519,0.03887063268723369,0.039967262753104554,0.04035191646094685,0.037093575828301584,0.03945322284140692,0.042477957433622864,0.03864460091929274,0.03928612553143383
