,index,age,target_label,session_id,correct_or_not,target_label_prob,airplane_prob,bear_prob,bike_prob,bird_prob,boat_prob,bowl_prob,car_prob,cat_prob,chair_prob,couch_prob,cup_prob,dog_prob,fish_prob,frog_prob,house_prob,key_prob,person_prob,phone_prob,rabbit_prob,scissors_prob,sheep_prob,train_prob,tree_prob
0,6979,4,rabbit,run_v31529264521476,0.0,0.038188496950575315,0.0354400929984392,0.041179253487910614,0.03422513618159852,0.042931865353214006,0.04673374835653274,0.03996765359609159,0.044789244205172545,0.050330867445046466,0.05260353055314829,0.033400839844093005,0.04352272332132562,0.05294247765140282,0.03915724767246314,0.04345611344305772,0.048354635877465586,0.03158053250247401,0.05320248503878639,0.04573582083484862,0.038188496950575315,0.03841055583335176,0.04548062619508763,0.04661734621604584,0.0517487064418686
