,index,age,target_label,session_id,correct_or_not,target_label_prob,airplane_prob,bear_prob,bike_prob,bird_prob,boat_prob,bowl_prob,car_prob,cat_prob,chair_prob,couch_prob,cup_prob,dog_prob,fish_prob,frog_prob,house_prob,key_prob,person_prob,phone_prob,rabbit_prob,scissors_prob,sheep_prob,train_prob,tree_prob
0,8642,8,tree,run_v31535830420056,1.0,0.06625979752878995,0.04520141895431297,0.0467002325254012,0.036857180151035215,0.042279575668137566,0.04249868711529725,0.03875958780545149,0.03737400762200886,0.043021790503012206,0.03742177971031344,0.034569541175548175,0.03881528001316344,0.04510212663572816,0.037971376318187304,0.04558402190073447,0.041833290750143144,0.04656387134629298,0.047560295197500636,0.04347279742383323,0.05046133383985329,0.04601950722615545,0.04530380413746392,0.040368696451635606,0.06625979752878995
