,index,age,target_label,session_id,correct_or_not,target_label_prob,airplane_prob,bear_prob,bike_prob,bird_prob,boat_prob,bowl_prob,car_prob,cat_prob,chair_prob,couch_prob,cup_prob,dog_prob,fish_prob,frog_prob,house_prob,key_prob,person_prob,phone_prob,rabbit_prob,scissors_prob,sheep_prob,train_prob,tree_prob
0,7902,2,sheep,run_v41541896384786,0.0,0.042729184152281295,0.039220883995338254,0.05632281856731954,0.04084542785629492,0.05206824718238626,0.03637380255910809,0.04559856725632562,0.04843704581325981,0.044167811205206596,0.04258685255415169,0.039177392256614346,0.04727555454146225,0.046189243124051246,0.04519697811431494,0.051097242479974644,0.03950563144062182,0.04255202997783381,0.037590751410076576,0.03242936403996552,0.05613674097201799,0.04108919032454638,0.042729184152281295,0.0377193093806753,0.03568993079617306
