,index,age,target_label,session_id,correct_or_not,target_label_prob,airplane_prob,bear_prob,bike_prob,bird_prob,boat_prob,bowl_prob,car_prob,cat_prob,chair_prob,couch_prob,cup_prob,dog_prob,fish_prob,frog_prob,house_prob,key_prob,person_prob,phone_prob,rabbit_prob,scissors_prob,sheep_prob,train_prob,tree_prob
0,106,8,airplane,run_v31528583580541,0.0,0.04038433491741713,0.04038433491741713,0.060623879445910814,0.040885877539944854,0.03984030943659093,0.039712007882217605,0.03776743551990151,0.048754915823786785,0.04367572098711312,0.03878445172464941,0.036652528894830214,0.033690664360312324,0.04044932054146991,0.04245695939941726,0.05009106849199124,0.03635427150951977,0.040221665807139005,0.0508999701046603,0.03765109857546004,0.06589789643508882,0.044698720237963147,0.040147925441967325,0.040016441917501866,0.05034253500514653
