,index,age,target_label,session_id,correct_or_not,target_label_prob,airplane_prob,bear_prob,bike_prob,bird_prob,boat_prob,bowl_prob,car_prob,cat_prob,chair_prob,couch_prob,cup_prob,dog_prob,fish_prob,frog_prob,house_prob,key_prob,person_prob,phone_prob,rabbit_prob,scissors_prob,sheep_prob,train_prob,tree_prob
0,1952,5,bowl,run_v31531868519222,1.0,0.09017107805863654,0.04011460123840505,0.04137054623137036,0.03734980325980869,0.04161249555909836,0.060468603393745435,0.09017107805863654,0.03362225884188271,0.040440773569667646,0.041872285689707626,0.03857155425293319,0.05566680314767643,0.04015237402886941,0.04303671730155841,0.039590609927563705,0.026991278402758924,0.04585379729194186,0.038458917324990696,0.04734051323619486,0.03922118819589211,0.040629403740347424,0.03998404222079114,0.037635676234611184,0.03984467885154825
