,index,age,target_label,session_id,correct_or_not,target_label_prob,airplane_prob,bear_prob,bike_prob,bird_prob,boat_prob,bowl_prob,car_prob,cat_prob,chair_prob,couch_prob,cup_prob,dog_prob,fish_prob,frog_prob,house_prob,key_prob,person_prob,phone_prob,rabbit_prob,scissors_prob,sheep_prob,train_prob,tree_prob
0,1746,9,boat,run_v31534710906453,1.0,0.08547532169135756,0.05208712376042931,0.03912402971968868,0.03451407502874605,0.0425593946179248,0.08547532169135756,0.04633207264406784,0.03464428124939056,0.040850738113324174,0.026161265673639234,0.03229109148328577,0.042566996771721245,0.03694120605569529,0.038081875366994235,0.041300701594763255,0.0721226879425746,0.044040991824295314,0.04695596492730984,0.02852826490006827,0.03969180096436217,0.05058624916965904,0.042502679935009696,0.038255752687267955,0.044385433878425265
