,index,age,target_label,session_id,correct_or_not,target_label_prob,airplane_prob,bear_prob,bike_prob,bird_prob,boat_prob,bowl_prob,car_prob,cat_prob,chair_prob,couch_prob,cup_prob,dog_prob,fish_prob,frog_prob,house_prob,key_prob,person_prob,phone_prob,rabbit_prob,scissors_prob,sheep_prob,train_prob,tree_prob
0,8278,3,train,run_v41537388576931,0.0,0.04330348158240391,0.04499089095129065,0.04162596783929025,0.04580362933099219,0.04628789239387458,0.040293262690446134,0.051823012469308205,0.042945981129861525,0.038943621732215314,0.03825547170584555,0.03689963828217432,0.05347744034177409,0.03988585485109933,0.045222623164444045,0.04135507662952566,0.03685521421486969,0.04902679134709107,0.042385708116509026,0.04441403852023547,0.04207200152411902,0.050935472632463036,0.04046439681754135,0.04330348158240391,0.04273253173262541
