,index,age,target_label,session_id,correct_or_not,target_label_prob,airplane_prob,bear_prob,bike_prob,bird_prob,boat_prob,bowl_prob,car_prob,cat_prob,chair_prob,couch_prob,cup_prob,dog_prob,fish_prob,frog_prob,house_prob,key_prob,person_prob,phone_prob,rabbit_prob,scissors_prob,sheep_prob,train_prob,tree_prob
0,6162,5,person,run_v31533771560093,1.0,0.07036081518208026,0.038740257664171024,0.0466272933964982,0.037703510434812675,0.04373209478359494,0.042755691596537755,0.039147319184117256,0.03959925671573409,0.04410453706560202,0.04206169960317905,0.03664141139050636,0.03959992098838762,0.04765586728035224,0.04592403918644537,0.05357186444077107,0.034848139751593836,0.0392822411426959,0.07036081518208026,0.046441134306902575,0.040192390797077905,0.04037952505444681,0.04719765160278551,0.04359261601025893,0.039840722421448614
