,index,age,target_label,session_id,correct_or_not,target_label_prob,airplane_prob,bear_prob,bike_prob,bird_prob,boat_prob,bowl_prob,car_prob,cat_prob,chair_prob,couch_prob,cup_prob,dog_prob,fish_prob,frog_prob,house_prob,key_prob,person_prob,phone_prob,rabbit_prob,scissors_prob,sheep_prob,train_prob,tree_prob
0,6919,9,rabbit,run_v31531507200921,1.0,0.06402480404140287,0.043455848542419,0.04849769791087364,0.04306066402748137,0.04724252866536239,0.03464761867015999,0.03718760638841542,0.05015410373321619,0.047008788336014094,0.03627901578796243,0.04137703322834518,0.0369750366654319,0.04791954152204982,0.043921209703397995,0.035710720065799985,0.03609584978249314,0.0447065778971921,0.0402295205876011,0.04060491245737659,0.06402480404140287,0.04678660340145648,0.04667014314033105,0.04117245641570496,0.046271719029512215
