,index,age,target_label,session_id,correct_or_not,target_label_prob,airplane_prob,bear_prob,bike_prob,bird_prob,boat_prob,bowl_prob,car_prob,cat_prob,chair_prob,couch_prob,cup_prob,dog_prob,fish_prob,frog_prob,house_prob,key_prob,person_prob,phone_prob,rabbit_prob,scissors_prob,sheep_prob,train_prob,tree_prob
0,2903,4,cat,run_v41539469704607,0.0,0.05216785410780841,0.05323680646446589,0.04181727709319474,0.039878556430185244,0.0446744666686144,0.03906428969316887,0.04492624832216168,0.04228456980778672,0.05216785410780841,0.02963915149495541,0.03424260326695464,0.04397268511534083,0.038971201338386253,0.04478620428109937,0.041028379103640086,0.06568227153736865,0.03829917814708242,0.03388670081552274,0.05003190530687845,0.06315655746090243,0.048606253556184496,0.036821592398965264,0.03875676910007819,0.034068478489254754
