,index,age,target_label,session_id,correct_or_not,target_label_prob,airplane_prob,bear_prob,bike_prob,bird_prob,boat_prob,bowl_prob,car_prob,cat_prob,chair_prob,couch_prob,cup_prob,dog_prob,fish_prob,frog_prob,house_prob,key_prob,person_prob,phone_prob,rabbit_prob,scissors_prob,sheep_prob,train_prob,tree_prob
0,1754,10,boat,run_v31533242366572,0.0,0.04240372542577081,0.041781283547120324,0.042238650479955786,0.03724211502321372,0.046053876194330455,0.04240372542577081,0.0522068983881043,0.04048524885511266,0.04099962516360454,0.04008097790887812,0.05312655159306693,0.03909187143976964,0.04306216193795334,0.0393832888428936,0.043434730852353456,0.06961632765024019,0.04064265454953511,0.04242018585318904,0.04383164348733331,0.04337473672945192,0.0402387720102454,0.04156787807509203,0.03437615514272414,0.04234064085006106
