,index,age,target_label,session_id,correct_or_not,target_label_prob,airplane_prob,bear_prob,bike_prob,bird_prob,boat_prob,bowl_prob,car_prob,cat_prob,chair_prob,couch_prob,cup_prob,dog_prob,fish_prob,frog_prob,house_prob,key_prob,person_prob,phone_prob,rabbit_prob,scissors_prob,sheep_prob,train_prob,tree_prob
0,3502,5,couch,run_v31527982528073,0.0,0.0493857521708026,0.0339741703031973,0.04118612230018692,0.044097833052972636,0.043794640600061434,0.032359476358394784,0.04378031871303221,0.05041306338083956,0.04072833689003084,0.05455749527379347,0.0493857521708026,0.039086062706913005,0.04364125484126579,0.03532102625194575,0.03891316256227968,0.0613532520331509,0.0439601395432163,0.042669247714142544,0.04722291845761346,0.04420422411427081,0.04025684830457228,0.03642211000468184,0.04708531056044706,0.04558723386218877
