,index,age,target_label,session_id,correct_or_not,target_label_prob,airplane_prob,bear_prob,bike_prob,bird_prob,boat_prob,bowl_prob,car_prob,cat_prob,chair_prob,couch_prob,cup_prob,dog_prob,fish_prob,frog_prob,house_prob,key_prob,person_prob,phone_prob,rabbit_prob,scissors_prob,sheep_prob,train_prob,tree_prob
0,6494,3,phone,run_v41540322413149,0.0,0.04698969056167337,0.034878138895094266,0.04091541276230098,0.040995470753912994,0.04684218390242497,0.047026686146912855,0.06181472902253239,0.030632014837678304,0.04010861200721706,0.047425224381132926,0.040399833293988045,0.0417465726311432,0.040882673820364236,0.03937859365045111,0.04792797796623883,0.030749060320699868,0.0346705849934872,0.03728061570066793,0.04698969056167337,0.04717385927081354,0.05225599523818148,0.05160181707908042,0.04803004560687791,0.050274207157126154
