,index,age,target_label,session_id,correct_or_not,target_label_prob,airplane_prob,bear_prob,bike_prob,bird_prob,boat_prob,bowl_prob,car_prob,cat_prob,chair_prob,couch_prob,cup_prob,dog_prob,fish_prob,frog_prob,house_prob,key_prob,person_prob,phone_prob,rabbit_prob,scissors_prob,sheep_prob,train_prob,tree_prob
0,6041,6,key,run_v41541266184035,1.0,0.06858562834693212,0.038445348069112296,0.04538517216265299,0.04146966154272141,0.0469410344828861,0.03860721433212081,0.044619973563470194,0.040790136074714725,0.04384245764053208,0.03625091429437574,0.036775958135379386,0.04064941387376796,0.04205596970663922,0.042178528137370705,0.05285788379255371,0.03960402921017293,0.06858562834693212,0.042097577185199395,0.03651144536591729,0.056387021649391224,0.05580879357153631,0.03886282288438874,0.03237728566432485,0.03889573031383981
