,index,age,target_label,session_id,correct_or_not,target_label_prob,airplane_prob,bear_prob,bike_prob,bird_prob,boat_prob,bowl_prob,car_prob,cat_prob,chair_prob,couch_prob,cup_prob,dog_prob,fish_prob,frog_prob,house_prob,key_prob,person_prob,phone_prob,rabbit_prob,scissors_prob,sheep_prob,train_prob,tree_prob
0,3424,4,couch,run_v31529092415344,0.0,0.05815451330815293,0.05401282710671171,0.040580092827368484,0.04072329067577313,0.04504025074778442,0.060222647516932175,0.04085580509690873,0.04372410856798214,0.04140558935787714,0.04023631726557826,0.05815451330815293,0.04467799551305427,0.03553458087042352,0.04567410120239595,0.03806590114756733,0.032180055271852255,0.044000178634243055,0.02841620187610098,0.04313948054453547,0.04370763239136923,0.04079747643155205,0.04509082523814878,0.05418486542550812,0.03957526298217976
