,index,age,target_label,session_id,correct_or_not,target_label_prob,airplane_prob,bear_prob,bike_prob,bird_prob,boat_prob,bowl_prob,car_prob,cat_prob,chair_prob,couch_prob,cup_prob,dog_prob,fish_prob,frog_prob,house_prob,key_prob,person_prob,phone_prob,rabbit_prob,scissors_prob,sheep_prob,train_prob,tree_prob
0,4711,4,fish,run_v31532718403515,1.0,0.05578274107566961,0.04488718292546832,0.040795462098952934,0.04592182281845473,0.046125201285275474,0.03170599879265511,0.03923082984639664,0.044292912118227175,0.04375818824221621,0.04010693174068146,0.04476145191971929,0.04718844121850688,0.04902605358527972,0.05578274107566961,0.043832037795528744,0.03348433935286872,0.04288375053278791,0.04318267365253876,0.041059988771297504,0.04896479865935741,0.04238148672795665,0.04971239731246903,0.04142042883887026,0.03949488068882134
