,index,age,target_label,session_id,correct_or_not,target_label_prob,airplane_prob,bear_prob,bike_prob,bird_prob,boat_prob,bowl_prob,car_prob,cat_prob,chair_prob,couch_prob,cup_prob,dog_prob,fish_prob,frog_prob,house_prob,key_prob,person_prob,phone_prob,rabbit_prob,scissors_prob,sheep_prob,train_prob,tree_prob
0,4735,7,fish,run_v31526064719488,1.0,0.05828965057602638,0.034590267515890845,0.05442162895243656,0.04088982406126377,0.043718015128581554,0.04094095469785978,0.048525068194222115,0.04269713966832411,0.04863638854991757,0.04161156336945174,0.03603617565839097,0.0406449258314654,0.04700031813744612,0.05828965057602638,0.049283108542508024,0.04058384762232237,0.043160885593340796,0.04537222816648487,0.0448784747370371,0.04350012402914063,0.03431715579445583,0.043071053767077296,0.040124878224948694,0.0377063231814076
