,index,age,target_label,session_id,correct_or_not,target_label_prob,airplane_prob,bear_prob,bike_prob,bird_prob,boat_prob,bowl_prob,car_prob,cat_prob,chair_prob,couch_prob,cup_prob,dog_prob,fish_prob,frog_prob,house_prob,key_prob,person_prob,phone_prob,rabbit_prob,scissors_prob,sheep_prob,train_prob,tree_prob
0,5704,6,key,run_v41542055038632,0.0,0.04596831977104233,0.05247444718681651,0.03623104444133616,0.04515685751406276,0.04288170647712709,0.046367702340800995,0.04910546674931279,0.05302088041170555,0.03953514774297789,0.038021416591761614,0.04472664410098331,0.05069791169921982,0.04705309744266666,0.053296422594995195,0.035819737132528756,0.0416118680570229,0.04596831977104233,0.03864952424235364,0.03517856669125897,0.03600678241336248,0.04129460872148729,0.04062657583680198,0.045379629010627795,0.040895642829747746
