,index,age,target_label,session_id,correct_or_not,target_label_prob,airplane_prob,bear_prob,bike_prob,bird_prob,boat_prob,bowl_prob,car_prob,cat_prob,chair_prob,couch_prob,cup_prob,dog_prob,fish_prob,frog_prob,house_prob,key_prob,person_prob,phone_prob,rabbit_prob,scissors_prob,sheep_prob,train_prob,tree_prob
0,376,6,airplane,run_v31531345439383,1.0,0.05783585803945774,0.05783585803945774,0.04202461766214816,0.03996653418045554,0.04795980522354986,0.05270572405005474,0.04025029869051614,0.04001074523785919,0.04536607163167581,0.039985226075982136,0.0402845603172332,0.04258382800831988,0.04265153873183676,0.04567165201024914,0.04381734187904293,0.04241530733840448,0.03884530376941086,0.04214801336897897,0.0383326192628963,0.0411743939629355,0.04693362076170643,0.043321809990553635,0.04307917216823399,0.04263595763849871
