,index,age,target_label,session_id,correct_or_not,target_label_prob,airplane_prob,bear_prob,bike_prob,bird_prob,boat_prob,bowl_prob,car_prob,cat_prob,chair_prob,couch_prob,cup_prob,dog_prob,fish_prob,frog_prob,house_prob,key_prob,person_prob,phone_prob,rabbit_prob,scissors_prob,sheep_prob,train_prob,tree_prob
0,4335,5,dog,run_v31534719241030,0.0,0.051028675235936904,0.04893319138702341,0.04723832585462002,0.04964873698498,0.05072847312960139,0.04004535727860968,0.04374268646957532,0.04033412512084675,0.041459540790460714,0.03879331762188581,0.039690813463220696,0.03979620223713098,0.051028675235936904,0.05752823425673705,0.0475753337223503,0.033540769749711825,0.040743866052362014,0.04261039761408897,0.03856363903732549,0.037540806294556285,0.04424181118915308,0.04622518526503442,0.04023779584656258,0.03975271539822625
