,index,age,target_label,session_id,correct_or_not,target_label_prob,airplane_prob,bear_prob,bike_prob,bird_prob,boat_prob,bowl_prob,car_prob,cat_prob,chair_prob,couch_prob,cup_prob,dog_prob,fish_prob,frog_prob,house_prob,key_prob,person_prob,phone_prob,rabbit_prob,scissors_prob,sheep_prob,train_prob,tree_prob
0,3687,9,couch,run_v31530648954650,0.0,0.060547534333109096,0.048414393164882406,0.03881173364615639,0.03801933957964568,0.033558842016989214,0.04956258396059906,0.04860429427041137,0.036211926546869826,0.036549800011541414,0.06599307636489676,0.060547534333109096,0.042724279426610716,0.03960663900303699,0.04772181793259901,0.039212639324452264,0.04485608029668305,0.05059254294889463,0.04715793824649893,0.02803039897294023,0.03967207261906374,0.03894317478942801,0.03339798219026867,0.05230470178169922,0.039506208572723335
