,index,age,target_label,session_id,correct_or_not,target_label_prob,airplane_prob,bear_prob,bike_prob,bird_prob,boat_prob,bowl_prob,car_prob,cat_prob,chair_prob,couch_prob,cup_prob,dog_prob,fish_prob,frog_prob,house_prob,key_prob,person_prob,phone_prob,rabbit_prob,scissors_prob,sheep_prob,train_prob,tree_prob
0,7599,9,sheep,run_v41541978533718,1.0,0.07060219459656783,0.03573689950851169,0.039613220622300875,0.04394895923457174,0.04497868516547251,0.04032806283290132,0.039150476505858386,0.04734152107641216,0.044818641335576365,0.04376815169717604,0.03502069416012588,0.03599996477667203,0.05195985117450225,0.0424394032744333,0.04918123532444135,0.039834262612077266,0.05212436944586709,0.044489843806649415,0.03151390839051101,0.04344150459802409,0.0414928221731663,0.07060219459656783,0.041572318744318285,0.040643008943863
