,index,age,target_label,session_id,correct_or_not,target_label_prob,airplane_prob,bear_prob,bike_prob,bird_prob,boat_prob,bowl_prob,car_prob,cat_prob,chair_prob,couch_prob,cup_prob,dog_prob,fish_prob,frog_prob,house_prob,key_prob,person_prob,phone_prob,rabbit_prob,scissors_prob,sheep_prob,train_prob,tree_prob
0,1815,10,boat,run_v31533331833502,1.0,0.05297873353472093,0.052429351174520036,0.03735023900374879,0.036091563491987076,0.044693890759838054,0.05297873353472093,0.04734725443414325,0.041710300966998175,0.04357129654321535,0.03984875604566074,0.04957748550930918,0.043892398988194616,0.03748498320767415,0.050345474732397553,0.041341684951765975,0.0388245509134152,0.04598390409351416,0.041775934227918636,0.04595544306566413,0.04006401308439974,0.03926122074871506,0.04249930957940548,0.046791515465889416,0.04018069547690411
