,index,age,target_label,session_id,correct_or_not,target_label_prob,airplane_prob,bear_prob,bike_prob,bird_prob,boat_prob,bowl_prob,car_prob,cat_prob,chair_prob,couch_prob,cup_prob,dog_prob,fish_prob,frog_prob,house_prob,key_prob,person_prob,phone_prob,rabbit_prob,scissors_prob,sheep_prob,train_prob,tree_prob
0,2566,4,car,run_v31533404883967,1.0,0.05395474501161679,0.04725658206473216,0.040967581807968396,0.04272010507567104,0.043964905545308214,0.04390127559748611,0.03949709699239135,0.05395474501161679,0.039918301755969623,0.04353245848483758,0.0448555343947025,0.04143245121835994,0.04158647875139267,0.04593235520048539,0.04491062059569984,0.03664131976349113,0.045839003595640235,0.040185628187836823,0.04387624751999796,0.05047968672258482,0.0429685961389866,0.03891105440176317,0.0423691426391635,0.044298828533913905
