,index,age,target_label,session_id,correct_or_not,target_label_prob,airplane_prob,bear_prob,bike_prob,bird_prob,boat_prob,bowl_prob,car_prob,cat_prob,chair_prob,couch_prob,cup_prob,dog_prob,fish_prob,frog_prob,house_prob,key_prob,person_prob,phone_prob,rabbit_prob,scissors_prob,sheep_prob,train_prob,tree_prob
0,205,5,airplane,run_v31530719999633,0.0,0.05291061611617474,0.05291061611617474,0.0379026820184009,0.05599204890741898,0.0432403190228038,0.04585829667618371,0.03873478263121128,0.04098220098557556,0.045488279645014645,0.04648135672260574,0.038707694545364484,0.03924345419984894,0.03984766200727789,0.04843891586114874,0.03921813727707863,0.03943847023340658,0.04467385531569698,0.051174118364662166,0.038958499645732225,0.042546568569073344,0.05043538314063415,0.038967605675517186,0.04270614136553452,0.03805291107363503
