,index,age,target_label,session_id,correct_or_not,target_label_prob,airplane_prob,bear_prob,bike_prob,bird_prob,boat_prob,bowl_prob,car_prob,cat_prob,chair_prob,couch_prob,cup_prob,dog_prob,fish_prob,frog_prob,house_prob,key_prob,person_prob,phone_prob,rabbit_prob,scissors_prob,sheep_prob,train_prob,tree_prob
0,2615,8,car,run_v31535321609979,1.0,0.07439261646064452,0.041311227980375266,0.04834992111945332,0.05419008220356712,0.04642779351432023,0.039606474406753064,0.036164567596224856,0.07439261646064452,0.03890512220807153,0.039370784578761295,0.04193355571495873,0.04275683188564568,0.04630128421901244,0.03577888228524688,0.04263485966620716,0.036363192700713004,0.039006676070896855,0.030636176984970863,0.03585168843301516,0.041457709976975385,0.03827185279418534,0.06086925796060379,0.04973894798026831,0.039680493259129215
