,index,age,target_label,session_id,correct_or_not,target_label_prob,airplane_prob,bear_prob,bike_prob,bird_prob,boat_prob,bowl_prob,car_prob,cat_prob,chair_prob,couch_prob,cup_prob,dog_prob,fish_prob,frog_prob,house_prob,key_prob,person_prob,phone_prob,rabbit_prob,scissors_prob,sheep_prob,train_prob,tree_prob
0,16,3,airplane,run_v31530475738016,0.0,0.05250049261115988,0.05250049261115988,0.03850616991042915,0.03810812397928508,0.04889921729631707,0.04819288804716195,0.03980063895683527,0.05327987294344386,0.03963690046723902,0.039873637803868864,0.04708003697184612,0.038986550738405366,0.04677258197379566,0.04963531361528651,0.04873483170434123,0.03576642614791853,0.04067496674243812,0.03729031068674966,0.04331406517201079,0.041015343293732916,0.039761961298638016,0.04689368173025565,0.04967991324667727,0.03559607466216394
