,index,age,target_label,session_id,correct_or_not,target_label_prob,airplane_prob,bear_prob,bike_prob,bird_prob,boat_prob,bowl_prob,car_prob,cat_prob,chair_prob,couch_prob,cup_prob,dog_prob,fish_prob,frog_prob,house_prob,key_prob,person_prob,phone_prob,rabbit_prob,scissors_prob,sheep_prob,train_prob,tree_prob
0,8662,9,tree,run_v31533070797058,0.0,0.05511040245762206,0.04487011550354424,0.04386921242799739,0.03708953569896233,0.04309699287236977,0.05052334544240986,0.04076633096001968,0.03863836577776685,0.036888184099381646,0.06513223503121325,0.03515237238818593,0.044569456567005186,0.03968305365451082,0.03943734119923766,0.039075360576845165,0.051916349538889905,0.04035825386090988,0.059204429007187274,0.03500246027755292,0.039861717747238797,0.04196413846101834,0.0418490973250864,0.03594124912504453,0.05511040245762206
