,index,age,target_label,session_id,correct_or_not,target_label_prob,airplane_prob,bear_prob,bike_prob,bird_prob,boat_prob,bowl_prob,car_prob,cat_prob,chair_prob,couch_prob,cup_prob,dog_prob,fish_prob,frog_prob,house_prob,key_prob,person_prob,phone_prob,rabbit_prob,scissors_prob,sheep_prob,train_prob,tree_prob
0,2283,4,car,run_v31535921460102,1.0,0.09739335449769697,0.04444223645995183,0.044791551772697086,0.03348292224648818,0.03943498890833244,0.03617469439332968,0.037246271710122424,0.09739335449769697,0.038488328484353476,0.031503190024650796,0.05822396913918826,0.035073858716040546,0.03523145279745888,0.035784011832368096,0.03739921483345325,0.054119422456984735,0.03635072578784714,0.03413784200355239,0.03493114229561826,0.05420268376512505,0.040390400011596904,0.04656221325192547,0.05058389889154774,0.04405162571967022
