,index,age,target_label,session_id,correct_or_not,target_label_prob,airplane_prob,bear_prob,bike_prob,bird_prob,boat_prob,bowl_prob,car_prob,cat_prob,chair_prob,couch_prob,cup_prob,dog_prob,fish_prob,frog_prob,house_prob,key_prob,person_prob,phone_prob,rabbit_prob,scissors_prob,sheep_prob,train_prob,tree_prob
0,7292,3,scissors,run_v41541361061529,0.0,0.03640098399682881,0.03964372812011022,0.04387999630886768,0.035974744140299476,0.05581525299881177,0.038032274142261895,0.03313140314756542,0.04266948100873113,0.05103116800381039,0.03190079903984756,0.03513161344775033,0.037817766884476266,0.047927102608182864,0.047800023839350184,0.057312979832917145,0.04217004873192074,0.060388974315504454,0.04138653529719822,0.04399985049336022,0.04601905597579703,0.03640098399682881,0.05248887410799118,0.03984920602478208,0.039228137533635035
