,index,age,target_label,session_id,correct_or_not,target_label_prob,airplane_prob,bear_prob,bike_prob,bird_prob,boat_prob,bowl_prob,car_prob,cat_prob,chair_prob,couch_prob,cup_prob,dog_prob,fish_prob,frog_prob,house_prob,key_prob,person_prob,phone_prob,rabbit_prob,scissors_prob,sheep_prob,train_prob,tree_prob
0,2284,8,car,run_v31534794677306,0.0,0.04781846145347601,0.04148422022424915,0.04493916621744967,0.03413766791765873,0.03921316024328518,0.03736405938713886,0.04243799275564014,0.04781846145347601,0.03931499178449845,0.03701385058521479,0.042832990648985166,0.04494150657827856,0.04267538213586719,0.04798539568743822,0.055611581472293316,0.03708914387199426,0.06165950569368228,0.030600079606058938,0.0678777288218647,0.03942801529027885,0.034111671812486664,0.048999650554701145,0.04150217925631885,0.040961598001140895
