,index,age,target_label,session_id,correct_or_not,target_label_prob,airplane_prob,bear_prob,bike_prob,bird_prob,boat_prob,bowl_prob,car_prob,cat_prob,chair_prob,couch_prob,cup_prob,dog_prob,fish_prob,frog_prob,house_prob,key_prob,person_prob,phone_prob,rabbit_prob,scissors_prob,sheep_prob,train_prob,tree_prob
0,2320,4,car,run_v31535481195584,1.0,0.05745596989244851,0.04678549118299933,0.04303987352407363,0.045622251251253215,0.0453013109929955,0.041497857607333266,0.04908688807135514,0.05745596989244851,0.039790389741062825,0.045989332660205766,0.038405804980148596,0.046276457261583,0.03996761989386335,0.04131718091485364,0.04481825684842741,0.03950496435526633,0.04177864998482167,0.04182550546213411,0.035934551155413705,0.05315560110198959,0.04532878068815428,0.03880234400845163,0.04389926991018186,0.03441564851098359
