,index,age,target_label,session_id,correct_or_not,target_label_prob,airplane_prob,bear_prob,bike_prob,bird_prob,boat_prob,bowl_prob,car_prob,cat_prob,chair_prob,couch_prob,cup_prob,dog_prob,fish_prob,frog_prob,house_prob,key_prob,person_prob,phone_prob,rabbit_prob,scissors_prob,sheep_prob,train_prob,tree_prob
0,6796,4,phone,run_v31529092415344,1.0,0.06208737925882136,0.04361025231300137,0.04177450531028308,0.03681477874835175,0.04162121099527534,0.0545680269342,0.04803667586984174,0.04164831023887537,0.043713472044296375,0.03621824566612044,0.03508230622647014,0.044575071368204176,0.04151150709933322,0.04899582569654725,0.04188778784023138,0.05430728095615542,0.041186576665147696,0.042272582775304116,0.06208737925882136,0.04608919625511661,0.038316661870812854,0.03770483291545356,0.03659945012216052,0.04137806282999633
