,index,age,target_label,session_id,correct_or_not,target_label_prob,airplane_prob,bear_prob,bike_prob,bird_prob,boat_prob,bowl_prob,car_prob,cat_prob,chair_prob,couch_prob,cup_prob,dog_prob,fish_prob,frog_prob,house_prob,key_prob,person_prob,phone_prob,rabbit_prob,scissors_prob,sheep_prob,train_prob,tree_prob
0,2570,4,car,run_v31533231737382,1.0,0.0589471661214099,0.03850825595968039,0.04815672232806625,0.0497639057867487,0.04307814613234718,0.038981285133695504,0.036670051129421594,0.0589471661214099,0.04530510151153293,0.03859868868948118,0.04094216752410981,0.035609364649689834,0.039845106451949955,0.04620777741385638,0.04770399664530362,0.04199450621020671,0.04623444825587307,0.043066023875702866,0.03888974616367727,0.04913889800350494,0.04474815278060246,0.03950527098491458,0.043128728018125055,0.04497649023009971
