,index,age,target_label,session_id,correct_or_not,target_label_prob,airplane_prob,bear_prob,bike_prob,bird_prob,boat_prob,bowl_prob,car_prob,cat_prob,chair_prob,couch_prob,cup_prob,dog_prob,fish_prob,frog_prob,house_prob,key_prob,person_prob,phone_prob,rabbit_prob,scissors_prob,sheep_prob,train_prob,tree_prob
0,3433,5,couch,run_v31527980999104,0.0,0.057479726372323486,0.0331823131214078,0.03987834603792502,0.04465503456403262,0.03920996250089524,0.03212504131275399,0.04270266905846415,0.04530386871089825,0.03773979025540641,0.05335094862044121,0.057479726372323486,0.05468216806569573,0.037156075869656566,0.045406703299225526,0.04332486141640704,0.04449284418332699,0.040478252275168145,0.045884313984354004,0.0634024283822611,0.03957889344610465,0.03704001458613286,0.04105200429435472,0.04085566899372787,0.041018070649036675
