,index,age,target_label,session_id,correct_or_not,target_label_prob,airplane_prob,bear_prob,bike_prob,bird_prob,boat_prob,bowl_prob,car_prob,cat_prob,chair_prob,couch_prob,cup_prob,dog_prob,fish_prob,frog_prob,house_prob,key_prob,person_prob,phone_prob,rabbit_prob,scissors_prob,sheep_prob,train_prob,tree_prob
0,3260,9,chair,run_v31530651505372,1.0,0.07862978121317452,0.04337202978051203,0.03951554851380656,0.03570748743212916,0.034212174525481594,0.040911387514985506,0.03637788259326916,0.03775878060533481,0.03745539448042838,0.07862978121317452,0.04709653039298768,0.05399184019519467,0.03853159407236029,0.03942875751507637,0.04396099268042776,0.06777924092995843,0.03708768819157802,0.0418634780092236,0.04331102161569926,0.044257204680784375,0.03912957435063266,0.041379031296902735,0.03730856907647803,0.04093401033357432
