,index,age,target_label,session_id,correct_or_not,target_label_prob,airplane_prob,bear_prob,bike_prob,bird_prob,boat_prob,bowl_prob,car_prob,cat_prob,chair_prob,couch_prob,cup_prob,dog_prob,fish_prob,frog_prob,house_prob,key_prob,person_prob,phone_prob,rabbit_prob,scissors_prob,sheep_prob,train_prob,tree_prob
0,2584,6,car,run_v31526251554792,1.0,0.07800690052439625,0.03996553461883318,0.04740636208692037,0.06232065960201482,0.0456629761895308,0.036281535272517824,0.03052206123788958,0.07800690052439625,0.047429113137727345,0.03842250912566524,0.03813391640472212,0.03501419608761983,0.04546311267749328,0.03995393966883133,0.044550272274521026,0.03568257788308551,0.037306597261270745,0.030125648562855083,0.03529788755666034,0.04211847380863187,0.04276614881534916,0.06487686826248322,0.043811320764322224,0.03888138817665903
