,index,age,target_label,session_id,correct_or_not,target_label_prob,airplane_prob,bear_prob,bike_prob,bird_prob,boat_prob,bowl_prob,car_prob,cat_prob,chair_prob,couch_prob,cup_prob,dog_prob,fish_prob,frog_prob,house_prob,key_prob,person_prob,phone_prob,rabbit_prob,scissors_prob,sheep_prob,train_prob,tree_prob
0,5713,5,key,run_v41542146453799,1.0,0.06974871334483977,0.03436227305043053,0.041431791728053856,0.03678599632791817,0.05345071392757528,0.03500715873158369,0.04319784210501422,0.038123191658517554,0.04629381866455049,0.03594844252910207,0.04485955590996034,0.04439257532038719,0.05221749117578822,0.05086597343053457,0.04891287987067198,0.03374967777976967,0.06974871334483977,0.03455692206763522,0.03081154710528222,0.04067678232118431,0.04875883188468992,0.05906603477554552,0.039027004472448064,0.03775478181851717
