,index,age,target_label,session_id,correct_or_not,target_label_prob,airplane_prob,bear_prob,bike_prob,bird_prob,boat_prob,bowl_prob,car_prob,cat_prob,chair_prob,couch_prob,cup_prob,dog_prob,fish_prob,frog_prob,house_prob,key_prob,person_prob,phone_prob,rabbit_prob,scissors_prob,sheep_prob,train_prob,tree_prob
0,671,6,bear,run_v41536525611330,1.0,0.06383460623343494,0.04670316894318139,0.06383460623343494,0.04498809686535673,0.0478799342568436,0.0394728889503781,0.03398580650156049,0.03752611650124897,0.043641910621313416,0.04478314205857698,0.037695104134472766,0.03974920512605997,0.04587793329267136,0.04452270459232644,0.0462743887619139,0.04059617862537518,0.036788767998521876,0.04273016544506677,0.034962682608752176,0.0620605126967524,0.03678166417755856,0.04224572978942877,0.04052480404721564,0.04637448777198942
