,index,age,target_label,session_id,correct_or_not,target_label_prob,airplane_prob,bear_prob,bike_prob,bird_prob,boat_prob,bowl_prob,car_prob,cat_prob,chair_prob,couch_prob,cup_prob,dog_prob,fish_prob,frog_prob,house_prob,key_prob,person_prob,phone_prob,rabbit_prob,scissors_prob,sheep_prob,train_prob,tree_prob
0,3050,8,chair,run_v31528578599110,1.0,0.09607300579909364,0.03708907621005938,0.03747514249023631,0.041255954099747354,0.04135385902211463,0.04091835037801633,0.04014240035684561,0.034677751026726114,0.04050591577632128,0.09607300579909364,0.04598744101453453,0.05428056194051666,0.04014896474308674,0.048434345988464966,0.03783764301373098,0.03765426922886754,0.04234573778642853,0.04924967086415697,0.03514568087439318,0.03670595966771308,0.03533403966053764,0.039625820874602216,0.04784417282879138,0.03991423635501496
