,index,age,target_label,session_id,correct_or_not,target_label_prob,airplane_prob,bear_prob,bike_prob,bird_prob,boat_prob,bowl_prob,car_prob,cat_prob,chair_prob,couch_prob,cup_prob,dog_prob,fish_prob,frog_prob,house_prob,key_prob,person_prob,phone_prob,rabbit_prob,scissors_prob,sheep_prob,train_prob,tree_prob
0,3741,4,couch,run_v31529263799251,1.0,0.09542418252604336,0.028147901898518658,0.041099902420748256,0.04238352792478434,0.02831393034411372,0.052561241195139545,0.0692322458509761,0.046633722110098946,0.0360504545973132,0.03825272439538895,0.09542418252604336,0.07229810019540008,0.03505565282754288,0.039315443539168604,0.03765127297232543,0.030236845314124752,0.03264213999991695,0.03596367593190407,0.03605958895994422,0.03749942915262723,0.03578949184753817,0.043237498422206755,0.04839749702020978,0.037753530553966075
