,index,age,target_label,session_id,correct_or_not,target_label_prob,airplane_prob,bear_prob,bike_prob,bird_prob,boat_prob,bowl_prob,car_prob,cat_prob,chair_prob,couch_prob,cup_prob,dog_prob,fish_prob,frog_prob,house_prob,key_prob,person_prob,phone_prob,rabbit_prob,scissors_prob,sheep_prob,train_prob,tree_prob
0,2863,3,cat,run_v41540409591964,0.0,0.050303842469736404,0.0355301086407356,0.04460648491282281,0.0382853980973675,0.048017952326598536,0.04007978314776775,0.04276735080159762,0.04297401865669244,0.050303842469736404,0.03939309206848511,0.04288761790485397,0.045406776465994635,0.04093531270606764,0.04740151454783902,0.04218096331111052,0.03596593326350056,0.06178900674052924,0.05365223874953295,0.04558702367593306,0.03802535432569014,0.04001192360161578,0.04141244651625863,0.03971366993837173,0.043072187130898436
