,index,age,target_label,session_id,correct_or_not,target_label_prob,airplane_prob,bear_prob,bike_prob,bird_prob,boat_prob,bowl_prob,car_prob,cat_prob,chair_prob,couch_prob,cup_prob,dog_prob,fish_prob,frog_prob,house_prob,key_prob,person_prob,phone_prob,rabbit_prob,scissors_prob,sheep_prob,train_prob,tree_prob
0,3012,4,cat,run_v41536178424927,0.0,0.03794493804429655,0.045631677838958586,0.06037237326822353,0.045423551128861005,0.04170697361975829,0.04508471149996238,0.042654201316587065,0.04079964874384365,0.03794493804429655,0.03943143604945703,0.03871560037545142,0.03965881563713869,0.04014181244520624,0.04233881373972876,0.043278662423497725,0.04008421580430514,0.04052924488259165,0.04325191838146185,0.042069804210224,0.05923513397889197,0.0466256242344614,0.038339492224998606,0.04161854655899156,0.04506280359310289
