,index,age,target_label,session_id,correct_or_not,target_label_prob,airplane_prob,bear_prob,bike_prob,bird_prob,boat_prob,bowl_prob,car_prob,cat_prob,chair_prob,couch_prob,cup_prob,dog_prob,fish_prob,frog_prob,house_prob,key_prob,person_prob,phone_prob,rabbit_prob,scissors_prob,sheep_prob,train_prob,tree_prob
0,6431,8,phone,run_v41541880421004,0.0,0.044029087772371724,0.05095709867409466,0.04085319476365986,0.036865146030751125,0.03804944406797446,0.04689017878376471,0.03810927639549686,0.04158558314003269,0.04228109082753419,0.04389068944249441,0.03480476830709952,0.04391635043631441,0.037689064367532894,0.0404235735409849,0.04236117154163777,0.06448372525374181,0.04327010102400562,0.038533030183331346,0.044029087772371724,0.04963237296039622,0.05833513851540369,0.0411045389696493,0.043854420935578724,0.03808095406614922
