,index,age,target_label,session_id,correct_or_not,target_label_prob,airplane_prob,bear_prob,bike_prob,bird_prob,boat_prob,bowl_prob,car_prob,cat_prob,chair_prob,couch_prob,cup_prob,dog_prob,fish_prob,frog_prob,house_prob,key_prob,person_prob,phone_prob,rabbit_prob,scissors_prob,sheep_prob,train_prob,tree_prob
0,1674,9,boat,run_v31534718569382,1.0,0.06949892816860502,0.05734533184898706,0.03971979729355071,0.041534079654729245,0.038271226118230584,0.06949892816860502,0.03664092323482056,0.04231685728996446,0.04559390379925794,0.04070637147630453,0.04230343158599315,0.04390658871654609,0.039724288571214905,0.045065757591189866,0.04172326672075795,0.05642560467590234,0.037306522452501545,0.039823571050951266,0.03551296443491653,0.03913788970469542,0.04512896417994417,0.04153150853070635,0.044552861273833386,0.036229361626396915
