,index,age,target_label,session_id,correct_or_not,target_label_prob,airplane_prob,bear_prob,bike_prob,bird_prob,boat_prob,bowl_prob,car_prob,cat_prob,chair_prob,couch_prob,cup_prob,dog_prob,fish_prob,frog_prob,house_prob,key_prob,person_prob,phone_prob,rabbit_prob,scissors_prob,sheep_prob,train_prob,tree_prob
0,6857,6,rabbit,run_v31531515586470,0.0,0.05616905550166881,0.04865779209785364,0.04728218514437937,0.06375079540715133,0.04893302269019282,0.04443549426846373,0.032323967698173965,0.040308864286330785,0.05313713807177395,0.03711052234646812,0.03379392879538695,0.039436678506440184,0.039380556960696186,0.04046999551331547,0.0401800663350064,0.03777796880617537,0.04582147753389966,0.05014205252928704,0.0380448780678469,0.05616905550166881,0.045841795982645636,0.03749325494962696,0.04403669788426385,0.03547181062295307
