,index,age,target_label,session_id,correct_or_not,target_label_prob,airplane_prob,bear_prob,bike_prob,bird_prob,boat_prob,bowl_prob,car_prob,cat_prob,chair_prob,couch_prob,cup_prob,dog_prob,fish_prob,frog_prob,house_prob,key_prob,person_prob,phone_prob,rabbit_prob,scissors_prob,sheep_prob,train_prob,tree_prob
0,7983,3,train,run_v41536864394840,0.0,0.04330907155095145,0.04272379236232364,0.04367991439090379,0.034630626551060584,0.04118012686955139,0.042099657357858436,0.041242275912734126,0.04075827089924608,0.03710271158640964,0.06127265350974463,0.04273531380436585,0.05097029374762965,0.041946392150822374,0.04173309344716877,0.04274114384111344,0.04644368404998358,0.04317185740042349,0.04267367051388955,0.04508068645924082,0.04041707826284742,0.04403969527793146,0.04297084568116195,0.04330907155095145,0.04707714437263783
