,index,age,target_label,session_id,correct_or_not,target_label_prob,airplane_prob,bear_prob,bike_prob,bird_prob,boat_prob,bowl_prob,car_prob,cat_prob,chair_prob,couch_prob,cup_prob,dog_prob,fish_prob,frog_prob,house_prob,key_prob,person_prob,phone_prob,rabbit_prob,scissors_prob,sheep_prob,train_prob,tree_prob
0,4916,2,frog,run_v41537126055817,0.0,0.051918722623132206,0.044308220597681906,0.040502538469283575,0.03755301700880739,0.04114562239074158,0.037598928993771645,0.04187153431973326,0.03802970702115702,0.04633201464360189,0.04381317461836426,0.04116907687481632,0.040244948343097005,0.0512880648024966,0.056098510116824374,0.051918722623132206,0.03212182964493787,0.04988478743640293,0.05150312826276948,0.03575860775914899,0.04391015903221949,0.05173204853341475,0.048069673256770425,0.03978278924455803,0.03536289600626911
