,index,age,target_label,session_id,correct_or_not,target_label_prob,airplane_prob,bear_prob,bike_prob,bird_prob,boat_prob,bowl_prob,car_prob,cat_prob,chair_prob,couch_prob,cup_prob,dog_prob,fish_prob,frog_prob,house_prob,key_prob,person_prob,phone_prob,rabbit_prob,scissors_prob,sheep_prob,train_prob,tree_prob
0,659,5,bear,run_v41540329124620,0.0,0.047194129240565305,0.04653054546405048,0.047194129240565305,0.0522890712018908,0.04793242558745367,0.04169699414288262,0.04165176273229314,0.043297975789673614,0.047432017204765274,0.04161468064999216,0.03711005629802541,0.04067616204259554,0.04726863782034356,0.046144439206381394,0.04869811706352223,0.03471341035655742,0.03629824198332989,0.04979389201603268,0.03965684212279061,0.039570348750044025,0.038674468037259865,0.04355012488823755,0.04398195207776674,0.0442237053235459
