,index,age,target_label,session_id,correct_or_not,target_label_prob,airplane_prob,bear_prob,bike_prob,bird_prob,boat_prob,bowl_prob,car_prob,cat_prob,chair_prob,couch_prob,cup_prob,dog_prob,fish_prob,frog_prob,house_prob,key_prob,person_prob,phone_prob,rabbit_prob,scissors_prob,sheep_prob,train_prob,tree_prob
0,861,8,bike,run_v31528578599110,0.0,0.07113659061728535,0.053833998727952505,0.035016592267737456,0.07113659061728535,0.04252216609254956,0.040235182602804016,0.036134073437492316,0.07352921624018816,0.03818793823609013,0.03876303720630553,0.034321905038248085,0.04281857725265993,0.038823108482726056,0.04791101826602299,0.034641377281886335,0.03984363943060076,0.04227235091464279,0.033300348846991505,0.036474497810381944,0.04296832408784454,0.05275338255231907,0.038879211515626,0.05159070527361452,0.034042757818030275
