,index,age,target_label,session_id,correct_or_not,target_label_prob,airplane_prob,bear_prob,bike_prob,bird_prob,boat_prob,bowl_prob,car_prob,cat_prob,chair_prob,couch_prob,cup_prob,dog_prob,fish_prob,frog_prob,house_prob,key_prob,person_prob,phone_prob,rabbit_prob,scissors_prob,sheep_prob,train_prob,tree_prob
0,4813,5,fish,run_v31534712177017,1.0,0.052762355882124926,0.050927273072611946,0.04421068681626594,0.038476680229292716,0.048775791302020186,0.04196825125732032,0.042763152041267065,0.03637713317356828,0.04895983924675201,0.04670498282335032,0.03988171452911002,0.045470607574382066,0.04642324006834377,0.052762355882124926,0.04498418640118253,0.03190830276423717,0.04302127552837593,0.050921744911533125,0.03418048276851309,0.04222774314396804,0.04691798646775821,0.04258578577058976,0.03692532197491313,0.04262546225251934
