,index,age,target_label,session_id,correct_or_not,target_label_prob,airplane_prob,bear_prob,bike_prob,bird_prob,boat_prob,bowl_prob,car_prob,cat_prob,chair_prob,couch_prob,cup_prob,dog_prob,fish_prob,frog_prob,house_prob,key_prob,person_prob,phone_prob,rabbit_prob,scissors_prob,sheep_prob,train_prob,tree_prob
0,6712,2,phone,run_v41536530024556,0.0,0.03826635770427203,0.037154970998015215,0.04130379310690125,0.049832307681112235,0.04728994285318419,0.04081039989986624,0.051310504525541964,0.03725767321720428,0.04443858661592424,0.03600043647554254,0.038023302974413746,0.05387325099468765,0.04473415822181521,0.04573960383054868,0.04314029583956917,0.04108531149278095,0.05308362551468383,0.036314977496281306,0.03826635770427203,0.04199728057785342,0.05462306281578611,0.04178258605212897,0.041672974288206675,0.04026459682367995
