,index,age,target_label,session_id,correct_or_not,target_label_prob,airplane_prob,bear_prob,bike_prob,bird_prob,boat_prob,bowl_prob,car_prob,cat_prob,chair_prob,couch_prob,cup_prob,dog_prob,fish_prob,frog_prob,house_prob,key_prob,person_prob,phone_prob,rabbit_prob,scissors_prob,sheep_prob,train_prob,tree_prob
0,2041,5,bowl,run_v31529527799264,0.0,0.05258986862917864,0.0443656269612962,0.05078791858798576,0.032239887469059404,0.03901131457249278,0.04664075423346725,0.05258986862917864,0.05962978410624742,0.0463893571925445,0.041198251390011986,0.0393793831729701,0.03649949156873679,0.040750874305367724,0.044829779644995627,0.05476203157454946,0.039711108636754644,0.03968370101119488,0.04628932980021888,0.04142534446175613,0.048112174200992695,0.04181012294869204,0.03714719616113586,0.03601235723672286,0.040734342133628566
