,index,age,target_label,session_id,correct_or_not,target_label_prob,airplane_prob,bear_prob,bike_prob,bird_prob,boat_prob,bowl_prob,car_prob,cat_prob,chair_prob,couch_prob,cup_prob,dog_prob,fish_prob,frog_prob,house_prob,key_prob,person_prob,phone_prob,rabbit_prob,scissors_prob,sheep_prob,train_prob,tree_prob
0,7705,7,sheep,run_v41540406933734,0.0,0.04325486664567824,0.050854475966451616,0.04227496998429493,0.04020546155607113,0.047685695716125825,0.04759405925325302,0.047851588151909825,0.046078717206680095,0.04265724732777315,0.04406177440505939,0.03571971564521192,0.03623361491855282,0.04664632642011335,0.05361048816506764,0.04807038088080163,0.03863954202738316,0.046789912405161116,0.04460600265928565,0.0345482307381514,0.03456789422147859,0.04097252619249834,0.04325486664567824,0.04830781004645511,0.03876869946654218
