,index,age,target_label,session_id,correct_or_not,target_label_prob,airplane_prob,bear_prob,bike_prob,bird_prob,boat_prob,bowl_prob,car_prob,cat_prob,chair_prob,couch_prob,cup_prob,dog_prob,fish_prob,frog_prob,house_prob,key_prob,person_prob,phone_prob,rabbit_prob,scissors_prob,sheep_prob,train_prob,tree_prob
0,4501,4,dog,run_v31533244161520,0.0,0.04021994065015135,0.05319869903621644,0.042833380230493885,0.03566906698125481,0.04190153398918042,0.04897505590167627,0.036790560014172705,0.03995551208481093,0.03584414778681204,0.06213082893494466,0.04300378301355283,0.04120922099301155,0.04021994065015135,0.04200978495059938,0.04089287774126052,0.04901776427761468,0.03936107016114803,0.04598500414088318,0.04009840298449295,0.04066362742595411,0.04680338098640577,0.040095940486185734,0.04231955824040043,0.05102085898877723
