,index,age,target_label,session_id,correct_or_not,target_label_prob,airplane_prob,bear_prob,bike_prob,bird_prob,boat_prob,bowl_prob,car_prob,cat_prob,chair_prob,couch_prob,cup_prob,dog_prob,fish_prob,frog_prob,house_prob,key_prob,person_prob,phone_prob,rabbit_prob,scissors_prob,sheep_prob,train_prob,tree_prob
0,1308,4,bird,run_v31530659023821,0.0,0.04227261762451563,0.05914749552393534,0.03876408764007972,0.047540026675446004,0.04227261762451563,0.0568014284934056,0.03704058457089176,0.03485615898726988,0.0412319779044861,0.048181852018525616,0.04014564275058478,0.041888117202029534,0.042303294333353135,0.05205144164034027,0.03830820426997811,0.04941970655756601,0.04353761287211427,0.039630608978519694,0.030561311740181903,0.039819809700201096,0.05056818784033205,0.042073387292283826,0.045790591598695564,0.038065853785264295
