,index,age,target_label,session_id,correct_or_not,target_label_prob,airplane_prob,bear_prob,bike_prob,bird_prob,boat_prob,bowl_prob,car_prob,cat_prob,chair_prob,couch_prob,cup_prob,dog_prob,fish_prob,frog_prob,house_prob,key_prob,person_prob,phone_prob,rabbit_prob,scissors_prob,sheep_prob,train_prob,tree_prob
0,6284,10,person,run_v31534190928374,0.0,0.054202805970799434,0.039840187201316504,0.04533278206791325,0.04755783018535813,0.04085930074138351,0.04813007136842517,0.038758939285256,0.048752813637865475,0.0361934015350846,0.042530504261395104,0.03638769497021601,0.042999167491512794,0.036595799158740006,0.04259947651553175,0.04434664443297012,0.05456257046221749,0.04229346722842806,0.054202805970799434,0.04263411284217872,0.04614989117281951,0.03628162316963245,0.035017879903307736,0.04303698999712946,0.054936046400518704
