,index,age,target_label,session_id,correct_or_not,target_label_prob,airplane_prob,bear_prob,bike_prob,bird_prob,boat_prob,bowl_prob,car_prob,cat_prob,chair_prob,couch_prob,cup_prob,dog_prob,fish_prob,frog_prob,house_prob,key_prob,person_prob,phone_prob,rabbit_prob,scissors_prob,sheep_prob,train_prob,tree_prob
0,6790,4,phone,run_v31529271233301,1.0,0.06938298087121361,0.036188823541564975,0.03622792893178149,0.043291565733408234,0.040639018954953574,0.04185958671232996,0.0407186335091672,0.04292198470761953,0.04024692513871261,0.048587318855070574,0.043050071969532054,0.05412002691577097,0.03712188611223948,0.04107151327312071,0.0414852051502073,0.050915915326374774,0.05119899115421391,0.0386872065861919,0.06938298087121361,0.04035220858260091,0.042430997923483864,0.03851528974897264,0.03934192202113077,0.04164399828033898
