,index,age,target_label,session_id,correct_or_not,target_label_prob,airplane_prob,bear_prob,bike_prob,bird_prob,boat_prob,bowl_prob,car_prob,cat_prob,chair_prob,couch_prob,cup_prob,dog_prob,fish_prob,frog_prob,house_prob,key_prob,person_prob,phone_prob,rabbit_prob,scissors_prob,sheep_prob,train_prob,tree_prob
0,3224,4,chair,run_v31527970799228,1.0,0.07056684185198514,0.03574548699258028,0.03940613925561539,0.04528341010558823,0.03737110396884475,0.04210277515277317,0.0424682866688693,0.034999953653496126,0.04485661665660375,0.07056684185198514,0.05107223794137323,0.04854992617478134,0.04904550530363419,0.03813039641655287,0.03799373609722907,0.040260522984814855,0.036364177716691856,0.04818249136042658,0.058257911067117106,0.04287546721468327,0.030731334653877035,0.04431881304375895,0.03603656266951615,0.04538030304918728
