,index,age,target_label,session_id,correct_or_not,target_label_prob,airplane_prob,bear_prob,bike_prob,bird_prob,boat_prob,bowl_prob,car_prob,cat_prob,chair_prob,couch_prob,cup_prob,dog_prob,fish_prob,frog_prob,house_prob,key_prob,person_prob,phone_prob,rabbit_prob,scissors_prob,sheep_prob,train_prob,tree_prob
0,2601,2,car,run_v31535048237506,0.0,0.05086210596605936,0.045039243409922575,0.03742997398735617,0.0432104339967739,0.040632517813111,0.04533504965234655,0.057741196354255335,0.05086210596605936,0.03919849344182866,0.04356610681442664,0.038792160897948486,0.04137240477773283,0.038282114800388053,0.03664990209339196,0.04268101926958561,0.042892081676429904,0.04691367646284285,0.044353643291734364,0.04049092521169034,0.048063725185829874,0.04824089309733241,0.0446052701635126,0.04500804170479764,0.03863901993070288
