,index,age,target_label,session_id,correct_or_not,target_label_prob,airplane_prob,bear_prob,bike_prob,bird_prob,boat_prob,bowl_prob,car_prob,cat_prob,chair_prob,couch_prob,cup_prob,dog_prob,fish_prob,frog_prob,house_prob,key_prob,person_prob,phone_prob,rabbit_prob,scissors_prob,sheep_prob,train_prob,tree_prob
0,6331,3,person,run_v31533337689129,1.0,0.05987320176301305,0.044669260788298186,0.041057200382164934,0.04326768066496053,0.04824237449712026,0.04002982387431321,0.04401451588207817,0.03942819997757473,0.04214929902976077,0.041658420055507024,0.03644136646121445,0.041240325556568494,0.04997514806576526,0.04441849757267618,0.048041713400334446,0.039488092286766564,0.05041933581030752,0.05987320176301305,0.037712201843863195,0.03766524632879872,0.04615220241837905,0.04449811703121174,0.038310784620167744,0.04124699168915575
