,index,age,target_label,session_id,correct_or_not,target_label_prob,airplane_prob,bear_prob,bike_prob,bird_prob,boat_prob,bowl_prob,car_prob,cat_prob,chair_prob,couch_prob,cup_prob,dog_prob,fish_prob,frog_prob,house_prob,key_prob,person_prob,phone_prob,rabbit_prob,scissors_prob,sheep_prob,train_prob,tree_prob
0,5362,4,house,run_v31526675307830,1.0,0.08232925568711738,0.04575798576853161,0.041208220298438826,0.03989940270289345,0.044519334467598884,0.04151980375403739,0.03924581927518832,0.04166701359343896,0.038977816308553674,0.03878933995131336,0.04535127790809947,0.0404493634067016,0.04082394884666544,0.0446247531062448,0.04335096425386412,0.08232925568711738,0.03552256913906714,0.04510475085224425,0.053898081828480784,0.038931579135690064,0.03426848051058292,0.03906245091703571,0.04371225789287941,0.04098553039533241
