,index,age,target_label,session_id,correct_or_not,target_label_prob,airplane_prob,bear_prob,bike_prob,bird_prob,boat_prob,bowl_prob,car_prob,cat_prob,chair_prob,couch_prob,cup_prob,dog_prob,fish_prob,frog_prob,house_prob,key_prob,person_prob,phone_prob,rabbit_prob,scissors_prob,sheep_prob,train_prob,tree_prob
0,4955,3,frog,run_v41537050975650,0.0,0.04311710514004152,0.04618713118591815,0.046858042495289035,0.04150211231144992,0.04234403694802184,0.04714678983504775,0.04371342798804676,0.04753856826915896,0.04363242708028093,0.03652391166856254,0.04078085891794311,0.03992505384738159,0.04489923158468379,0.0425731700464833,0.04311710514004152,0.045641641793291395,0.03502462410150142,0.04666171939863387,0.03982173556469342,0.04508698382884128,0.04173093680796018,0.05065262540753747,0.04311115185774416,0.04552671392148752
