,index,age,target_label,session_id,correct_or_not,target_label_prob,airplane_prob,bear_prob,bike_prob,bird_prob,boat_prob,bowl_prob,car_prob,cat_prob,chair_prob,couch_prob,cup_prob,dog_prob,fish_prob,frog_prob,house_prob,key_prob,person_prob,phone_prob,rabbit_prob,scissors_prob,sheep_prob,train_prob,tree_prob
0,673,5,bear,run_v41536532387756,0.0,0.05651477446726585,0.04813942641862787,0.05651477446726585,0.048662819354273724,0.0481110159153021,0.04464731264445696,0.03650324421532559,0.037720996201505284,0.056457913121112875,0.03682320254944173,0.03671413967390615,0.03480472193483718,0.05019723606302803,0.041742771735756495,0.042253044822429926,0.039363407256882914,0.03797299812441595,0.04211536256189637,0.0314055575624183,0.06000197754475018,0.04940715803822395,0.04470342266951406,0.040522551595490355,0.035214945529138265
