,index,age,target_label,session_id,correct_or_not,target_label_prob,airplane_prob,bear_prob,bike_prob,bird_prob,boat_prob,bowl_prob,car_prob,cat_prob,chair_prob,couch_prob,cup_prob,dog_prob,fish_prob,frog_prob,house_prob,key_prob,person_prob,phone_prob,rabbit_prob,scissors_prob,sheep_prob,train_prob,tree_prob
0,3151,5,chair,run_v31532212066778,1.0,0.07440241661981502,0.03131407694147681,0.0402453883901852,0.04080450772088082,0.035058395535711113,0.03864842685528951,0.04639531163255134,0.03875098916022452,0.04529359352755008,0.07440241661981502,0.05094701472621944,0.03753365874734764,0.04379478064476208,0.03889970452174841,0.04076651633351739,0.027871333902877448,0.044456990300699266,0.0450078264925403,0.059909446868049915,0.046615731117963785,0.043381344255265436,0.042107370893550884,0.039285980432363636,0.04850919437940999
