,index,age,target_label,session_id,correct_or_not,target_label_prob,airplane_prob,bear_prob,bike_prob,bird_prob,boat_prob,bowl_prob,car_prob,cat_prob,chair_prob,couch_prob,cup_prob,dog_prob,fish_prob,frog_prob,house_prob,key_prob,person_prob,phone_prob,rabbit_prob,scissors_prob,sheep_prob,train_prob,tree_prob
0,1529,6,boat,run_v31533764295190,1.0,0.06733940043939984,0.0527941749501128,0.04145226127225333,0.035893596746964906,0.04522769827065839,0.06733940043939984,0.04426509083573714,0.032768755382079115,0.052143132737207,0.04074409734064648,0.0392543928181934,0.0420849818281554,0.04577682707005323,0.05198051912652013,0.0421510700164234,0.0387679928367893,0.038415855851515246,0.0406052627410161,0.03328405800994165,0.042640683665382,0.046298193382902406,0.042435687605098096,0.04691020138505808,0.036766065687892445
