,index,age,target_label,session_id,correct_or_not,target_label_prob,airplane_prob,bear_prob,bike_prob,bird_prob,boat_prob,bowl_prob,car_prob,cat_prob,chair_prob,couch_prob,cup_prob,dog_prob,fish_prob,frog_prob,house_prob,key_prob,person_prob,phone_prob,rabbit_prob,scissors_prob,sheep_prob,train_prob,tree_prob
0,5676,7,key,run_v41540492433867,1.0,0.055205630148613835,0.040505764708288476,0.035786176405535504,0.04538606235836927,0.05011933697506923,0.04166895110899755,0.04206090147538998,0.0473534853714076,0.037135798527869905,0.04707708402882293,0.04359017572604218,0.044776121071236616,0.04864452436884031,0.048338851649435445,0.04411281300686131,0.04041843997896725,0.055205630148613835,0.03633247102566468,0.04352657905739797,0.03465565081733712,0.036926568757009115,0.046224190321511774,0.05221407933370236,0.03794034377762972
