,index,age,target_label,session_id,correct_or_not,target_label_prob,airplane_prob,bear_prob,bike_prob,bird_prob,boat_prob,bowl_prob,car_prob,cat_prob,chair_prob,couch_prob,cup_prob,dog_prob,fish_prob,frog_prob,house_prob,key_prob,person_prob,phone_prob,rabbit_prob,scissors_prob,sheep_prob,train_prob,tree_prob
0,664,4,bear,run_v41542142818937,0.0,0.0436304653371524,0.039295316194837684,0.0436304653371524,0.04428843853503153,0.043324894355127035,0.04457088985279097,0.05112634441634149,0.03786549212241733,0.039155852090143495,0.04075299716758435,0.03566794100041282,0.05830871644874088,0.03803068352070353,0.042547252250809985,0.04005651978554675,0.04880042337169594,0.0439428901546347,0.04007718070602049,0.05059045294255482,0.04641230754719896,0.04258909856555518,0.03842223359212764,0.0428231190808306,0.047720490961741545
