,index,age,target_label,session_id,correct_or_not,target_label_prob,airplane_prob,bear_prob,bike_prob,bird_prob,boat_prob,bowl_prob,car_prob,cat_prob,chair_prob,couch_prob,cup_prob,dog_prob,fish_prob,frog_prob,house_prob,key_prob,person_prob,phone_prob,rabbit_prob,scissors_prob,sheep_prob,train_prob,tree_prob
0,5136,6,frog,run_v41536441254680,0.0,0.0449468185924144,0.03961655314858561,0.04204632210511329,0.04996756149085637,0.050080308027519546,0.03844149345903454,0.044257391809368156,0.04470918201801907,0.0397741796867888,0.03359991325240791,0.03999218745480348,0.03590854236309322,0.04609582100271884,0.047466669035515587,0.0449468185924144,0.04134465619268718,0.0561723156588866,0.039995079175651885,0.038070833124284505,0.03744846545537666,0.03866084884274403,0.05416208023283021,0.04152422316831815,0.055718554702982155
