,index,age,target_label,session_id,correct_or_not,target_label_prob,airplane_prob,bear_prob,bike_prob,bird_prob,boat_prob,bowl_prob,car_prob,cat_prob,chair_prob,couch_prob,cup_prob,dog_prob,fish_prob,frog_prob,house_prob,key_prob,person_prob,phone_prob,rabbit_prob,scissors_prob,sheep_prob,train_prob,tree_prob
0,1503,5,bird,run_v31532126921035,0.0,0.04874681642349816,0.03873502491687986,0.043937887866660405,0.05118703291194412,0.04874681642349816,0.03588237549461896,0.03888781282840521,0.039574198811728745,0.05642302344165776,0.03759296520723013,0.037259372755664814,0.03610224901139138,0.04793246794739696,0.04256246240491458,0.042410490722833594,0.0377295255669216,0.050663077661739365,0.05171425031438197,0.031839171510121625,0.04606969207177994,0.05703545044026024,0.04590312719247073,0.03892097983689713,0.042890544660602735
