,index,age,target_label,session_id,correct_or_not,target_label_prob,airplane_prob,bear_prob,bike_prob,bird_prob,boat_prob,bowl_prob,car_prob,cat_prob,chair_prob,couch_prob,cup_prob,dog_prob,fish_prob,frog_prob,house_prob,key_prob,person_prob,phone_prob,rabbit_prob,scissors_prob,sheep_prob,train_prob,tree_prob
0,8431,2,tree,run_v31534715680111,0.0,0.03988760414215628,0.03702720275085451,0.039132356713718855,0.034356528500567134,0.043472007683629056,0.038645441063846334,0.04985579019686971,0.03481647047308749,0.039125373401563905,0.042689761115531875,0.038996827509255524,0.03645753857252714,0.040138388289831115,0.05119072065008464,0.039712191450743325,0.04527123539195859,0.04692166820142945,0.048235712726005756,0.04864635591618808,0.03846003611145161,0.06747823621434587,0.05384404314948038,0.04563850977487326,0.03988760414215628
