,index,age,target_label,session_id,correct_or_not,target_label_prob,airplane_prob,bear_prob,bike_prob,bird_prob,boat_prob,bowl_prob,car_prob,cat_prob,chair_prob,couch_prob,cup_prob,dog_prob,fish_prob,frog_prob,house_prob,key_prob,person_prob,phone_prob,rabbit_prob,scissors_prob,sheep_prob,train_prob,tree_prob
0,4718,2,fish,run_v31526504221167,0.0,0.037163124293142606,0.041527523082253305,0.048252271242801896,0.04733208494414946,0.04682994576903276,0.04391162343552528,0.04103809691327118,0.04118962594621664,0.05071237244611059,0.038859178374776586,0.04792423385601129,0.044203294759774005,0.045428473992448294,0.037163124293142606,0.042796193778377616,0.03748788026901079,0.039657448982076925,0.04085151909540058,0.04136606146113127,0.051677308334311785,0.045020310677778,0.042341337532135,0.04185338054924555,0.042576710265018504
