,index,age,target_label,session_id,correct_or_not,target_label_prob,airplane_prob,bear_prob,bike_prob,bird_prob,boat_prob,bowl_prob,car_prob,cat_prob,chair_prob,couch_prob,cup_prob,dog_prob,fish_prob,frog_prob,house_prob,key_prob,person_prob,phone_prob,rabbit_prob,scissors_prob,sheep_prob,train_prob,tree_prob
0,4567,6,fish,run_v31534365718385,1.0,0.07293493733308014,0.045115909395672005,0.038990760013334354,0.04673244417127367,0.04468869508551904,0.04464971287334157,0.041181115923046255,0.042711758437551935,0.04606619283015576,0.032858179540410606,0.050559389779908835,0.05164032821265865,0.04504496982763763,0.07293493733308014,0.039533275456665004,0.04416418052813429,0.037650660295668686,0.03684784800726503,0.03598311563531564,0.03761895838154287,0.0431231921271617,0.0391861018511009,0.051316788762650334,0.031401485530905
