,index,age,target_label,session_id,correct_or_not,target_label_prob,airplane_prob,bear_prob,bike_prob,bird_prob,boat_prob,bowl_prob,car_prob,cat_prob,chair_prob,couch_prob,cup_prob,dog_prob,fish_prob,frog_prob,house_prob,key_prob,person_prob,phone_prob,rabbit_prob,scissors_prob,sheep_prob,train_prob,tree_prob
0,4426,7,dog,run_v31534196323047,0.0,0.05190244390341909,0.04242381941497074,0.04683908029692152,0.048192298070434146,0.04851370711178727,0.04608776958573123,0.03636362812706098,0.039078958948743754,0.05900910560626068,0.03475372348548995,0.038865737259913456,0.041460622850474874,0.05190244390341909,0.05221073838950961,0.04458942250921432,0.038339327502496516,0.03723758150162657,0.03954876854630033,0.036194535367569856,0.04106061385550875,0.040435495945129366,0.05467880875221768,0.043604624795986174,0.0386091881732332
