,index,age,target_label,session_id,correct_or_not,target_label_prob,airplane_prob,bear_prob,bike_prob,bird_prob,boat_prob,bowl_prob,car_prob,cat_prob,chair_prob,couch_prob,cup_prob,dog_prob,fish_prob,frog_prob,house_prob,key_prob,person_prob,phone_prob,rabbit_prob,scissors_prob,sheep_prob,train_prob,tree_prob
0,2401,5,car,run_v31534714393295,1.0,0.07124942486992149,0.03910356018951747,0.06458681838287432,0.04811779585850405,0.035377260309134254,0.03985527106388568,0.04172184364776749,0.07124942486992149,0.0394923611305457,0.04314801123998971,0.03682431038151202,0.03847477825747405,0.04448135439907715,0.04003506988081287,0.05076775032190928,0.03426876758090155,0.03506255894895671,0.0379526224378188,0.03638865602374457,0.049470277409307664,0.04216665562585175,0.05179965217976732,0.046072386174948535,0.033582813685777604
