,index,age,target_label,session_id,correct_or_not,target_label_prob,airplane_prob,bear_prob,bike_prob,bird_prob,boat_prob,bowl_prob,car_prob,cat_prob,chair_prob,couch_prob,cup_prob,dog_prob,fish_prob,frog_prob,house_prob,key_prob,person_prob,phone_prob,rabbit_prob,scissors_prob,sheep_prob,train_prob,tree_prob
0,6848,6,rabbit,run_v31530747157999,1.0,0.07046909482985968,0.044622429310509804,0.06544284847767164,0.03018596316449206,0.03795117409954833,0.03959175170116304,0.03895804443573819,0.042619724058074196,0.05612915009669122,0.038848335328631134,0.03528547722858512,0.03203031168252219,0.041925013997490754,0.038054240472104636,0.04300935081956535,0.03452397936381605,0.03973189142465656,0.04950872716758323,0.041424664684788455,0.07046909482985968,0.04382882256473437,0.04210686944981079,0.040682686551504824,0.05306944909045834
