,index,age,target_label,session_id,correct_or_not,target_label_prob,airplane_prob,bear_prob,bike_prob,bird_prob,boat_prob,bowl_prob,car_prob,cat_prob,chair_prob,couch_prob,cup_prob,dog_prob,fish_prob,frog_prob,house_prob,key_prob,person_prob,phone_prob,rabbit_prob,scissors_prob,sheep_prob,train_prob,tree_prob
0,2233,2,bowl,run_v31528321199079,1.0,0.08508117707542005,0.032572147531160354,0.045212210364217145,0.02917439008245384,0.03913431493962602,0.043839582175984056,0.08508117707542005,0.03040356698037004,0.04870829723021039,0.04396831182326778,0.03835090102316712,0.046134628839567524,0.04201306353616643,0.048644188819119354,0.05050220865036806,0.027310452305960957,0.05578568424040086,0.04437029145917051,0.0349248865567967,0.043974325578748426,0.04466729944856503,0.04957707034513669,0.0371434932416421,0.0385075077524804
