,index,age,target_label,session_id,correct_or_not,target_label_prob,airplane_prob,bear_prob,bike_prob,bird_prob,boat_prob,bowl_prob,car_prob,cat_prob,chair_prob,couch_prob,cup_prob,dog_prob,fish_prob,frog_prob,house_prob,key_prob,person_prob,phone_prob,rabbit_prob,scissors_prob,sheep_prob,train_prob,tree_prob
0,3314,7,chair,run_v31528394999246,0.0,0.08054580374934171,0.03683525396563342,0.03449319424472304,0.035386735445844246,0.03735542934332567,0.039494827318485096,0.035489909976560284,0.04079220030558797,0.03676700792561029,0.08054580374934171,0.02977289959400489,0.03756245801667984,0.036193586377126954,0.03532763420783167,0.0386589536856917,0.09247392893648375,0.04079824125923108,0.059136789775350716,0.061002168384924754,0.035095303506026486,0.045603046646180465,0.03683894535143971,0.03651877788125426,0.03785690410266197
