,index,age,target_label,session_id,correct_or_not,target_label_prob,airplane_prob,bear_prob,bike_prob,bird_prob,boat_prob,bowl_prob,car_prob,cat_prob,chair_prob,couch_prob,cup_prob,dog_prob,fish_prob,frog_prob,house_prob,key_prob,person_prob,phone_prob,rabbit_prob,scissors_prob,sheep_prob,train_prob,tree_prob
0,1812,4,boat,run_v31527895799232,1.0,0.06386459556652428,0.05352596479543346,0.03868881604620366,0.03796673414838313,0.04026649242990192,0.06386459556652428,0.04934194349755318,0.034797702632026556,0.03794681391372251,0.05123637015242955,0.036855068550727316,0.04726338036561114,0.03948435672763264,0.04232097231509922,0.03912359848267934,0.040372495466605804,0.04582910782547117,0.04083629021124983,0.036216907818740686,0.04092356884858723,0.05371150317386521,0.04150618548018086,0.04582680430523912,0.04209432724613221
