,index,age,target_label,session_id,correct_or_not,target_label_prob,airplane_prob,bear_prob,bike_prob,bird_prob,boat_prob,bowl_prob,car_prob,cat_prob,chair_prob,couch_prob,cup_prob,dog_prob,fish_prob,frog_prob,house_prob,key_prob,person_prob,phone_prob,rabbit_prob,scissors_prob,sheep_prob,train_prob,tree_prob
0,6939,7,rabbit,run_v31530743542038,0.0,0.040989474576799696,0.04971871824903135,0.039029362471673795,0.04303191222953994,0.048188007611625255,0.036528646884743284,0.040457198425419394,0.040871929754450004,0.052423475658116926,0.03937856994783063,0.0346816726631915,0.045083520315384915,0.053136202010662666,0.0635033478911777,0.0498159645015482,0.03140041719159972,0.039379898664964844,0.05390505153352548,0.032730929899431854,0.040989474576799696,0.044452806603896326,0.04953566645727202,0.0371939483304723,0.03456327812764208
