,index,age,target_label,session_id,correct_or_not,target_label_prob,airplane_prob,bear_prob,bike_prob,bird_prob,boat_prob,bowl_prob,car_prob,cat_prob,chair_prob,couch_prob,cup_prob,dog_prob,fish_prob,frog_prob,house_prob,key_prob,person_prob,phone_prob,rabbit_prob,scissors_prob,sheep_prob,train_prob,tree_prob
0,6554,3,phone,run_v31531353094485,0.0,0.06359027303816009,0.03782950959648697,0.038969743585208626,0.04089514065146676,0.034031418812626966,0.036446564719360586,0.03866725107780305,0.05384260547889059,0.03721740233987686,0.0488831243981028,0.052495916271964704,0.044668203315393715,0.03613172698703203,0.036602964849705565,0.04039584119762171,0.06497278295660404,0.04025529495380502,0.0426499513090061,0.06359027303816009,0.03978883953236913,0.037300986638131195,0.04431939133678291,0.05095765575565203,0.0390874111979482
