,index,age,target_label,session_id,correct_or_not,target_label_prob,airplane_prob,bear_prob,bike_prob,bird_prob,boat_prob,bowl_prob,car_prob,cat_prob,chair_prob,couch_prob,cup_prob,dog_prob,fish_prob,frog_prob,house_prob,key_prob,person_prob,phone_prob,rabbit_prob,scissors_prob,sheep_prob,train_prob,tree_prob
0,3011,6,cat,run_v41542048599263,0.0,0.04867910407595936,0.03619060729488826,0.043822170373158074,0.05162527478556811,0.03536398060065043,0.03801035991142592,0.046424750307619486,0.0361863462157613,0.04867910407595936,0.07445451738055466,0.05330703746664464,0.03418485676044776,0.042258094326208015,0.04598059142954849,0.034745981633687834,0.03886490244223045,0.0355890064231264,0.04907716002144278,0.03452284592511166,0.03810144639603152,0.03705940404987905,0.03970491707068752,0.05582275688788313,0.05002388822148522
