,index,age,target_label,session_id,correct_or_not,target_label_prob,airplane_prob,bear_prob,bike_prob,bird_prob,boat_prob,bowl_prob,car_prob,cat_prob,chair_prob,couch_prob,cup_prob,dog_prob,fish_prob,frog_prob,house_prob,key_prob,person_prob,phone_prob,rabbit_prob,scissors_prob,sheep_prob,train_prob,tree_prob
0,3594,7,couch,run_v31529440612315,0.0,0.0627221601989813,0.04404915664540507,0.041599012497474226,0.03402237696529964,0.03786844115563304,0.04916750889110929,0.06418230279092241,0.03834918510099723,0.0404761742043194,0.038304503575367896,0.0627221601989813,0.04481245063063294,0.03492907113440533,0.05109982165980437,0.03664053357387316,0.04959001826324571,0.04086870758552094,0.03727850853419947,0.04784026189455731,0.03841803123534129,0.03904518408441307,0.039550733733796216,0.044634962778822375,0.044550892865878086
