,index,age,target_label,session_id,correct_or_not,target_label_prob,airplane_prob,bear_prob,bike_prob,bird_prob,boat_prob,bowl_prob,car_prob,cat_prob,chair_prob,couch_prob,cup_prob,dog_prob,fish_prob,frog_prob,house_prob,key_prob,person_prob,phone_prob,rabbit_prob,scissors_prob,sheep_prob,train_prob,tree_prob
0,5288,10,frog,run_v41541285946697,0.0,0.0403157027040547,0.03969765138662707,0.03762035473754456,0.040300616767335,0.04803174005397997,0.047344241627583064,0.04416838498104286,0.03997000913474456,0.04092289002969712,0.04324082262386672,0.03675949085925051,0.04890879994147513,0.041374671906739456,0.042932559259290376,0.0403157027040547,0.04757443006785538,0.05262012748427485,0.044227956223718064,0.044132357934389625,0.03932894140281716,0.041066662523243,0.04047589035302509,0.04004102359637576,0.05894467440107006
