,index,age,target_label,session_id,correct_or_not,target_label_prob,airplane_prob,bear_prob,bike_prob,bird_prob,boat_prob,bowl_prob,car_prob,cat_prob,chair_prob,couch_prob,cup_prob,dog_prob,fish_prob,frog_prob,house_prob,key_prob,person_prob,phone_prob,rabbit_prob,scissors_prob,sheep_prob,train_prob,tree_prob
0,185,8,airplane,run_v31530479451510,0.0,0.05147172906342219,0.05147172906342219,0.04067638289582416,0.03448893196947996,0.0513590312415546,0.049425594406225425,0.05071630471294486,0.034919462647906664,0.041274806009383026,0.03690242344091521,0.037998993601608896,0.04475962627030956,0.0446970904422232,0.044621226026870985,0.04620380496620956,0.03801279339319781,0.05924880646828852,0.040130973889724815,0.045529258444422474,0.04079514245201363,0.04741954368858416,0.04179000289873385,0.0354532336078088,0.04210483746234785
