,index,age,target_label,session_id,correct_or_not,target_label_prob,airplane_prob,bear_prob,bike_prob,bird_prob,boat_prob,bowl_prob,car_prob,cat_prob,chair_prob,couch_prob,cup_prob,dog_prob,fish_prob,frog_prob,house_prob,key_prob,person_prob,phone_prob,rabbit_prob,scissors_prob,sheep_prob,train_prob,tree_prob
0,4886,3,fish,run_v31534098925552,0.0,0.04627191861480284,0.05121171744606597,0.039540473575389354,0.0405251131534941,0.04784329390736889,0.04315655843037939,0.03945399583661708,0.0508678613203597,0.04186240490152797,0.03588544475779335,0.04501481103191882,0.03421501631728514,0.04446868380946432,0.04627191861480284,0.04247009094865637,0.04076979070203652,0.042215391389141106,0.05093574274811572,0.034042762513469035,0.04119440881607067,0.053058241048081795,0.049866431410672284,0.04135608517752472,0.0437737621437649
