,index,age,target_label,session_id,correct_or_not,target_label_prob,airplane_prob,bear_prob,bike_prob,bird_prob,boat_prob,bowl_prob,car_prob,cat_prob,chair_prob,couch_prob,cup_prob,dog_prob,fish_prob,frog_prob,house_prob,key_prob,person_prob,phone_prob,rabbit_prob,scissors_prob,sheep_prob,train_prob,tree_prob
0,6732,8,phone,run_v31530643882583,0.0,0.044330751473988676,0.048320441626126705,0.04554466835239419,0.03376768282711521,0.037563004298748676,0.04661495729420343,0.042994131372185745,0.0496759355870437,0.03884146066128975,0.03760176142741889,0.04216874888853798,0.03730191933710308,0.03824985900818624,0.03632620178119581,0.033542962890373444,0.03942637671382065,0.05782846211532651,0.038087069932142684,0.044330751473988676,0.046652766549430305,0.05383278718804108,0.04082677029708655,0.041846810711625215,0.06865446966661538
