,index,age,target_label,session_id,correct_or_not,target_label_prob,airplane_prob,bear_prob,bike_prob,bird_prob,boat_prob,bowl_prob,car_prob,cat_prob,chair_prob,couch_prob,cup_prob,dog_prob,fish_prob,frog_prob,house_prob,key_prob,person_prob,phone_prob,rabbit_prob,scissors_prob,sheep_prob,train_prob,tree_prob
0,7509,2,scissors,run_v41536955068960,0.0,0.05022156780573034,0.042766257499441324,0.04325950909261095,0.042817749043542325,0.04552984790762332,0.05176007140709303,0.04305932104646402,0.03822509530340545,0.0393376962101289,0.031615576733034924,0.04295696986212002,0.041005590644072366,0.044811078509250035,0.040939999102982384,0.04428933978375384,0.06964854441040139,0.03833408085719123,0.041399048747408775,0.04623289808391053,0.03866863763817122,0.05022156780573034,0.045786091342945236,0.03908430262754312,0.03825072634117538
