,index,age,target_label,session_id,correct_or_not,target_label_prob,airplane_prob,bear_prob,bike_prob,bird_prob,boat_prob,bowl_prob,car_prob,cat_prob,chair_prob,couch_prob,cup_prob,dog_prob,fish_prob,frog_prob,house_prob,key_prob,person_prob,phone_prob,rabbit_prob,scissors_prob,sheep_prob,train_prob,tree_prob
0,7721,5,sheep,run_v41541981358856,0.0,0.04827354297635756,0.053034984961066435,0.04517141380351032,0.03897786157086232,0.045004741736261275,0.037651961495295656,0.03783186926923855,0.033920573318422596,0.04892721381143094,0.05587950063606519,0.03800915939317152,0.0346819026279293,0.0470431049957176,0.039961532497024305,0.037466606679976304,0.035183731691996525,0.04355156431350198,0.04695064518400469,0.03256109302214371,0.04842431605046165,0.04704794697305369,0.04827354297635756,0.04045643400766198,0.0639882989848458
