,index,age,target_label,session_id,correct_or_not,target_label_prob,airplane_prob,bear_prob,bike_prob,bird_prob,boat_prob,bowl_prob,car_prob,cat_prob,chair_prob,couch_prob,cup_prob,dog_prob,fish_prob,frog_prob,house_prob,key_prob,person_prob,phone_prob,rabbit_prob,scissors_prob,sheep_prob,train_prob,tree_prob
0,4945,2,frog,run_v41541802612633,0.0,0.03988921609859472,0.04207332413135361,0.039295936730687576,0.04540359942607169,0.042869028875995585,0.041638248547551035,0.04432192193407557,0.04508385681568786,0.04170982325246941,0.04640079868792549,0.036814622607475256,0.04976202635232462,0.03806694726071217,0.041650936735302076,0.03988921609859472,0.04794567959739194,0.04519348697173109,0.03609037928969676,0.06025408574850062,0.04514702549320437,0.04164600776296703,0.0441047975788818,0.04405805528091044,0.04058019482048922
