,index,age,target_label,session_id,correct_or_not,target_label_prob,airplane_prob,bear_prob,bike_prob,bird_prob,boat_prob,bowl_prob,car_prob,cat_prob,chair_prob,couch_prob,cup_prob,dog_prob,fish_prob,frog_prob,house_prob,key_prob,person_prob,phone_prob,rabbit_prob,scissors_prob,sheep_prob,train_prob,tree_prob
0,4801,6,fish,run_v31525891955621,0.0,0.048690732277629246,0.041414201733780534,0.038903069602092125,0.043545412263177846,0.04294584232808198,0.047727040767193585,0.04921918936913121,0.03882033601263917,0.042661737597108555,0.040087017618846865,0.042162750647561587,0.058358179846672555,0.04095428863426022,0.048690732277629246,0.04270587120113418,0.040042739752529186,0.04513678613886411,0.03957228692695734,0.04691117243084377,0.04640214879405076,0.04499827836974716,0.03906688311939684,0.042716689410663415,0.03695734515763778
