,index,age,target_label,session_id,correct_or_not,target_label_prob,airplane_prob,bear_prob,bike_prob,bird_prob,boat_prob,bowl_prob,car_prob,cat_prob,chair_prob,couch_prob,cup_prob,dog_prob,fish_prob,frog_prob,house_prob,key_prob,person_prob,phone_prob,rabbit_prob,scissors_prob,sheep_prob,train_prob,tree_prob
0,5807,2,key,run_v41540146150975,0.0,0.04259088201845941,0.050830596434238165,0.043774528379590234,0.044241238954971215,0.04175405644498423,0.05148683020705499,0.06627763864440976,0.05467383883270799,0.03976547153277626,0.037238568070306746,0.05324085851733676,0.045609403632822836,0.04111284932860921,0.04958830782789237,0.04173939546505225,0.025303570827964188,0.04259088201845941,0.03910810010960533,0.03844604846250113,0.03539237421149945,0.03828505593700189,0.03775349398433121,0.04079829219322486,0.040988599982659475
