,index,age,target_label,session_id,correct_or_not,target_label_prob,airplane_prob,bear_prob,bike_prob,bird_prob,boat_prob,bowl_prob,car_prob,cat_prob,chair_prob,couch_prob,cup_prob,dog_prob,fish_prob,frog_prob,house_prob,key_prob,person_prob,phone_prob,rabbit_prob,scissors_prob,sheep_prob,train_prob,tree_prob
0,2106,7,bowl,run_v31532123073667,1.0,0.09987848894360603,0.0488413446045616,0.03974063656763302,0.04516662548459941,0.04098873604120881,0.07403749150113742,0.09987848894360603,0.0339301223475862,0.03950131614972754,0.041425835068483026,0.03731534104775659,0.04872092154354118,0.036925545296499926,0.04591268262576334,0.03613009419564312,0.029325094397601982,0.0350546290302329,0.04144213779508126,0.027576780195148407,0.03749966075371694,0.041872157581298405,0.0370594189212286,0.03613841691474775,0.04551652299319646
