,index,age,target_label,session_id,correct_or_not,target_label_prob,airplane_prob,bear_prob,bike_prob,bird_prob,boat_prob,bowl_prob,car_prob,cat_prob,chair_prob,couch_prob,cup_prob,dog_prob,fish_prob,frog_prob,house_prob,key_prob,person_prob,phone_prob,rabbit_prob,scissors_prob,sheep_prob,train_prob,tree_prob
0,1855,5,boat,run_v31535923704206,0.0,0.04268018108403766,0.042907693948865226,0.04349739483070207,0.04615350210804218,0.050084753606377375,0.04268018108403766,0.04847470446926468,0.03911197946567416,0.046734907211051786,0.04863903968750075,0.03869584739504049,0.045863811876141705,0.04262990351118892,0.040653904399815435,0.04195468405726337,0.02994513248721534,0.04292975269145513,0.0354134182064283,0.04251203434909428,0.04280519205360835,0.04686662303383674,0.0466612457447807,0.04342969110512264,0.0513546026774927
