,index,age,target_label,session_id,correct_or_not,target_label_prob,airplane_prob,bear_prob,bike_prob,bird_prob,boat_prob,bowl_prob,car_prob,cat_prob,chair_prob,couch_prob,cup_prob,dog_prob,fish_prob,frog_prob,house_prob,key_prob,person_prob,phone_prob,rabbit_prob,scissors_prob,sheep_prob,train_prob,tree_prob
0,2676,6,cat,run_v41541184025760,0.0,0.04904327663495293,0.0387876090069114,0.04462082991128866,0.059451237072791895,0.05207721872614485,0.03890581730017062,0.03904998669518145,0.03537488722538832,0.04904327663495293,0.03714032128906699,0.03634717551947881,0.035818346344379574,0.05378727552446654,0.042556843792248604,0.049793467119208276,0.036500836565058016,0.0442516822964448,0.04984873073354634,0.03255229421712634,0.042755366977870586,0.045432104201781585,0.05235021692177013,0.04193927392354298,0.0416152020011805
