,index,age,target_label,session_id,correct_or_not,target_label_prob,airplane_prob,bear_prob,bike_prob,bird_prob,boat_prob,bowl_prob,car_prob,cat_prob,chair_prob,couch_prob,cup_prob,dog_prob,fish_prob,frog_prob,house_prob,key_prob,person_prob,phone_prob,rabbit_prob,scissors_prob,sheep_prob,train_prob,tree_prob
0,4961,3,frog,run_v41539205356162,0.0,0.04568609656244121,0.04000772747583027,0.04100222949298512,0.06869108128023353,0.051420042940732116,0.04028529381382234,0.03770759704894215,0.03750059760022914,0.04595069782482621,0.03791779772678101,0.037747868729737365,0.035983939746732675,0.049598551362320976,0.03912548246675684,0.04568609656244121,0.0449413545620986,0.04864217441180058,0.04895446055123897,0.03955274672171889,0.03471469163165972,0.036414150359684774,0.05409037038991569,0.03954970495176973,0.04451534234774211
