,index,age,target_label,session_id,correct_or_not,target_label_prob,airplane_prob,bear_prob,bike_prob,bird_prob,boat_prob,bowl_prob,car_prob,cat_prob,chair_prob,couch_prob,cup_prob,dog_prob,fish_prob,frog_prob,house_prob,key_prob,person_prob,phone_prob,rabbit_prob,scissors_prob,sheep_prob,train_prob,tree_prob
0,2006,6,bowl,run_v31528671848731,1.0,0.08735895291302082,0.03379350610865866,0.03862549432308969,0.03563044842441128,0.03924586543198864,0.05336582800470127,0.08735895291302082,0.0336578985095182,0.04331051108607235,0.0406001637758029,0.03648404636456202,0.058039205535004135,0.03903430229560816,0.041890039014472094,0.040143276022158385,0.03122211326652377,0.05057532482827141,0.03960067533393092,0.04322508469295984,0.034969724130376405,0.053941404415069276,0.04427623555035425,0.04270852321916899,0.03830137675427674
