,index,age,target_label,session_id,correct_or_not,target_label_prob,airplane_prob,bear_prob,bike_prob,bird_prob,boat_prob,bowl_prob,car_prob,cat_prob,chair_prob,couch_prob,cup_prob,dog_prob,fish_prob,frog_prob,house_prob,key_prob,person_prob,phone_prob,rabbit_prob,scissors_prob,sheep_prob,train_prob,tree_prob
0,7831,3,sheep,run_v41542068063568,1.0,0.062198987196458146,0.03417390331521494,0.052786671422969174,0.04560698875570173,0.060745071567123735,0.041797200785595526,0.038449787637536995,0.038613371372125796,0.04334775504374138,0.03969017999653802,0.03646356681663052,0.04053047590439934,0.050452720562652945,0.037533906924393366,0.0469694895995538,0.03796667379810755,0.04312461958970998,0.05257110929706955,0.0328364693122416,0.03703766084458892,0.036328817927316584,0.062198987196458146,0.04391945801298506,0.04685511431734533
