,index,age,target_label,session_id,correct_or_not,target_label_prob,airplane_prob,bear_prob,bike_prob,bird_prob,boat_prob,bowl_prob,car_prob,cat_prob,chair_prob,couch_prob,cup_prob,dog_prob,fish_prob,frog_prob,house_prob,key_prob,person_prob,phone_prob,rabbit_prob,scissors_prob,sheep_prob,train_prob,tree_prob
0,5997,3,key,run_v41538940667434,0.0,0.05161812470549123,0.04815972227596453,0.039844200000141536,0.03739611889273439,0.04460811009945827,0.049848810831959384,0.06021232706891793,0.038874732367223594,0.03576829797087607,0.03644905220553848,0.03487229445686107,0.04664410172343416,0.041734548347676405,0.05126831084574782,0.04516743079894307,0.04109404070894328,0.05161812470549123,0.04273436533655717,0.04275302357721543,0.031834404107604186,0.05149057392470822,0.04221301855923397,0.0425291320290819,0.04288525916568791
