,index,age,target_label,session_id,correct_or_not,target_label_prob,airplane_prob,bear_prob,bike_prob,bird_prob,boat_prob,bowl_prob,car_prob,cat_prob,chair_prob,couch_prob,cup_prob,dog_prob,fish_prob,frog_prob,house_prob,key_prob,person_prob,phone_prob,rabbit_prob,scissors_prob,sheep_prob,train_prob,tree_prob
0,5918,7,key,run_v41539546718723,0.0,0.05929288998673087,0.04154747916464987,0.0432720536016212,0.03960485407088349,0.03844678333953281,0.034826898812573996,0.03786625821063624,0.043598765775117315,0.04328545662975702,0.04490797175493635,0.033747547546672,0.04705596407707045,0.04219787992563879,0.05115552900765008,0.04834895194563168,0.04847204477999509,0.05929288998673087,0.03725813073420629,0.06121945566371204,0.038844969030024316,0.046929274897827854,0.040243539061127744,0.04291426334218785,0.03496303864181638
