,index,age,target_label,session_id,correct_or_not,target_label_prob,airplane_prob,bear_prob,bike_prob,bird_prob,boat_prob,bowl_prob,car_prob,cat_prob,chair_prob,couch_prob,cup_prob,dog_prob,fish_prob,frog_prob,house_prob,key_prob,person_prob,phone_prob,rabbit_prob,scissors_prob,sheep_prob,train_prob,tree_prob
0,5245,8,frog,run_v41541189202663,1.0,0.06103504280967136,0.039692431808286695,0.053805644051964856,0.03856808054531264,0.04417474829997131,0.04271218109511726,0.045269658894380005,0.035607087174826454,0.04814892477719862,0.04106625993417053,0.03928258318141424,0.04415967241135387,0.04679354498102772,0.04794366644082333,0.06103504280967136,0.03488429171668312,0.039043523092629255,0.042939946238629845,0.03717993724436495,0.0426165767557807,0.042417715746842694,0.05498704416344304,0.04473844264432382,0.0329329959917837
