,index,age,target_label,session_id,correct_or_not,target_label_prob,airplane_prob,bear_prob,bike_prob,bird_prob,boat_prob,bowl_prob,car_prob,cat_prob,chair_prob,couch_prob,cup_prob,dog_prob,fish_prob,frog_prob,house_prob,key_prob,person_prob,phone_prob,rabbit_prob,scissors_prob,sheep_prob,train_prob,tree_prob
0,5077,4,frog,run_v41542064959811,0.0,0.05039471049990545,0.03754160625125603,0.04383581211124443,0.0419641164404451,0.0450166345495551,0.036806340071579555,0.06625368666342504,0.05339894717892417,0.03961010670694362,0.04556426481903799,0.03429575140861148,0.04498241589771292,0.04160749713890553,0.05668722254253749,0.05039471049990545,0.036192525426819826,0.04455598223629861,0.041002804661247755,0.04073931178018151,0.045655660558046644,0.03928816793006846,0.03864485720833972,0.03703126403331398,0.03893031388559967
