,index,age,target_label,session_id,correct_or_not,target_label_prob,airplane_prob,bear_prob,bike_prob,bird_prob,boat_prob,bowl_prob,car_prob,cat_prob,chair_prob,couch_prob,cup_prob,dog_prob,fish_prob,frog_prob,house_prob,key_prob,person_prob,phone_prob,rabbit_prob,scissors_prob,sheep_prob,train_prob,tree_prob
0,6923,10,rabbit,run_v31529019290226,1.0,0.07160795670655147,0.0454023574329245,0.05131373742755124,0.03593571629737838,0.044425680475766754,0.03930114701975767,0.042937624504217245,0.046687763149494764,0.05498338866947938,0.03815324550847613,0.04222795327710307,0.03465459022370445,0.04448030564298445,0.04553664105279083,0.04829754403719752,0.03304356264433136,0.03808620071113131,0.03903694169903336,0.0321386005591869,0.07160795670655147,0.04619307306960039,0.043674195471904396,0.042334836223149215,0.03954693819628532
