,index,age,target_label,session_id,correct_or_not,target_label_prob,airplane_prob,bear_prob,bike_prob,bird_prob,boat_prob,bowl_prob,car_prob,cat_prob,chair_prob,couch_prob,cup_prob,dog_prob,fish_prob,frog_prob,house_prob,key_prob,person_prob,phone_prob,rabbit_prob,scissors_prob,sheep_prob,train_prob,tree_prob
0,4814,4,fish,run_v31526239192649,0.0,0.04794968673823813,0.04166660453105252,0.05298494768845412,0.050598048818849405,0.05025306573292455,0.042142281400705764,0.03903273715578577,0.045033033743214435,0.04902726018815546,0.0362939169540764,0.0337141136680574,0.037194745465343376,0.04899699646102402,0.04794968673823813,0.04471755886486542,0.03958579330988996,0.04730062656669787,0.05121757013774941,0.031622704518809164,0.052182502716071597,0.04237518226634701,0.04057949631518005,0.03822965722407309,0.03730146953443497
