,index,age,target_label,session_id,correct_or_not,target_label_prob,airplane_prob,bear_prob,bike_prob,bird_prob,boat_prob,bowl_prob,car_prob,cat_prob,chair_prob,couch_prob,cup_prob,dog_prob,fish_prob,frog_prob,house_prob,key_prob,person_prob,phone_prob,rabbit_prob,scissors_prob,sheep_prob,train_prob,tree_prob
0,2156,2,bowl,run_v31531508760011,1.0,0.06592186523002758,0.04276020875178096,0.050428977641036814,0.04312975463681489,0.04269928543038049,0.044990584889740684,0.06592186523002758,0.04174656282911611,0.04598946223786921,0.040543783685869264,0.03626400068922077,0.04238976428672087,0.03990971606036384,0.05050761973812129,0.04847214647726447,0.0316970852001134,0.04549882058220976,0.044432901367779984,0.03680606578796023,0.046647313760046355,0.05262175275717631,0.03661237844479551,0.03660938517980278,0.03332056433578854
