,index,age,target_label,session_id,correct_or_not,target_label_prob,airplane_prob,bear_prob,bike_prob,bird_prob,boat_prob,bowl_prob,car_prob,cat_prob,chair_prob,couch_prob,cup_prob,dog_prob,fish_prob,frog_prob,house_prob,key_prob,person_prob,phone_prob,rabbit_prob,scissors_prob,sheep_prob,train_prob,tree_prob
0,4769,5,fish,run_v31532639150758,0.0,0.042402789747740824,0.043630390785248156,0.040125568132000515,0.03417545157542874,0.045497587275480464,0.04363744360114422,0.047920849497795716,0.03449796978836364,0.044121616309654416,0.06066941080887153,0.04176595354336959,0.05176281921629055,0.03965721606182737,0.042402789747740824,0.03970981168846026,0.05110803920641001,0.038569304456762724,0.03933573335323866,0.053110933288483014,0.042136000990024916,0.04870738139367343,0.0420452253362801,0.035168070630080726,0.04024443331337035
