,index,age,target_label,session_id,correct_or_not,target_label_prob,airplane_prob,bear_prob,bike_prob,bird_prob,boat_prob,bowl_prob,car_prob,cat_prob,chair_prob,couch_prob,cup_prob,dog_prob,fish_prob,frog_prob,house_prob,key_prob,person_prob,phone_prob,rabbit_prob,scissors_prob,sheep_prob,train_prob,tree_prob
0,6781,2,phone,run_v41539461676458,0.0,0.04308758187217929,0.040856072389801136,0.054401386224546516,0.04204115949983132,0.03700023928241268,0.037325374461468004,0.04186258350754179,0.06384795722177715,0.04158282480482472,0.04258470355623717,0.03629878714879032,0.03560500136249942,0.042498315781787914,0.04649168701989351,0.04744632992617778,0.03992109180039064,0.04003870172710971,0.047383972945801,0.04308758187217929,0.043061275108326365,0.042383086856304965,0.05289719662500514,0.03863946528479329,0.04274520559250011
