,index,age,target_label,session_id,correct_or_not,target_label_prob,airplane_prob,bear_prob,bike_prob,bird_prob,boat_prob,bowl_prob,car_prob,cat_prob,chair_prob,couch_prob,cup_prob,dog_prob,fish_prob,frog_prob,house_prob,key_prob,person_prob,phone_prob,rabbit_prob,scissors_prob,sheep_prob,train_prob,tree_prob
0,2956,8,cat,run_v41541370666218,0.0,0.04654288686426821,0.04495197539324043,0.04671962863338635,0.03599376664278253,0.045687301209979936,0.04085487420628688,0.04083212096148443,0.05335765937764116,0.04654288686426821,0.04377863908954813,0.03515366942808393,0.04072617810382721,0.04826398353577039,0.0431578827487581,0.058993747888403676,0.036229625907827155,0.0343538005308683,0.045769398363231725,0.03755282331030362,0.03868325826657596,0.03808430969956497,0.05859384379748464,0.04502057336701711,0.040698052673665115
