,index,age,target_label,session_id,correct_or_not,target_label_prob,airplane_prob,bear_prob,bike_prob,bird_prob,boat_prob,bowl_prob,car_prob,cat_prob,chair_prob,couch_prob,cup_prob,dog_prob,fish_prob,frog_prob,house_prob,key_prob,person_prob,phone_prob,rabbit_prob,scissors_prob,sheep_prob,train_prob,tree_prob
0,465,6,bear,run_v41541369054544,0.0,0.04774799443654254,0.04144778416934363,0.04774799443654254,0.043295040463539464,0.046585841855380714,0.042525950828754516,0.04290953399426017,0.03346700986407638,0.05719913729308239,0.038457048177329076,0.04067456149176973,0.03932552229965966,0.04874940743657605,0.03984440729649952,0.05138004939914823,0.03911599021397152,0.034656616302751554,0.0435142036949734,0.03776573078300427,0.045565805084221124,0.04330652120719679,0.06416900057651148,0.0418507753728666,0.03644606775854119
