,index,age,target_label,session_id,correct_or_not,target_label_prob,airplane_prob,bear_prob,bike_prob,bird_prob,boat_prob,bowl_prob,car_prob,cat_prob,chair_prob,couch_prob,cup_prob,dog_prob,fish_prob,frog_prob,house_prob,key_prob,person_prob,phone_prob,rabbit_prob,scissors_prob,sheep_prob,train_prob,tree_prob
0,7600,6,sheep,run_v41542061524668,0.0,0.04976891609897613,0.045209610116383754,0.04816593253734517,0.04039059313432334,0.046417296650432545,0.039632364705262886,0.04018699958882118,0.03950848458232053,0.04382472507999723,0.04152661229331761,0.046830652428996415,0.03616859827299135,0.04803225666904963,0.04340853433026886,0.04691847475526678,0.03953904190967308,0.03801272205404065,0.04859518850563315,0.03150828268071797,0.043831163662881006,0.05351099781702455,0.04976891609897613,0.037335022196391565,0.05167752992988458
