,index,age,target_label,session_id,correct_or_not,target_label_prob,airplane_prob,bear_prob,bike_prob,bird_prob,boat_prob,bowl_prob,car_prob,cat_prob,chair_prob,couch_prob,cup_prob,dog_prob,fish_prob,frog_prob,house_prob,key_prob,person_prob,phone_prob,rabbit_prob,scissors_prob,sheep_prob,train_prob,tree_prob
0,1833,2,boat,run_v31534705183546,1.0,0.08464540252926979,0.0491651008995358,0.03566535262099847,0.04453600453505293,0.038157845820870125,0.08464540252926979,0.0674161880645985,0.03231272108931634,0.04072346212978358,0.03106586365962677,0.03637898929318051,0.05190996589169864,0.040941986088161186,0.055248481860517756,0.03773240180166172,0.03683277091077737,0.03563218440592008,0.03600473750675727,0.03447336815030333,0.04035209265212521,0.044112082375665745,0.04202676318419844,0.04133283663092662,0.04333339789905369
