,index,age,target_label,session_id,correct_or_not,target_label_prob,airplane_prob,bear_prob,bike_prob,bird_prob,boat_prob,bowl_prob,car_prob,cat_prob,chair_prob,couch_prob,cup_prob,dog_prob,fish_prob,frog_prob,house_prob,key_prob,person_prob,phone_prob,rabbit_prob,scissors_prob,sheep_prob,train_prob,tree_prob
0,1580,4,boat,run_v31525975379407,0.0,0.039069708513549864,0.04091967799736154,0.03899758275124588,0.04044996387539235,0.0437276717532897,0.039069708513549864,0.03513402574985003,0.043060511589560375,0.04044706568045452,0.06520148643337108,0.05538422083649571,0.04614137970800615,0.03999290393775571,0.04254310291721709,0.04169372990884664,0.06410352719007399,0.04141997892559775,0.034629536607414156,0.043604152337071884,0.04187866233013859,0.042595950788451874,0.0412142551000184,0.04102926805661143,0.03676163701222523
