,index,age,target_label,session_id,correct_or_not,target_label_prob,airplane_prob,bear_prob,bike_prob,bird_prob,boat_prob,bowl_prob,car_prob,cat_prob,chair_prob,couch_prob,cup_prob,dog_prob,fish_prob,frog_prob,house_prob,key_prob,person_prob,phone_prob,rabbit_prob,scissors_prob,sheep_prob,train_prob,tree_prob
0,6564,9,phone,run_v41537735414401,1.0,0.06562132009437249,0.04369528039659922,0.04155921688652822,0.04036604803861345,0.04007636658213832,0.04274227292700111,0.048736686842511937,0.045643294849414345,0.04102534981199423,0.04150714040355439,0.051046592886352445,0.04236394518835521,0.03426778134181531,0.03561119761510085,0.042487354704212554,0.044291495810399095,0.04635862725130966,0.03387434149664995,0.06562132009437249,0.039923633478888554,0.04274497149211628,0.046353796844290994,0.045015814473162136,0.04468747058461913
