,index,age,target_label,session_id,correct_or_not,target_label_prob,airplane_prob,bear_prob,bike_prob,bird_prob,boat_prob,bowl_prob,car_prob,cat_prob,chair_prob,couch_prob,cup_prob,dog_prob,fish_prob,frog_prob,house_prob,key_prob,person_prob,phone_prob,rabbit_prob,scissors_prob,sheep_prob,train_prob,tree_prob
0,3820,7,cup,run_v31533762023918,1.0,0.08647773501127493,0.038682009241738834,0.039077086568273287,0.037655908874699134,0.037441443656332535,0.03834592367374718,0.054906636404808036,0.03681386240591299,0.03562421962832505,0.07153197253475216,0.05227758433439015,0.08647773501127493,0.035833974947076304,0.03983085290263702,0.03892395409744978,0.024801511021776204,0.04014305571561767,0.03474185423520303,0.05284948202789118,0.03662922240050551,0.04546765996114439,0.04056779178187377,0.04057712231552145,0.04079913625904929
