,index,age,target_label,session_id,correct_or_not,target_label_prob,airplane_prob,bear_prob,bike_prob,bird_prob,boat_prob,bowl_prob,car_prob,cat_prob,chair_prob,couch_prob,cup_prob,dog_prob,fish_prob,frog_prob,house_prob,key_prob,person_prob,phone_prob,rabbit_prob,scissors_prob,sheep_prob,train_prob,tree_prob
0,5135,5,frog,run_v41542146453799,0.0,0.046034505213932556,0.038035375481114526,0.037651470410596063,0.03746807185052714,0.047144583999135174,0.03852927996647114,0.04703281492982766,0.05047295643912897,0.042547730385903516,0.035811680166510255,0.03285713898041194,0.04254766879768484,0.046905549601602634,0.04375754410855029,0.046034505213932556,0.04043212000212864,0.07645537160942746,0.03941703496838617,0.03142164359324412,0.03861594723163598,0.05882374481718194,0.05511865557755332,0.039066514293622456,0.033852597575423304
