,index,age,target_label,session_id,correct_or_not,target_label_prob,airplane_prob,bear_prob,bike_prob,bird_prob,boat_prob,bowl_prob,car_prob,cat_prob,chair_prob,couch_prob,cup_prob,dog_prob,fish_prob,frog_prob,house_prob,key_prob,person_prob,phone_prob,rabbit_prob,scissors_prob,sheep_prob,train_prob,tree_prob
0,357,4,airplane,run_v31529092415344,1.0,0.06526237029544224,0.06526237029544224,0.04249734122876248,0.03474744526882654,0.05011439411289279,0.045874178095684864,0.0343396102037847,0.036853715793332194,0.04533801315518769,0.044312362216275616,0.04194521288221759,0.03868803249689305,0.04265449235998031,0.05266295542336623,0.04067803989387827,0.035286461430249154,0.04319065134008192,0.04676528124097744,0.036977264150853575,0.04213069829325302,0.0481125984695886,0.044115610779034725,0.0449900938299402,0.04246317703949675
