,index,age,target_label,session_id,correct_or_not,target_label_prob,airplane_prob,bear_prob,bike_prob,bird_prob,boat_prob,bowl_prob,car_prob,cat_prob,chair_prob,couch_prob,cup_prob,dog_prob,fish_prob,frog_prob,house_prob,key_prob,person_prob,phone_prob,rabbit_prob,scissors_prob,sheep_prob,train_prob,tree_prob
0,5131,5,frog,run_v41542056365807,0.0,0.047565338184788655,0.03957324363062991,0.06816097733908535,0.052808318787519334,0.057457792060419385,0.04002635130414255,0.035468026409045054,0.033747241658162244,0.05051382113085189,0.038627582785272625,0.03505596974868571,0.04189522988589447,0.04604212649990587,0.047935513932897106,0.047565338184788655,0.03578974757853245,0.045417944317135917,0.04318766187979364,0.038036177428720994,0.043837973270228044,0.033981371251510246,0.04543811079889601,0.03833363461430113,0.041099845503581554
