,index,age,target_label,session_id,correct_or_not,target_label_prob,airplane_prob,bear_prob,bike_prob,bird_prob,boat_prob,bowl_prob,car_prob,cat_prob,chair_prob,couch_prob,cup_prob,dog_prob,fish_prob,frog_prob,house_prob,key_prob,person_prob,phone_prob,rabbit_prob,scissors_prob,sheep_prob,train_prob,tree_prob
0,7024,6,rabbit,run_v31530736835944,1.0,0.06026542384308072,0.03821755210844004,0.04055658621509067,0.041995338595550526,0.034210382158831446,0.04157109636802445,0.039325525796369436,0.046865077746162956,0.043666121387218995,0.03950342914457888,0.04286421862985731,0.03330770061079905,0.038375060209232655,0.03875391692687606,0.04351246134485113,0.04791588234370097,0.04991333264851984,0.040718348272797175,0.05668542402051603,0.06026542384308072,0.046445089318760964,0.04290713559432346,0.045532584445128345,0.04689231227128905
