,index,age,target_label,session_id,correct_or_not,target_label_prob,airplane_prob,bear_prob,bike_prob,bird_prob,boat_prob,bowl_prob,car_prob,cat_prob,chair_prob,couch_prob,cup_prob,dog_prob,fish_prob,frog_prob,house_prob,key_prob,person_prob,phone_prob,rabbit_prob,scissors_prob,sheep_prob,train_prob,tree_prob
0,7259,7,scissors,run_v41542059690515,1.0,0.06043067901261753,0.045448525049256415,0.037947532310460386,0.05001270500703525,0.04175955626925601,0.040298428601688224,0.03607987139964497,0.047259065495202875,0.04278780766091475,0.03833813661253891,0.03858240604126852,0.036446192623823856,0.04195442820162385,0.04019190889333408,0.04126642753847723,0.03777924230626777,0.04487633647098058,0.03891662778950914,0.05086206871625043,0.04972586230290809,0.06043067901261753,0.043355863495150394,0.05205357564769139,0.04362675255409941
