,index,age,target_label,session_id,correct_or_not,target_label_prob,airplane_prob,bear_prob,bike_prob,bird_prob,boat_prob,bowl_prob,car_prob,cat_prob,chair_prob,couch_prob,cup_prob,dog_prob,fish_prob,frog_prob,house_prob,key_prob,person_prob,phone_prob,rabbit_prob,scissors_prob,sheep_prob,train_prob,tree_prob
0,1665,2,boat,run_v31534885341588,1.0,0.06228154381687987,0.054514621593088224,0.04138464532317332,0.03272548662290333,0.04208568817574621,0.06228154381687987,0.03829280147200227,0.03764104526758497,0.042074259730013976,0.04448563840290396,0.04304371803414762,0.043847363492317624,0.039959749776276074,0.041720659051611764,0.04341878502648339,0.035335839368780965,0.04418610778266845,0.037021156553417776,0.04439991050161552,0.04528614083053908,0.05327310107192913,0.04449221283330491,0.047154429759036776,0.04137509551357456
