,index,age,target_label,session_id,correct_or_not,target_label_prob,airplane_prob,bear_prob,bike_prob,bird_prob,boat_prob,bowl_prob,car_prob,cat_prob,chair_prob,couch_prob,cup_prob,dog_prob,fish_prob,frog_prob,house_prob,key_prob,person_prob,phone_prob,rabbit_prob,scissors_prob,sheep_prob,train_prob,tree_prob
0,8588,4,tree,run_v31533938412798,0.0,0.06046359734554195,0.03750755877827988,0.042831479885488376,0.035481635310587484,0.04622597774603033,0.03490684524368614,0.04306972558060339,0.03937045883010149,0.040287022600235846,0.04103312812430401,0.035715817509445164,0.04649449653982002,0.048302680106618284,0.03904815667832898,0.042665131850107285,0.03188468442965569,0.06639133333487747,0.056955757603000874,0.04015822524518519,0.0355298699848189,0.054057562935293325,0.0437672130517818,0.03785164128620807,0.06046359734554195
