,index,age,target_label,session_id,correct_or_not,target_label_prob,airplane_prob,bear_prob,bike_prob,bird_prob,boat_prob,bowl_prob,car_prob,cat_prob,chair_prob,couch_prob,cup_prob,dog_prob,fish_prob,frog_prob,house_prob,key_prob,person_prob,phone_prob,rabbit_prob,scissors_prob,sheep_prob,train_prob,tree_prob
0,7713,3,sheep,run_v41538850484194,0.0,0.04676399028601454,0.046144118662989626,0.04115055427034604,0.03654152557847016,0.04154484621038399,0.053670016201014484,0.03687143226137332,0.04355740041925577,0.039113851089764694,0.05929261598742893,0.04029188245305761,0.038807571546160116,0.04351270002517092,0.0387299215889889,0.03836831930346629,0.04187588627137497,0.046064863866819496,0.04309800325645648,0.04550024441916388,0.04810801218364229,0.04854085480714776,0.04676399028601454,0.04578566961268583,0.03666571969882405
