,index,age,target_label,session_id,correct_or_not,target_label_prob,airplane_prob,bear_prob,bike_prob,bird_prob,boat_prob,bowl_prob,car_prob,cat_prob,chair_prob,couch_prob,cup_prob,dog_prob,fish_prob,frog_prob,house_prob,key_prob,person_prob,phone_prob,rabbit_prob,scissors_prob,sheep_prob,train_prob,tree_prob
0,2742,5,cat,run_v41539811508115,0.0,0.04521109481881435,0.035928203712502924,0.04970490521231042,0.05429043514475853,0.04557036374896249,0.036040709299977616,0.03977591074756116,0.04882523295133291,0.04521109481881435,0.041381164453624844,0.036691406628400515,0.04615661796273317,0.046036786392502374,0.04556831333133809,0.047250618808771044,0.03889196150408562,0.05599485110409725,0.03762745250428933,0.03971483285791104,0.046671573271676876,0.04188482887881892,0.04183091785092945,0.04111621284030036,0.03783560597430079
