,index,age,target_label,session_id,correct_or_not,target_label_prob,airplane_prob,bear_prob,bike_prob,bird_prob,boat_prob,bowl_prob,car_prob,cat_prob,chair_prob,couch_prob,cup_prob,dog_prob,fish_prob,frog_prob,house_prob,key_prob,person_prob,phone_prob,rabbit_prob,scissors_prob,sheep_prob,train_prob,tree_prob
0,4154,5,cup,run_v31533333476410,0.0,0.04504803835559537,0.04366713778492186,0.047013086671729334,0.048508599432569265,0.04128851928612426,0.051896500356135106,0.05164178557876443,0.039713089697169725,0.04087931500106495,0.03875618189109185,0.04863857724716944,0.04504803835559537,0.03465894452581379,0.042841788795628784,0.042160252230845886,0.039708901631011796,0.03759383575121179,0.04051438706391117,0.050826788185617394,0.03739999485456497,0.03974477302600256,0.04714058630364122,0.04422511222676433,0.04613380410265065
