,index,age,target_label,session_id,correct_or_not,target_label_prob,airplane_prob,bear_prob,bike_prob,bird_prob,boat_prob,bowl_prob,car_prob,cat_prob,chair_prob,couch_prob,cup_prob,dog_prob,fish_prob,frog_prob,house_prob,key_prob,person_prob,phone_prob,rabbit_prob,scissors_prob,sheep_prob,train_prob,tree_prob
0,5781,3,key,run_v41542062414745,0.0,0.05494731424268611,0.05033718450653423,0.040554490967398424,0.03753793272234078,0.040322282919112634,0.04265621651336784,0.04356891875619162,0.04272325468449803,0.04265701649472607,0.035178821101960626,0.03753655487204634,0.046335924302369214,0.04104757576970489,0.04402618279788989,0.037535227056956465,0.03956172199110469,0.05494731424268611,0.03300777343218929,0.05086531284384611,0.05003894239627791,0.057348184969232906,0.042028602592164455,0.04819031661548245,0.041994247451919015
