,index,age,target_label,session_id,correct_or_not,target_label_prob,airplane_prob,bear_prob,bike_prob,bird_prob,boat_prob,bowl_prob,car_prob,cat_prob,chair_prob,couch_prob,cup_prob,dog_prob,fish_prob,frog_prob,house_prob,key_prob,person_prob,phone_prob,rabbit_prob,scissors_prob,sheep_prob,train_prob,tree_prob
0,7428,2,scissors,run_v41541877298788,0.0,0.04389922484977642,0.04198649482769537,0.04884494067892817,0.03219342071464248,0.038120547363333424,0.039545200907827704,0.045100250762749164,0.05540314523180857,0.03966547765427342,0.042760106096979604,0.041971294757509776,0.043927150990843974,0.04583528484698228,0.045576378551502185,0.047842681866647314,0.03921499698449433,0.038224161794672584,0.04378233572666209,0.03531276810810218,0.05011553601040684,0.04389922484977642,0.0563929362724075,0.043031429884398245,0.041254235117356375
