,index,age,target_label,session_id,correct_or_not,target_label_prob,airplane_prob,bear_prob,bike_prob,bird_prob,boat_prob,bowl_prob,car_prob,cat_prob,chair_prob,couch_prob,cup_prob,dog_prob,fish_prob,frog_prob,house_prob,key_prob,person_prob,phone_prob,rabbit_prob,scissors_prob,sheep_prob,train_prob,tree_prob
0,4493,2,dog,run_v31526510518453,0.0,0.04116727118687889,0.042747237234255435,0.03978319950459638,0.04329976696882543,0.04940654503041393,0.0608821638229122,0.03876365747223505,0.03971940451046586,0.0437079198051834,0.039227746961888896,0.04645807139848246,0.04240416878500423,0.04116727118687889,0.049096547753808825,0.036688590813062465,0.05712327482104662,0.039871687965891016,0.0502335829952564,0.031904791852763424,0.04003944512276823,0.043507864668221645,0.03807984246747001,0.043588212059208854,0.04229900679936025
