,index,age,target_label,session_id,correct_or_not,target_label_prob,airplane_prob,bear_prob,bike_prob,bird_prob,boat_prob,bowl_prob,car_prob,cat_prob,chair_prob,couch_prob,cup_prob,dog_prob,fish_prob,frog_prob,house_prob,key_prob,person_prob,phone_prob,rabbit_prob,scissors_prob,sheep_prob,train_prob,tree_prob
0,6641,10,phone,run_v31530383974873,1.0,0.06743332315748181,0.03932668484842967,0.03381078218142036,0.04404867043192423,0.04039950993661669,0.036214732600435624,0.04234072090034159,0.043126216621817356,0.04133050455838557,0.057494939499588914,0.046608618402749394,0.03732648196696187,0.042448944229578255,0.048331586019936486,0.03103451273915799,0.04718767047267454,0.035075215012478504,0.03531126166868393,0.06743332315748181,0.04244198232544924,0.03895684864993852,0.03894334788902252,0.06367692986804133,0.04713051601888553
