,index,age,target_label,session_id,correct_or_not,target_label_prob,airplane_prob,bear_prob,bike_prob,bird_prob,boat_prob,bowl_prob,car_prob,cat_prob,chair_prob,couch_prob,cup_prob,dog_prob,fish_prob,frog_prob,house_prob,key_prob,person_prob,phone_prob,rabbit_prob,scissors_prob,sheep_prob,train_prob,tree_prob
0,8165,4,train,run_v41541534066681,0.0,0.04750871638064705,0.031900240239441775,0.04191493144141362,0.045258593373500786,0.04329875726755184,0.03610063866275953,0.045499687306986523,0.04238251894663251,0.042586773831237074,0.03800294398519731,0.06926610879872135,0.049578411696676546,0.03845784002483449,0.03677106960986052,0.040721590780150446,0.06614942632736069,0.03778142581465921,0.03739365702650887,0.05486419133845586,0.04433460391692957,0.036622760985537794,0.03688637892055376,0.04750871638064705,0.036718733324383
