,index,age,target_label,session_id,correct_or_not,target_label_prob,airplane_prob,bear_prob,bike_prob,bird_prob,boat_prob,bowl_prob,car_prob,cat_prob,chair_prob,couch_prob,cup_prob,dog_prob,fish_prob,frog_prob,house_prob,key_prob,person_prob,phone_prob,rabbit_prob,scissors_prob,sheep_prob,train_prob,tree_prob
0,7346,10,scissors,run_v41541107904364,0.0,0.05265380433697386,0.04607240553604443,0.04614824356205932,0.06313335580044814,0.04421023259353379,0.04347534500857274,0.043697182813916484,0.03878390402848339,0.045845588030804976,0.038549037292872276,0.038669092894611304,0.049023754981751974,0.04030126298049635,0.042400008920361505,0.0428753161182214,0.03190937572073771,0.05612435094453703,0.03750868743497083,0.03537075236914487,0.05486369462454247,0.05265380433697386,0.034518288597890655,0.03746172392117933,0.036404591487845056
