,index,age,target_label,session_id,correct_or_not,target_label_prob,airplane_prob,bear_prob,bike_prob,bird_prob,boat_prob,bowl_prob,car_prob,cat_prob,chair_prob,couch_prob,cup_prob,dog_prob,fish_prob,frog_prob,house_prob,key_prob,person_prob,phone_prob,rabbit_prob,scissors_prob,sheep_prob,train_prob,tree_prob
0,156,10,airplane,run_v31532126009312,0.0,0.044928209090488405,0.044928209090488405,0.05167395861566463,0.0402322847810962,0.044133811582375254,0.04331328587654313,0.039719193424319316,0.042128990072875044,0.04381253010142214,0.040473178156994236,0.04105457720654424,0.0392789492386026,0.04352184339091682,0.04771489996778283,0.044085125216030425,0.037196262677262476,0.04680694550237678,0.04053975072766268,0.04320617130122806,0.05014234640833113,0.03996630589831586,0.042540087876531775,0.04151793134328813,0.05201336154334782
