,index,age,target_label,session_id,correct_or_not,target_label_prob,airplane_prob,bear_prob,bike_prob,bird_prob,boat_prob,bowl_prob,car_prob,cat_prob,chair_prob,couch_prob,cup_prob,dog_prob,fish_prob,frog_prob,house_prob,key_prob,person_prob,phone_prob,rabbit_prob,scissors_prob,sheep_prob,train_prob,tree_prob
0,1826,5,boat,run_v31532722941273,0.0,0.05287854330873216,0.03895756936178683,0.04011905562774326,0.03874765097825965,0.04074628272663634,0.05287854330873216,0.041161747612878434,0.040004607592125284,0.03668504414182583,0.049710919700487084,0.07630312594639613,0.05037214213717473,0.042535579287225005,0.043851721622821534,0.040125917062420594,0.04698718199239592,0.043473948079176,0.042608403046902193,0.0400635599151733,0.037522390674467915,0.03920444071703839,0.03955640402722952,0.03727017052934596,0.04111359391175796
