,index,age,target_label,session_id,correct_or_not,target_label_prob,airplane_prob,bear_prob,bike_prob,bird_prob,boat_prob,bowl_prob,car_prob,cat_prob,chair_prob,couch_prob,cup_prob,dog_prob,fish_prob,frog_prob,house_prob,key_prob,person_prob,phone_prob,rabbit_prob,scissors_prob,sheep_prob,train_prob,tree_prob
0,1972,7,bowl,run_v31528394999246,1.0,0.08224884421560177,0.047832702694407245,0.03406552326462811,0.04426214093754455,0.04152005354884637,0.05303773186448959,0.08224884421560177,0.040572390779312295,0.036307186972492266,0.036007055002933414,0.0421490339699239,0.05772688397002915,0.041323772572652115,0.04772921055641737,0.0361865160158473,0.029629543523410115,0.04851393210596269,0.03765308201097408,0.03917380060153109,0.03582187044876151,0.05105249903673447,0.03810154814160942,0.040333714150166775,0.03875096361572428
