,index,age,target_label,session_id,correct_or_not,target_label_prob,airplane_prob,bear_prob,bike_prob,bird_prob,boat_prob,bowl_prob,car_prob,cat_prob,chair_prob,couch_prob,cup_prob,dog_prob,fish_prob,frog_prob,house_prob,key_prob,person_prob,phone_prob,rabbit_prob,scissors_prob,sheep_prob,train_prob,tree_prob
0,1379,3,bird,run_v31531338718908,0.0,0.04480733054181268,0.05704223452223315,0.041644676281837836,0.041059426075590225,0.04480733054181268,0.050075675021513964,0.042903532087767274,0.03776900356997583,0.04299998405253128,0.046834988066671634,0.04308864350445732,0.0393174324597031,0.04209233349232536,0.047676785039499535,0.041983725882323394,0.04338361085554342,0.043006530389283266,0.04913930377599264,0.030927822072901092,0.03900214445054829,0.04790281720089894,0.04067662861714019,0.04197731304270201,0.04468805899674761
