,index,age,target_label,session_id,correct_or_not,target_label_prob,airplane_prob,bear_prob,bike_prob,bird_prob,boat_prob,bowl_prob,car_prob,cat_prob,chair_prob,couch_prob,cup_prob,dog_prob,fish_prob,frog_prob,house_prob,key_prob,person_prob,phone_prob,rabbit_prob,scissors_prob,sheep_prob,train_prob,tree_prob
0,1915,5,bowl,run_v31531600409143,1.0,0.11093027482224874,0.03308774943941737,0.03932780834203334,0.03639178203087127,0.03586189217435696,0.0703348890242613,0.11093027482224874,0.034719910286728405,0.03620363503182124,0.052860281020348295,0.04496917186815005,0.054625037823806934,0.035180433570227064,0.027860828662688478,0.03761535817003706,0.03561949932184251,0.043655116394691426,0.03953283421192676,0.029121119768082866,0.038606074995211515,0.04187768077650808,0.03607267297551654,0.03709686746400958,0.04844908182521436
