,index,age,target_label,session_id,correct_or_not,target_label_prob,airplane_prob,bear_prob,bike_prob,bird_prob,boat_prob,bowl_prob,car_prob,cat_prob,chair_prob,couch_prob,cup_prob,dog_prob,fish_prob,frog_prob,house_prob,key_prob,person_prob,phone_prob,rabbit_prob,scissors_prob,sheep_prob,train_prob,tree_prob
0,4354,10,dog,run_v31526764663958,0.0,0.04576772613506038,0.042826677122323666,0.038614402010184956,0.05493542249340463,0.03894639894039016,0.04262114496262758,0.03952349510862555,0.05420887917089039,0.037972616415424626,0.04142142286708863,0.040260353971732915,0.042369911625752335,0.04576772613506038,0.03814416080938811,0.04445676880794571,0.043356984560012884,0.04816166877617665,0.03438138647408639,0.0430788882658668,0.03352738984038744,0.04405686908173228,0.047822549730416594,0.05248050848526197,0.05106437434521926
