,index,age,target_label,session_id,correct_or_not,target_label_prob,airplane_prob,bear_prob,bike_prob,bird_prob,boat_prob,bowl_prob,car_prob,cat_prob,chair_prob,couch_prob,cup_prob,dog_prob,fish_prob,frog_prob,house_prob,key_prob,person_prob,phone_prob,rabbit_prob,scissors_prob,sheep_prob,train_prob,tree_prob
0,2083,2,bowl,run_v31530473790141,0.0,0.05337286998169924,0.04893921708549288,0.03894049612711313,0.03965961759337199,0.040124464744228594,0.05571755677725693,0.05337286998169924,0.03983518961080797,0.03998915982416618,0.059487498218471734,0.039200238445752836,0.0471514631535639,0.04317920950577386,0.044031531085884645,0.03737687240348536,0.03609503121016422,0.043628297874592784,0.042907327025164414,0.036428616846017205,0.03923654846335699,0.03961193994362951,0.04046520776886852,0.04553074153019993,0.04909090478093695
