,index,age,target_label,session_id,correct_or_not,target_label_prob,airplane_prob,bear_prob,bike_prob,bird_prob,boat_prob,bowl_prob,car_prob,cat_prob,chair_prob,couch_prob,cup_prob,dog_prob,fish_prob,frog_prob,house_prob,key_prob,person_prob,phone_prob,rabbit_prob,scissors_prob,sheep_prob,train_prob,tree_prob
0,5442,2,house,run_v31535147429819,0.0,0.035613812828308035,0.046129886348158934,0.047903731485046626,0.0401407457540981,0.036590639276808,0.0393890301744716,0.0539809612538472,0.049807232114715536,0.04116253153051412,0.045256455025025656,0.038133036824367146,0.0485619919924176,0.04056681149728041,0.0376484741045045,0.04897043474242929,0.035613812828308035,0.039594506565217485,0.047612836390440484,0.03743510410749085,0.049158996103597766,0.046308634669869356,0.04982895582756828,0.04239628627019078,0.0378089051136321
