,index,age,target_label,session_id,correct_or_not,target_label_prob,airplane_prob,bear_prob,bike_prob,bird_prob,boat_prob,bowl_prob,car_prob,cat_prob,chair_prob,couch_prob,cup_prob,dog_prob,fish_prob,frog_prob,house_prob,key_prob,person_prob,phone_prob,rabbit_prob,scissors_prob,sheep_prob,train_prob,tree_prob
0,6490,2,phone,run_v41541979392451,0.0,0.042971542368209235,0.03517752364180816,0.03840462304980466,0.03959462903703417,0.0458133468969518,0.04297838487425344,0.05956080926939812,0.038480073593324456,0.03929223067865789,0.03971136087173573,0.04230058927061091,0.044070955706366745,0.043606774454891396,0.04775208935660016,0.046506020976888406,0.03459923679307317,0.04580169684082516,0.046359710395271723,0.042971542368209235,0.042951425420301885,0.04926882207015784,0.04434512123269057,0.039727094940518876,0.05072593826062551
