,index,age,target_label,session_id,correct_or_not,target_label_prob,airplane_prob,bear_prob,bike_prob,bird_prob,boat_prob,bowl_prob,car_prob,cat_prob,chair_prob,couch_prob,cup_prob,dog_prob,fish_prob,frog_prob,house_prob,key_prob,person_prob,phone_prob,rabbit_prob,scissors_prob,sheep_prob,train_prob,tree_prob
0,1809,3,boat,run_v31526588694293,1.0,0.07011413355254896,0.050094071768980536,0.04422699117185548,0.05407125039573547,0.03923923077227476,0.07011413355254896,0.05019727306963894,0.03975779862270854,0.03644329048006161,0.03947566847284136,0.050455302205111824,0.046548491208318124,0.037049684547042674,0.03449716221228304,0.04093506591380462,0.04045300220669912,0.03896171164329805,0.0362880211551976,0.04378486083986795,0.03983921314263476,0.03517053438370981,0.04664044456596724,0.040062784243331186,0.04569401342608826
