,index,age,target_label,session_id,correct_or_not,target_label_prob,airplane_prob,bear_prob,bike_prob,bird_prob,boat_prob,bowl_prob,car_prob,cat_prob,chair_prob,couch_prob,cup_prob,dog_prob,fish_prob,frog_prob,house_prob,key_prob,person_prob,phone_prob,rabbit_prob,scissors_prob,sheep_prob,train_prob,tree_prob
0,6354,10,person,run_v31535141635369,1.0,0.07194870194470941,0.045104625475458314,0.042015276278865775,0.039889777374763936,0.045795965394140555,0.04903411223557869,0.03874968206208243,0.03772660526479097,0.04155286383640007,0.05069088958470509,0.03992693427336374,0.03791436442909358,0.03950558713275258,0.05227641152029238,0.038757549232520914,0.03526107383456589,0.04154374756088232,0.07194870194470941,0.036346874411873446,0.04092631573980249,0.047788012341989664,0.03755352425114294,0.04149310769995338,0.04819799812027134
