,index,age,target_label,session_id,correct_or_not,target_label_prob,airplane_prob,bear_prob,bike_prob,bird_prob,boat_prob,bowl_prob,car_prob,cat_prob,chair_prob,couch_prob,cup_prob,dog_prob,fish_prob,frog_prob,house_prob,key_prob,person_prob,phone_prob,rabbit_prob,scissors_prob,sheep_prob,train_prob,tree_prob
0,2900,4,cat,run_v41536443703394,0.0,0.05079280957113419,0.03807440490405329,0.05083324344133578,0.04090480359677123,0.042111998181631805,0.035666133887943395,0.03948697743825207,0.04792409106337578,0.05079280957113419,0.03805146137164844,0.03868637906736283,0.04388525840533397,0.04601667327528245,0.04404999255201943,0.05307917285155665,0.03912588848650515,0.043595862859919274,0.040294010871073746,0.04123708857192521,0.059274058912652895,0.03912057352956367,0.04797277238007686,0.04017566730731818,0.03964067747326363
