,index,age,target_label,session_id,correct_or_not,target_label_prob,airplane_prob,bear_prob,bike_prob,bird_prob,boat_prob,bowl_prob,car_prob,cat_prob,chair_prob,couch_prob,cup_prob,dog_prob,fish_prob,frog_prob,house_prob,key_prob,person_prob,phone_prob,rabbit_prob,scissors_prob,sheep_prob,train_prob,tree_prob
0,3191,5,chair,run_v31529181228558,1.0,0.06556579786041744,0.03980572284782107,0.042067824553770346,0.04184375370979098,0.036103013644119886,0.03564668225578703,0.041962556475838624,0.038015634549842664,0.03733850973117219,0.06556579786041744,0.05492288210160972,0.05482056928807029,0.03670317728785526,0.04038158684511659,0.04112260926050408,0.05740748010883465,0.03634278151519978,0.038127561449363634,0.0528592915909774,0.03790991340763678,0.03502455447887232,0.03959014088166026,0.041011510470581776,0.0554264456851573
