,index,age,target_label,session_id,correct_or_not,target_label_prob,airplane_prob,bear_prob,bike_prob,bird_prob,boat_prob,bowl_prob,car_prob,cat_prob,chair_prob,couch_prob,cup_prob,dog_prob,fish_prob,frog_prob,house_prob,key_prob,person_prob,phone_prob,rabbit_prob,scissors_prob,sheep_prob,train_prob,tree_prob
0,1912,7,bowl,run_v31529187059841,1.0,0.07983287614496418,0.038829582971552964,0.03849770217364354,0.039045233510524816,0.04096543285654123,0.046405385198160405,0.07983287614496418,0.03755979121795308,0.033393971637423005,0.04380238440927592,0.044521682536891594,0.05965464898075697,0.040432042835777456,0.041115038458147346,0.03807337094533186,0.04224794628784384,0.04429705175068232,0.04242846883406631,0.04069132095418881,0.03683167891755974,0.04241002688735236,0.043187215637243134,0.03737898304898473,0.04839816380513418
