,index,age,target_label,session_id,correct_or_not,target_label_prob,airplane_prob,bear_prob,bike_prob,bird_prob,boat_prob,bowl_prob,car_prob,cat_prob,chair_prob,couch_prob,cup_prob,dog_prob,fish_prob,frog_prob,house_prob,key_prob,person_prob,phone_prob,rabbit_prob,scissors_prob,sheep_prob,train_prob,tree_prob
0,7018,8,rabbit,run_v31531779637393,0.0,0.03989966870184038,0.04044316934419207,0.04517275504180628,0.04954581800026039,0.04700380093987697,0.044458131687481306,0.04033562828590425,0.047392872818875484,0.042666866237992866,0.03665212995903695,0.03951281811486273,0.03908706969236346,0.046052503842446156,0.04678923763719203,0.042826241442779175,0.03998120395640752,0.05177936900378032,0.04037159916988025,0.03736178720643094,0.03989966870184038,0.035421782195460105,0.050742802027311934,0.04257253658757768,0.05393020810624066
