,index,age,target_label,session_id,correct_or_not,target_label_prob,airplane_prob,bear_prob,bike_prob,bird_prob,boat_prob,bowl_prob,car_prob,cat_prob,chair_prob,couch_prob,cup_prob,dog_prob,fish_prob,frog_prob,house_prob,key_prob,person_prob,phone_prob,rabbit_prob,scissors_prob,sheep_prob,train_prob,tree_prob
0,1067,10,bike,run_v31530655612989,1.0,0.09846776948582346,0.045093554218042786,0.04180612389118627,0.09846776948582346,0.04476723714863403,0.040747803101694596,0.0371968725158862,0.041484031392872704,0.04900096918248722,0.04234843506410112,0.03628675558002258,0.040739023805988095,0.047891220136133235,0.045322391871667006,0.03965974147641308,0.03359355884832958,0.04046341971360032,0.042905388369070846,0.029334563093180124,0.04281716675552635,0.04531990475433952,0.03803989871064807,0.04728350151123019,0.02943066937312257
