,index,age,target_label,session_id,correct_or_not,target_label_prob,airplane_prob,bear_prob,bike_prob,bird_prob,boat_prob,bowl_prob,car_prob,cat_prob,chair_prob,couch_prob,cup_prob,dog_prob,fish_prob,frog_prob,house_prob,key_prob,person_prob,phone_prob,rabbit_prob,scissors_prob,sheep_prob,train_prob,tree_prob
0,307,6,airplane,run_v31532197883703,0.0,0.046046509626561975,0.046046509626561975,0.04074312995640214,0.04960036229597724,0.03748238194808584,0.05231305327485555,0.048154592275775024,0.039708870522967836,0.03689923917314891,0.05737696592699961,0.04421782451644901,0.04648107371735626,0.03891884423322702,0.03979405599978876,0.042334886779407624,0.03718858597656292,0.040542536651671714,0.04175060416629379,0.045382232140675695,0.0368143351699241,0.04710563493697316,0.04215614367439135,0.03989541045144959,0.049092726585055126
