,index,age,target_label,session_id,correct_or_not,target_label_prob,airplane_prob,bear_prob,bike_prob,bird_prob,boat_prob,bowl_prob,car_prob,cat_prob,chair_prob,couch_prob,cup_prob,dog_prob,fish_prob,frog_prob,house_prob,key_prob,person_prob,phone_prob,rabbit_prob,scissors_prob,sheep_prob,train_prob,tree_prob
0,4536,8,fish,run_v31533080542007,1.0,0.06392754100519156,0.042378528005312555,0.04596940750424166,0.0416452491890652,0.044021969425470195,0.04197532106757535,0.04430969998103226,0.04480594285400219,0.046736002446586294,0.04321659128801621,0.0464771693367905,0.053331828191235296,0.04900458574675787,0.06392754100519156,0.04314195473248913,0.033019091019601654,0.038957932282563904,0.03578693928996567,0.03619115570442078,0.04329421193633102,0.03882502237271404,0.0433898093514002,0.041981008788783115,0.03761303848045358
