,index,age,target_label,session_id,correct_or_not,target_label_prob,airplane_prob,bear_prob,bike_prob,bird_prob,boat_prob,bowl_prob,car_prob,cat_prob,chair_prob,couch_prob,cup_prob,dog_prob,fish_prob,frog_prob,house_prob,key_prob,person_prob,phone_prob,rabbit_prob,scissors_prob,sheep_prob,train_prob,tree_prob
0,449,7,bear,run_v41537140916863,1.0,0.08592654547917883,0.03631485125234179,0.08592654547917883,0.03809834403701391,0.03337543048531655,0.040863309632027466,0.03528592187595852,0.060468432736622835,0.03827707568718053,0.041123371416303504,0.03907548203751105,0.038105083957691195,0.04042318924772164,0.030713970298829683,0.04696427323708472,0.037297112206678404,0.03707094292405982,0.0366120135498968,0.032930440176093305,0.06959519988124055,0.03908032359624571,0.05082919113786442,0.044574005595004546,0.04699548955213419
