,index,age,target_label,session_id,correct_or_not,target_label_prob,airplane_prob,bear_prob,bike_prob,bird_prob,boat_prob,bowl_prob,car_prob,cat_prob,chair_prob,couch_prob,cup_prob,dog_prob,fish_prob,frog_prob,house_prob,key_prob,person_prob,phone_prob,rabbit_prob,scissors_prob,sheep_prob,train_prob,tree_prob
0,8536,7,tree,run_v31534024394133,1.0,0.06340648069209612,0.040075670278645954,0.04008217713144181,0.044751341258682825,0.04624908923684451,0.03841449077032457,0.04018477583867429,0.046239603716475904,0.04107637671526633,0.05461116186441592,0.05195752483316333,0.043571733860314245,0.040530718948578834,0.0410903769689642,0.039215729019308705,0.04348918374158791,0.04292772673785521,0.0461628156835059,0.03960184618601992,0.0429510142238231,0.03353249245531081,0.043309999137421944,0.0365676707012778,0.06340648069209612
