,index,age,target_label,session_id,correct_or_not,target_label_prob,airplane_prob,bear_prob,bike_prob,bird_prob,boat_prob,bowl_prob,car_prob,cat_prob,chair_prob,couch_prob,cup_prob,dog_prob,fish_prob,frog_prob,house_prob,key_prob,person_prob,phone_prob,rabbit_prob,scissors_prob,sheep_prob,train_prob,tree_prob
0,6626,2,phone,run_v41541696399683,0.0,0.03133296853675288,0.04972357053841502,0.04364193996092885,0.0350838944133057,0.04229478789538981,0.05101006155271726,0.0441207701237932,0.03349131469839541,0.03802104841641065,0.03902058921695663,0.0730918289787722,0.04973484950934565,0.0379633036792167,0.0494635374652505,0.04252085920869668,0.030302682845158902,0.0558499666940166,0.03846593212037107,0.03133296853675288,0.046205809110595644,0.03938264747732811,0.04706224455970416,0.040253318780563166,0.04196207421791548
