,index,age,target_label,session_id,correct_or_not,target_label_prob,airplane_prob,bear_prob,bike_prob,bird_prob,boat_prob,bowl_prob,car_prob,cat_prob,chair_prob,couch_prob,cup_prob,dog_prob,fish_prob,frog_prob,house_prob,key_prob,person_prob,phone_prob,rabbit_prob,scissors_prob,sheep_prob,train_prob,tree_prob
0,135,4,airplane,run_v31530309361085,0.0,0.05146840407773763,0.05146840407773763,0.04126452749020756,0.03472174473871201,0.04727463846690178,0.045230086495088896,0.04341637262344954,0.041695457226757084,0.04575885062699372,0.035822695541150036,0.04245980743305573,0.042571720686995794,0.04234713772752586,0.0547145908831753,0.04390336566767443,0.0402376410040913,0.045698721784068363,0.04391926206920862,0.037471176206658297,0.03917959760181585,0.043245971699683056,0.04385905360975494,0.051162009950268775,0.042577166389025464
