,index,age,target_label,session_id,correct_or_not,target_label_prob,airplane_prob,bear_prob,bike_prob,bird_prob,boat_prob,bowl_prob,car_prob,cat_prob,chair_prob,couch_prob,cup_prob,dog_prob,fish_prob,frog_prob,house_prob,key_prob,person_prob,phone_prob,rabbit_prob,scissors_prob,sheep_prob,train_prob,tree_prob
0,4603,5,fish,run_v31533849349665,0.0,0.05031570582569939,0.04022197732646315,0.04401580150314835,0.040586279274145654,0.046284346670279496,0.03635346931737757,0.04776366457055689,0.0524460174791286,0.041852733410475663,0.04189015647122421,0.043930155102095345,0.04677453469171429,0.048564914474715226,0.05031570582569939,0.045060786809278545,0.039524639411569897,0.0459120499250487,0.03777142528216942,0.040303654005513334,0.046983005637637625,0.04380234576761049,0.04201913122416128,0.0381426226817897,0.03948058313819727
