,index,age,target_label,session_id,correct_or_not,target_label_prob,airplane_prob,bear_prob,bike_prob,bird_prob,boat_prob,bowl_prob,car_prob,cat_prob,chair_prob,couch_prob,cup_prob,dog_prob,fish_prob,frog_prob,house_prob,key_prob,person_prob,phone_prob,rabbit_prob,scissors_prob,sheep_prob,train_prob,tree_prob
0,5402,5,house,run_v31534023554835,1.0,0.08032075393063694,0.03903059706976522,0.04158677891130695,0.04175475102432362,0.044163998837528806,0.04454718797929516,0.04715565243106466,0.0456085202486684,0.03935175609776261,0.037853625214486764,0.030260281661211686,0.03575240069272114,0.039718957027458916,0.04240226784099554,0.04073036949494484,0.08032075393063694,0.04248668613038208,0.043549018507840875,0.05661841390628685,0.039308561964696245,0.047575375774578176,0.03812036481040346,0.039753776934289414,0.04234990350935174
