,index,age,target_label,session_id,correct_or_not,target_label_prob,airplane_prob,bear_prob,bike_prob,bird_prob,boat_prob,bowl_prob,car_prob,cat_prob,chair_prob,couch_prob,cup_prob,dog_prob,fish_prob,frog_prob,house_prob,key_prob,person_prob,phone_prob,rabbit_prob,scissors_prob,sheep_prob,train_prob,tree_prob
0,3620,5,couch,run_v31530478097123,1.0,0.0940727256412521,0.030155947060737175,0.03397616631847816,0.028677610536335975,0.03334027229306474,0.05259712160895308,0.05095980700711823,0.0521725973027515,0.04445756473881951,0.036540422698153226,0.0940727256412521,0.0425537659550852,0.0419756509055,0.040213262712889344,0.03861777854400529,0.07902054703975565,0.0428583770100961,0.039868669782587,0.036745554203843754,0.03947352780598337,0.04240087564023147,0.0322284898350394,0.031044177839507643,0.03604908751981189
