,index,age,target_label,session_id,correct_or_not,target_label_prob,airplane_prob,bear_prob,bike_prob,bird_prob,boat_prob,bowl_prob,car_prob,cat_prob,chair_prob,couch_prob,cup_prob,dog_prob,fish_prob,frog_prob,house_prob,key_prob,person_prob,phone_prob,rabbit_prob,scissors_prob,sheep_prob,train_prob,tree_prob
0,8100,5,train,run_v41542145004464,0.0,0.049461262874333306,0.033035701978840655,0.04085980188280775,0.05315510702461203,0.0414903752474953,0.045227931655615526,0.043361224771541584,0.05010090027522879,0.047346899367508105,0.040854814687758784,0.03901029015526797,0.03808816812913976,0.044474053536352275,0.05016853356590986,0.046901247136318235,0.03591133486977358,0.04784215998183692,0.03923802210468073,0.04672278371955067,0.04212342190156595,0.040278082656630854,0.04659672932682593,0.049461262874333306,0.03775115315040544
