,index,age,target_label,session_id,correct_or_not,target_label_prob,airplane_prob,bear_prob,bike_prob,bird_prob,boat_prob,bowl_prob,car_prob,cat_prob,chair_prob,couch_prob,cup_prob,dog_prob,fish_prob,frog_prob,house_prob,key_prob,person_prob,phone_prob,rabbit_prob,scissors_prob,sheep_prob,train_prob,tree_prob
0,5980,4,key,run_v41537380064062,0.0,0.04068181930378056,0.04957695542284023,0.04376214582356572,0.035286283658471584,0.04756924627554734,0.038249221378226526,0.03658621372802473,0.03838980252667266,0.04224395832001914,0.03909063297055976,0.049803566182824964,0.03978675691415543,0.04714947478837202,0.04154611260088207,0.04297299721313833,0.06517089612706423,0.04068181930378056,0.042726373360495465,0.02991304921655184,0.040627920740950924,0.049951714881783675,0.05115296485638301,0.04021792987990017,0.047543963829789586
