,index,age,target_label,session_id,correct_or_not,target_label_prob,airplane_prob,bear_prob,bike_prob,bird_prob,boat_prob,bowl_prob,car_prob,cat_prob,chair_prob,couch_prob,cup_prob,dog_prob,fish_prob,frog_prob,house_prob,key_prob,person_prob,phone_prob,rabbit_prob,scissors_prob,sheep_prob,train_prob,tree_prob
0,1820,2,boat,run_v31534020207694,0.0,0.05503755455017857,0.05670537519646297,0.03896633087071434,0.04338881824297988,0.0420221867458373,0.05503755455017857,0.038949313511893215,0.041317713086716126,0.04353481239673396,0.036383437576705764,0.03834586629481393,0.03328807749880565,0.04510620043386069,0.04812676032759397,0.03935472313407199,0.043054206959001765,0.040221543418779516,0.05036137955211102,0.039201566916631424,0.050883302697033256,0.04119940547794795,0.04181994098258894,0.04199220463485576,0.050739279493682204
