,index,age,target_label,session_id,correct_or_not,target_label_prob,airplane_prob,bear_prob,bike_prob,bird_prob,boat_prob,bowl_prob,car_prob,cat_prob,chair_prob,couch_prob,cup_prob,dog_prob,fish_prob,frog_prob,house_prob,key_prob,person_prob,phone_prob,rabbit_prob,scissors_prob,sheep_prob,train_prob,tree_prob
0,6521,3,phone,run_v31531507420688,0.0,0.03992979801389086,0.04752399308340542,0.0439703909355715,0.042088037980523206,0.047531702354824186,0.04797655120535653,0.055802429968504166,0.03417556372985964,0.047909017449817876,0.034941878464350234,0.03427007399946394,0.04417273388368479,0.04405632668317458,0.05282155568887073,0.041023917304318036,0.037195916431006094,0.04063827161257546,0.04631273646804228,0.03992979801389086,0.04157179175942805,0.05673993439625061,0.03985344076569856,0.037817857527062085,0.041676080294321204
