,index,age,target_label,session_id,correct_or_not,target_label_prob,airplane_prob,bear_prob,bike_prob,bird_prob,boat_prob,bowl_prob,car_prob,cat_prob,chair_prob,couch_prob,cup_prob,dog_prob,fish_prob,frog_prob,house_prob,key_prob,person_prob,phone_prob,rabbit_prob,scissors_prob,sheep_prob,train_prob,tree_prob
0,8173,5,train,run_v41540160503321,0.0,0.041710621153781234,0.044070111870581935,0.04030583225194095,0.038828783093264374,0.04577452138978608,0.03937359050993413,0.04311640828423238,0.03541716385002934,0.039075722755774124,0.07725956056972481,0.03520265707379988,0.036946487585756624,0.03325388106784222,0.04302377196164484,0.04120833146889499,0.08010045792311403,0.03906579928776405,0.04060041119777466,0.033351028804578534,0.038787661762469915,0.04807836646462986,0.04436471369191414,0.041710621153781234,0.041084115980767076
