,index,age,target_label,session_id,correct_or_not,target_label_prob,airplane_prob,bear_prob,bike_prob,bird_prob,boat_prob,bowl_prob,car_prob,cat_prob,chair_prob,couch_prob,cup_prob,dog_prob,fish_prob,frog_prob,house_prob,key_prob,person_prob,phone_prob,rabbit_prob,scissors_prob,sheep_prob,train_prob,tree_prob
0,5492,4,house,run_v31534371519519,1.0,0.08389890992295966,0.03845710769429505,0.040221905812618905,0.03882191990085254,0.04739510712110126,0.034714747686679946,0.04211729712022269,0.03996459438651663,0.042593620789411306,0.059233357402097564,0.05982321805939174,0.029520966608112716,0.0441652260926853,0.039856915069446074,0.03820132986515284,0.08389890992295966,0.04023328046578442,0.03914482026193553,0.035236136657259325,0.043789405353640926,0.03767256907698043,0.039890069006884125,0.03941848669940659,0.0456290089465646
