,index,age,target_label,session_id,correct_or_not,target_label_prob,airplane_prob,bear_prob,bike_prob,bird_prob,boat_prob,bowl_prob,car_prob,cat_prob,chair_prob,couch_prob,cup_prob,dog_prob,fish_prob,frog_prob,house_prob,key_prob,person_prob,phone_prob,rabbit_prob,scissors_prob,sheep_prob,train_prob,tree_prob
0,876,10,bike,run_v31530397434537,0.0,0.045636751271803846,0.03622193404891893,0.047055116946407946,0.045636751271803846,0.0403645084407963,0.045866822008441874,0.04079635660683689,0.04108110406817728,0.0537271378087438,0.03731921159359488,0.03469152350438965,0.03818206480632259,0.046550657293575284,0.041864815933334326,0.04538825104164864,0.03076310736940017,0.05210943894257935,0.05174450956928941,0.03506662630067923,0.05274481496212505,0.05304241837049592,0.04981606133175468,0.04146637617352437,0.03850039160715939
