,index,age,target_label,session_id,correct_or_not,target_label_prob,airplane_prob,bear_prob,bike_prob,bird_prob,boat_prob,bowl_prob,car_prob,cat_prob,chair_prob,couch_prob,cup_prob,dog_prob,fish_prob,frog_prob,house_prob,key_prob,person_prob,phone_prob,rabbit_prob,scissors_prob,sheep_prob,train_prob,tree_prob
0,7700,2,sheep,run_v41536948320502,0.0,0.03862889180835071,0.042884776160896504,0.04206233339060614,0.04680433182998272,0.041496785596510745,0.041327280700165475,0.04100693538452536,0.04025247001160663,0.043673691678418426,0.05905915975109436,0.04486797705607698,0.04466324694872969,0.04110654631020737,0.044540591450359775,0.0428265483203037,0.03600830898459711,0.046724735030531865,0.03917352261839751,0.044212198178312165,0.03860121367974151,0.047058128693679466,0.03862889180835071,0.04735633414024192,0.04566399227666391
