,index,age,target_label,session_id,correct_or_not,target_label_prob,airplane_prob,bear_prob,bike_prob,bird_prob,boat_prob,bowl_prob,car_prob,cat_prob,chair_prob,couch_prob,cup_prob,dog_prob,fish_prob,frog_prob,house_prob,key_prob,person_prob,phone_prob,rabbit_prob,scissors_prob,sheep_prob,train_prob,tree_prob
0,6158,5,person,run_v31526499554039,1.0,0.08242102967339748,0.04165362737779501,0.04452702400093453,0.030875436487470567,0.04472357385893774,0.04190635514339226,0.03903415925009085,0.03554324995098382,0.0385250148000904,0.06338616632799887,0.038643840204147774,0.0315864748821264,0.03865162202285756,0.041733329933466866,0.0403768429264301,0.0448812478297971,0.04565056847313134,0.08242102967339748,0.033108107796369426,0.03892651226467644,0.042342657189834355,0.040521022711798894,0.0375810481513604,0.06340108874291178
