,index,age,target_label,session_id,correct_or_not,target_label_prob,airplane_prob,bear_prob,bike_prob,bird_prob,boat_prob,bowl_prob,car_prob,cat_prob,chair_prob,couch_prob,cup_prob,dog_prob,fish_prob,frog_prob,house_prob,key_prob,person_prob,phone_prob,rabbit_prob,scissors_prob,sheep_prob,train_prob,tree_prob
0,1971,6,bowl,run_v31528665810605,0.0,0.05454281553704036,0.044486861699756276,0.037567617808044594,0.04482651875640643,0.04290809787817335,0.04616696588168725,0.05454281553704036,0.047723529675633515,0.037532398265532695,0.04341658701127606,0.04041617010914103,0.07042027696834778,0.042563006505422336,0.04550709070510831,0.03896282366224222,0.036242142003523055,0.042453723703434545,0.0354514652343971,0.04154766244745533,0.04213603352514103,0.040431118360363304,0.03964313033975193,0.04232375304298311,0.042730210879138406
