,index,age,target_label,session_id,correct_or_not,target_label_prob,airplane_prob,bear_prob,bike_prob,bird_prob,boat_prob,bowl_prob,car_prob,cat_prob,chair_prob,couch_prob,cup_prob,dog_prob,fish_prob,frog_prob,house_prob,key_prob,person_prob,phone_prob,rabbit_prob,scissors_prob,sheep_prob,train_prob,tree_prob
0,4211,3,dog,run_v31535742751450,0.0,0.05270361284327212,0.046015803847548206,0.04448566421027517,0.0365898850968925,0.050624846712586755,0.04370698062228048,0.03768319895187677,0.04516946860801588,0.04618514663595172,0.04109243029381543,0.03877719196282817,0.03401859583402895,0.05270361284327212,0.05043089160524366,0.05011572832594699,0.04105055267562653,0.04028367352949376,0.044218173718218186,0.03544437196425742,0.03758747553173867,0.03495770353345448,0.05807882012532385,0.051407125452526986,0.039372657918797245
