,index,age,target_label,session_id,correct_or_not,target_label_prob,airplane_prob,bear_prob,bike_prob,bird_prob,boat_prob,bowl_prob,car_prob,cat_prob,chair_prob,couch_prob,cup_prob,dog_prob,fish_prob,frog_prob,house_prob,key_prob,person_prob,phone_prob,rabbit_prob,scissors_prob,sheep_prob,train_prob,tree_prob
0,5995,9,key,run_v41536355093788,1.0,0.06553398336703464,0.04619057590972299,0.038239675327672494,0.0601994701737376,0.0384227436145719,0.04983870483041498,0.04148268520588521,0.0469158818683178,0.03776847943619167,0.049953669720694684,0.034021653012105774,0.04985033656774802,0.03822965845452682,0.04432541883068196,0.03905104725801309,0.030740967225594246,0.06553398336703464,0.045897431848412606,0.03946065212143735,0.04412119846949532,0.04797443752541206,0.033885249153509364,0.03758981295099318,0.040306267127826215
