,index,age,target_label,session_id,correct_or_not,target_label_prob,airplane_prob,bear_prob,bike_prob,bird_prob,boat_prob,bowl_prob,car_prob,cat_prob,chair_prob,couch_prob,cup_prob,dog_prob,fish_prob,frog_prob,house_prob,key_prob,person_prob,phone_prob,rabbit_prob,scissors_prob,sheep_prob,train_prob,tree_prob
0,4650,2,fish,run_v31534455632247,1.0,0.05834540505544317,0.04665843612994328,0.040513222244432885,0.04191156658753101,0.04472743432416344,0.042342748200749694,0.04855466363580207,0.05646258221545188,0.03958197446004935,0.04130697281063228,0.04349898215685654,0.041284503524426454,0.04518754071977069,0.05834540505544317,0.042398001917666135,0.037284742611576445,0.04003350142314515,0.03854589934956821,0.04076253496097107,0.03887933184415317,0.04041090399954676,0.0414399252086765,0.046532000557580167,0.04333712606186363
