,index,age,target_label,session_id,correct_or_not,target_label_prob,airplane_prob,bear_prob,bike_prob,bird_prob,boat_prob,bowl_prob,car_prob,cat_prob,chair_prob,couch_prob,cup_prob,dog_prob,fish_prob,frog_prob,house_prob,key_prob,person_prob,phone_prob,rabbit_prob,scissors_prob,sheep_prob,train_prob,tree_prob
0,8601,8,tree,run_v31534794949914,1.0,0.07165421801447476,0.03647738685681859,0.040490304089872545,0.04793576503138827,0.04297473484590779,0.04072096937940998,0.04006621575553375,0.03601596993876617,0.0349235231164101,0.05239211411458274,0.03281104413966503,0.0445947938093043,0.038505265958930356,0.040163750963216505,0.03691016686419548,0.045716623266580395,0.05324610445086985,0.059134535687007564,0.04722114850833787,0.03811193351112866,0.04293059616348866,0.04186585413082006,0.03513698140329055,0.07165421801447476
