,index,age,target_label,session_id,correct_or_not,target_label_prob,airplane_prob,bear_prob,bike_prob,bird_prob,boat_prob,bowl_prob,car_prob,cat_prob,chair_prob,couch_prob,cup_prob,dog_prob,fish_prob,frog_prob,house_prob,key_prob,person_prob,phone_prob,rabbit_prob,scissors_prob,sheep_prob,train_prob,tree_prob
0,6579,9,phone,run_v41540330512753,1.0,0.07214612595114984,0.04027771943175526,0.040296554112514045,0.03738894483029631,0.038140561434373714,0.0364605971095514,0.043895992424254585,0.04295266999253697,0.04096782730529108,0.038462447573604876,0.04165713388953865,0.04259390142370885,0.03444860879920144,0.037009829260430324,0.04151985716986426,0.06980997612944331,0.04378382013958332,0.04240800302463919,0.07214612595114984,0.03945614474249901,0.044800589363181806,0.040835563674494896,0.04482231344605532,0.04586481877203167
