,index,age,target_label,session_id,correct_or_not,target_label_prob,airplane_prob,bear_prob,bike_prob,bird_prob,boat_prob,bowl_prob,car_prob,cat_prob,chair_prob,couch_prob,cup_prob,dog_prob,fish_prob,frog_prob,house_prob,key_prob,person_prob,phone_prob,rabbit_prob,scissors_prob,sheep_prob,train_prob,tree_prob
0,5449,4,house,run_v31533323370032,0.0,0.0336338124502636,0.039746075890812485,0.0399910582481046,0.050301888463051815,0.040708490775658385,0.03065831478254511,0.03649193918825775,0.04185994946332558,0.04103593115161551,0.06445324974299542,0.0524076143422055,0.05460966375710742,0.045223603576793434,0.052002323788297604,0.038150193711607196,0.0336338124502636,0.05495783472314303,0.03610477301513542,0.03558532681260922,0.03669403841581122,0.03462712500249101,0.04256202523212206,0.056149727178653526,0.04204504028739314
