,index,age,target_label,session_id,correct_or_not,target_label_prob,airplane_prob,bear_prob,bike_prob,bird_prob,boat_prob,bowl_prob,car_prob,cat_prob,chair_prob,couch_prob,cup_prob,dog_prob,fish_prob,frog_prob,house_prob,key_prob,person_prob,phone_prob,rabbit_prob,scissors_prob,sheep_prob,train_prob,tree_prob
0,6339,8,person,run_v31526163910656,1.0,0.08616531068966865,0.044071124111763164,0.044458590375514556,0.03849955487199157,0.04937177137413358,0.037806796470617555,0.0399440058907307,0.03963488147704174,0.03858002316472573,0.051680279701996956,0.03578864240322995,0.039703870688772715,0.04347195666827015,0.03993579735045167,0.040699538647126644,0.03545635771580172,0.04388903505732032,0.08616531068966865,0.03365789312533929,0.03746585313626106,0.045507044739295115,0.03783507751966072,0.037379555340520614,0.05899703947976568
