,index,age,target_label,session_id,correct_or_not,target_label_prob,airplane_prob,bear_prob,bike_prob,bird_prob,boat_prob,bowl_prob,car_prob,cat_prob,chair_prob,couch_prob,cup_prob,dog_prob,fish_prob,frog_prob,house_prob,key_prob,person_prob,phone_prob,rabbit_prob,scissors_prob,sheep_prob,train_prob,tree_prob
0,3249,10,chair,run_v31529097599117,1.0,0.06215440212802291,0.044437191211430305,0.040861004688322086,0.0390715006233016,0.037565833594938175,0.05113819664387015,0.03617229052855972,0.039088425050686784,0.03916655290388534,0.06215440212802291,0.04921693699015027,0.041560826806473036,0.03877055731252895,0.03902987867048688,0.0414677656496899,0.053857659431934754,0.0427559008929087,0.04132316527926525,0.04134522586232305,0.0417264675774549,0.04297248903011772,0.04280838958585504,0.047745343070754044,0.045763996467040345
