,index,age,target_label,session_id,correct_or_not,target_label_prob,airplane_prob,bear_prob,bike_prob,bird_prob,boat_prob,bowl_prob,car_prob,cat_prob,chair_prob,couch_prob,cup_prob,dog_prob,fish_prob,frog_prob,house_prob,key_prob,person_prob,phone_prob,rabbit_prob,scissors_prob,sheep_prob,train_prob,tree_prob
0,2761,4,cat,run_v41541364480451,0.0,0.04097611840758462,0.044811168660119895,0.04437742256986497,0.043459749279230096,0.0421315599528196,0.04177810156475696,0.04111159061981641,0.03672673108735517,0.04097611840758462,0.059757503836566035,0.036851910430623525,0.041414991188022034,0.04375956090356464,0.03580097430700547,0.03949601876345843,0.033656608001793355,0.04474325450314873,0.051329296150532666,0.038869536277109255,0.04423678410822724,0.04877960490844927,0.041270774299858176,0.04176705101803897,0.06289368916205447
