,index,age,target_label,session_id,correct_or_not,target_label_prob,airplane_prob,bear_prob,bike_prob,bird_prob,boat_prob,bowl_prob,car_prob,cat_prob,chair_prob,couch_prob,cup_prob,dog_prob,fish_prob,frog_prob,house_prob,key_prob,person_prob,phone_prob,rabbit_prob,scissors_prob,sheep_prob,train_prob,tree_prob
0,4696,5,fish,run_v31533154863881,0.0,0.047585397929350834,0.04767419449267116,0.03749708006756194,0.06070197865585175,0.045415508451594186,0.049449909239021775,0.04128726580363644,0.046908523054954396,0.04066214755332309,0.03481223142790846,0.0523958741164563,0.05167834393401927,0.04291991249926843,0.047585397929350834,0.041231059444727984,0.041400977706363314,0.046064702047060015,0.03771678297043462,0.04846703474134306,0.0383284960784526,0.03557768239438982,0.0406923470239178,0.0433942609450333,0.028138289422659505
