,index,age,target_label,session_id,correct_or_not,target_label_prob,airplane_prob,bear_prob,bike_prob,bird_prob,boat_prob,bowl_prob,car_prob,cat_prob,chair_prob,couch_prob,cup_prob,dog_prob,fish_prob,frog_prob,house_prob,key_prob,person_prob,phone_prob,rabbit_prob,scissors_prob,sheep_prob,train_prob,tree_prob
0,3293,5,chair,run_v31528923599219,1.0,0.06961269837777727,0.05178319265703899,0.03787436561777579,0.033293270477439865,0.039823208100529445,0.05433001738099454,0.04464808220927045,0.03559191124908217,0.03904496451415442,0.06961269837777727,0.04261196997043223,0.03847619114628004,0.0410161881751764,0.03551041238485603,0.03773110489216691,0.03170082585248814,0.048403619533475585,0.04565723416630772,0.04512858942360085,0.043162899432007046,0.04965740895823873,0.04222182834171572,0.042005634242977354,0.05071438289621442
