,index,age,target_label,session_id,correct_or_not,target_label_prob,airplane_prob,bear_prob,bike_prob,bird_prob,boat_prob,bowl_prob,car_prob,cat_prob,chair_prob,couch_prob,cup_prob,dog_prob,fish_prob,frog_prob,house_prob,key_prob,person_prob,phone_prob,rabbit_prob,scissors_prob,sheep_prob,train_prob,tree_prob
0,1666,8,boat,run_v31526413939938,1.0,0.06872080123788926,0.04397152680178967,0.04348395979457373,0.03834479347101812,0.04255436060583915,0.06872080123788926,0.06078186422455955,0.033121282846530646,0.04030163934022114,0.04300887454822911,0.04133932803525851,0.03949721850285142,0.039194638854227554,0.03757635956332734,0.040152727910008144,0.06114247650596168,0.03848455545631462,0.04270429154296269,0.03464612915937985,0.04299191719354932,0.03584210662085073,0.04306879676435018,0.04852062016668145,0.04054973085362637
