,index,age,target_label,session_id,correct_or_not,target_label_prob,airplane_prob,bear_prob,bike_prob,bird_prob,boat_prob,bowl_prob,car_prob,cat_prob,chair_prob,couch_prob,cup_prob,dog_prob,fish_prob,frog_prob,house_prob,key_prob,person_prob,phone_prob,rabbit_prob,scissors_prob,sheep_prob,train_prob,tree_prob
0,5761,5,key,run_v41539811508115,0.0,0.04779361120328563,0.0402085443429742,0.039708930119298894,0.04739762009781035,0.041741200909457585,0.043567553757504734,0.03809879453180862,0.044461677911518734,0.038952071567414384,0.04784282726030805,0.03870672365634408,0.04377327015929765,0.04281071087062337,0.04035090432413279,0.047121080734240005,0.03995710839555155,0.04779361120328563,0.0422191820830153,0.04395547802739725,0.045920190193905946,0.05252242841737437,0.046072332124533384,0.04218345001256314,0.044634309299640094
