,index,age,target_label,session_id,correct_or_not,target_label_prob,airplane_prob,bear_prob,bike_prob,bird_prob,boat_prob,bowl_prob,car_prob,cat_prob,chair_prob,couch_prob,cup_prob,dog_prob,fish_prob,frog_prob,house_prob,key_prob,person_prob,phone_prob,rabbit_prob,scissors_prob,sheep_prob,train_prob,tree_prob
0,4070,3,cup,run_v31533942928266,0.0,0.04207801835530616,0.03539069508084296,0.03983353697480948,0.03622978960933654,0.04437381472639845,0.04909037033358565,0.03523224331578581,0.0446802436672544,0.03896925878650531,0.028147406372415303,0.03779663874804815,0.04207801835530616,0.04626459975410821,0.03891900195677712,0.04076510004052127,0.04393481902871236,0.061894822054477334,0.0617403922824724,0.036653289804823234,0.04517732954630313,0.07075314744374991,0.04636404627747666,0.03737915195933255,0.03833228388095737
