,index,age,target_label,session_id,correct_or_not,target_label_prob,airplane_prob,bear_prob,bike_prob,bird_prob,boat_prob,bowl_prob,car_prob,cat_prob,chair_prob,couch_prob,cup_prob,dog_prob,fish_prob,frog_prob,house_prob,key_prob,person_prob,phone_prob,rabbit_prob,scissors_prob,sheep_prob,train_prob,tree_prob
0,3647,2,couch,run_v31531855307230,0.0,0.04008838456622027,0.04943699111084711,0.03789514138038394,0.04774679839668339,0.042208836581510915,0.03615268207190629,0.03927704533983704,0.047699150991182715,0.0458272068702323,0.0394943070579475,0.04008838456622027,0.03761423793698137,0.044077199525024896,0.05240662389688982,0.04787483772530717,0.03567650383705622,0.03328409916706912,0.03815262836588768,0.047431918592180364,0.04418455545005968,0.04762244012683205,0.04864920166637818,0.053160626737086734,0.04403858260649545
