,index,age,target_label,session_id,correct_or_not,target_label_prob,airplane_prob,bear_prob,bike_prob,bird_prob,boat_prob,bowl_prob,car_prob,cat_prob,chair_prob,couch_prob,cup_prob,dog_prob,fish_prob,frog_prob,house_prob,key_prob,person_prob,phone_prob,rabbit_prob,scissors_prob,sheep_prob,train_prob,tree_prob
0,6168,2,person,run_v31526493024418,0.0,0.04295668748913689,0.0486670240751287,0.04642573570102173,0.04108915577735108,0.04367589864297904,0.050916365903258556,0.04809312233352292,0.03879752940055283,0.04530197495217877,0.03808572525730053,0.04523896184680216,0.041151051248248624,0.043493428492922634,0.05211118792907037,0.040154826637463385,0.038630031232832165,0.04152341694686466,0.04295668748913689,0.03666455498244013,0.04114835504681785,0.05451518782259472,0.04117724416120849,0.04328089326100565,0.03690164085929829
