,index,age,target_label,session_id,correct_or_not,target_label_prob,airplane_prob,bear_prob,bike_prob,bird_prob,boat_prob,bowl_prob,car_prob,cat_prob,chair_prob,couch_prob,cup_prob,dog_prob,fish_prob,frog_prob,house_prob,key_prob,person_prob,phone_prob,rabbit_prob,scissors_prob,sheep_prob,train_prob,tree_prob
0,6576,3,phone,run_v31531351017862,0.0,0.0482732985394714,0.038779520954142804,0.043759600955023646,0.03835725762981379,0.03706131858640247,0.0416932410119112,0.0455777718243447,0.05472054624447977,0.038759766922384364,0.043187537973148483,0.03392779836679938,0.040917423110707285,0.045750652726197404,0.0480830621477307,0.047773554831710606,0.04296660707219382,0.0415577926450315,0.04394231788356561,0.0482732985394714,0.03858938092763533,0.04045381122890494,0.051792326849350215,0.044250813878736556,0.04982459769031428
