,index,age,target_label,session_id,correct_or_not,target_label_prob,airplane_prob,bear_prob,bike_prob,bird_prob,boat_prob,bowl_prob,car_prob,cat_prob,chair_prob,couch_prob,cup_prob,dog_prob,fish_prob,frog_prob,house_prob,key_prob,person_prob,phone_prob,rabbit_prob,scissors_prob,sheep_prob,train_prob,tree_prob
0,3432,8,couch,run_v31527960599358,1.0,0.07120857497764684,0.038659482214345495,0.037439037158926734,0.041600560953729784,0.03726353590470645,0.044140110476223154,0.06302938187201353,0.05348143802665169,0.03442046017346635,0.04865796129190782,0.07120857497764684,0.05835015858286873,0.039941586948512034,0.038345375954332704,0.03847205152386597,0.048204144350829155,0.040158618722323854,0.034648047752832485,0.03427279029415116,0.03678422755512929,0.03739864359134098,0.04030978808584947,0.03993510154042864,0.04327892204791761
