,index,age,target_label,session_id,correct_or_not,target_label_prob,airplane_prob,bear_prob,bike_prob,bird_prob,boat_prob,bowl_prob,car_prob,cat_prob,chair_prob,couch_prob,cup_prob,dog_prob,fish_prob,frog_prob,house_prob,key_prob,person_prob,phone_prob,rabbit_prob,scissors_prob,sheep_prob,train_prob,tree_prob
0,3327,8,chair,run_v31529176355431,1.0,0.0699738477292626,0.03187818882810348,0.03573067826356965,0.04352674656785609,0.0352182044684231,0.03590162614788426,0.03730502674050749,0.04115430721801624,0.03667854833114929,0.0699738477292626,0.06791573798358737,0.051955677057118475,0.03619014414697401,0.04409333047835584,0.03773000196051002,0.0486252745391326,0.04212823528022456,0.0543669353425043,0.052292224521256925,0.03995938937316706,0.03830857470244715,0.03398777017776953,0.03796044863461307,0.04711908150756685
