,index,age,target_label,session_id,correct_or_not,target_label_prob,airplane_prob,bear_prob,bike_prob,bird_prob,boat_prob,bowl_prob,car_prob,cat_prob,chair_prob,couch_prob,cup_prob,dog_prob,fish_prob,frog_prob,house_prob,key_prob,person_prob,phone_prob,rabbit_prob,scissors_prob,sheep_prob,train_prob,tree_prob
0,968,3,bike,run_v31530384879470,1.0,0.10574634716327247,0.04670944019052909,0.035858591577289704,0.10574634716327247,0.03768163267790231,0.04889922328382991,0.0419732200257554,0.05949673966743048,0.03957125582466917,0.03771954410252906,0.03755181497773431,0.04078298075193579,0.03531185093953204,0.04034449848505467,0.04327660061203759,0.0324880674529047,0.04029880042686484,0.03989872593886268,0.040414222849539876,0.04023602181974675,0.039619337483498676,0.037606144662304955,0.05210399250687605,0.02641094657989955
