,index,age,target_label,session_id,correct_or_not,target_label_prob,airplane_prob,bear_prob,bike_prob,bird_prob,boat_prob,bowl_prob,car_prob,cat_prob,chair_prob,couch_prob,cup_prob,dog_prob,fish_prob,frog_prob,house_prob,key_prob,person_prob,phone_prob,rabbit_prob,scissors_prob,sheep_prob,train_prob,tree_prob
0,626,7,bear,run_v41537052413404,1.0,0.08014354575628571,0.03718966756510472,0.08014354575628571,0.0324361010858119,0.05049633787967389,0.041906681938047634,0.03762321542805594,0.03424305461507279,0.048145452497650267,0.03954818652490161,0.03889024042770975,0.03746463550309398,0.04444416432647137,0.03456175627179447,0.05608777681188695,0.034688656693325166,0.03625754536277391,0.05646884400852666,0.03595366690656306,0.04725616351248837,0.038114189008213624,0.053520106287134786,0.043662681650170454,0.040897329939242985
