,index,age,target_label,session_id,correct_or_not,target_label_prob,airplane_prob,bear_prob,bike_prob,bird_prob,boat_prob,bowl_prob,car_prob,cat_prob,chair_prob,couch_prob,cup_prob,dog_prob,fish_prob,frog_prob,house_prob,key_prob,person_prob,phone_prob,rabbit_prob,scissors_prob,sheep_prob,train_prob,tree_prob
0,6159,3,person,run_v31535828280793,1.0,0.06818185085760255,0.04146729316385275,0.045330490477725124,0.04339436844953944,0.044913387657081166,0.03990130878254413,0.03947599857507632,0.0418044382734497,0.04189239088546406,0.03900682166601296,0.03818161482205571,0.04020073838320581,0.04054063538411413,0.043478218187145895,0.043977476892830096,0.03668029779644086,0.04454842232102149,0.06818185085760255,0.03563408480514613,0.04723920018281674,0.051121926077677765,0.03672071205743567,0.03683922476374265,0.05946909953801901
