,index,age,target_label,session_id,correct_or_not,target_label_prob,airplane_prob,bear_prob,bike_prob,bird_prob,boat_prob,bowl_prob,car_prob,cat_prob,chair_prob,couch_prob,cup_prob,dog_prob,fish_prob,frog_prob,house_prob,key_prob,person_prob,phone_prob,rabbit_prob,scissors_prob,sheep_prob,train_prob,tree_prob
0,3265,6,chair,run_v31531691181338,1.0,0.08674435311128177,0.03941569343551206,0.03841302468585061,0.048130492139585236,0.03725132065436421,0.029811054382639795,0.04322466774000183,0.04128349351235392,0.040315746095725274,0.08674435311128177,0.04281423324423,0.043526531282832626,0.03947952497810174,0.03724909118654498,0.04025750176961449,0.04502676130985486,0.03523652775612601,0.03738302851066833,0.06258520235091802,0.037198291583382226,0.04652849126310186,0.0418102909924592,0.03618522748432445,0.05012945053052661
