,index,age,target_label,session_id,correct_or_not,target_label_prob,airplane_prob,bear_prob,bike_prob,bird_prob,boat_prob,bowl_prob,car_prob,cat_prob,chair_prob,couch_prob,cup_prob,dog_prob,fish_prob,frog_prob,house_prob,key_prob,person_prob,phone_prob,rabbit_prob,scissors_prob,sheep_prob,train_prob,tree_prob
0,953,5,bike,run_v31528487999206,1.0,0.0781071686277608,0.04412141747934957,0.044184011674934055,0.0781071686277608,0.039103849071309406,0.041871554638297795,0.038475051870972624,0.04084070086233865,0.043399602036941314,0.042069245554829895,0.03561158156601979,0.0505096277979336,0.03942732625186265,0.04155427582912907,0.04016819356594876,0.03780571168629189,0.045672905356114735,0.04144440102629286,0.03961550288517561,0.04263970916523027,0.04078347433702974,0.03600343332497838,0.050039742093857094,0.04655151329740159
