,index,age,target_label,session_id,correct_or_not,target_label_prob,airplane_prob,bear_prob,bike_prob,bird_prob,boat_prob,bowl_prob,car_prob,cat_prob,chair_prob,couch_prob,cup_prob,dog_prob,fish_prob,frog_prob,house_prob,key_prob,person_prob,phone_prob,rabbit_prob,scissors_prob,sheep_prob,train_prob,tree_prob
0,2308,7,car,run_v31533064718080,0.0,0.05037287848154411,0.05463622590461872,0.03805585895196945,0.07361105544116242,0.04535710740596552,0.04408387462310699,0.04289396568522206,0.05037287848154411,0.03677978986636962,0.029294123265471178,0.04387828964041189,0.043923199163804084,0.04210790546261916,0.04545207639951497,0.03709853861459087,0.0469427609877692,0.03651640689485839,0.046642686456232936,0.036647368129035324,0.03141220851400864,0.054610993941372726,0.041961126771267704,0.041515957947190686,0.03620560145189344
