,index,age,target_label,session_id,correct_or_not,target_label_prob,airplane_prob,bear_prob,bike_prob,bird_prob,boat_prob,bowl_prob,car_prob,cat_prob,chair_prob,couch_prob,cup_prob,dog_prob,fish_prob,frog_prob,house_prob,key_prob,person_prob,phone_prob,rabbit_prob,scissors_prob,sheep_prob,train_prob,tree_prob
0,8443,8,tree,run_v31533851188116,1.0,0.060418130928001315,0.04078375960798099,0.046667127773841896,0.04721278255752259,0.04332259768864324,0.04122363888368626,0.04002299803092533,0.04025211109982481,0.04574118398478241,0.04791567430485729,0.04000706731154881,0.035474784906779744,0.03851511895764745,0.04334462419182419,0.04134793346888641,0.038415360727140455,0.04480556252882514,0.05472614897306822,0.038427217881150624,0.039221723568635014,0.047160635321409176,0.03920322623618981,0.04579059106682887,0.060418130928001315
