,index,age,target_label,session_id,correct_or_not,target_label_prob,airplane_prob,bear_prob,bike_prob,bird_prob,boat_prob,bowl_prob,car_prob,cat_prob,chair_prob,couch_prob,cup_prob,dog_prob,fish_prob,frog_prob,house_prob,key_prob,person_prob,phone_prob,rabbit_prob,scissors_prob,sheep_prob,train_prob,tree_prob
0,8350,6,tree,run_v31533657599749,1.0,0.06117001720479037,0.043637997385041566,0.045469676670118545,0.03832728057217244,0.04394208118708068,0.04344409354480326,0.039687098994189214,0.040273169988980596,0.041142283767900766,0.043690867299422245,0.046266688438841456,0.041232846228968306,0.04338897063755369,0.04522560614383657,0.04166108238175975,0.03687292442735293,0.037675986453673274,0.05127035883028717,0.04446579424110185,0.0378315599821787,0.043943122688175996,0.04203738735054996,0.047343105581220686,0.06117001720479037
