,index,age,target_label,session_id,correct_or_not,target_label_prob,airplane_prob,bear_prob,bike_prob,bird_prob,boat_prob,bowl_prob,car_prob,cat_prob,chair_prob,couch_prob,cup_prob,dog_prob,fish_prob,frog_prob,house_prob,key_prob,person_prob,phone_prob,rabbit_prob,scissors_prob,sheep_prob,train_prob,tree_prob
0,3227,2,chair,run_v31531936445541,0.0,0.031473159151871044,0.058862915679041464,0.037579144719420456,0.05145572668233735,0.03849821331147631,0.05156624902132733,0.04908296816110839,0.04085665135857345,0.04231433387710512,0.031473159151871044,0.04095729250416099,0.032513602041794536,0.035745772314464956,0.0375851880406501,0.03299644184528478,0.03396317819144628,0.0578718516667589,0.046755324402812215,0.04512938954772751,0.05801768146101777,0.04642641606314258,0.04319230680038547,0.0306853625085166,0.0564708306495766
