,index,age,target_label,session_id,correct_or_not,target_label_prob,airplane_prob,bear_prob,bike_prob,bird_prob,boat_prob,bowl_prob,car_prob,cat_prob,chair_prob,couch_prob,cup_prob,dog_prob,fish_prob,frog_prob,house_prob,key_prob,person_prob,phone_prob,rabbit_prob,scissors_prob,sheep_prob,train_prob,tree_prob
0,7364,4,scissors,run_v41542062654769,0.0,0.05053030198607528,0.0400130121100338,0.04449713484089223,0.04063866107770081,0.0422820353003905,0.03994023563334408,0.047387716134904244,0.04259832006766282,0.04551166141092634,0.03824762233142524,0.03613195110691418,0.046878984444190114,0.04405986485685402,0.04177071591944448,0.04675832530629858,0.037725019869042885,0.06486890678597304,0.04157721838025029,0.04037202611962514,0.045491943254856955,0.05053030198607528,0.04422901805332884,0.04132749725597726,0.03716182775388879
