,index,age,target_label,session_id,correct_or_not,target_label_prob,airplane_prob,bear_prob,bike_prob,bird_prob,boat_prob,bowl_prob,car_prob,cat_prob,chair_prob,couch_prob,cup_prob,dog_prob,fish_prob,frog_prob,house_prob,key_prob,person_prob,phone_prob,rabbit_prob,scissors_prob,sheep_prob,train_prob,tree_prob
0,3966,5,cup,run_v31534622452456,1.0,0.06993337747841741,0.04486523020579006,0.041228826302773684,0.04221468658745951,0.041082973266451155,0.05576540702118466,0.06857132935107553,0.03568992796495772,0.04129406532361775,0.03489616372992249,0.04124859185138165,0.06993337747841741,0.03929442496461321,0.048343182026302535,0.03897734958104595,0.03889879222041526,0.0398101530673304,0.03797301533580777,0.044181314700043064,0.03571825310125444,0.042018555357867485,0.03706984504512172,0.04100307128475894,0.039921464232407666
