,index,age,target_label,session_id,correct_or_not,target_label_prob,airplane_prob,bear_prob,bike_prob,bird_prob,boat_prob,bowl_prob,car_prob,cat_prob,chair_prob,couch_prob,cup_prob,dog_prob,fish_prob,frog_prob,house_prob,key_prob,person_prob,phone_prob,rabbit_prob,scissors_prob,sheep_prob,train_prob,tree_prob
0,7773,3,sheep,run_v41537642142627,0.0,0.05157782758678158,0.061763544843066544,0.04085140304751558,0.03387665977529661,0.04473485833963572,0.060006649027046104,0.04282174891616638,0.039247437104522546,0.039840450357287706,0.038516140659314656,0.03783286084751763,0.041560218267787934,0.04142574549710656,0.044569851604234774,0.03991851375690711,0.03247641775988356,0.046324159047788006,0.03873883030097848,0.0422132460936905,0.041820561812855574,0.05243568378616913,0.05157782758678158,0.04353329959685156,0.043913891971595516
