,index,age,target_label,session_id,correct_or_not,target_label_prob,airplane_prob,bear_prob,bike_prob,bird_prob,boat_prob,bowl_prob,car_prob,cat_prob,chair_prob,couch_prob,cup_prob,dog_prob,fish_prob,frog_prob,house_prob,key_prob,person_prob,phone_prob,rabbit_prob,scissors_prob,sheep_prob,train_prob,tree_prob
0,7239,5,scissors,run_v41541181301543,0.0,0.055456192456639124,0.05689161549269061,0.039275187851342125,0.05044688116335869,0.0425038229021196,0.056081454602003866,0.03558737808440224,0.05000379212309179,0.03851043343885613,0.050326535044330774,0.03966467035555961,0.03909538021720655,0.04027391879006844,0.04564007406741879,0.038753686138676864,0.03405571796858179,0.04741035816352624,0.04701121543919633,0.03295143355563245,0.044870232204367054,0.055456192456639124,0.037080957365583624,0.03718612116044347,0.040922941414903935
