,index,age,target_label,session_id,correct_or_not,target_label_prob,airplane_prob,bear_prob,bike_prob,bird_prob,boat_prob,bowl_prob,car_prob,cat_prob,chair_prob,couch_prob,cup_prob,dog_prob,fish_prob,frog_prob,house_prob,key_prob,person_prob,phone_prob,rabbit_prob,scissors_prob,sheep_prob,train_prob,tree_prob
0,7657,2,sheep,run_v41542134162748,0.0,0.04484656076152666,0.049308710175894346,0.03800667305152277,0.03974482484716089,0.04590980674367089,0.04831971441729863,0.04726773474731359,0.039011987316182196,0.04404978996403974,0.039508458902696546,0.04421268498268764,0.039942150741488665,0.04400984771746763,0.05070267553494439,0.039633212899559456,0.03753003571877369,0.0478207037440036,0.033653877525307664,0.039092715022318446,0.04332843040467586,0.06115023685085082,0.04484656076152666,0.045722923913443715,0.03722624401717222
