,index,age,target_label,session_id,correct_or_not,target_label_prob,airplane_prob,bear_prob,bike_prob,bird_prob,boat_prob,bowl_prob,car_prob,cat_prob,chair_prob,couch_prob,cup_prob,dog_prob,fish_prob,frog_prob,house_prob,key_prob,person_prob,phone_prob,rabbit_prob,scissors_prob,sheep_prob,train_prob,tree_prob
0,7548,3,scissors,run_v41538859634008,1.0,0.0754969586700238,0.042873405031947406,0.041210131142039336,0.03801826696102207,0.043244691575083975,0.03720638426405859,0.04159480492568959,0.04583582790007071,0.046899299146655964,0.03873109323952267,0.039846041021667535,0.04391621370369441,0.038350245901883934,0.04301433472591531,0.0408268269968966,0.03761259889099231,0.05148323446459731,0.03954961354768326,0.041316315917952234,0.050832076915715306,0.0754969586700238,0.04224176497617034,0.04236433467394371,0.0375355354067736
