,index,age,target_label,session_id,correct_or_not,target_label_prob,airplane_prob,bear_prob,bike_prob,bird_prob,boat_prob,bowl_prob,car_prob,cat_prob,chair_prob,couch_prob,cup_prob,dog_prob,fish_prob,frog_prob,house_prob,key_prob,person_prob,phone_prob,rabbit_prob,scissors_prob,sheep_prob,train_prob,tree_prob
0,5831,7,key,run_v41541875405974,0.0,0.04211464369964289,0.05171067697934345,0.039203388136226126,0.04203485001815192,0.040820758458748926,0.042418419077898346,0.04839082650576898,0.043948752656987895,0.04034585647867408,0.04122796321409886,0.045560120356407226,0.04966575312324643,0.04667825710157021,0.04509738807099064,0.04164339118826747,0.035610579659056986,0.04211464369964289,0.04051646743357986,0.037239472694978244,0.0318033358425659,0.0499427034512572,0.05111008839414971,0.04623337085195583,0.04668293660643292
