,index,age,target_label,session_id,correct_or_not,target_label_prob,airplane_prob,bear_prob,bike_prob,bird_prob,boat_prob,bowl_prob,car_prob,cat_prob,chair_prob,couch_prob,cup_prob,dog_prob,fish_prob,frog_prob,house_prob,key_prob,person_prob,phone_prob,rabbit_prob,scissors_prob,sheep_prob,train_prob,tree_prob
0,8467,4,tree,run_v31527719230278,0.0,0.05269068668197034,0.04044487285335291,0.044400737760619195,0.04661991870485187,0.04656922870205661,0.04134690611487908,0.043599559836134186,0.03993188306194295,0.04382206833745543,0.04560001876210063,0.04016426475439143,0.04114485801777499,0.045987275056107356,0.04207158790556599,0.04191386492405062,0.04151083123487476,0.04999630251757857,0.060770443732786,0.03645037565138005,0.036638719409180294,0.039564467981323695,0.0371544872732418,0.041606640726381226,0.05269068668197034
