,index,age,target_label,session_id,correct_or_not,target_label_prob,airplane_prob,bear_prob,bike_prob,bird_prob,boat_prob,bowl_prob,car_prob,cat_prob,chair_prob,couch_prob,cup_prob,dog_prob,fish_prob,frog_prob,house_prob,key_prob,person_prob,phone_prob,rabbit_prob,scissors_prob,sheep_prob,train_prob,tree_prob
0,494,4,bear,run_v41541968093077,0.0,0.04425390566220758,0.044480711940454484,0.04425390566220758,0.048046844782657194,0.04758782228511223,0.04412137138385407,0.04230077536141581,0.04302714011708295,0.04278779856648857,0.04124584545381166,0.035834731347798604,0.03726771665164445,0.04803333306547408,0.043088688535269024,0.04841161875481517,0.041007052196816364,0.04745167880487515,0.04452530702309045,0.03565112789222787,0.04246807949043694,0.04149200757557594,0.04936524045410299,0.039692797098812835,0.04785840555597565
