,index,age,target_label,session_id,correct_or_not,target_label_prob,airplane_prob,bear_prob,bike_prob,bird_prob,boat_prob,bowl_prob,car_prob,cat_prob,chair_prob,couch_prob,cup_prob,dog_prob,fish_prob,frog_prob,house_prob,key_prob,person_prob,phone_prob,rabbit_prob,scissors_prob,sheep_prob,train_prob,tree_prob
0,523,7,bear,run_v41541877471753,0.0,0.039839673376340166,0.0353100555228475,0.039839673376340166,0.037390127213400084,0.040876252717521475,0.03433198951012159,0.03803501525360687,0.035282253138753515,0.04489918245947359,0.03150824638969901,0.039111338574828666,0.048363989886828655,0.04336588665030321,0.041374119146703435,0.03608052122097402,0.03706538171732012,0.05094517654793442,0.06757850575918403,0.04554417176824715,0.037454598160749204,0.07074123859513942,0.05778397573812035,0.030982111029202394,0.05613618962270103
