,index,age,target_label,session_id,correct_or_not,target_label_prob,airplane_prob,bear_prob,bike_prob,bird_prob,boat_prob,bowl_prob,car_prob,cat_prob,chair_prob,couch_prob,cup_prob,dog_prob,fish_prob,frog_prob,house_prob,key_prob,person_prob,phone_prob,rabbit_prob,scissors_prob,sheep_prob,train_prob,tree_prob
0,1119,9,bike,run_v31530742633692,1.0,0.09475719381416717,0.04076444147132289,0.0377564471963243,0.09475719381416717,0.044257778732640425,0.055588703176260405,0.03632953903758988,0.05570390492648361,0.03597219791949099,0.040289282778278875,0.04499248244208421,0.046101310677833164,0.036833517833764096,0.03740634592003092,0.0416957220220229,0.028519253058273374,0.048450326433928985,0.048220121474535,0.03035979798154055,0.039285203810595165,0.04129034096331237,0.03295931790747806,0.042475008454666924,0.03999176196737585
