,index,age,target_label,session_id,correct_or_not,target_label_prob,airplane_prob,bear_prob,bike_prob,bird_prob,boat_prob,bowl_prob,car_prob,cat_prob,chair_prob,couch_prob,cup_prob,dog_prob,fish_prob,frog_prob,house_prob,key_prob,person_prob,phone_prob,rabbit_prob,scissors_prob,sheep_prob,train_prob,tree_prob
0,1842,5,boat,run_v31534795563392,0.0,0.05167943168106445,0.04023973318586038,0.04102074489916322,0.04695760312189305,0.0506728714301097,0.05167943168106445,0.04445892472900061,0.03733830616795071,0.04013578732387861,0.04088192866490458,0.04065845840572786,0.05052277829558324,0.039857715296606824,0.0380500306254416,0.0396255219627521,0.038718797649249764,0.046990929478396656,0.04566383993850707,0.03428806572754708,0.042071251537082625,0.05466315204686869,0.03918995928840263,0.04482582116978466,0.05148834737422402
