,index,age,target_label,session_id,correct_or_not,target_label_prob,airplane_prob,bear_prob,bike_prob,bird_prob,boat_prob,bowl_prob,car_prob,cat_prob,chair_prob,couch_prob,cup_prob,dog_prob,fish_prob,frog_prob,house_prob,key_prob,person_prob,phone_prob,rabbit_prob,scissors_prob,sheep_prob,train_prob,tree_prob
0,8500,8,tree,run_v31533425000562,1.0,0.06531608971035589,0.037315124161767736,0.06010838212180068,0.050360924009132266,0.04446715920777488,0.035916030918313795,0.03568187652712503,0.03223712785321408,0.04227176167460012,0.042556775269844825,0.03847692036363818,0.03935600385507895,0.04716324654856074,0.03852103742831252,0.04632746199799094,0.03393495038732678,0.04169759681132776,0.04346478933888072,0.03770069939371222,0.055521339705387425,0.04496196190949887,0.04729235761073058,0.03935038319562524,0.06531608971035589
