,index,age,target_label,session_id,correct_or_not,target_label_prob,airplane_prob,bear_prob,bike_prob,bird_prob,boat_prob,bowl_prob,car_prob,cat_prob,chair_prob,couch_prob,cup_prob,dog_prob,fish_prob,frog_prob,house_prob,key_prob,person_prob,phone_prob,rabbit_prob,scissors_prob,sheep_prob,train_prob,tree_prob
0,5315,3,house,run_v31533850555503,1.0,0.0846610866777128,0.042233430499450594,0.04067396578865373,0.03643506275856318,0.04013054045742262,0.04481573219904224,0.04024954744941539,0.03599720374065013,0.04121371115851598,0.04430312768518337,0.04297339727779704,0.04246287292549536,0.03945045901233289,0.041777059992787274,0.04111543905748862,0.0846610866777128,0.03927875537129069,0.044535856652720904,0.05143120375936419,0.042913834851687906,0.03750370389869029,0.043510927969009176,0.03636125195227202,0.04597182886445339
