,index,age,target_label,session_id,correct_or_not,target_label_prob,airplane_prob,bear_prob,bike_prob,bird_prob,boat_prob,bowl_prob,car_prob,cat_prob,chair_prob,couch_prob,cup_prob,dog_prob,fish_prob,frog_prob,house_prob,key_prob,person_prob,phone_prob,rabbit_prob,scissors_prob,sheep_prob,train_prob,tree_prob
0,5504,5,house,run_v31526752119934,1.0,0.07832015458573163,0.043885939383056315,0.038592001098407346,0.048047613376825116,0.041226912460916657,0.05263879930329747,0.03649579838695535,0.04048679337690348,0.041656586761613476,0.03912643424512451,0.039559276655261155,0.04002137640827943,0.038152517375560885,0.042102594346226076,0.03811971876050273,0.07832015458573163,0.04042322257221292,0.045386852211270874,0.045414828872173726,0.04355966348984613,0.05027453040183872,0.035992252811523746,0.039849235974422983,0.04066689714204922
