,index,age,target_label,session_id,correct_or_not,target_label_prob,airplane_prob,bear_prob,bike_prob,bird_prob,boat_prob,bowl_prob,car_prob,cat_prob,chair_prob,couch_prob,cup_prob,dog_prob,fish_prob,frog_prob,house_prob,key_prob,person_prob,phone_prob,rabbit_prob,scissors_prob,sheep_prob,train_prob,tree_prob
0,7639,5,sheep,run_v41540333366516,0.0,0.0504998082750606,0.04398124174029284,0.053831600858080066,0.03190138026898892,0.0507905975678526,0.03973769153759927,0.03950838523960683,0.037969655947964955,0.0522734352087527,0.039545937792590434,0.039799658317008206,0.0362357000544208,0.048664235741356573,0.03988718253035692,0.046594907642612045,0.03751249505420966,0.03734023112508816,0.05167171291496715,0.038863452734190014,0.04993701835243003,0.04169078074025012,0.0504998082750606,0.039535705437035204,0.05222718491928579
