,index,age,target_label,session_id,correct_or_not,target_label_prob,airplane_prob,bear_prob,bike_prob,bird_prob,boat_prob,bowl_prob,car_prob,cat_prob,chair_prob,couch_prob,cup_prob,dog_prob,fish_prob,frog_prob,house_prob,key_prob,person_prob,phone_prob,rabbit_prob,scissors_prob,sheep_prob,train_prob,tree_prob
0,5618,7,house,run_v31536076800189,1.0,0.06758394221844544,0.046728884122764554,0.044148176528865955,0.03897972900068781,0.0412881571382918,0.04065388058447799,0.03373665228247748,0.042546528230578216,0.043972217135295644,0.032861817399630205,0.03895822163750889,0.04527347822905523,0.045581960991988614,0.04762503503248485,0.04009308392484897,0.06758394221844544,0.040266500133881916,0.04613917121053118,0.05597473904465506,0.042865786068935596,0.04182197031488588,0.04141977672594918,0.042286238390899296,0.03919405365286026
