,index,age,target_label,session_id,correct_or_not,target_label_prob,airplane_prob,bear_prob,bike_prob,bird_prob,boat_prob,bowl_prob,car_prob,cat_prob,chair_prob,couch_prob,cup_prob,dog_prob,fish_prob,frog_prob,house_prob,key_prob,person_prob,phone_prob,rabbit_prob,scissors_prob,sheep_prob,train_prob,tree_prob
0,1711,4,boat,run_v31534622195685,1.0,0.0892156664845997,0.05154191957330675,0.039603732633608564,0.03343024324410249,0.040171965003984046,0.0892156664845997,0.05675139210257195,0.03401363507183586,0.04402831637212843,0.02866039228717922,0.041238163224078306,0.04176063482823717,0.03475776976961516,0.04236596226983569,0.0380365607286794,0.05706241028739365,0.04033781757428878,0.03606932607610176,0.04510441830663564,0.043530251102455335,0.04155185782287799,0.039027927010967425,0.041349865907801604,0.04038977231771507
