,index,age,target_label,session_id,correct_or_not,target_label_prob,airplane_prob,bear_prob,bike_prob,bird_prob,boat_prob,bowl_prob,car_prob,cat_prob,chair_prob,couch_prob,cup_prob,dog_prob,fish_prob,frog_prob,house_prob,key_prob,person_prob,phone_prob,rabbit_prob,scissors_prob,sheep_prob,train_prob,tree_prob
0,4394,5,dog,run_v31526499554039,0.0,0.04801018749222063,0.032177738713890014,0.04421863293147352,0.03500003875618638,0.03870837809979877,0.03826673884936903,0.04032175739340056,0.036816016549308016,0.038648927666516716,0.057100087579189475,0.04413841032888638,0.037070047865717604,0.04801018749222063,0.03696690436339067,0.041878782589180014,0.03525888224529465,0.056010748462838926,0.050443074028277225,0.0363525627607128,0.04389065159150962,0.04209847441596004,0.04413030772514607,0.04216731248101681,0.08032533711071593
