,index,age,target_label,session_id,correct_or_not,target_label_prob,airplane_prob,bear_prob,bike_prob,bird_prob,boat_prob,bowl_prob,car_prob,cat_prob,chair_prob,couch_prob,cup_prob,dog_prob,fish_prob,frog_prob,house_prob,key_prob,person_prob,phone_prob,rabbit_prob,scissors_prob,sheep_prob,train_prob,tree_prob
0,2355,3,car,run_v31536009535030,0.0,0.040452132693092405,0.04177267884901671,0.04176222164233445,0.05160811002915948,0.04437931360750948,0.040329102486574224,0.03883511949847731,0.040452132693092405,0.04861427198665589,0.039742822626861116,0.03550866143767318,0.03424672667152017,0.046641370730734114,0.03694747319140482,0.04227157195648623,0.034741479178282554,0.047516701045012724,0.046132180482810134,0.04121659225754513,0.04624737936921002,0.04445246776908906,0.05017217257620854,0.05345292065836225,0.05295652925597995
