,index,age,target_label,session_id,correct_or_not,target_label_prob,airplane_prob,bear_prob,bike_prob,bird_prob,boat_prob,bowl_prob,car_prob,cat_prob,chair_prob,couch_prob,cup_prob,dog_prob,fish_prob,frog_prob,house_prob,key_prob,person_prob,phone_prob,rabbit_prob,scissors_prob,sheep_prob,train_prob,tree_prob
0,4312,9,dog,run_v31533844614465,0.0,0.051224106070656764,0.042339100519001124,0.037745276402658394,0.04070584052872544,0.042234122756977466,0.049540796708295684,0.05911684404692647,0.04611899885600325,0.04510205389197074,0.03952564612465287,0.03910411945455277,0.04267418959400923,0.051224106070656764,0.053051091356823885,0.041284299354494035,0.04312990491888671,0.053270776623535646,0.04188705931310324,0.026057693928093845,0.04237066902015322,0.03742255962343939,0.04545623410889806,0.04828245163672903,0.03235616516141262
