,index,age,target_label,session_id,correct_or_not,target_label_prob,airplane_prob,bear_prob,bike_prob,bird_prob,boat_prob,bowl_prob,car_prob,cat_prob,chair_prob,couch_prob,cup_prob,dog_prob,fish_prob,frog_prob,house_prob,key_prob,person_prob,phone_prob,rabbit_prob,scissors_prob,sheep_prob,train_prob,tree_prob
0,5586,8,house,run_v31533418945318,1.0,0.07498527840903083,0.04282399180346564,0.040468808231495186,0.04390948046873312,0.04233682817560578,0.052773263479252444,0.04342622922048024,0.04518557800036387,0.04039351052113865,0.042600483909200085,0.028629777074460412,0.03518696187628831,0.037486088513782774,0.04627487393373889,0.04209529139320764,0.07498527840903083,0.04071817304373528,0.04316569566997856,0.05650733561786706,0.040095127964459194,0.04149247328585639,0.04069233173189052,0.0395065589594467,0.03924585871652249
