,index,age,target_label,session_id,correct_or_not,target_label_prob,airplane_prob,bear_prob,bike_prob,bird_prob,boat_prob,bowl_prob,car_prob,cat_prob,chair_prob,couch_prob,cup_prob,dog_prob,fish_prob,frog_prob,house_prob,key_prob,person_prob,phone_prob,rabbit_prob,scissors_prob,sheep_prob,train_prob,tree_prob
0,7157,4,rabbit,run_v31528580999095,1.0,0.06337798176278292,0.03864956100215949,0.04889961215988569,0.05378638142176327,0.04687013035320743,0.03775633098372169,0.036682985623766,0.038356105414326526,0.04861009266718752,0.03808042714643279,0.035678440599884446,0.03492650060129525,0.04398003600257753,0.036423073558421885,0.04559298564226272,0.03954620304412553,0.053774697230926094,0.061922685214797865,0.03659335624383514,0.06337798176278292,0.03961194004801564,0.039634906238689975,0.04175447040549537,0.03949109663443917
