,index,age,target_label,session_id,correct_or_not,target_label_prob,airplane_prob,bear_prob,bike_prob,bird_prob,boat_prob,bowl_prob,car_prob,cat_prob,chair_prob,couch_prob,cup_prob,dog_prob,fish_prob,frog_prob,house_prob,key_prob,person_prob,phone_prob,rabbit_prob,scissors_prob,sheep_prob,train_prob,tree_prob
0,8080,4,train,run_v41540320464830,0.0,0.057238781154893704,0.04620754220623238,0.03853324017427566,0.04082381443807863,0.038157478444364526,0.052744673559141454,0.03317186826587855,0.04340936418837683,0.03651996384024035,0.050987808757226596,0.06960854581779174,0.037866559645309585,0.039432192360461124,0.04592015693028694,0.0395120773090794,0.05221353482188371,0.041103708758111146,0.0414658495894178,0.03226751932168214,0.038849934926804976,0.035878037863312444,0.03847898947195524,0.057238781154893704,0.0496083581551948
