,index,age,target_label,session_id,correct_or_not,target_label_prob,airplane_prob,bear_prob,bike_prob,bird_prob,boat_prob,bowl_prob,car_prob,cat_prob,chair_prob,couch_prob,cup_prob,dog_prob,fish_prob,frog_prob,house_prob,key_prob,person_prob,phone_prob,rabbit_prob,scissors_prob,sheep_prob,train_prob,tree_prob
0,589,4,bear,run_v41537130524972,1.0,0.07859318007858306,0.04285203454657055,0.07859318007858306,0.04167827333892105,0.04370849895841845,0.04306150281285469,0.04544865750280036,0.03787818550208818,0.04587570039068095,0.03900423760329301,0.03866696823637364,0.04241656181766892,0.04370132094191614,0.03744233484492133,0.050714252960986556,0.03761590529297917,0.03601037391361527,0.04071383654631998,0.032353055065983995,0.060625068243653525,0.04329514103646514,0.042409672593560654,0.037822387504627776,0.0381128502667178
