,index,age,target_label,session_id,correct_or_not,target_label_prob,airplane_prob,bear_prob,bike_prob,bird_prob,boat_prob,bowl_prob,car_prob,cat_prob,chair_prob,couch_prob,cup_prob,dog_prob,fish_prob,frog_prob,house_prob,key_prob,person_prob,phone_prob,rabbit_prob,scissors_prob,sheep_prob,train_prob,tree_prob
0,3952,5,cup,run_v31534795563392,0.0,0.05010489802449735,0.03543494921643918,0.041972308681883355,0.0327534723456034,0.039024278311198604,0.0434759153733364,0.05210371856334464,0.038385678928416274,0.04267719466178014,0.04887655660277646,0.07190428752494032,0.05010489802449735,0.03622754644904121,0.04027711062437046,0.04210999922661673,0.05237209298028757,0.04230818752218561,0.03960902700662621,0.05647117337763128,0.04332632085153761,0.04312341957512041,0.03650980694346342,0.03176694126388792,0.03918511594501544
