,index,age,target_label,session_id,correct_or_not,target_label_prob,airplane_prob,bear_prob,bike_prob,bird_prob,boat_prob,bowl_prob,car_prob,cat_prob,chair_prob,couch_prob,cup_prob,dog_prob,fish_prob,frog_prob,house_prob,key_prob,person_prob,phone_prob,rabbit_prob,scissors_prob,sheep_prob,train_prob,tree_prob
0,2393,4,car,run_v31534279499637,1.0,0.06227038352256603,0.04084040108296945,0.03740444445790969,0.050080317280177936,0.04159544114187442,0.04265643346782298,0.03585661377645225,0.06227038352256603,0.04218856196406846,0.04597639460842018,0.06138925359757334,0.04437448272182051,0.041282229699516,0.043349153671867154,0.04172549109422436,0.04218622788937372,0.0421049998125618,0.03581889181581342,0.04739483240733341,0.03756105003543776,0.03543417580947998,0.04095558028187121,0.05434610821821575,0.033208531642650176
