,index,age,target_label,session_id,correct_or_not,target_label_prob,airplane_prob,bear_prob,bike_prob,bird_prob,boat_prob,bowl_prob,car_prob,cat_prob,chair_prob,couch_prob,cup_prob,dog_prob,fish_prob,frog_prob,house_prob,key_prob,person_prob,phone_prob,rabbit_prob,scissors_prob,sheep_prob,train_prob,tree_prob
0,4176,5,dog,run_v31532472921086,0.0,0.05139421652444504,0.04113859618784045,0.054862734321818096,0.03691774505782127,0.04452054007667468,0.03543159173728488,0.04155289200944513,0.04466532723893091,0.05129695380796474,0.04098896950100776,0.03864861555056562,0.03684772301423611,0.05139421652444504,0.05662271560980699,0.0536971716673427,0.035663016670216,0.03996513083184022,0.039474737598710945,0.044633696523737054,0.0552773773724328,0.03901945889287556,0.045162439062121494,0.03936009384889073,0.03285825689399089
