,index,age,target_label,session_id,correct_or_not,target_label_prob,airplane_prob,bear_prob,bike_prob,bird_prob,boat_prob,bowl_prob,car_prob,cat_prob,chair_prob,couch_prob,cup_prob,dog_prob,fish_prob,frog_prob,house_prob,key_prob,person_prob,phone_prob,rabbit_prob,scissors_prob,sheep_prob,train_prob,tree_prob
0,2114,3,bowl,run_v31529184066015,1.0,0.07264756797185454,0.03598461878686566,0.040959269502276484,0.04172009891963242,0.0449526777916082,0.052983005474200574,0.07264756797185454,0.04066142962564998,0.04061749828275211,0.03779503388357836,0.041739987619323245,0.04730897259626928,0.04594900638349515,0.054712521238511294,0.04182725700004146,0.03880480443590068,0.04782470693371409,0.0341144793270357,0.04210154189719917,0.039514984368735344,0.040424887027878526,0.03946122717652092,0.04058128903003212,0.03731313472692482
