,index,age,target_label,session_id,correct_or_not,target_label_prob,airplane_prob,bear_prob,bike_prob,bird_prob,boat_prob,bowl_prob,car_prob,cat_prob,chair_prob,couch_prob,cup_prob,dog_prob,fish_prob,frog_prob,house_prob,key_prob,person_prob,phone_prob,rabbit_prob,scissors_prob,sheep_prob,train_prob,tree_prob
0,4239,6,dog,run_v31534462278048,0.0,0.036698304982419064,0.04500530654141576,0.039760120068445044,0.048719859299905785,0.043865622857993974,0.05500638240289033,0.04267734669527099,0.04915188166263769,0.042079452030084126,0.047306086995057395,0.050294983412853426,0.044267941392042355,0.036698304982419064,0.04339573760766395,0.03964403018596142,0.04272608861362424,0.04207406863711563,0.03826868268245684,0.03727565606614113,0.04186804473099137,0.03997761803089742,0.04220418290842451,0.050558654555830376,0.03717394763987702
