,index,age,target_label,session_id,correct_or_not,target_label_prob,airplane_prob,bear_prob,bike_prob,bird_prob,boat_prob,bowl_prob,car_prob,cat_prob,chair_prob,couch_prob,cup_prob,dog_prob,fish_prob,frog_prob,house_prob,key_prob,person_prob,phone_prob,rabbit_prob,scissors_prob,sheep_prob,train_prob,tree_prob
0,8655,10,tree,run_v31533322681713,1.0,0.07813099556124721,0.03895885026643108,0.03996565560949224,0.030750213591135153,0.03901944101553026,0.039439903356292834,0.049095678865586426,0.03545052972060606,0.039931796496090625,0.036712993841145,0.04079571869121555,0.047636142001900965,0.036944045769837626,0.03393396566956749,0.036725480449183674,0.03672847473371115,0.058321598549807833,0.04607727462155598,0.04847479480563781,0.05401492123574285,0.05331791804184623,0.042112145883809696,0.03746146122262616,0.07813099556124721
