,index,age,target_label,session_id,correct_or_not,target_label_prob,airplane_prob,bear_prob,bike_prob,bird_prob,boat_prob,bowl_prob,car_prob,cat_prob,chair_prob,couch_prob,cup_prob,dog_prob,fish_prob,frog_prob,house_prob,key_prob,person_prob,phone_prob,rabbit_prob,scissors_prob,sheep_prob,train_prob,tree_prob
0,6473,4,phone,run_v31530556401391,1.0,0.06488599377340587,0.04207521151397177,0.039545153349855824,0.041461481412167614,0.040318533330659746,0.04317677338920285,0.0414152218257298,0.046307858151163915,0.040878722627369905,0.026580557785511334,0.05456301873309581,0.04189407723283456,0.04081607882215747,0.04502280966783563,0.041584730185420235,0.05191982919073491,0.05088713254464811,0.03964156003173307,0.06488599377340587,0.04015035147762152,0.037910275301504225,0.044437291940161515,0.044463469399452275,0.04006386831376194
