,index,age,target_label,session_id,correct_or_not,target_label_prob,airplane_prob,bear_prob,bike_prob,bird_prob,boat_prob,bowl_prob,car_prob,cat_prob,chair_prob,couch_prob,cup_prob,dog_prob,fish_prob,frog_prob,house_prob,key_prob,person_prob,phone_prob,rabbit_prob,scissors_prob,sheep_prob,train_prob,tree_prob
0,1322,9,bird,run_v31531419471892,0.0,0.044623543587044665,0.04224490035290787,0.04589846462085568,0.0470273435497041,0.044623543587044665,0.043004692181165,0.03882465345980182,0.04602239288417167,0.04884579086378574,0.038096715887397437,0.04132711459413948,0.03912605781241519,0.04529416388168053,0.04827209968471589,0.04399955808590669,0.04007234149969069,0.046301660290300126,0.04197688327378006,0.042444952322402266,0.042545667889972404,0.041858908164161164,0.04221414896354524,0.045263583564068934,0.04471436258638724
