,index,age,target_label,session_id,correct_or_not,target_label_prob,airplane_prob,bear_prob,bike_prob,bird_prob,boat_prob,bowl_prob,car_prob,cat_prob,chair_prob,couch_prob,cup_prob,dog_prob,fish_prob,frog_prob,house_prob,key_prob,person_prob,phone_prob,rabbit_prob,scissors_prob,sheep_prob,train_prob,tree_prob
0,5320,6,house,run_v31526581096926,1.0,0.056313075211490614,0.046899715116741916,0.04043841273452257,0.03662456259791749,0.04305691101761964,0.055675650070031786,0.040289566031958365,0.03773935937462697,0.04264347325090453,0.04429167529531983,0.04584845653134208,0.0408503885484642,0.03929667071475707,0.036272121349017805,0.03821311051586054,0.056313075211490614,0.03748228310872591,0.04003714355647445,0.04925408381052453,0.04706528847643262,0.04620765776674152,0.04760805406240583,0.04530988958086939,0.042582451277250466
