,index,age,target_label,session_id,correct_or_not,target_label_prob,airplane_prob,bear_prob,bike_prob,bird_prob,boat_prob,bowl_prob,car_prob,cat_prob,chair_prob,couch_prob,cup_prob,dog_prob,fish_prob,frog_prob,house_prob,key_prob,person_prob,phone_prob,rabbit_prob,scissors_prob,sheep_prob,train_prob,tree_prob
0,51,5,airplane,run_v31529011985004,0.0,0.06253976035338926,0.06253976035338926,0.038407271355197434,0.044451987507802375,0.038835169090059275,0.05718400640780719,0.03744815028930825,0.0427330120867235,0.03433295608619217,0.08419353518226287,0.043551500479326856,0.048655311813874086,0.037260708141275085,0.03461875133655252,0.037145862933986494,0.04969278093710936,0.036158733660017546,0.03375132319871866,0.04219366857972671,0.040536612485082724,0.03451845956637777,0.040895541495272414,0.038949210096423936,0.04194568691751366
