,index,age,target_label,session_id,correct_or_not,target_label_prob,airplane_prob,bear_prob,bike_prob,bird_prob,boat_prob,bowl_prob,car_prob,cat_prob,chair_prob,couch_prob,cup_prob,dog_prob,fish_prob,frog_prob,house_prob,key_prob,person_prob,phone_prob,rabbit_prob,scissors_prob,sheep_prob,train_prob,tree_prob
0,843,5,bike,run_v31531341840525,1.0,0.0643553239241043,0.04629835811533469,0.041461342845228955,0.0643553239241043,0.03917591500162654,0.03895440698020606,0.03850694862992214,0.0537035696439152,0.043510502470490486,0.040694888156302254,0.039172136074802105,0.042373726125201745,0.04792518955815651,0.040106830562909104,0.04571588481050484,0.0443522292118927,0.04299283523921319,0.037487487553266044,0.04485212885308641,0.04371235298814284,0.03566236648544832,0.04201874434255972,0.05077356497936529,0.03619326744832047
