,index,age,target_label,session_id,correct_or_not,target_label_prob,airplane_prob,bear_prob,bike_prob,bird_prob,boat_prob,bowl_prob,car_prob,cat_prob,chair_prob,couch_prob,cup_prob,dog_prob,fish_prob,frog_prob,house_prob,key_prob,person_prob,phone_prob,rabbit_prob,scissors_prob,sheep_prob,train_prob,tree_prob
0,49,5,airplane,run_v31528232999187,0.0,0.04403687953919071,0.04403687953919071,0.06443141901309561,0.05364689568433361,0.04316694018525898,0.04353456705370399,0.04203749688740798,0.039812959931046464,0.04479337252454642,0.04177436934952289,0.03525639469413642,0.035740743579459694,0.046025030807308374,0.04290829439899522,0.05592031677273025,0.03927897707047764,0.0340420302789353,0.05440463825196849,0.03534823557383809,0.04641816906821622,0.037916260719943744,0.04391871923209916,0.03982103520789532,0.03576625417588925
