,index,age,target_label,session_id,correct_or_not,target_label_prob,airplane_prob,bear_prob,bike_prob,bird_prob,boat_prob,bowl_prob,car_prob,cat_prob,chair_prob,couch_prob,cup_prob,dog_prob,fish_prob,frog_prob,house_prob,key_prob,person_prob,phone_prob,rabbit_prob,scissors_prob,sheep_prob,train_prob,tree_prob
0,3023,5,cat,run_v41540067568294,0.0,0.05119363156074075,0.03384724136426917,0.04903215052012176,0.043172327614395115,0.04962376607894051,0.03967712157991252,0.03603822716008544,0.03584144508943595,0.05119363156074075,0.03655453295471507,0.03882802804434518,0.033998403223265215,0.04821341334807683,0.04350673582801959,0.05785691585481504,0.032811492278487314,0.06371501154434177,0.05607725515450403,0.04871378226189126,0.043004960611869855,0.03868277692475583,0.04366036882607662,0.03719326689630612,0.03875714528062915
