,index,age,target_label,session_id,correct_or_not,target_label_prob,airplane_prob,bear_prob,bike_prob,bird_prob,boat_prob,bowl_prob,car_prob,cat_prob,chair_prob,couch_prob,cup_prob,dog_prob,fish_prob,frog_prob,house_prob,key_prob,person_prob,phone_prob,rabbit_prob,scissors_prob,sheep_prob,train_prob,tree_prob
0,942,5,bike,run_v31528834869549,1.0,0.06306151314036254,0.04415564440493313,0.04757518726823837,0.06306151314036254,0.044152974749134745,0.0420363327352366,0.03958405302529628,0.050217147160480716,0.04747641899052291,0.04122358491442744,0.03788897771269519,0.04441772798770259,0.04651468819333625,0.04940476420583997,0.04109737181062705,0.03444495305042973,0.04443827746741587,0.03658178171644828,0.03450209223544554,0.04245364855110715,0.04120534636978176,0.043843728287883015,0.047892366543282355,0.035831419479372247
