,index,age,target_label,session_id,correct_or_not,target_label_prob,airplane_prob,bear_prob,bike_prob,bird_prob,boat_prob,bowl_prob,car_prob,cat_prob,chair_prob,couch_prob,cup_prob,dog_prob,fish_prob,frog_prob,house_prob,key_prob,person_prob,phone_prob,rabbit_prob,scissors_prob,sheep_prob,train_prob,tree_prob
0,7985,2,train,run_v41539812565666,1.0,0.058380233699703035,0.04711588197156704,0.04039368162429092,0.03572032191348353,0.034680214277005704,0.05421184281970264,0.04155854261812498,0.04703290458958806,0.03823866317176775,0.03832168192801207,0.04240616067276324,0.037716015555602334,0.03602611352314357,0.03932329097467337,0.0425749911251839,0.0406981543145765,0.04678012068996812,0.04072436760314969,0.05732213675861627,0.0421268498521599,0.05644407393372121,0.038950803507875054,0.058380233699703035,0.0432529528753212
