,index,age,target_label,session_id,correct_or_not,target_label_prob,airplane_prob,bear_prob,bike_prob,bird_prob,boat_prob,bowl_prob,car_prob,cat_prob,chair_prob,couch_prob,cup_prob,dog_prob,fish_prob,frog_prob,house_prob,key_prob,person_prob,phone_prob,rabbit_prob,scissors_prob,sheep_prob,train_prob,tree_prob
0,1474,6,bird,run_v31527974399147,0.0,0.0464035349530812,0.042398356786497664,0.0480533411173162,0.05224282843830248,0.0464035349530812,0.03940291057766894,0.0312334385744316,0.05308873468302956,0.05283041043592073,0.04091096198207238,0.03347906899547668,0.03783451017444941,0.0540645822227297,0.04370638652327354,0.05328707742347041,0.04128852497132728,0.0352824485097687,0.03275116009032224,0.03493675780265678,0.04490749766496396,0.0428585266515612,0.0581401014733777,0.04853048187666161,0.03236835807163992
