,index,age,target_label,session_id,correct_or_not,target_label_prob,airplane_prob,bear_prob,bike_prob,bird_prob,boat_prob,bowl_prob,car_prob,cat_prob,chair_prob,couch_prob,cup_prob,dog_prob,fish_prob,frog_prob,house_prob,key_prob,person_prob,phone_prob,rabbit_prob,scissors_prob,sheep_prob,train_prob,tree_prob
0,3904,10,cup,run_v31532984475063,1.0,0.07564621391943288,0.03842213410986359,0.040970594212106574,0.03454534118901617,0.03856318005936196,0.039753212936900234,0.048627869969208586,0.04247061723330115,0.03989451889985251,0.05353713676978571,0.05384878203292778,0.07564621391943288,0.038162428565063806,0.03590856523125864,0.03963641606176914,0.034415380074053176,0.04999482671841338,0.03930615878990951,0.0637083430016595,0.03937783678062551,0.03995627489863554,0.0368802066924181,0.03787124025377861,0.0385027216006579
