,index,age,target_label,session_id,correct_or_not,target_label_prob,airplane_prob,bear_prob,bike_prob,bird_prob,boat_prob,bowl_prob,car_prob,cat_prob,chair_prob,couch_prob,cup_prob,dog_prob,fish_prob,frog_prob,house_prob,key_prob,person_prob,phone_prob,rabbit_prob,scissors_prob,sheep_prob,train_prob,tree_prob
0,8685,8,tree,run_v31535825120823,0.0,0.04833866389650594,0.0549367717659575,0.04365818788534215,0.03347235773030306,0.040556816766216364,0.060219344708678194,0.038024978872612164,0.03715178413130471,0.04352646160197024,0.03925446783783626,0.03935547643504802,0.03361988871059415,0.03625956582759613,0.03820485613545895,0.04747547504935768,0.05039479568809466,0.04457240175211055,0.04661496636616293,0.050891844606573144,0.048307506552504674,0.040084278220514497,0.04333540768002051,0.04174370177923749,0.04833866389650594
