,index,age,target_label,session_id,correct_or_not,target_label_prob,airplane_prob,bear_prob,bike_prob,bird_prob,boat_prob,bowl_prob,car_prob,cat_prob,chair_prob,couch_prob,cup_prob,dog_prob,fish_prob,frog_prob,house_prob,key_prob,person_prob,phone_prob,rabbit_prob,scissors_prob,sheep_prob,train_prob,tree_prob
0,4546,10,fish,run_v31534794447774,1.0,0.06842773224434219,0.03855427752869698,0.05625890627764111,0.038030918504754006,0.04288029344897592,0.03813844019490703,0.04142103733460827,0.045815450090960864,0.053150151807278334,0.04254026032258384,0.03669845308219664,0.045376215394292256,0.05054513383129015,0.06842773224434219,0.05406102454650332,0.02976387465720481,0.04314517356769726,0.039812013238801784,0.03198333053258342,0.03861742117022126,0.04111119871171056,0.05077458194841321,0.0410634663516433,0.03183064521269347
