,index,age,target_label,session_id,correct_or_not,target_label_prob,airplane_prob,bear_prob,bike_prob,bird_prob,boat_prob,bowl_prob,car_prob,cat_prob,chair_prob,couch_prob,cup_prob,dog_prob,fish_prob,frog_prob,house_prob,key_prob,person_prob,phone_prob,rabbit_prob,scissors_prob,sheep_prob,train_prob,tree_prob
0,984,4,bike,run_v31531609488118,0.0,0.04949364185492735,0.04401478447911001,0.058152819761715685,0.04949364185492735,0.03742690664335307,0.03798964973453698,0.0454600045130013,0.05711256115454261,0.0392501223878293,0.03971747435567391,0.03925843011889772,0.04246669762921205,0.044024149424068834,0.03927149170302001,0.047537734252886654,0.03898365734862677,0.04110649094300576,0.0405137517989136,0.03940706662449012,0.05662132849747877,0.04200903587299351,0.039869788266172025,0.03962036372150296,0.04069204891404106
