,index,age,target_label,session_id,correct_or_not,target_label_prob,airplane_prob,bear_prob,bike_prob,bird_prob,boat_prob,bowl_prob,car_prob,cat_prob,chair_prob,couch_prob,cup_prob,dog_prob,fish_prob,frog_prob,house_prob,key_prob,person_prob,phone_prob,rabbit_prob,scissors_prob,sheep_prob,train_prob,tree_prob
0,8262,3,train,run_v41540335010082,0.0,0.046149588690153856,0.04286238587736189,0.035879420386056356,0.03836957209517039,0.03509520269003225,0.04898182699692652,0.030799570964911503,0.04067547878204798,0.04126243578655591,0.05648476978789281,0.06354893988445157,0.046055271432368004,0.03974570210492369,0.03326861556526128,0.04111444314879391,0.08250880589991459,0.04168758195769164,0.027857110788507656,0.05123307372519881,0.04261603908870064,0.038212836928062446,0.036543586041829265,0.046149588690153856,0.03904774137718726
