,index,age,target_label,session_id,correct_or_not,target_label_prob,airplane_prob,bear_prob,bike_prob,bird_prob,boat_prob,bowl_prob,car_prob,cat_prob,chair_prob,couch_prob,cup_prob,dog_prob,fish_prob,frog_prob,house_prob,key_prob,person_prob,phone_prob,rabbit_prob,scissors_prob,sheep_prob,train_prob,tree_prob
0,6229,6,person,run_v31534110873366,1.0,0.06580338309085537,0.04079745248334741,0.046598071242438734,0.039891560765386684,0.050827197699778254,0.04867577026887002,0.04185306460272656,0.03963616191959343,0.04011927089779307,0.04411613883810355,0.03721447533783577,0.03802339538699728,0.0437551415662418,0.040304781108691776,0.045639175940156956,0.041770025356611985,0.04290070657600991,0.06580338309085537,0.036220050416738675,0.044243304569172456,0.04116133053505768,0.03932113971504305,0.03898313967759033,0.05214526200495924
