,index,age,target_label,session_id,correct_or_not,target_label_prob,airplane_prob,bear_prob,bike_prob,bird_prob,boat_prob,bowl_prob,car_prob,cat_prob,chair_prob,couch_prob,cup_prob,dog_prob,fish_prob,frog_prob,house_prob,key_prob,person_prob,phone_prob,rabbit_prob,scissors_prob,sheep_prob,train_prob,tree_prob
0,1856,9,boat,run_v31526253458184,0.0,0.06161692921223583,0.04986081033091456,0.03730860230576094,0.041338643247144743,0.042346063991579176,0.06161692921223583,0.03723629784856334,0.04263100365341977,0.03526213729291732,0.06162067908583267,0.03855045253526374,0.037995665804632844,0.03455481722345386,0.04284005308673995,0.03594175298513255,0.06961691896117148,0.03787809758188711,0.054858857022788025,0.032415967879047755,0.03661656341323533,0.03943565704876666,0.036685881949372764,0.038727154380874956,0.05466099315926442
