,index,age,target_label,session_id,correct_or_not,target_label_prob,airplane_prob,bear_prob,bike_prob,bird_prob,boat_prob,bowl_prob,car_prob,cat_prob,chair_prob,couch_prob,cup_prob,dog_prob,fish_prob,frog_prob,house_prob,key_prob,person_prob,phone_prob,rabbit_prob,scissors_prob,sheep_prob,train_prob,tree_prob
0,2798,7,cat,run_v41541971355611,0.0,0.054077939478044484,0.052903943518248134,0.04579544546530542,0.0395557466162236,0.051633427815577414,0.03819363750788851,0.04746464909110047,0.039117801539801544,0.054077939478044484,0.02765548582104408,0.042425512573926086,0.03403600305651863,0.04649554440199219,0.045332355266260074,0.04457090093222197,0.038173858985369985,0.044141612299247505,0.03886571076123601,0.051845639872070595,0.056760619231604824,0.04719317617192949,0.037884635246257764,0.03704232725309324,0.03883402709503795
