,index,age,target_label,session_id,correct_or_not,target_label_prob,airplane_prob,bear_prob,bike_prob,bird_prob,boat_prob,bowl_prob,car_prob,cat_prob,chair_prob,couch_prob,cup_prob,dog_prob,fish_prob,frog_prob,house_prob,key_prob,person_prob,phone_prob,rabbit_prob,scissors_prob,sheep_prob,train_prob,tree_prob
0,8227,6,train,run_v41536448304446,1.0,0.07883863912197842,0.05142404510806198,0.04089554983104986,0.056807560747771955,0.047168497879777074,0.03629795990010177,0.03683468970188988,0.06699920316493342,0.037259940028772,0.03469188152748818,0.0347711781374447,0.037993758580986414,0.04683701106917389,0.043453485506065245,0.03983830445920078,0.037615231475125896,0.03367452462016899,0.03674977826420068,0.03737458305670961,0.036476367178532636,0.03993293355457318,0.04716327532986439,0.07883863912197842,0.04090160175612908
