,index,age,target_label,session_id,correct_or_not,target_label_prob,airplane_prob,bear_prob,bike_prob,bird_prob,boat_prob,bowl_prob,car_prob,cat_prob,chair_prob,couch_prob,cup_prob,dog_prob,fish_prob,frog_prob,house_prob,key_prob,person_prob,phone_prob,rabbit_prob,scissors_prob,sheep_prob,train_prob,tree_prob
0,75,6,airplane,run_v31530747157999,0.0,0.0547529758737794,0.0547529758737794,0.04076211839512769,0.03794369782957854,0.04929319095003319,0.04156917199716681,0.0368305041612888,0.04623653320089447,0.04054555746938663,0.03454722120839668,0.0458169052718972,0.04013405319492973,0.04243402562353496,0.05322151406098267,0.03652447374644706,0.03911337281457238,0.04201147941193804,0.057550323211249886,0.03794768427422352,0.0342271667814998,0.0505072708417091,0.04307576690508826,0.03912452703085464,0.05583046574542056
