,index,age,target_label,session_id,correct_or_not,target_label_prob,airplane_prob,bear_prob,bike_prob,bird_prob,boat_prob,bowl_prob,car_prob,cat_prob,chair_prob,couch_prob,cup_prob,dog_prob,fish_prob,frog_prob,house_prob,key_prob,person_prob,phone_prob,rabbit_prob,scissors_prob,sheep_prob,train_prob,tree_prob
0,8632,7,tree,run_v31535233720666,1.0,0.06553821097036938,0.03742245050681721,0.05504641019218957,0.045608269401431485,0.042410597071608463,0.03893026739543693,0.04185841787300313,0.038149792906710105,0.03923014476446514,0.03631867311465928,0.03633635309633131,0.038939061717194925,0.04506298935708181,0.03561371043425623,0.047637579850404496,0.044259682477936435,0.04369090078222207,0.05016315520868181,0.044227888806549605,0.043310938910448134,0.035368930621434584,0.05215567963292844,0.042719894907839354,0.06553821097036938
