,index,age,target_label,session_id,correct_or_not,target_label_prob,airplane_prob,bear_prob,bike_prob,bird_prob,boat_prob,bowl_prob,car_prob,cat_prob,chair_prob,couch_prob,cup_prob,dog_prob,fish_prob,frog_prob,house_prob,key_prob,person_prob,phone_prob,rabbit_prob,scissors_prob,sheep_prob,train_prob,tree_prob
0,1913,3,bowl,run_v31529529599232,0.0,0.0496616140452135,0.04778563802305886,0.038844724531078685,0.03940994481358428,0.04305080400697326,0.051844822855732324,0.0496616140452135,0.03535856121344895,0.04068891869418445,0.03949667810805,0.04175800676046583,0.04533263714092442,0.043015458060900714,0.0441538712522694,0.04561238261706794,0.03419848290747851,0.04801127961796901,0.04298613295156677,0.041475883179045915,0.04172429263116418,0.04734047453922091,0.042514345362498325,0.04488643255965219,0.0508486141284517
