,index,age,target_label,session_id,correct_or_not,target_label_prob,airplane_prob,bear_prob,bike_prob,bird_prob,boat_prob,bowl_prob,car_prob,cat_prob,chair_prob,couch_prob,cup_prob,dog_prob,fish_prob,frog_prob,house_prob,key_prob,person_prob,phone_prob,rabbit_prob,scissors_prob,sheep_prob,train_prob,tree_prob
0,2624,9,car,run_v31532645137140,0.0,0.04592747025598609,0.038110719565215785,0.05471392863733023,0.048380612041267194,0.043254424007001815,0.04266714459105701,0.04240254060635139,0.04592747025598609,0.04551643950043964,0.03905239006954824,0.041891541733653545,0.04227398744926461,0.050288915498231584,0.044246782445234493,0.04507476912820637,0.03522783273215393,0.040730782489099414,0.033309053208771096,0.031864583108059855,0.0425897255459331,0.04416447563515121,0.06175910087891508,0.04638127734277449,0.040171503530353786
