,index,age,target_label,session_id,correct_or_not,target_label_prob,airplane_prob,bear_prob,bike_prob,bird_prob,boat_prob,bowl_prob,car_prob,cat_prob,chair_prob,couch_prob,cup_prob,dog_prob,fish_prob,frog_prob,house_prob,key_prob,person_prob,phone_prob,rabbit_prob,scissors_prob,sheep_prob,train_prob,tree_prob
0,8416,6,tree,run_v31533760726982,1.0,0.07483845603665751,0.03929700690280811,0.04530878255412434,0.04819410815210158,0.04439386769890505,0.04572300479572981,0.04035787104970138,0.035356219884701195,0.037426834666080044,0.037680981062971616,0.0404362508491201,0.044832787311034836,0.04019506400048489,0.03838932453895405,0.0401199828357586,0.037105601777093704,0.04540594612023573,0.046374563007926126,0.047271266624135784,0.045540421629771295,0.04132963233191777,0.04045235674254765,0.043969669427238796,0.07483845603665751
