,index,age,target_label,session_id,correct_or_not,target_label_prob,airplane_prob,bear_prob,bike_prob,bird_prob,boat_prob,bowl_prob,car_prob,cat_prob,chair_prob,couch_prob,cup_prob,dog_prob,fish_prob,frog_prob,house_prob,key_prob,person_prob,phone_prob,rabbit_prob,scissors_prob,sheep_prob,train_prob,tree_prob
0,5392,9,house,run_v31533844614465,1.0,0.07599886236547573,0.04504915340926699,0.0377280496682613,0.03839804667213855,0.04457206904818506,0.054921661640452896,0.05134214478514528,0.05376539651625952,0.04012056021050717,0.037171766597848065,0.0376101443623097,0.03575068485750828,0.039944839642543355,0.0387652563374452,0.035147576456258184,0.07599886236547573,0.04416940185455685,0.04157489718507977,0.04802698332064232,0.042733626326983354,0.043251899195388036,0.03612394792460301,0.040449263911918026,0.03738376771122343
