,index,age,target_label,session_id,correct_or_not,target_label_prob,airplane_prob,bear_prob,bike_prob,bird_prob,boat_prob,bowl_prob,car_prob,cat_prob,chair_prob,couch_prob,cup_prob,dog_prob,fish_prob,frog_prob,house_prob,key_prob,person_prob,phone_prob,rabbit_prob,scissors_prob,sheep_prob,train_prob,tree_prob
0,7031,5,rabbit,run_v31531691695350,1.0,0.05778782817459466,0.04734292167385057,0.047606131406803476,0.03891983012266387,0.041588918104285166,0.0445703797665531,0.0562418575082076,0.04663944651804988,0.03763571278942516,0.03483362969634782,0.03786155191429098,0.03256960988930231,0.0373149700966779,0.04755760344903258,0.040223613251259074,0.04697477979509913,0.04578850029491961,0.037645913811376344,0.03835714997010298,0.05778782817459466,0.057631965059358824,0.03473101326627882,0.04371873529699096,0.0464579381445291
