,index,age,target_label,session_id,correct_or_not,target_label_prob,airplane_prob,bear_prob,bike_prob,bird_prob,boat_prob,bowl_prob,car_prob,cat_prob,chair_prob,couch_prob,cup_prob,dog_prob,fish_prob,frog_prob,house_prob,key_prob,person_prob,phone_prob,rabbit_prob,scissors_prob,sheep_prob,train_prob,tree_prob
0,7646,5,sheep,run_v41541977671135,1.0,0.06203211480516744,0.03799200379895816,0.05868036167335927,0.05199583699631731,0.04082762207436962,0.03770098076616773,0.03855011184382674,0.034051490672502634,0.0554711193923347,0.03902401851580439,0.03458028910206457,0.03359206361958531,0.05293653020286253,0.03955282704430893,0.0532917702706175,0.03609964793130068,0.03971818167580153,0.03776262207209134,0.03486596915052061,0.060850532485147844,0.04305308810043966,0.06203211480516744,0.040184509900906974,0.03718630790554455
