,index,age,target_label,session_id,correct_or_not,target_label_prob,airplane_prob,bear_prob,bike_prob,bird_prob,boat_prob,bowl_prob,car_prob,cat_prob,chair_prob,couch_prob,cup_prob,dog_prob,fish_prob,frog_prob,house_prob,key_prob,person_prob,phone_prob,rabbit_prob,scissors_prob,sheep_prob,train_prob,tree_prob
0,99,5,airplane,run_v31528919741705,1.0,0.07232614828655226,0.07232614828655226,0.04032579477733794,0.04037381380215336,0.04772716956792905,0.055346043476151914,0.03185756869058884,0.039214384503102245,0.04926054979259934,0.040685919872030615,0.03644568342105942,0.03777789436427286,0.04329954272275481,0.04525047649711627,0.04037704659246766,0.045941570204099356,0.04046387714465304,0.04208002748615794,0.03037812712049961,0.04932497953847602,0.046478496343439674,0.04527186256736468,0.038806289288591776,0.04098673394060109
