,index,age,target_label,session_id,correct_or_not,target_label_prob,airplane_prob,bear_prob,bike_prob,bird_prob,boat_prob,bowl_prob,car_prob,cat_prob,chair_prob,couch_prob,cup_prob,dog_prob,fish_prob,frog_prob,house_prob,key_prob,person_prob,phone_prob,rabbit_prob,scissors_prob,sheep_prob,train_prob,tree_prob
0,2597,4,car,run_v31532715129943,0.0,0.05034759867460198,0.049724900429563214,0.0348096442523376,0.059124880461137334,0.03506566638593789,0.05564340989292484,0.03023989383211211,0.05034759867460198,0.04154167111737125,0.049010437156769865,0.0393189432701687,0.031625388340238335,0.03839634887762454,0.038988751066879136,0.03927645234922068,0.05687534364496861,0.03920416949431721,0.03980847981347297,0.05014044066605865,0.05088495652863989,0.04139064694118824,0.036541753786188624,0.0490078147681682,0.043032408250110114
