,index,age,target_label,session_id,correct_or_not,target_label_prob,airplane_prob,bear_prob,bike_prob,bird_prob,boat_prob,bowl_prob,car_prob,cat_prob,chair_prob,couch_prob,cup_prob,dog_prob,fish_prob,frog_prob,house_prob,key_prob,person_prob,phone_prob,rabbit_prob,scissors_prob,sheep_prob,train_prob,tree_prob
0,5668,5,house,run_v31534546767080,0.0,0.06021891153274724,0.04036188974927755,0.03666590652349378,0.04075894433986085,0.0416116322491509,0.04027803479547072,0.03214205764749039,0.04300947211656608,0.044963891560881826,0.060400141940267674,0.051973864277992624,0.04161814611960359,0.04177594057243871,0.0445676898851972,0.04050306500188215,0.06021891153274724,0.03320444438773953,0.03668287545537124,0.059216884085193294,0.03581066725518722,0.029654070214432886,0.04299042704470973,0.05250825460894327,0.049082788636101445
