,index,age,target_label,session_id,correct_or_not,target_label_prob,airplane_prob,bear_prob,bike_prob,bird_prob,boat_prob,bowl_prob,car_prob,cat_prob,chair_prob,couch_prob,cup_prob,dog_prob,fish_prob,frog_prob,house_prob,key_prob,person_prob,phone_prob,rabbit_prob,scissors_prob,sheep_prob,train_prob,tree_prob
0,7625,5,sheep,run_v41540067568294,1.0,0.05705126894830086,0.036263784252246974,0.04452543725960607,0.039062384862544576,0.044225462985302395,0.04539374712736356,0.033265842604998964,0.04484609332147414,0.04726345890212519,0.042574102956241616,0.03964761680956329,0.0328410781994103,0.05295138969575902,0.042318604438315165,0.05528532525853484,0.04267095913111951,0.04598358570189658,0.03647088056873844,0.032796152229265955,0.046322641713466096,0.04101138006212264,0.05705126894830086,0.056658366323783974,0.04057043664782005
