,index,age,target_label,session_id,correct_or_not,target_label_prob,airplane_prob,bear_prob,bike_prob,bird_prob,boat_prob,bowl_prob,car_prob,cat_prob,chair_prob,couch_prob,cup_prob,dog_prob,fish_prob,frog_prob,house_prob,key_prob,person_prob,phone_prob,rabbit_prob,scissors_prob,sheep_prob,train_prob,tree_prob
0,3781,6,cup,run_v31534462048848,1.0,0.062486761876525465,0.04676488822560406,0.03955435584925829,0.04276996013973004,0.043692779612839495,0.05274757180264576,0.06062802771118587,0.035628758406441495,0.03662933822214113,0.04452495833443665,0.039955741109966414,0.062486761876525465,0.04254373477583428,0.05289939838036074,0.039910731257289014,0.040967115566499956,0.036476735705900716,0.04560224232381926,0.0340734517567865,0.03773943409826004,0.040858080487983034,0.041031669282581916,0.04012246565975978,0.0423917994141501
