,index,age,target_label,session_id,correct_or_not,target_label_prob,airplane_prob,bear_prob,bike_prob,bird_prob,boat_prob,bowl_prob,car_prob,cat_prob,chair_prob,couch_prob,cup_prob,dog_prob,fish_prob,frog_prob,house_prob,key_prob,person_prob,phone_prob,rabbit_prob,scissors_prob,sheep_prob,train_prob,tree_prob
0,4552,5,fish,run_v31534023554835,1.0,0.05299529032618581,0.04374919475425027,0.04416229043804634,0.04431319106987984,0.04642273186736796,0.0445351957487118,0.03787321431752996,0.043606579283921275,0.04888478850042727,0.04123349332938559,0.03672461862069676,0.03520724804562085,0.04286771585907261,0.05299529032618581,0.049364230839192225,0.04195961236878021,0.052079407461853446,0.046901232281293864,0.03946187229561059,0.04271758637097143,0.04385022889465215,0.043436753820593026,0.044249503073100264,0.03340402043285634
