,index,age,target_label,session_id,correct_or_not,target_label_prob,airplane_prob,bear_prob,bike_prob,bird_prob,boat_prob,bowl_prob,car_prob,cat_prob,chair_prob,couch_prob,cup_prob,dog_prob,fish_prob,frog_prob,house_prob,key_prob,person_prob,phone_prob,rabbit_prob,scissors_prob,sheep_prob,train_prob,tree_prob
0,5306,5,house,run_v31533771309835,1.0,0.06337229036585765,0.03963360719451734,0.04296276420454534,0.03904319413238068,0.04007221163655193,0.045524230474730726,0.043429835354424,0.04033994765050524,0.0397591003303712,0.04141155937235598,0.060066877020743654,0.061470916908405046,0.04045042144161638,0.033779307817370485,0.0390607452165567,0.06337229036585765,0.039414395155094484,0.03684516775710265,0.057304132114938906,0.0421130985457058,0.03319867881045016,0.038303905053144294,0.041183244677540594,0.04126036876509079
