,index,age,target_label,session_id,correct_or_not,target_label_prob,airplane_prob,bear_prob,bike_prob,bird_prob,boat_prob,bowl_prob,car_prob,cat_prob,chair_prob,couch_prob,cup_prob,dog_prob,fish_prob,frog_prob,house_prob,key_prob,person_prob,phone_prob,rabbit_prob,scissors_prob,sheep_prob,train_prob,tree_prob
0,6733,2,phone,run_v41541198343775,0.0,0.04534752048306221,0.0377101581494478,0.04067743834282972,0.031074539215153095,0.04095152127634374,0.046895614275525174,0.05239073885628045,0.03876148038337807,0.041809988509018514,0.041915334143915725,0.03884431872236986,0.04500130738045483,0.04120641056856929,0.04383186077913701,0.043296844121396644,0.03744176884150942,0.06612262793813647,0.03817655874421704,0.04534752048306221,0.0356119335683248,0.06441634864998469,0.045062344862805845,0.04574100076155805,0.03771234142658172
