,index,age,target_label,session_id,correct_or_not,target_label_prob,airplane_prob,bear_prob,bike_prob,bird_prob,boat_prob,bowl_prob,car_prob,cat_prob,chair_prob,couch_prob,cup_prob,dog_prob,fish_prob,frog_prob,house_prob,key_prob,person_prob,phone_prob,rabbit_prob,scissors_prob,sheep_prob,train_prob,tree_prob
0,2021,8,bowl,run_v31528583580541,1.0,0.07592659823441901,0.04372061310349161,0.03825650161644614,0.03452683079481596,0.041038568293545984,0.048204415919241704,0.07592659823441901,0.044357771429529305,0.038577060214221165,0.040498648768682706,0.04287593154967978,0.05393310135974885,0.042496352315244484,0.05465092669525225,0.04406225185989435,0.03575486367243999,0.040624546421843453,0.04171274121639972,0.03951094348679441,0.03661172548687977,0.047232301413084404,0.03930293376405742,0.04046550043531666,0.03565887194897107
