,index,age,target_label,session_id,correct_or_not,target_label_prob,airplane_prob,bear_prob,bike_prob,bird_prob,boat_prob,bowl_prob,car_prob,cat_prob,chair_prob,couch_prob,cup_prob,dog_prob,fish_prob,frog_prob,house_prob,key_prob,person_prob,phone_prob,rabbit_prob,scissors_prob,sheep_prob,train_prob,tree_prob
0,684,7,bear,run_v41541184280597,1.0,0.07373348477000363,0.038281345393530154,0.07373348477000363,0.046038218171195515,0.036528995426355085,0.03553532407992513,0.039084548796138326,0.03856524399198567,0.0420353586024988,0.03648570053999382,0.0403124148701132,0.03761207903928435,0.037297567886800095,0.03395777048826169,0.04756829139559109,0.038467867884992624,0.05840420776971256,0.04397808868655669,0.044853026844908175,0.06544429247060886,0.04449282720315331,0.037544906953321563,0.044474351229993346,0.0393040875050763
