,index,age,target_label,session_id,correct_or_not,target_label_prob,airplane_prob,bear_prob,bike_prob,bird_prob,boat_prob,bowl_prob,car_prob,cat_prob,chair_prob,couch_prob,cup_prob,dog_prob,fish_prob,frog_prob,house_prob,key_prob,person_prob,phone_prob,rabbit_prob,scissors_prob,sheep_prob,train_prob,tree_prob
0,7355,10,scissors,run_v41541368096253,1.0,0.05775828894872102,0.0463215282323791,0.040486097073237116,0.03863530052188883,0.03850523207817048,0.04863753697586065,0.04356992482197298,0.040231548831236544,0.04215255484271981,0.039656357831059905,0.039195231366327285,0.03965014297146566,0.03942504884277274,0.045302397984470284,0.042175135795845364,0.051274401554336324,0.04721711640452221,0.044260626511091306,0.047627316186265534,0.041314776897242216,0.05775828894872102,0.042268600479230256,0.04223363629468302,0.04210119855450148
