,index,age,target_label,session_id,correct_or_not,target_label_prob,airplane_prob,bear_prob,bike_prob,bird_prob,boat_prob,bowl_prob,car_prob,cat_prob,chair_prob,couch_prob,cup_prob,dog_prob,fish_prob,frog_prob,house_prob,key_prob,person_prob,phone_prob,rabbit_prob,scissors_prob,sheep_prob,train_prob,tree_prob
0,4534,2,dog,run_v31532812086389,0.0,0.044346992698321444,0.039604779788443324,0.049392591733059085,0.03763117259816631,0.04709163506969106,0.044795829610765774,0.04664914937594911,0.03953044507726092,0.050135759473596476,0.03835875031053378,0.044127231726658216,0.05684454582266673,0.044346992698321444,0.05937971629191344,0.04499087558912897,0.03780881280078863,0.04168321908712255,0.035326585466675484,0.033631968729909464,0.04120664866356434,0.04021492638968427,0.04593715145669148,0.04410653402517602,0.03720467821423293
