,index,age,target_label,session_id,correct_or_not,target_label_prob,airplane_prob,bear_prob,bike_prob,bird_prob,boat_prob,bowl_prob,car_prob,cat_prob,chair_prob,couch_prob,cup_prob,dog_prob,fish_prob,frog_prob,house_prob,key_prob,person_prob,phone_prob,rabbit_prob,scissors_prob,sheep_prob,train_prob,tree_prob
0,6149,3,person,run_v31532628744542,0.0,0.04978591669403343,0.05307672204209629,0.04445803712515553,0.06949215969594749,0.038227628916821646,0.04973467523078159,0.033624143258402205,0.04935289573936191,0.04117841072778457,0.03574195087462343,0.03486962987578588,0.032935477587611006,0.03882084486331722,0.03647992415028973,0.041263543010011554,0.044078821484730295,0.046917370946648815,0.04978591669403343,0.04972423976241318,0.05161404830638546,0.03145425088996695,0.03476744732768016,0.044570460093032185,0.047831401397119416
