,index,age,target_label,session_id,correct_or_not,target_label_prob,airplane_prob,bear_prob,bike_prob,bird_prob,boat_prob,bowl_prob,car_prob,cat_prob,chair_prob,couch_prob,cup_prob,dog_prob,fish_prob,frog_prob,house_prob,key_prob,person_prob,phone_prob,rabbit_prob,scissors_prob,sheep_prob,train_prob,tree_prob
0,7553,3,scissors,run_v41539458708022,0.0,0.04987068752668424,0.04587428097559187,0.03847820360739987,0.039633269668650946,0.043258010514168305,0.04531508193741745,0.04441598841426683,0.050141790653541275,0.044063573960766954,0.039060136758336965,0.03597876547405103,0.0417935549650739,0.04349590079518343,0.05186242515243863,0.04526270116399356,0.041499467954977505,0.04251588813891463,0.04056185066429224,0.03814248768120102,0.04448034346912564,0.04987068752668424,0.04691662376651544,0.04734402430052354,0.04003494245688481
