,index,age,target_label,session_id,correct_or_not,target_label_prob,airplane_prob,bear_prob,bike_prob,bird_prob,boat_prob,bowl_prob,car_prob,cat_prob,chair_prob,couch_prob,cup_prob,dog_prob,fish_prob,frog_prob,house_prob,key_prob,person_prob,phone_prob,rabbit_prob,scissors_prob,sheep_prob,train_prob,tree_prob
0,8409,3,tree,run_v31532464602310,0.0,0.04941527412977589,0.04259531545476503,0.049624237677688615,0.04307296139459684,0.051331287263508066,0.04523407378182373,0.041353587294738405,0.03930939463211829,0.05187707961483903,0.03790804314790532,0.04059723402659807,0.04047682976170024,0.046521613149460087,0.03847048191352587,0.04409545079531503,0.040026708105994825,0.038094971135908005,0.04805685322188529,0.036493741653762055,0.052002145251600435,0.04118619387259094,0.04039490669128642,0.04186161602861335,0.04941527412977589
