,index,age,target_label,session_id,correct_or_not,target_label_prob,airplane_prob,bear_prob,bike_prob,bird_prob,boat_prob,bowl_prob,car_prob,cat_prob,chair_prob,couch_prob,cup_prob,dog_prob,fish_prob,frog_prob,house_prob,key_prob,person_prob,phone_prob,rabbit_prob,scissors_prob,sheep_prob,train_prob,tree_prob
0,4596,5,fish,run_v31526766708947,0.0,0.04459319802593847,0.051099113225471816,0.04359280169209426,0.04278578350298453,0.052100351083473884,0.03859945257892667,0.04525662121212272,0.04510601951922921,0.053935183702378466,0.040833776763553195,0.04223524671249682,0.03965183614752627,0.05799351842443753,0.04459319802593847,0.035602797819146326,0.036574070031643535,0.03411029304835321,0.040760930107215855,0.039815002588461997,0.043546954399417005,0.03968337912331479,0.04948642608678963,0.04708447045358835,0.03555277375143553
