,index,age,target_label,session_id,correct_or_not,target_label_prob,airplane_prob,bear_prob,bike_prob,bird_prob,boat_prob,bowl_prob,car_prob,cat_prob,chair_prob,couch_prob,cup_prob,dog_prob,fish_prob,frog_prob,house_prob,key_prob,person_prob,phone_prob,rabbit_prob,scissors_prob,sheep_prob,train_prob,tree_prob
0,4019,5,cup,run_v31533924351945,0.0,0.05833833314185919,0.03973400195772817,0.03931068072012135,0.036155021315620206,0.038033465597156105,0.04987787023242704,0.05438286832415546,0.04177759914111795,0.04116947089001777,0.060332953092391554,0.050479250800062825,0.05833833314185919,0.03713034682182991,0.03588357426392026,0.04021974798072015,0.023102588124923162,0.049061869988829325,0.035447071653780915,0.05871606930158923,0.03972630348282289,0.04846140121025301,0.038992799626418446,0.039859558387452754,0.04380715394480241
