,index,age,target_label,session_id,correct_or_not,target_label_prob,airplane_prob,bear_prob,bike_prob,bird_prob,boat_prob,bowl_prob,car_prob,cat_prob,chair_prob,couch_prob,cup_prob,dog_prob,fish_prob,frog_prob,house_prob,key_prob,person_prob,phone_prob,rabbit_prob,scissors_prob,sheep_prob,train_prob,tree_prob
0,6223,4,person,run_v31534186957619,0.0,0.038303001185717465,0.04853685060925523,0.05788891381460606,0.04467175095458785,0.041604665779737815,0.04034953420561573,0.040162288409940905,0.043691289100319025,0.041862732453520395,0.040853486457184014,0.04701047777448768,0.04253399698918248,0.046548904700996374,0.035390934034041595,0.0427157436387083,0.041974903165723235,0.03846177400276482,0.038303001185717465,0.039698105107630305,0.04431613178834823,0.044435031152680944,0.046559010229881084,0.04645792792909868,0.04597254651597185
