,index,age,target_label,session_id,correct_or_not,target_label_prob,airplane_prob,bear_prob,bike_prob,bird_prob,boat_prob,bowl_prob,car_prob,cat_prob,chair_prob,couch_prob,cup_prob,dog_prob,fish_prob,frog_prob,house_prob,key_prob,person_prob,phone_prob,rabbit_prob,scissors_prob,sheep_prob,train_prob,tree_prob
0,7453,8,scissors,run_v41540077082262,1.0,0.07625369389277406,0.042788955001445576,0.04053496989702584,0.03658795759295617,0.042837186933796234,0.04312686785887121,0.05025666239182526,0.037140700687667595,0.03398046172861038,0.03061475370140281,0.04030092844724494,0.0390384390401587,0.041234927183595775,0.039480829991925426,0.04206974416122401,0.03550199990806554,0.048807407545525414,0.04622626969611032,0.04249579769108101,0.04084138782957194,0.07625369389277406,0.05012647942390768,0.044333848107333734,0.05541973128788035
