,index,age,target_label,session_id,correct_or_not,target_label_prob,airplane_prob,bear_prob,bike_prob,bird_prob,boat_prob,bowl_prob,car_prob,cat_prob,chair_prob,couch_prob,cup_prob,dog_prob,fish_prob,frog_prob,house_prob,key_prob,person_prob,phone_prob,rabbit_prob,scissors_prob,sheep_prob,train_prob,tree_prob
0,3415,5,couch,run_v31529181599174,0.0,0.057263726802870896,0.03743091337597297,0.038998797582592275,0.03258233199579669,0.03790261936603697,0.05554277578608815,0.0385250486995245,0.03593743244355573,0.040913557582856946,0.061366271612919625,0.057263726802870896,0.039765917453746205,0.0372756186098266,0.03810795778396365,0.04126014497454932,0.0831728208562307,0.03765741176980315,0.036499482404794316,0.041393471352689046,0.04179744113636733,0.04142106461196014,0.041740827673812604,0.043853460856281265,0.03959090526776098
