,index,age,target_label,session_id,correct_or_not,target_label_prob,airplane_prob,bear_prob,bike_prob,bird_prob,boat_prob,bowl_prob,car_prob,cat_prob,chair_prob,couch_prob,cup_prob,dog_prob,fish_prob,frog_prob,house_prob,key_prob,person_prob,phone_prob,rabbit_prob,scissors_prob,sheep_prob,train_prob,tree_prob
0,3114,10,chair,run_v31529354999119,1.0,0.05838627124776171,0.040925105085090195,0.051793967435706155,0.045767071287563015,0.04774176572946483,0.04444225730337504,0.0366047729549452,0.03751206241308225,0.036560307064124546,0.05838627124776171,0.04985800938599531,0.04546068711267214,0.038575502337324076,0.03938026136767799,0.04383462481603358,0.028534563535239317,0.043457299342773786,0.05800744183812161,0.03245266653091049,0.04983147501283011,0.03816965154405967,0.040981771613846,0.03824380748711466,0.05347865755428822
