,index,age,target_label,session_id,correct_or_not,target_label_prob,airplane_prob,bear_prob,bike_prob,bird_prob,boat_prob,bowl_prob,car_prob,cat_prob,chair_prob,couch_prob,cup_prob,dog_prob,fish_prob,frog_prob,house_prob,key_prob,person_prob,phone_prob,rabbit_prob,scissors_prob,sheep_prob,train_prob,tree_prob
0,8610,5,tree,run_v31534622452456,0.0,0.045471132790404496,0.04254031326381309,0.05422804303664614,0.046429396108124986,0.04049164323585359,0.04021619551430773,0.04492418760008672,0.044075459126423695,0.042249635333716,0.03942746074760332,0.03768910384069075,0.04056867559025697,0.04431423012416912,0.03683458571220481,0.04965549316749747,0.04311921134477158,0.04273145297906041,0.04400391928105667,0.04133047152246196,0.05515989337367547,0.04153457388414924,0.04480011071685955,0.0382048117061663,0.045471132790404496
