,index,age,target_label,session_id,correct_or_not,target_label_prob,airplane_prob,bear_prob,bike_prob,bird_prob,boat_prob,bowl_prob,car_prob,cat_prob,chair_prob,couch_prob,cup_prob,dog_prob,fish_prob,frog_prob,house_prob,key_prob,person_prob,phone_prob,rabbit_prob,scissors_prob,sheep_prob,train_prob,tree_prob
0,6403,4,person,run_v31533244161520,1.0,0.07385644725896998,0.04123114546344118,0.048309926548732555,0.03687468904419905,0.04488014744663008,0.04148550104491084,0.03836289467228315,0.03624457017289249,0.04698365237123949,0.044989710988850226,0.038350911177047364,0.034618369598951794,0.040285815588002635,0.04065282574180007,0.041782580849730584,0.043736581648637946,0.03924147353752007,0.07385644725896998,0.04011849470615038,0.04334031427649913,0.04080757096585777,0.04440502558139055,0.04131794046191289,0.058123410854349945
