,index,age,target_label,session_id,correct_or_not,target_label_prob,airplane_prob,bear_prob,bike_prob,bird_prob,boat_prob,bowl_prob,car_prob,cat_prob,chair_prob,couch_prob,cup_prob,dog_prob,fish_prob,frog_prob,house_prob,key_prob,person_prob,phone_prob,rabbit_prob,scissors_prob,sheep_prob,train_prob,tree_prob
0,6492,5,phone,run_v41541970856667,1.0,0.06904221859722344,0.03599419266523361,0.0463661113348685,0.04651440921557641,0.03774103462612731,0.03466573757406555,0.04163261751503417,0.04121478557519937,0.04167226991253707,0.0317451529972503,0.04134979941320539,0.05345475907477048,0.03856004282255762,0.040865329248591716,0.044080821039541467,0.04394862870373837,0.04210182118908302,0.044575167854600244,0.06904221859722344,0.04085623393621971,0.052241326166583585,0.03549828225990471,0.042614177047564886,0.05326508123052295
