,index,age,target_label,session_id,correct_or_not,target_label_prob,airplane_prob,bear_prob,bike_prob,bird_prob,boat_prob,bowl_prob,car_prob,cat_prob,chair_prob,couch_prob,cup_prob,dog_prob,fish_prob,frog_prob,house_prob,key_prob,person_prob,phone_prob,rabbit_prob,scissors_prob,sheep_prob,train_prob,tree_prob
0,8321,4,tree,run_v31532978494686,1.0,0.05734873340609427,0.041611141013293246,0.03793732193112788,0.04697123858226554,0.04269495051166249,0.040992564307443455,0.04556790721548656,0.04099598240798508,0.04005801238700954,0.05104519204109398,0.04176839673625294,0.04628207585556704,0.03892183320766462,0.03344524992803017,0.047423810722158975,0.034917817427227264,0.05292047151054142,0.05236955040443915,0.03839557999054163,0.04104053565211863,0.03960099504104332,0.04957605746423943,0.03811458225671328,0.05734873340609427
