,index,age,target_label,session_id,correct_or_not,target_label_prob,airplane_prob,bear_prob,bike_prob,bird_prob,boat_prob,bowl_prob,car_prob,cat_prob,chair_prob,couch_prob,cup_prob,dog_prob,fish_prob,frog_prob,house_prob,key_prob,person_prob,phone_prob,rabbit_prob,scissors_prob,sheep_prob,train_prob,tree_prob
0,2315,4,car,run_v31533509680357,0.0,0.05105001296964819,0.045953943535507795,0.04394650700297733,0.048477204706343126,0.049532545104620115,0.04069326688561227,0.03868233633511491,0.05105001296964819,0.04685519406717904,0.04074689187904488,0.04241129970322357,0.03717936870338304,0.04421832779833373,0.04263035644239433,0.04307173516140618,0.03349774423089906,0.036512188063896625,0.04552938883517133,0.03728935265344978,0.052153782416372384,0.03881756096515629,0.041665100272813296,0.05707008518014433,0.042015807087308135
