,index,age,target_label,session_id,correct_or_not,target_label_prob,airplane_prob,bear_prob,bike_prob,bird_prob,boat_prob,bowl_prob,car_prob,cat_prob,chair_prob,couch_prob,cup_prob,dog_prob,fish_prob,frog_prob,house_prob,key_prob,person_prob,phone_prob,rabbit_prob,scissors_prob,sheep_prob,train_prob,tree_prob
0,5083,5,frog,run_v41536534491463,0.0,0.044336235217680896,0.04270720095970629,0.04992501225750246,0.045579627348746876,0.04675537109239223,0.04337810201414916,0.05160191617329297,0.046853866590666746,0.04207092149743335,0.04660092496954339,0.038202252497388296,0.04799489743455259,0.04276920672821585,0.047752501137151356,0.044336235217680896,0.032144077568006524,0.03908382927017602,0.04829444667539721,0.04106477906720979,0.036198358961252876,0.03643618371176794,0.041415188245456196,0.04618705075879386,0.042648049823517255
