,index,age,target_label,session_id,correct_or_not,target_label_prob,airplane_prob,bear_prob,bike_prob,bird_prob,boat_prob,bowl_prob,car_prob,cat_prob,chair_prob,couch_prob,cup_prob,dog_prob,fish_prob,frog_prob,house_prob,key_prob,person_prob,phone_prob,rabbit_prob,scissors_prob,sheep_prob,train_prob,tree_prob
0,2646,3,cat,run_v41541285617885,0.0,0.054164059385813965,0.03506791282290417,0.04317863719901694,0.07595081864431769,0.041730361020726685,0.04364033532626147,0.03849686075367076,0.047139310111085235,0.054164059385813965,0.03466036003687132,0.03689416466882787,0.03609458592813147,0.04095350641563068,0.03642289785988057,0.043327099824415245,0.04048729103335975,0.031090388272461206,0.04629265626022315,0.038217542680504465,0.06625043227966575,0.03943730749492797,0.05106332348206397,0.04136570423850395,0.038074444260735765
