,index,age,target_label,session_id,correct_or_not,target_label_prob,airplane_prob,bear_prob,bike_prob,bird_prob,boat_prob,bowl_prob,car_prob,cat_prob,chair_prob,couch_prob,cup_prob,dog_prob,fish_prob,frog_prob,house_prob,key_prob,person_prob,phone_prob,rabbit_prob,scissors_prob,sheep_prob,train_prob,tree_prob
0,4925,2,frog,run_v41539791999693,0.0,0.0422005378815285,0.03684462376594768,0.06340661164735131,0.041897479390514115,0.037463631456016805,0.039723730286442306,0.05685510693735256,0.03683882173195427,0.04259111752822372,0.04002136330824126,0.04728364678135147,0.045111362800675237,0.04604988347950176,0.04089326411548214,0.0422005378815285,0.03403923931947266,0.041193826862151,0.03421812662189115,0.04473994036502614,0.05251391324652984,0.044172822887084,0.048269006655073804,0.04417064158081105,0.039501301351377256
