,index,age,target_label,session_id,correct_or_not,target_label_prob,airplane_prob,bear_prob,bike_prob,bird_prob,boat_prob,bowl_prob,car_prob,cat_prob,chair_prob,couch_prob,cup_prob,dog_prob,fish_prob,frog_prob,house_prob,key_prob,person_prob,phone_prob,rabbit_prob,scissors_prob,sheep_prob,train_prob,tree_prob
0,5785,7,key,run_v41540407216378,0.0,0.03976968191008258,0.046016898750489796,0.05319684922222396,0.040149520195133306,0.041390335768932994,0.04492639203305577,0.03968997565992874,0.03970928655334173,0.04378152859468015,0.03665486126697068,0.043171439740061254,0.03991039328871021,0.04430759755957458,0.04230834573415576,0.047840594911146374,0.042814688688981146,0.03976968191008258,0.039517192128067126,0.0354357322063728,0.06507276262716934,0.04522557119406525,0.042665687357628886,0.04241510502695433,0.04402955958227344
