,index,age,target_label,session_id,correct_or_not,target_label_prob,airplane_prob,bear_prob,bike_prob,bird_prob,boat_prob,bowl_prob,car_prob,cat_prob,chair_prob,couch_prob,cup_prob,dog_prob,fish_prob,frog_prob,house_prob,key_prob,person_prob,phone_prob,rabbit_prob,scissors_prob,sheep_prob,train_prob,tree_prob
0,6425,3,person,run_v31535742751450,0.0,0.0420591943623762,0.043894564342695515,0.04191333202248877,0.04933449877190106,0.04620766436005121,0.04507551487660304,0.03892392961526359,0.055327214799792176,0.039239863383314526,0.035685712621450455,0.038297656623179945,0.04864623131804539,0.038493879594441074,0.052013347911964235,0.042627393704282666,0.035525181508395225,0.0400888551315198,0.0420591943623762,0.04189976927498469,0.04312867567595023,0.04187617335303536,0.046447554813456964,0.04875260363500643,0.04454118829980149
