,index,age,target_label,session_id,correct_or_not,target_label_prob,airplane_prob,bear_prob,bike_prob,bird_prob,boat_prob,bowl_prob,car_prob,cat_prob,chair_prob,couch_prob,cup_prob,dog_prob,fish_prob,frog_prob,house_prob,key_prob,person_prob,phone_prob,rabbit_prob,scissors_prob,sheep_prob,train_prob,tree_prob
0,3257,5,chair,run_v31527980999104,1.0,0.06822744114772143,0.037420840045988064,0.037375054025261666,0.057199280341397,0.034624997826944136,0.044930529661525796,0.03477224312360242,0.03171158945892363,0.04328712619069728,0.06822744114772143,0.03563116712538193,0.03457892176268473,0.04387849988181873,0.03830885922509951,0.044702441880501396,0.03750977230785439,0.056946346567028065,0.03682297559149223,0.06113110501229117,0.045314793756139234,0.042360971642611295,0.04168781043785347,0.059845932604232537,0.03173130038294999
