,index,age,target_label,session_id,correct_or_not,target_label_prob,airplane_prob,bear_prob,bike_prob,bird_prob,boat_prob,bowl_prob,car_prob,cat_prob,chair_prob,couch_prob,cup_prob,dog_prob,fish_prob,frog_prob,house_prob,key_prob,person_prob,phone_prob,rabbit_prob,scissors_prob,sheep_prob,train_prob,tree_prob
0,7946,3,train,run_v41540332232245,0.0,0.03739423469850247,0.033366774705619724,0.04845671508850598,0.04360805878383701,0.04613394858634969,0.035393201633677394,0.03974262488716684,0.03975292989977048,0.0493051624718361,0.0419612389410568,0.03726829573903287,0.041352831092266173,0.049228992059423576,0.044485458296449544,0.058803167175930156,0.035261941713320796,0.05854195834616556,0.03986077882557445,0.03618908200709101,0.04912182800607807,0.04953706378749475,0.05116755404205579,0.03739423469850247,0.03406615921279488
