,index,age,target_label,session_id,correct_or_not,target_label_prob,airplane_prob,bear_prob,bike_prob,bird_prob,boat_prob,bowl_prob,car_prob,cat_prob,chair_prob,couch_prob,cup_prob,dog_prob,fish_prob,frog_prob,house_prob,key_prob,person_prob,phone_prob,rabbit_prob,scissors_prob,sheep_prob,train_prob,tree_prob
0,3566,2,couch,run_v31529451599071,0.0,0.039006466876326515,0.04457163898047921,0.0392195238269232,0.04381265408191891,0.04561565296659228,0.05028873086246224,0.06438788892766031,0.04683871572989315,0.03715886253584256,0.03809701362046404,0.039006466876326515,0.052580700196306444,0.03881041340218526,0.04384745017471847,0.04088582917073442,0.03736308120376007,0.043729880603911364,0.04124455225871157,0.03960914712183848,0.04606099745192808,0.04506556945815078,0.03661977664433903,0.042279499765949025,0.04290595413890457
