,index,age,target_label,session_id,correct_or_not,target_label_prob,airplane_prob,bear_prob,bike_prob,bird_prob,boat_prob,bowl_prob,car_prob,cat_prob,chair_prob,couch_prob,cup_prob,dog_prob,fish_prob,frog_prob,house_prob,key_prob,person_prob,phone_prob,rabbit_prob,scissors_prob,sheep_prob,train_prob,tree_prob
0,6406,8,person,run_v31532641491167,1.0,0.05732921773059479,0.0385133928065672,0.04556361585965878,0.05035227454907587,0.04263269884620592,0.03928830827872246,0.04227179829563264,0.034854094049157534,0.04758651876775966,0.04172068228958926,0.03410379797839429,0.04073478492606137,0.04468257052899801,0.047892878414733234,0.0508667109546104,0.040822235430261526,0.04141378727260115,0.05732921773059479,0.044113163049509845,0.04289886382599999,0.04667745938024415,0.04858584329818583,0.037766373434900635,0.03932893003253539
