,index,age,target_label,session_id,correct_or_not,target_label_prob,airplane_prob,bear_prob,bike_prob,bird_prob,boat_prob,bowl_prob,car_prob,cat_prob,chair_prob,couch_prob,cup_prob,dog_prob,fish_prob,frog_prob,house_prob,key_prob,person_prob,phone_prob,rabbit_prob,scissors_prob,sheep_prob,train_prob,tree_prob
0,2013,3,bowl,run_v31531856499391,1.0,0.060972896286520875,0.04629394860706773,0.041688868568538456,0.04979478009137841,0.04469779458369012,0.04554537927591751,0.060972896286520875,0.04294504786981655,0.038294089474664596,0.04319769251266813,0.03748385575094022,0.04587144925009249,0.04600573032299327,0.055630160445074385,0.04550626079173939,0.03636961631582863,0.041721226969772165,0.04022172845574861,0.03707230241093672,0.03659889386101681,0.03978298274698516,0.043473673927428985,0.039662291219395865,0.04116933026178483
