,index,age,target_label,session_id,correct_or_not,target_label_prob,airplane_prob,bear_prob,bike_prob,bird_prob,boat_prob,bowl_prob,car_prob,cat_prob,chair_prob,couch_prob,cup_prob,dog_prob,fish_prob,frog_prob,house_prob,key_prob,person_prob,phone_prob,rabbit_prob,scissors_prob,sheep_prob,train_prob,tree_prob
0,4392,4,dog,run_v31533845339298,0.0,0.047331546247672725,0.045531416838730285,0.04336804644237314,0.051965858932053494,0.04420311706055842,0.042534426160787585,0.03470152673274398,0.05462710662849825,0.044968842831242854,0.042329839857182715,0.0434584156941644,0.03939326130124113,0.047331546247672725,0.04953198702663946,0.04672441897114636,0.03784819000312452,0.04113065562461142,0.04510133521522534,0.03649791674986244,0.045165421465430726,0.03648156411306169,0.04339827051328771,0.05246586703642603,0.03124096855393533
