,index,age,target_label,session_id,correct_or_not,target_label_prob,airplane_prob,bear_prob,bike_prob,bird_prob,boat_prob,bowl_prob,car_prob,cat_prob,chair_prob,couch_prob,cup_prob,dog_prob,fish_prob,frog_prob,house_prob,key_prob,person_prob,phone_prob,rabbit_prob,scissors_prob,sheep_prob,train_prob,tree_prob
0,691,6,bear,run_v41540492118742,0.0,0.042529942082659845,0.04537562014532153,0.042529942082659845,0.03966008919385944,0.04229942106022521,0.03853464733968801,0.03505192667868034,0.04106637447015009,0.039065650151634324,0.03969069999627124,0.050314375647719414,0.04602664886782349,0.04402675162838129,0.05125553414723931,0.040199690267960116,0.04016065384275187,0.04331787817737355,0.048900856029797705,0.050092553982286125,0.043418487170982706,0.04766939482170663,0.04101255294958022,0.039051345853665695,0.051278905494241835
