,index,age,target_label,session_id,correct_or_not,target_label_prob,airplane_prob,bear_prob,bike_prob,bird_prob,boat_prob,bowl_prob,car_prob,cat_prob,chair_prob,couch_prob,cup_prob,dog_prob,fish_prob,frog_prob,house_prob,key_prob,person_prob,phone_prob,rabbit_prob,scissors_prob,sheep_prob,train_prob,tree_prob
0,1495,3,bird,run_v31531774926854,0.0,0.055042057512307264,0.05559699769185298,0.04861613783262322,0.050443020717577974,0.055042057512307264,0.04435754155951905,0.03906454242526487,0.03987362107923964,0.044838212247462005,0.04409319831754969,0.038800393222979596,0.046680102688960945,0.04486402964980544,0.04980424560028286,0.048355066094702456,0.03496395547134819,0.03774993074078637,0.041040798627740425,0.03517126517469174,0.03951716672740928,0.03888199535185595,0.0440055478419939,0.03962919469404881,0.03861097872999727
