,index,age,target_label,session_id,correct_or_not,target_label_prob,airplane_prob,bear_prob,bike_prob,bird_prob,boat_prob,bowl_prob,car_prob,cat_prob,chair_prob,couch_prob,cup_prob,dog_prob,fish_prob,frog_prob,house_prob,key_prob,person_prob,phone_prob,rabbit_prob,scissors_prob,sheep_prob,train_prob,tree_prob
0,705,2,bear,run_v41541192829790,1.0,0.05631424642136892,0.04120148520004215,0.05631424642136892,0.04948120606460157,0.046797524308883356,0.04009870289705108,0.03605998205524275,0.04096348257186957,0.04435979214083122,0.03919888091061674,0.03689603222234211,0.03980087128827911,0.04180054609944073,0.04333357738480718,0.047556415765216964,0.04057677281923635,0.0412555821198685,0.04719434893098978,0.03904127064699392,0.04062529091945207,0.04253521509558791,0.0459149359553708,0.0452067965375682,0.053787041644339104
