,index,age,target_label,session_id,correct_or_not,target_label_prob,airplane_prob,bear_prob,bike_prob,bird_prob,boat_prob,bowl_prob,car_prob,cat_prob,chair_prob,couch_prob,cup_prob,dog_prob,fish_prob,frog_prob,house_prob,key_prob,person_prob,phone_prob,rabbit_prob,scissors_prob,sheep_prob,train_prob,tree_prob
0,4223,4,dog,run_v31533507748485,0.0,0.0466711552243378,0.038922244211074195,0.048213361583420926,0.03896604581031146,0.04642791724663838,0.038888233617827186,0.03869867496751299,0.04426227499825953,0.045168791160958836,0.03495972925912405,0.039820496688722756,0.03814368843427213,0.0466711552243378,0.04395232709755653,0.04663798093201307,0.03768187412144086,0.06365378713823823,0.040338479232100315,0.0431494374412102,0.045849184076539096,0.042075758513447095,0.04650656703465041,0.04261147485879838,0.04840051635154559
