,index,age,target_label,session_id,correct_or_not,target_label_prob,airplane_prob,bear_prob,bike_prob,bird_prob,boat_prob,bowl_prob,car_prob,cat_prob,chair_prob,couch_prob,cup_prob,dog_prob,fish_prob,frog_prob,house_prob,key_prob,person_prob,phone_prob,rabbit_prob,scissors_prob,sheep_prob,train_prob,tree_prob
0,2489,6,car,run_v31535325173638,1.0,0.06884474992903461,0.040138567858935735,0.04264597301479974,0.04230723852980379,0.04094425904341147,0.03639766270148,0.04143239491846422,0.06884474992903461,0.042046870993991,0.041716304639175424,0.04349132145362448,0.043758935925812856,0.048590624647457795,0.048870912830739736,0.05067479376121526,0.03717306517963827,0.04750179546048451,0.03552224030638169,0.041051564087124855,0.03956091096541925,0.04235185495002778,0.046417177523682435,0.04498107239349716,0.03357970888579801
