,index,age,target_label,session_id,correct_or_not,target_label_prob,airplane_prob,bear_prob,bike_prob,bird_prob,boat_prob,bowl_prob,car_prob,cat_prob,chair_prob,couch_prob,cup_prob,dog_prob,fish_prob,frog_prob,house_prob,key_prob,person_prob,phone_prob,rabbit_prob,scissors_prob,sheep_prob,train_prob,tree_prob
0,8230,6,train,run_v41541969255482,0.0,0.04376848533566241,0.03777825777172796,0.041964678242779996,0.04840286938051095,0.044656709442855665,0.03180574388245975,0.041972913308042314,0.041910667210871944,0.03626509696680774,0.06132037445478867,0.06343472177593937,0.061983722979628196,0.04257293824544716,0.04183208307072033,0.03751077823056208,0.04331872285745242,0.03586695877765813,0.03556442890074355,0.05594225908125764,0.03565940955524982,0.04003499882778679,0.04044890021847963,0.04376848533566241,0.035984281482567486
