,index,age,target_label,session_id,correct_or_not,target_label_prob,airplane_prob,bear_prob,bike_prob,bird_prob,boat_prob,bowl_prob,car_prob,cat_prob,chair_prob,couch_prob,cup_prob,dog_prob,fish_prob,frog_prob,house_prob,key_prob,person_prob,phone_prob,rabbit_prob,scissors_prob,sheep_prob,train_prob,tree_prob
0,7591,5,sheep,run_v41541980099871,0.0,0.044860518025063266,0.04249854131981395,0.03905760096981888,0.03908647192660713,0.04202524320472375,0.04967651730258369,0.05032295547273781,0.045729591728898566,0.038721307425672556,0.043038989174204755,0.05266753124596117,0.04817331826469702,0.04056903336117409,0.0401438494384045,0.0426117109016414,0.03436900284203874,0.04021642714566822,0.041689019826962555,0.04723436582787561,0.03849313252702955,0.04099062684731067,0.044860518025063266,0.04477103537092813,0.05305320985018394
