,index,age,target_label,session_id,correct_or_not,target_label_prob,airplane_prob,bear_prob,bike_prob,bird_prob,boat_prob,bowl_prob,car_prob,cat_prob,chair_prob,couch_prob,cup_prob,dog_prob,fish_prob,frog_prob,house_prob,key_prob,person_prob,phone_prob,rabbit_prob,scissors_prob,sheep_prob,train_prob,tree_prob
0,3999,10,cup,run_v31534187337739,1.0,0.06332989723671893,0.031285410662425656,0.03975144947035755,0.03626257433172852,0.04026939930635043,0.03439637436367186,0.05578065249504172,0.03886404256358559,0.03951630153982023,0.04061731151553332,0.05508483997234745,0.06332989723671893,0.04044596695123991,0.05371957998057423,0.04177933222108125,0.03980655363610486,0.054863316560185886,0.04128827916205957,0.05473629888043087,0.03852580333105328,0.040745354204145226,0.03933861224441239,0.04197227876418864,0.03762037060694251
