,index,age,target_label,session_id,correct_or_not,target_label_prob,airplane_prob,bear_prob,bike_prob,bird_prob,boat_prob,bowl_prob,car_prob,cat_prob,chair_prob,couch_prob,cup_prob,dog_prob,fish_prob,frog_prob,house_prob,key_prob,person_prob,phone_prob,rabbit_prob,scissors_prob,sheep_prob,train_prob,tree_prob
0,4242,2,dog,run_v31534716180635,0.0,0.041249077780484755,0.047073684920463654,0.04296022219283069,0.031154959283290706,0.04006768375060033,0.05436047416747133,0.041557735611261304,0.039751905804085656,0.04562703479700032,0.04049593447790881,0.04906552932752123,0.039665795601169486,0.041249077780484755,0.04513542381318024,0.043864162266477894,0.042077245071783946,0.035973596417051786,0.0427713671727389,0.03538955261854398,0.04495398435668952,0.04843304267794965,0.04740944524361068,0.04692749261057468,0.054034650037310464
