,index,age,target_label,session_id,correct_or_not,target_label_prob,airplane_prob,bear_prob,bike_prob,bird_prob,boat_prob,bowl_prob,car_prob,cat_prob,chair_prob,couch_prob,cup_prob,dog_prob,fish_prob,frog_prob,house_prob,key_prob,person_prob,phone_prob,rabbit_prob,scissors_prob,sheep_prob,train_prob,tree_prob
0,7581,3,sheep,run_v41536698494162,0.0,0.038580574957435096,0.0420493901295655,0.040225302968371006,0.047288778392116204,0.04382217748034122,0.04650437975536323,0.03953407908643274,0.052830873825563146,0.03982405903260311,0.04660214886527195,0.052741661893695155,0.036376770596069384,0.03945335243541958,0.04311906443569984,0.03907430443877662,0.05509972977391658,0.04094942167036908,0.03866130784124637,0.03933787142598923,0.04225458865815161,0.04911127446329625,0.038580574957435096,0.04579803098169461,0.04076085689261264
