,index,age,target_label,session_id,correct_or_not,target_label_prob,airplane_prob,bear_prob,bike_prob,bird_prob,boat_prob,bowl_prob,car_prob,cat_prob,chair_prob,couch_prob,cup_prob,dog_prob,fish_prob,frog_prob,house_prob,key_prob,person_prob,phone_prob,rabbit_prob,scissors_prob,sheep_prob,train_prob,tree_prob
0,1180,3,bird,run_v31528223120387,0.0,0.046314619150899364,0.044917709672185537,0.04245309209365808,0.042323123417672394,0.046314619150899364,0.043485828128553505,0.040541187473913956,0.04097052077990355,0.03635864384787216,0.027591973779980475,0.04858388154931057,0.04355154941723693,0.043479737536018755,0.04640182868348407,0.04040832505785723,0.05845716368573219,0.036761810031002894,0.050900273650500566,0.04872268021754087,0.04038677111565493,0.04807395471308855,0.0397805092549306,0.04637020628464793,0.04316461045835471
