,index,age,target_label,session_id,correct_or_not,target_label_prob,airplane_prob,bear_prob,bike_prob,bird_prob,boat_prob,bowl_prob,car_prob,cat_prob,chair_prob,couch_prob,cup_prob,dog_prob,fish_prob,frog_prob,house_prob,key_prob,person_prob,phone_prob,rabbit_prob,scissors_prob,sheep_prob,train_prob,tree_prob
0,2288,7,car,run_v31533938702828,1.0,0.06465236196516247,0.04657170765359269,0.047207597761790863,0.04579207806063263,0.03802979844766479,0.03674944479126181,0.046077279525072276,0.06465236196516247,0.03769113784846458,0.04445156304115952,0.04089821651040633,0.048844734618203524,0.04622194006263694,0.046445487746039724,0.04637187966526337,0.04362050583876194,0.03551979909949053,0.03977985711712092,0.04811544162536123,0.04200405514450242,0.034761861475189476,0.040714569636065685,0.04360170722713327,0.03587697513902293
