,index,age,target_label,session_id,correct_or_not,target_label_prob,airplane_prob,bear_prob,bike_prob,bird_prob,boat_prob,bowl_prob,car_prob,cat_prob,chair_prob,couch_prob,cup_prob,dog_prob,fish_prob,frog_prob,house_prob,key_prob,person_prob,phone_prob,rabbit_prob,scissors_prob,sheep_prob,train_prob,tree_prob
0,1662,4,boat,run_v31532715129943,1.0,0.06582622158482511,0.049752429293363314,0.039885507874352785,0.05476262017068407,0.04105574868201761,0.06582622158482511,0.03853774232647641,0.03690614817739277,0.048777515108073516,0.043692543849838054,0.038911988477686385,0.04609841092711002,0.04019689758756475,0.04875022283334086,0.03408155382778783,0.05203640517101477,0.03739567762246188,0.035475651666594325,0.04405629520394407,0.042696610833642915,0.038261706842900714,0.03708775431061032,0.0482610306102665,0.03749331701805088
