,index,age,target_label,session_id,correct_or_not,target_label_prob,airplane_prob,bear_prob,bike_prob,bird_prob,boat_prob,bowl_prob,car_prob,cat_prob,chair_prob,couch_prob,cup_prob,dog_prob,fish_prob,frog_prob,house_prob,key_prob,person_prob,phone_prob,rabbit_prob,scissors_prob,sheep_prob,train_prob,tree_prob
0,8606,5,tree,run_v31532466446992,1.0,0.07550799544245783,0.038656070576856265,0.039946115939594254,0.043863396047088915,0.04427523186831267,0.02967014252125692,0.04013028619520509,0.03317482692595565,0.041127169763802485,0.05774338447674361,0.04557257565390182,0.04553378887846054,0.04697140056391928,0.041792867027737414,0.042344432279080135,0.0304890709872549,0.04853370020426365,0.0445401965368077,0.045498590749042604,0.038777096333244276,0.04302019607275022,0.04717986912598535,0.03565159583027837,0.07550799544245783
