,index,age,target_label,session_id,correct_or_not,target_label_prob,airplane_prob,bear_prob,bike_prob,bird_prob,boat_prob,bowl_prob,car_prob,cat_prob,chair_prob,couch_prob,cup_prob,dog_prob,fish_prob,frog_prob,house_prob,key_prob,person_prob,phone_prob,rabbit_prob,scissors_prob,sheep_prob,train_prob,tree_prob
0,5503,2,house,run_v31535051855980,1.0,0.07274083439292156,0.04663715986936508,0.046907563090422405,0.03269205640606552,0.04091981867181581,0.0526808118915623,0.04223752163631982,0.04167183160025628,0.03616690998357645,0.07092505785368217,0.030844294326914382,0.037211653242456955,0.04005661099619519,0.03359957358989319,0.03911337203461186,0.07274083439292156,0.037375640447009424,0.057553850788627646,0.031879097483433046,0.03747438968465774,0.03852317123085106,0.03885398369956402,0.03798105058517407,0.05595374649462388
