,index,age,target_label,session_id,correct_or_not,target_label_prob,airplane_prob,bear_prob,bike_prob,bird_prob,boat_prob,bowl_prob,car_prob,cat_prob,chair_prob,couch_prob,cup_prob,dog_prob,fish_prob,frog_prob,house_prob,key_prob,person_prob,phone_prob,rabbit_prob,scissors_prob,sheep_prob,train_prob,tree_prob
0,3025,6,chair,run_v31532112982900,1.0,0.09884384070998875,0.03833324827628131,0.037834659669551754,0.03946648439855599,0.03417353196984815,0.04278048923251178,0.03982625760167346,0.03824795386193408,0.03877864826522203,0.09884384070998875,0.04626197365711357,0.04278313444763413,0.045309676486956434,0.03902165820459065,0.03980469065920248,0.04061048316943689,0.03805599922663474,0.04701039623209761,0.04815437752700898,0.04193055941568299,0.03662434192918894,0.040319538668020426,0.03947370607149678,0.04635435031936787
