,index,age,target_label,session_id,correct_or_not,target_label_prob,airplane_prob,bear_prob,bike_prob,bird_prob,boat_prob,bowl_prob,car_prob,cat_prob,chair_prob,couch_prob,cup_prob,dog_prob,fish_prob,frog_prob,house_prob,key_prob,person_prob,phone_prob,rabbit_prob,scissors_prob,sheep_prob,train_prob,tree_prob
0,3329,3,chair,run_v31530482623512,1.0,0.07643616515223146,0.03487196514371754,0.03714017449457829,0.04749882575180235,0.04147172973974632,0.031784564703590625,0.03716484569402183,0.04287658948902144,0.04054592386329132,0.07643616515223146,0.03971938169108201,0.058350086410760595,0.04020919985638581,0.04092355004829834,0.03982738673138375,0.03482951732345895,0.041721922056970936,0.036409387330542387,0.07084400924158572,0.03540036195429294,0.044495647494307865,0.04287098223776474,0.044841033003564894,0.039766750587599896
