,index,age,target_label,session_id,correct_or_not,target_label_prob,airplane_prob,bear_prob,bike_prob,bird_prob,boat_prob,bowl_prob,car_prob,cat_prob,chair_prob,couch_prob,cup_prob,dog_prob,fish_prob,frog_prob,house_prob,key_prob,person_prob,phone_prob,rabbit_prob,scissors_prob,sheep_prob,train_prob,tree_prob
0,3354,6,chair,run_v31528136999209,1.0,0.07318852341726025,0.045847939982224944,0.04341525885012244,0.03867944288336523,0.04078253195422991,0.05270747609424932,0.039085295112769425,0.03510009845684374,0.04192235794060064,0.07318852341726025,0.039046063673068086,0.04429343937876367,0.040081965219641226,0.04002952872550384,0.04148824038994805,0.03865703437125449,0.04141521917558901,0.03604496974819302,0.045653753143111146,0.04036735898516972,0.044914687871826106,0.04177931130092432,0.0426605222162284,0.052838981109113045
