,index,age,target_label,session_id,correct_or_not,target_label_prob,airplane_prob,bear_prob,bike_prob,bird_prob,boat_prob,bowl_prob,car_prob,cat_prob,chair_prob,couch_prob,cup_prob,dog_prob,fish_prob,frog_prob,house_prob,key_prob,person_prob,phone_prob,rabbit_prob,scissors_prob,sheep_prob,train_prob,tree_prob
0,7729,4,sheep,run_v41541980591412,1.0,0.0816531369628503,0.032199033989970635,0.05321566496078544,0.03832600664543126,0.06810630835854109,0.03749798679089644,0.04209504989556421,0.04274126745231894,0.04987158115330238,0.031501640217239064,0.036433498719942635,0.03629121978146106,0.05658696261839833,0.03674957019323011,0.046870955127661866,0.03743350122381431,0.046621844751445214,0.041871387423527806,0.03081414151770768,0.032135562706917566,0.037673872166658205,0.0816531369628503,0.038278512794755505,0.04503129454757996
