,index,age,target_label,session_id,correct_or_not,target_label_prob,airplane_prob,bear_prob,bike_prob,bird_prob,boat_prob,bowl_prob,car_prob,cat_prob,chair_prob,couch_prob,cup_prob,dog_prob,fish_prob,frog_prob,house_prob,key_prob,person_prob,phone_prob,rabbit_prob,scissors_prob,sheep_prob,train_prob,tree_prob
0,3105,3,chair,run_v31530814692096,0.0,0.04434403779769031,0.04095487757162137,0.037868673876662894,0.04016231192331816,0.042282935173854105,0.04057606083867381,0.037914356569961956,0.042366683484693905,0.04292272592717169,0.04434403779769031,0.038084835277649894,0.04310101479481477,0.04241932626388361,0.05059497839474034,0.04324524105229796,0.04292866986210751,0.044763492319695015,0.04255621783374767,0.04507844931374296,0.03919045122413711,0.04817878897965856,0.048381302300916744,0.05289906439500296,0.04918550482395675
