,index,age,target_label,session_id,correct_or_not,target_label_prob,airplane_prob,bear_prob,bike_prob,bird_prob,boat_prob,bowl_prob,car_prob,cat_prob,chair_prob,couch_prob,cup_prob,dog_prob,fish_prob,frog_prob,house_prob,key_prob,person_prob,phone_prob,rabbit_prob,scissors_prob,sheep_prob,train_prob,tree_prob
0,1551,3,boat,run_v31533233033137,0.0,0.0441704348766353,0.0475884727644238,0.043263804203364196,0.042068866502563994,0.040550680805830706,0.0441704348766353,0.04038062460543304,0.05197567685065065,0.0393510706431043,0.042383397597630074,0.036294643927833964,0.03487347464799711,0.04146018244797978,0.04260301463610564,0.04725829194454101,0.04506888508253736,0.03865648198100028,0.04520598213202239,0.048606480648536475,0.03818149281718326,0.04522757726672807,0.04607247130734083,0.04900961380946149,0.049748378501096126
