,index,age,target_label,session_id,correct_or_not,target_label_prob,airplane_prob,bear_prob,bike_prob,bird_prob,boat_prob,bowl_prob,car_prob,cat_prob,chair_prob,couch_prob,cup_prob,dog_prob,fish_prob,frog_prob,house_prob,key_prob,person_prob,phone_prob,rabbit_prob,scissors_prob,sheep_prob,train_prob,tree_prob
0,7374,3,scissors,run_v41538950880118,0.0,0.04383096367546514,0.04386288113970426,0.04475992445347438,0.04572588792895314,0.045772612801382936,0.03754197230931998,0.04042852002574339,0.035074341169660454,0.04463114989632935,0.0646241957099193,0.04468755450106633,0.044220952378863386,0.04939982339658173,0.04339526950807619,0.039632502369088364,0.026914350307439903,0.04318427609195279,0.053097035023038995,0.038747283707474926,0.04158398910457891,0.04383096367546514,0.040262796704750095,0.04289755395703854,0.04572416384009737
