,index,age,target_label,session_id,correct_or_not,target_label_prob,airplane_prob,bear_prob,bike_prob,bird_prob,boat_prob,bowl_prob,car_prob,cat_prob,chair_prob,couch_prob,cup_prob,dog_prob,fish_prob,frog_prob,house_prob,key_prob,person_prob,phone_prob,rabbit_prob,scissors_prob,sheep_prob,train_prob,tree_prob
0,8653,3,tree,run_v31534717566008,1.0,0.06634944718121788,0.03942513874732895,0.04618840617575178,0.04297392161970169,0.04804907840836177,0.03733873715135524,0.04147017972789635,0.047097603687893834,0.0395545043053508,0.042339284492435396,0.04023536218392234,0.044723413355341995,0.04083182018390655,0.037042577024382746,0.04476220831186669,0.04118617939175566,0.04657018221714284,0.04349841467541478,0.045095245771372645,0.03686080603786015,0.03858537892399698,0.0466442155555876,0.04317789487015547,0.06634944718121788
