,index,age,target_label,session_id,correct_or_not,target_label_prob,airplane_prob,bear_prob,bike_prob,bird_prob,boat_prob,bowl_prob,car_prob,cat_prob,chair_prob,couch_prob,cup_prob,dog_prob,fish_prob,frog_prob,house_prob,key_prob,person_prob,phone_prob,rabbit_prob,scissors_prob,sheep_prob,train_prob,tree_prob
0,1802,6,boat,run_v31534713944934,0.0,0.05115125911606494,0.04231170121032489,0.04342734749592033,0.03427106820808645,0.030198427154150338,0.05115125911606494,0.03475407382162002,0.04686371415604622,0.040784840175808426,0.037032506678576965,0.06727951414592288,0.03640223674283815,0.037446262775917345,0.048008870282675364,0.03786456740726264,0.04737957706767508,0.04237082309603446,0.04366200651639565,0.06259504496488423,0.046235773864768535,0.03765048711853804,0.035829185188154096,0.06195472377575014,0.03452598903658471
