,index,age,target_label,session_id,correct_or_not,target_label_prob,airplane_prob,bear_prob,bike_prob,bird_prob,boat_prob,bowl_prob,car_prob,cat_prob,chair_prob,couch_prob,cup_prob,dog_prob,fish_prob,frog_prob,house_prob,key_prob,person_prob,phone_prob,rabbit_prob,scissors_prob,sheep_prob,train_prob,tree_prob
0,5399,6,house,run_v31533674112220,0.0,0.06292768902318484,0.04287132215697064,0.04052882917992289,0.03607881883414455,0.040718743094565454,0.046221503935105275,0.04243386765951021,0.0378277705909371,0.04320594374903376,0.03523730787463638,0.041348873049934384,0.04765239087605043,0.04153246724133003,0.0497892582495461,0.04107438158849833,0.06292768902318484,0.04510759249720285,0.04380517206680137,0.06806902544220007,0.03722288561329105,0.03869331584329308,0.042225222341603114,0.037077332405366974,0.038350286686871224
