,index,age,target_label,session_id,correct_or_not,target_label_prob,airplane_prob,bear_prob,bike_prob,bird_prob,boat_prob,bowl_prob,car_prob,cat_prob,chair_prob,couch_prob,cup_prob,dog_prob,fish_prob,frog_prob,house_prob,key_prob,person_prob,phone_prob,rabbit_prob,scissors_prob,sheep_prob,train_prob,tree_prob
0,6699,7,phone,run_v31528999012122,1.0,0.06755035059563508,0.039896308584838724,0.0427538141518447,0.03745384577342491,0.03894031667216237,0.04273109983296449,0.044890452860998985,0.044655461283120666,0.038707992883279925,0.043496699259221436,0.04060136920989371,0.04500804820964657,0.03869513907140848,0.04197269157793392,0.04145899689883969,0.04792864598473901,0.05057727596427799,0.03922307819384757,0.06755035059563508,0.0396637946085379,0.04130333171243957,0.0366636622572927,0.04265740538792816,0.05317021902572342
