,index,age,target_label,session_id,correct_or_not,target_label_prob,airplane_prob,bear_prob,bike_prob,bird_prob,boat_prob,bowl_prob,car_prob,cat_prob,chair_prob,couch_prob,cup_prob,dog_prob,fish_prob,frog_prob,house_prob,key_prob,person_prob,phone_prob,rabbit_prob,scissors_prob,sheep_prob,train_prob,tree_prob
0,5109,5,frog,run_v41541181301543,1.0,0.05598314063586102,0.03604727355729119,0.053800734337123714,0.035181397326127045,0.03832407617973635,0.038545911419376196,0.04418543583440378,0.04103364885171678,0.04867584075083057,0.03801075761894188,0.0374374386718771,0.041936772652938256,0.04520966329427013,0.0471493266310389,0.05598314063586102,0.039735567786870006,0.04329008375731944,0.05299106661596285,0.04791475558690854,0.04295153883209143,0.04203699020323465,0.04687163444041612,0.041501818117066054,0.04118512689859809
