,index,age,target_label,session_id,correct_or_not,target_label_prob,airplane_prob,bear_prob,bike_prob,bird_prob,boat_prob,bowl_prob,car_prob,cat_prob,chair_prob,couch_prob,cup_prob,dog_prob,fish_prob,frog_prob,house_prob,key_prob,person_prob,phone_prob,rabbit_prob,scissors_prob,sheep_prob,train_prob,tree_prob
0,5936,7,key,run_v41537050227784,1.0,0.07834666827083124,0.0400421668907733,0.047461248063961195,0.039658930520768736,0.039695412308347625,0.03762475420735896,0.04892579339473536,0.039912074813844116,0.0378103689665635,0.04152083635230456,0.03689591725790854,0.049845306657422844,0.04024712133247481,0.04167337172559378,0.05680675308621353,0.032156711307054706,0.07834666827083124,0.04147235132438362,0.04572662071960755,0.04229959823598457,0.045326204538529015,0.04005809680441965,0.03338651992497838,0.04310717329594044
