,index,age,target_label,session_id,correct_or_not,target_label_prob,airplane_prob,bear_prob,bike_prob,bird_prob,boat_prob,bowl_prob,car_prob,cat_prob,chair_prob,couch_prob,cup_prob,dog_prob,fish_prob,frog_prob,house_prob,key_prob,person_prob,phone_prob,rabbit_prob,scissors_prob,sheep_prob,train_prob,tree_prob
0,5056,4,frog,run_v41541198186708,0.0,0.0457878088177972,0.05109820715282415,0.04122883778939328,0.03579864573674076,0.04649996197147337,0.048100217178814776,0.036903834774533566,0.038742856433194035,0.040371149776226946,0.04483878402009758,0.042035556870885074,0.03901981839160694,0.0443593575216011,0.04063351016502284,0.0457878088177972,0.03781480984060164,0.04582890466912215,0.04184475146988723,0.042650590251078174,0.048250814237304644,0.05653055142631112,0.04501794850921165,0.042256294348767556,0.044386788647504054
