,index,age,target_label,session_id,correct_or_not,target_label_prob,airplane_prob,bear_prob,bike_prob,bird_prob,boat_prob,bowl_prob,car_prob,cat_prob,chair_prob,couch_prob,cup_prob,dog_prob,fish_prob,frog_prob,house_prob,key_prob,person_prob,phone_prob,rabbit_prob,scissors_prob,sheep_prob,train_prob,tree_prob
0,5872,5,key,run_v41539974003261,0.0,0.05232332499798065,0.04207187604472608,0.037288151920236455,0.0405151394766021,0.04185921780991587,0.04139340618827342,0.05849021345859129,0.03843465940899402,0.0391517238154567,0.04604211652153654,0.038218623996151634,0.04813760126369724,0.04013888550946854,0.05532450097565159,0.04769806072448267,0.043930572361921265,0.05232332499798065,0.04352638759652717,0.04444158257360247,0.039368460174447326,0.04058902698330149,0.04070744575193124,0.038772692055261876,0.0415763303912425
