,index,age,target_label,session_id,correct_or_not,target_label_prob,airplane_prob,bear_prob,bike_prob,bird_prob,boat_prob,bowl_prob,car_prob,cat_prob,chair_prob,couch_prob,cup_prob,dog_prob,fish_prob,frog_prob,house_prob,key_prob,person_prob,phone_prob,rabbit_prob,scissors_prob,sheep_prob,train_prob,tree_prob
0,8464,5,tree,run_v31533578889246,1.0,0.07141659649696387,0.03741544407173501,0.0476072814531605,0.033964452507692144,0.03444152352036215,0.04030170279486614,0.03917416266116099,0.037560779645243,0.048669154677552895,0.041284178235390226,0.034645388940463276,0.039933097424990495,0.037627662670631674,0.045415347305465585,0.043545833152460904,0.042829516423841495,0.026613913416179365,0.05311695891452331,0.0458924913878976,0.05173354400960228,0.04003687825928278,0.06246850325777719,0.04430558877275702,0.07141659649696387
