,index,age,target_label,session_id,correct_or_not,target_label_prob,airplane_prob,bear_prob,bike_prob,bird_prob,boat_prob,bowl_prob,car_prob,cat_prob,chair_prob,couch_prob,cup_prob,dog_prob,fish_prob,frog_prob,house_prob,key_prob,person_prob,phone_prob,rabbit_prob,scissors_prob,sheep_prob,train_prob,tree_prob
0,1594,3,boat,run_v31527794644630,1.0,0.07416758750140642,0.05548131058741464,0.03821844164247727,0.03587599184937895,0.03785828882314131,0.07416758750140642,0.05853415951961714,0.03582776140218246,0.03999789636997079,0.040754532216908085,0.048140540476170765,0.04236748669982095,0.037956153310981226,0.04840464831891567,0.03652913705833793,0.04504559425416475,0.03750726653155427,0.04110013691964919,0.045578129547208364,0.042296359710447755,0.04373528027820824,0.040553008764556676,0.03859536736824476,0.03547492084924225
