,index,age,target_label,session_id,correct_or_not,target_label_prob,airplane_prob,bear_prob,bike_prob,bird_prob,boat_prob,bowl_prob,car_prob,cat_prob,chair_prob,couch_prob,cup_prob,dog_prob,fish_prob,frog_prob,house_prob,key_prob,person_prob,phone_prob,rabbit_prob,scissors_prob,sheep_prob,train_prob,tree_prob
0,7362,6,scissors,run_v41542047680834,0.0,0.0480443569547293,0.04375215960134772,0.04275917397122499,0.04720002917957134,0.047999371051393035,0.03715097372016378,0.04402386774747983,0.04042075323323562,0.04032308616804009,0.03860949400599116,0.04002231497210104,0.05288628568953831,0.04303723263475554,0.04221045407375012,0.04144373894907828,0.037632586652944486,0.05141828214256064,0.0425598686243936,0.040785838635275705,0.04181494400484322,0.0480443569547293,0.039999623169678436,0.042308935741744706,0.05359662907615914
