,index,age,target_label,session_id,correct_or_not,target_label_prob,airplane_prob,bear_prob,bike_prob,bird_prob,boat_prob,bowl_prob,car_prob,cat_prob,chair_prob,couch_prob,cup_prob,dog_prob,fish_prob,frog_prob,house_prob,key_prob,person_prob,phone_prob,rabbit_prob,scissors_prob,sheep_prob,train_prob,tree_prob
0,172,3,airplane,run_v31531425616557,0.0,0.04147486218349319,0.04147486218349319,0.04379254808292679,0.036801299065676654,0.04296000496814711,0.054699541446661705,0.040469209972318225,0.04297600185425255,0.041631245795474676,0.046232502392333855,0.06306191077023343,0.038145890438072254,0.04098202571749379,0.05182261435389435,0.04027050143403451,0.04019728631942215,0.041744439376517554,0.044265770371232825,0.040059758114543285,0.0411815510119807,0.037420326419852046,0.042514827669194524,0.04577482886968199,0.04152105337256203
