,index,age,target_label,session_id,correct_or_not,target_label_prob,airplane_prob,bear_prob,bike_prob,bird_prob,boat_prob,bowl_prob,car_prob,cat_prob,chair_prob,couch_prob,cup_prob,dog_prob,fish_prob,frog_prob,house_prob,key_prob,person_prob,phone_prob,rabbit_prob,scissors_prob,sheep_prob,train_prob,tree_prob
0,4967,3,frog,run_v41539979793167,0.0,0.045330173078965474,0.03677537167933092,0.044519107500108686,0.04152240018604078,0.04090611013089175,0.041115529879172066,0.047485660456180995,0.04060116040587478,0.044121004395689875,0.04010755505626502,0.040404132905898685,0.042565168787440474,0.04097557892979223,0.03794080761448935,0.045330173078965474,0.042174128767673465,0.04798093465341391,0.05291517958892917,0.04646588675462637,0.043755231773255826,0.0474915486815906,0.041920336006142145,0.04122342019636526,0.05170357257186219
