,index,age,target_label,session_id,correct_or_not,target_label_prob,airplane_prob,bear_prob,bike_prob,bird_prob,boat_prob,bowl_prob,car_prob,cat_prob,chair_prob,couch_prob,cup_prob,dog_prob,fish_prob,frog_prob,house_prob,key_prob,person_prob,phone_prob,rabbit_prob,scissors_prob,sheep_prob,train_prob,tree_prob
0,643,3,bear,run_v41537050975650,0.0,0.05026118744756401,0.03991939663201815,0.05026118744756401,0.04421006639650838,0.040887826451017906,0.051588392064028515,0.04535619807810339,0.04004696409542292,0.044541189797179956,0.039233482130742965,0.036888839941978065,0.04364255245488472,0.038356856042844244,0.052032645912237406,0.05187775594288747,0.034918128097428065,0.035177105183703955,0.0473183222954973,0.05042710530172284,0.039830276323095666,0.03816415118052139,0.044777556640743794,0.04636095764999625,0.044183043939872706
