,index,age,target_label,session_id,correct_or_not,target_label_prob,airplane_prob,bear_prob,bike_prob,bird_prob,boat_prob,bowl_prob,car_prob,cat_prob,chair_prob,couch_prob,cup_prob,dog_prob,fish_prob,frog_prob,house_prob,key_prob,person_prob,phone_prob,rabbit_prob,scissors_prob,sheep_prob,train_prob,tree_prob
0,8250,5,train,run_v41541883758397,0.0,0.05734155261169205,0.03661233459283998,0.06158211650971403,0.050680785020049815,0.038789271376053695,0.03932777004582397,0.037441976929694476,0.043047026115356296,0.045405504030877175,0.03992613305806553,0.04020626435711485,0.03684453891589103,0.038950776665116274,0.040498003510420856,0.04649206687102823,0.037941278391003835,0.04696038278792356,0.03956193064434774,0.05655020291092438,0.0453045693261023,0.03908106680294062,0.036077207956824175,0.05734155261169205,0.04537724057019512
