,index,age,target_label,session_id,correct_or_not,target_label_prob,airplane_prob,bear_prob,bike_prob,bird_prob,boat_prob,bowl_prob,car_prob,cat_prob,chair_prob,couch_prob,cup_prob,dog_prob,fish_prob,frog_prob,house_prob,key_prob,person_prob,phone_prob,rabbit_prob,scissors_prob,sheep_prob,train_prob,tree_prob
0,7541,7,scissors,run_v41541887274625,0.0,0.061418224361238116,0.041540795366619136,0.046045334498480486,0.040107314086254515,0.04611436171262317,0.036722236652018514,0.039756194335893516,0.03968640678188031,0.040997277903500946,0.042009212390023185,0.04346474017257916,0.037412816691470015,0.04424352660311555,0.03956530316033808,0.03962279353525582,0.037680546517249794,0.044855590362185685,0.06975140438263379,0.03840313179731784,0.03827226823880514,0.061418224361238116,0.04292365215507733,0.036162630555880704,0.053244237739559074
