,index,age,target_label,session_id,correct_or_not,target_label_prob,airplane_prob,bear_prob,bike_prob,bird_prob,boat_prob,bowl_prob,car_prob,cat_prob,chair_prob,couch_prob,cup_prob,dog_prob,fish_prob,frog_prob,house_prob,key_prob,person_prob,phone_prob,rabbit_prob,scissors_prob,sheep_prob,train_prob,tree_prob
0,3530,5,couch,run_v31531944151133,1.0,0.07763847758673348,0.04055951023620827,0.03851250638932938,0.04438152978386256,0.03684724575657444,0.047315169668022836,0.041620433973870385,0.05944307220942535,0.03769470926001216,0.04221950245381789,0.07763847758673348,0.038965210972011936,0.043233885903635805,0.038775283392674796,0.03912383027960125,0.04257195378604357,0.03723267642547787,0.04281029298761977,0.03280164688174338,0.04248699669138767,0.03816373076108285,0.04512671155989896,0.04745692589793511,0.04501869714303034
