,index,age,target_label,session_id,correct_or_not,target_label_prob,airplane_prob,bear_prob,bike_prob,bird_prob,boat_prob,bowl_prob,car_prob,cat_prob,chair_prob,couch_prob,cup_prob,dog_prob,fish_prob,frog_prob,house_prob,key_prob,person_prob,phone_prob,rabbit_prob,scissors_prob,sheep_prob,train_prob,tree_prob
0,5214,7,frog,run_v41539885875694,0.0,0.04065465823046582,0.04695901998913784,0.0400282819078525,0.03644889379818151,0.03888927656892412,0.04447796944927395,0.03896895420022203,0.04493724046545004,0.04496189604419508,0.06221499634952261,0.03714756088644056,0.04419232316338608,0.043309391290502,0.04221377594670532,0.04065465823046582,0.030271265703473133,0.05057284514095317,0.044090752222445365,0.03524963541510522,0.043454794097045474,0.06849238852028598,0.04324973883950032,0.04233609764556699,0.0368782441253649
