,index,age,target_label,session_id,correct_or_not,target_label_prob,airplane_prob,bear_prob,bike_prob,bird_prob,boat_prob,bowl_prob,car_prob,cat_prob,chair_prob,couch_prob,cup_prob,dog_prob,fish_prob,frog_prob,house_prob,key_prob,person_prob,phone_prob,rabbit_prob,scissors_prob,sheep_prob,train_prob,tree_prob
0,1846,3,boat,run_v31535836082838,1.0,0.07492080213847643,0.04511481929062472,0.04024768819770793,0.04231342640096532,0.04626200069120413,0.07492080213847643,0.041102652559671785,0.03780505457552162,0.03823803698844226,0.0346886084493661,0.04698034917733581,0.03597845850153951,0.04283042170372346,0.04217149841368835,0.042864001632612676,0.0655309680672141,0.04174860956119077,0.04292056441571443,0.031391442521560835,0.04176922606660836,0.04526882964953358,0.04331798755710584,0.03522934385381401,0.041305209586377734
