,index,age,target_label,session_id,correct_or_not,target_label_prob,airplane_prob,bear_prob,bike_prob,bird_prob,boat_prob,bowl_prob,car_prob,cat_prob,chair_prob,couch_prob,cup_prob,dog_prob,fish_prob,frog_prob,house_prob,key_prob,person_prob,phone_prob,rabbit_prob,scissors_prob,sheep_prob,train_prob,tree_prob
0,4233,5,dog,run_v31526594287690,0.0,0.04216941142203579,0.035042967657662,0.041654136196112204,0.04474513865436052,0.04176172617734898,0.03936989043196271,0.042053892163965476,0.043672715011011914,0.039439732294182996,0.053792930056060284,0.04930567415441904,0.048783647977691066,0.04216941142203579,0.036906812249786154,0.04336281765287249,0.035788229796236616,0.04135193399374637,0.043731392746274855,0.04267185730009495,0.040706862388666366,0.03930394470465121,0.04277047501692468,0.04651540308173871,0.06509840887219452
