,index,age,target_label,session_id,correct_or_not,target_label_prob,airplane_prob,bear_prob,bike_prob,bird_prob,boat_prob,bowl_prob,car_prob,cat_prob,chair_prob,couch_prob,cup_prob,dog_prob,fish_prob,frog_prob,house_prob,key_prob,person_prob,phone_prob,rabbit_prob,scissors_prob,sheep_prob,train_prob,tree_prob
0,3434,2,couch,run_v31531419269258,0.0,0.0479420562233826,0.034855758078687356,0.042306102844747395,0.042350707779814104,0.04860954312358913,0.0407355478599457,0.04920577808196946,0.05616389249468638,0.03933417323404513,0.04375700296150493,0.0479420562233826,0.03374197161781391,0.03874726652721062,0.04732442666783943,0.04394747553553519,0.0458910136054754,0.04325172516493032,0.04448345002955684,0.04005541422091316,0.03815256141937096,0.046394564198400975,0.04379224434221911,0.04232507310645307,0.046632250881908956
