,index,age,target_label,session_id,correct_or_not,target_label_prob,airplane_prob,bear_prob,bike_prob,bird_prob,boat_prob,bowl_prob,car_prob,cat_prob,chair_prob,couch_prob,cup_prob,dog_prob,fish_prob,frog_prob,house_prob,key_prob,person_prob,phone_prob,rabbit_prob,scissors_prob,sheep_prob,train_prob,tree_prob
0,7083,9,rabbit,run_v31529183399113,1.0,0.06331204102253554,0.047423533472919,0.05900523921276588,0.059083476203079716,0.04241317175272897,0.034694592436165864,0.03400245032389057,0.04721135067906938,0.04256176857650325,0.04248606487989892,0.03881275196407518,0.03836689291020157,0.04418805490624024,0.03485487474759946,0.04441794119798678,0.034787241784672504,0.04003849385553241,0.037128071988665565,0.034175339300232616,0.06331204102253554,0.0431801669217746,0.047217156554555585,0.04449851783639232,0.04614080747251407
