,index,age,target_label,session_id,correct_or_not,target_label_prob,airplane_prob,bear_prob,bike_prob,bird_prob,boat_prob,bowl_prob,car_prob,cat_prob,chair_prob,couch_prob,cup_prob,dog_prob,fish_prob,frog_prob,house_prob,key_prob,person_prob,phone_prob,rabbit_prob,scissors_prob,sheep_prob,train_prob,tree_prob
0,8289,2,train,run_v41540161189027,0.0,0.04515367942461952,0.04139970859774604,0.04262316349135318,0.04302534402178834,0.03701467041977027,0.04715854966246251,0.04276047758248026,0.052308974557647846,0.0422948425383628,0.03595634144343589,0.04911695884205074,0.03894665262379184,0.039393741597787316,0.03452129481097283,0.038296445638395696,0.0664444109586179,0.03889032893309581,0.03902959411717642,0.032932049250274445,0.045550952293248105,0.043759197869095594,0.05542293608768951,0.04515367942461952,0.04799968523813692
