,index,age,target_label,session_id,correct_or_not,target_label_prob,airplane_prob,bear_prob,bike_prob,bird_prob,boat_prob,bowl_prob,car_prob,cat_prob,chair_prob,couch_prob,cup_prob,dog_prob,fish_prob,frog_prob,house_prob,key_prob,person_prob,phone_prob,rabbit_prob,scissors_prob,sheep_prob,train_prob,tree_prob
0,8523,6,tree,run_v31534373946851,1.0,0.063881980899943,0.03945950310073392,0.04224005893183288,0.041421158269413755,0.03800774635438968,0.038900902019623665,0.04201212266927387,0.03467224934458536,0.042463790798248593,0.061423592250777696,0.031881432140199055,0.0383957601863658,0.03906879180083524,0.03946314003534468,0.040088811100389476,0.038375052328267545,0.04716584432629741,0.053816649730532566,0.050566487814313554,0.04427203254697232,0.04087602323966214,0.042656662799853064,0.04889020731214497,0.063881980899943
