,index,age,target_label,session_id,correct_or_not,target_label_prob,airplane_prob,bear_prob,bike_prob,bird_prob,boat_prob,bowl_prob,car_prob,cat_prob,chair_prob,couch_prob,cup_prob,dog_prob,fish_prob,frog_prob,house_prob,key_prob,person_prob,phone_prob,rabbit_prob,scissors_prob,sheep_prob,train_prob,tree_prob
0,7559,3,scissors,run_v41540418124992,0.0,0.049495409145688604,0.044633747804783415,0.04284547783469237,0.06550896766973803,0.047013717891930554,0.04537218629055889,0.03971500557471502,0.047986296022865596,0.047093012122859206,0.03608504426470275,0.03107470441034346,0.04505397661285181,0.039294023013682663,0.03954471056747273,0.052576966293766715,0.03939451760887665,0.04000807334331706,0.04495675329146534,0.031197269848381552,0.04569706724735513,0.049495409145688604,0.046116742744816794,0.04654416771889209,0.0327921626762434
