,index,age,target_label,session_id,correct_or_not,target_label_prob,airplane_prob,bear_prob,bike_prob,bird_prob,boat_prob,bowl_prob,car_prob,cat_prob,chair_prob,couch_prob,cup_prob,dog_prob,fish_prob,frog_prob,house_prob,key_prob,person_prob,phone_prob,rabbit_prob,scissors_prob,sheep_prob,train_prob,tree_prob
0,6810,4,rabbit,run_v31530482097386,0.0,0.039886689748748,0.03872950494876213,0.049966073722963925,0.04139300140567389,0.042097525463045335,0.03693436412282917,0.042307945436951454,0.03972791595172519,0.04323373998486115,0.041024914615314954,0.03814593534866409,0.05219066512714971,0.0447710729252251,0.03924445012048861,0.055660391788648206,0.0366665090847812,0.06904861297721464,0.037620719708200745,0.050724948019741346,0.039886689748748,0.04158455911084939,0.042088589619581375,0.035997855280578084,0.04095401548800221
