,index,age,target_label,session_id,correct_or_not,target_label_prob,airplane_prob,bear_prob,bike_prob,bird_prob,boat_prob,bowl_prob,car_prob,cat_prob,chair_prob,couch_prob,cup_prob,dog_prob,fish_prob,frog_prob,house_prob,key_prob,person_prob,phone_prob,rabbit_prob,scissors_prob,sheep_prob,train_prob,tree_prob
0,7578,5,sheep,run_v41538939679021,0.0,0.04738755488852714,0.044205876378553846,0.045528183506179584,0.04897706259892311,0.04607113355637669,0.04172058095451358,0.03682181981306739,0.04560341180332814,0.042396957000646183,0.03938006363699261,0.051633902689845475,0.0410349171994757,0.04666340723285894,0.04408784485525604,0.04263522674152989,0.03725399845838796,0.03709227375346779,0.044274117871074235,0.040900441155684565,0.045575186664773754,0.040841398222094046,0.04738755488852714,0.045069866342920734,0.044844774675522676
