,index,age,target_label,session_id,correct_or_not,target_label_prob,airplane_prob,bear_prob,bike_prob,bird_prob,boat_prob,bowl_prob,car_prob,cat_prob,chair_prob,couch_prob,cup_prob,dog_prob,fish_prob,frog_prob,house_prob,key_prob,person_prob,phone_prob,rabbit_prob,scissors_prob,sheep_prob,train_prob,tree_prob
0,8664,8,tree,run_v31532475011111,0.0,0.04509553630186582,0.02990286436012006,0.04026282587082691,0.0526629507765013,0.04653012016059778,0.036336871879816206,0.029427349351682612,0.04983820461908644,0.03573961910047421,0.03269350577666862,0.05776294789970096,0.051841768163104374,0.04397771846359195,0.043718858904739234,0.04264936164184568,0.047731558198715426,0.04005129194499045,0.044438906846887075,0.06715564541344096,0.036165411881055584,0.04765956722441512,0.03891279226421412,0.03944432295565916,0.04509553630186582
