,index,age,target_label,session_id,correct_or_not,target_label_prob,airplane_prob,bear_prob,bike_prob,bird_prob,boat_prob,bowl_prob,car_prob,cat_prob,chair_prob,couch_prob,cup_prob,dog_prob,fish_prob,frog_prob,house_prob,key_prob,person_prob,phone_prob,rabbit_prob,scissors_prob,sheep_prob,train_prob,tree_prob
0,7008,6,rabbit,run_v31528064164353,1.0,0.05669323733803095,0.04546079411458046,0.043602093800851734,0.04325981461888857,0.04693020459581829,0.049308388749835674,0.049199289114319276,0.042066317379869655,0.04317119451135778,0.0369220652690998,0.03461839803667639,0.050675366324298025,0.041626215890087706,0.050829352220550364,0.045880496298380355,0.03595227851869932,0.034900132598677185,0.038377939803148305,0.049357151947835555,0.05669323733803095,0.03985370496365932,0.03941335206520647,0.04312961855057605,0.038772593289552904
