,index,age,target_label,session_id,correct_or_not,target_label_prob,airplane_prob,bear_prob,bike_prob,bird_prob,boat_prob,bowl_prob,car_prob,cat_prob,chair_prob,couch_prob,cup_prob,dog_prob,fish_prob,frog_prob,house_prob,key_prob,person_prob,phone_prob,rabbit_prob,scissors_prob,sheep_prob,train_prob,tree_prob
0,3041,10,chair,run_v31530484140727,1.0,0.10218908612937831,0.03535798848851701,0.041085707914143524,0.03950070114252618,0.037745919066477694,0.047987802751739514,0.04316332718467765,0.038564777100240255,0.03429163750794159,0.10218908612937831,0.051983294781154536,0.0370688177842565,0.0404640486273946,0.03820785626772838,0.03821066044622877,0.055294646743871974,0.03895500822735234,0.04941259764516862,0.03723780951160522,0.03747379953729755,0.03577960880657442,0.03633487914207078,0.04475781147214195,0.03893221372151263
