,index,age,target_label,session_id,correct_or_not,target_label_prob,airplane_prob,bear_prob,bike_prob,bird_prob,boat_prob,bowl_prob,car_prob,cat_prob,chair_prob,couch_prob,cup_prob,dog_prob,fish_prob,frog_prob,house_prob,key_prob,person_prob,phone_prob,rabbit_prob,scissors_prob,sheep_prob,train_prob,tree_prob
0,3100,7,chair,run_v31530401280143,1.0,0.0826330991796758,0.04939525889702883,0.04447706295254316,0.0380169656574502,0.04169646985415829,0.04087538787147771,0.040553084960419615,0.040920158203398616,0.04128496698601285,0.0826330991796758,0.04908642647984914,0.04525663339702202,0.043324177192985404,0.045398624715453806,0.04018284204430899,0.034461218974868514,0.04084364810894294,0.040460073080430724,0.039066509822979004,0.03758589480868989,0.042094911343708116,0.04021762717197069,0.04353836741525647,0.038630590881369296
