,index,age,target_label,session_id,correct_or_not,target_label_prob,airplane_prob,bear_prob,bike_prob,bird_prob,boat_prob,bowl_prob,car_prob,cat_prob,chair_prob,couch_prob,cup_prob,dog_prob,fish_prob,frog_prob,house_prob,key_prob,person_prob,phone_prob,rabbit_prob,scissors_prob,sheep_prob,train_prob,tree_prob
0,4593,6,fish,run_v31534284051635,0.0,0.049418900651907335,0.05344369141067601,0.03993761467240987,0.058268542423708276,0.046076355165875243,0.052363883634752036,0.039237858712079965,0.03993038767183818,0.043754529559713554,0.038834136130302836,0.03850986057635762,0.03806122454889277,0.04245352876708708,0.049418900651907335,0.04423098483918701,0.03868346508519356,0.04244592256480368,0.04494238341753919,0.035819309432891897,0.035737142792714616,0.04721426440289908,0.04147686744497052,0.048612345349153555,0.040546800745046185
