,index,age,target_label,session_id,correct_or_not,target_label_prob,airplane_prob,bear_prob,bike_prob,bird_prob,boat_prob,bowl_prob,car_prob,cat_prob,chair_prob,couch_prob,cup_prob,dog_prob,fish_prob,frog_prob,house_prob,key_prob,person_prob,phone_prob,rabbit_prob,scissors_prob,sheep_prob,train_prob,tree_prob
0,2192,4,bowl,run_v31530310159455,0.0,0.048579366242782945,0.038774490736943085,0.04606065861078704,0.042054450425546314,0.04950491937006895,0.046860977533505266,0.048579366242782945,0.04557512462860301,0.038744945339521795,0.04431611752858639,0.0398313300721104,0.052027775284734186,0.04159979581263027,0.04233200270692705,0.04549278733901862,0.03881983386561783,0.04498775328835003,0.039523392692738496,0.037332929188191935,0.04525270573824656,0.04306395295220945,0.03855861328508414,0.04529374840766617,0.04541232895013029
