,index,age,target_label,session_id,correct_or_not,target_label_prob,airplane_prob,bear_prob,bike_prob,bird_prob,boat_prob,bowl_prob,car_prob,cat_prob,chair_prob,couch_prob,cup_prob,dog_prob,fish_prob,frog_prob,house_prob,key_prob,person_prob,phone_prob,rabbit_prob,scissors_prob,sheep_prob,train_prob,tree_prob
0,1536,7,boat,run_v31533165861944,1.0,0.060995178855566975,0.03976099431457819,0.040739427568226155,0.03722132418995635,0.04329062975879903,0.060995178855566975,0.03890833826693154,0.04313655373232212,0.04977211916180315,0.02926779279353136,0.043901182723593016,0.04269054995271676,0.039632809866831764,0.046749183800616594,0.041616705758344474,0.05590676529624231,0.03576517164551292,0.036212579040343765,0.04609040016627425,0.04547245715835277,0.054537900416927576,0.040702467720215275,0.04667597866294019,0.040953489149373426
