,index,age,target_label,session_id,correct_or_not,target_label_prob,airplane_prob,bear_prob,bike_prob,bird_prob,boat_prob,bowl_prob,car_prob,cat_prob,chair_prob,couch_prob,cup_prob,dog_prob,fish_prob,frog_prob,house_prob,key_prob,person_prob,phone_prob,rabbit_prob,scissors_prob,sheep_prob,train_prob,tree_prob
0,1014,3,bike,run_v31531423812881,1.0,0.07144224022785338,0.0411870892143925,0.04353021807841497,0.07144224022785338,0.04038301582112561,0.04892608037864029,0.0371821659031245,0.03561586389299406,0.039883386570871385,0.041830316061560936,0.03688139260521817,0.03569164638302547,0.04631913700545495,0.029301583205103374,0.043752958575501356,0.04150773859610446,0.05630055750610804,0.04565488630613015,0.033029750358438255,0.0488443378302253,0.045488500619642554,0.04551974816868262,0.044341974965573926,0.04738541172581375
