,index,age,target_label,session_id,correct_or_not,target_label_prob,airplane_prob,bear_prob,bike_prob,bird_prob,boat_prob,bowl_prob,car_prob,cat_prob,chair_prob,couch_prob,cup_prob,dog_prob,fish_prob,frog_prob,house_prob,key_prob,person_prob,phone_prob,rabbit_prob,scissors_prob,sheep_prob,train_prob,tree_prob
0,3094,3,chair,run_v31530313164406,1.0,0.07910146183628676,0.0396767901264972,0.040182549464246375,0.03954992341089378,0.03952693423567867,0.04277814214943758,0.04275279571282388,0.04370966670084956,0.03660583546901104,0.07910146183628676,0.0584189761043318,0.05379357281656205,0.04283191669638034,0.04190597109893586,0.0376695959495886,0.03523723846225045,0.04286896772913957,0.036652021760091386,0.04489145894516275,0.03685392456083893,0.038721393442964956,0.04144221626231765,0.043327003085235495,0.041501643980475345
