,index,age,target_label,session_id,correct_or_not,target_label_prob,airplane_prob,bear_prob,bike_prob,bird_prob,boat_prob,bowl_prob,car_prob,cat_prob,chair_prob,couch_prob,cup_prob,dog_prob,fish_prob,frog_prob,house_prob,key_prob,person_prob,phone_prob,rabbit_prob,scissors_prob,sheep_prob,train_prob,tree_prob
0,3757,2,couch,run_v31530385056869,0.0,0.06581292062791587,0.041865898129771234,0.04356152689684351,0.03507317700079739,0.04126918531975634,0.030166877956133802,0.06983925504132257,0.03620234369626942,0.03929020359357768,0.05338674061591979,0.06581292062791587,0.06400810497492632,0.031714218565665586,0.03957563946905535,0.03959173623915286,0.02080415157663845,0.04607267299848213,0.03853107746600876,0.06408999764466974,0.04225441271278818,0.040724173262267536,0.04158977051013869,0.04354990596296781,0.03102600973893091
