,index,age,target_label,session_id,correct_or_not,target_label_prob,airplane_prob,bear_prob,bike_prob,bird_prob,boat_prob,bowl_prob,car_prob,cat_prob,chair_prob,couch_prob,cup_prob,dog_prob,fish_prob,frog_prob,house_prob,key_prob,person_prob,phone_prob,rabbit_prob,scissors_prob,sheep_prob,train_prob,tree_prob
0,8119,5,train,run_v41541878210540,1.0,0.07169433130775638,0.03845438310029073,0.05736096887062456,0.027981651223760447,0.040952851396709275,0.04128944505091263,0.031597373664658895,0.04699253995899742,0.04891908901250555,0.037947638227087674,0.04433765466034507,0.039364960642442916,0.04550084847057464,0.037061992089571234,0.04368389758868957,0.03243779930120995,0.03273485842232842,0.025715892612213694,0.04783447980272792,0.043399077543021865,0.04031077963702963,0.07156878047761282,0.07169433130775638,0.05285870693892867
