,index,age,target_label,session_id,correct_or_not,target_label_prob,airplane_prob,bear_prob,bike_prob,bird_prob,boat_prob,bowl_prob,car_prob,cat_prob,chair_prob,couch_prob,cup_prob,dog_prob,fish_prob,frog_prob,house_prob,key_prob,person_prob,phone_prob,rabbit_prob,scissors_prob,sheep_prob,train_prob,tree_prob
0,4589,5,fish,run_v31532989987843,1.0,0.05859923255853917,0.04492593247390707,0.041536314515990304,0.04302569045465568,0.04196881650524066,0.043307273687176684,0.049046041350770446,0.0494836812930729,0.03964239917757424,0.035947666097324936,0.04873879734517566,0.051554594502993045,0.04171936303700201,0.05859923255853917,0.03898842829763299,0.04772634426280343,0.03850549386685706,0.040565850004825044,0.04998911434369817,0.03548802528578728,0.038309006072441,0.03643986037931528,0.043750971473611545,0.040741103013605326
