,index,age,target_label,session_id,correct_or_not,target_label_prob,airplane_prob,bear_prob,bike_prob,bird_prob,boat_prob,bowl_prob,car_prob,cat_prob,chair_prob,couch_prob,cup_prob,dog_prob,fish_prob,frog_prob,house_prob,key_prob,person_prob,phone_prob,rabbit_prob,scissors_prob,sheep_prob,train_prob,tree_prob
0,8403,6,tree,run_v31532546378789,1.0,0.06799465110526547,0.041125789665714126,0.04219599483033754,0.03962038051075264,0.04135145780345223,0.045490179161424095,0.039453538341519,0.043059969937894294,0.04431932664441087,0.034587923520449336,0.035826031021310455,0.03558229598368696,0.04140772092892585,0.04372241497250434,0.03650026447709363,0.04269859975065519,0.04525417661961779,0.043843429542104954,0.045676965590713964,0.03897942889417473,0.05718687778209485,0.044157516069811754,0.0499650668460861,0.06799465110526547
