,index,age,target_label,session_id,correct_or_not,target_label_prob,airplane_prob,bear_prob,bike_prob,bird_prob,boat_prob,bowl_prob,car_prob,cat_prob,chair_prob,couch_prob,cup_prob,dog_prob,fish_prob,frog_prob,house_prob,key_prob,person_prob,phone_prob,rabbit_prob,scissors_prob,sheep_prob,train_prob,tree_prob
0,8449,3,tree,run_v31533337689129,0.0,0.05321111258614606,0.038252844569832994,0.0477475029739355,0.05076937592049421,0.05260292675182885,0.04011872479796964,0.04132496370761162,0.037039369933174984,0.045284400582979126,0.03753053629018845,0.036011235514042825,0.03745946769299295,0.0419872426011687,0.03897254264580476,0.04734405456808344,0.037874805369246714,0.04090822532223924,0.06371817711695697,0.03986075029693716,0.042577579242585636,0.04044136318086726,0.048475206451773986,0.04048759188313898,0.05321111258614606
