,index,age,target_label,session_id,correct_or_not,target_label_prob,airplane_prob,bear_prob,bike_prob,bird_prob,boat_prob,bowl_prob,car_prob,cat_prob,chair_prob,couch_prob,cup_prob,dog_prob,fish_prob,frog_prob,house_prob,key_prob,person_prob,phone_prob,rabbit_prob,scissors_prob,sheep_prob,train_prob,tree_prob
0,1107,10,bike,run_v31528749906104,1.0,0.08260275509455978,0.04052517696631263,0.04332746819431933,0.08260275509455978,0.051907997493508475,0.03311183761103249,0.031692858067699885,0.053211837137903485,0.04326158769960687,0.03505130224884438,0.04382231288708336,0.043246927141569094,0.05211771697484597,0.04821140447860969,0.04203958478746461,0.03606188226068486,0.03723998360374094,0.03385526813221549,0.03687673895329715,0.041436451632488325,0.035552454741014955,0.04917806469472014,0.04605712814258389,0.039611261055894215
