,index,age,target_label,session_id,correct_or_not,target_label_prob,airplane_prob,bear_prob,bike_prob,bird_prob,boat_prob,bowl_prob,car_prob,cat_prob,chair_prob,couch_prob,cup_prob,dog_prob,fish_prob,frog_prob,house_prob,key_prob,person_prob,phone_prob,rabbit_prob,scissors_prob,sheep_prob,train_prob,tree_prob
0,4378,3,dog,run_v31534028038620,0.0,0.043058167266432086,0.05666859922946805,0.04889649360397844,0.06339590006011765,0.049333305084929946,0.04309489491341618,0.03374536941634462,0.04226281696681121,0.04455012122280358,0.04103730128565896,0.040124159800853064,0.04366274356421374,0.043058167266432086,0.038642138132251425,0.04228957769428295,0.038504499730292054,0.03971139171313301,0.03760046588665037,0.03304614924587132,0.05215217297454204,0.0445850795207804,0.0409934312698581,0.043841731721555394,0.038803489695755373
