,index,age,target_label,session_id,correct_or_not,target_label_prob,airplane_prob,bear_prob,bike_prob,bird_prob,boat_prob,bowl_prob,car_prob,cat_prob,chair_prob,couch_prob,cup_prob,dog_prob,fish_prob,frog_prob,house_prob,key_prob,person_prob,phone_prob,rabbit_prob,scissors_prob,sheep_prob,train_prob,tree_prob
0,7401,7,scissors,run_v41541183668493,1.0,0.07081706775918607,0.03323219474204768,0.033874814494714356,0.04894246736459119,0.034136463055004784,0.03755806195274624,0.03748794493812899,0.04644935751997704,0.04214554051404536,0.035784225855814415,0.046626524662138624,0.0392044060678223,0.04021676581895202,0.044940742526552065,0.04200255390398245,0.031272548368335436,0.049480384130269346,0.045023441006916874,0.05194547284901871,0.05515794031291286,0.07081706775918607,0.03671372033716404,0.058759801227205886,0.03822756059247338
