,index,age,target_label,session_id,correct_or_not,target_label_prob,airplane_prob,bear_prob,bike_prob,bird_prob,boat_prob,bowl_prob,car_prob,cat_prob,chair_prob,couch_prob,cup_prob,dog_prob,fish_prob,frog_prob,house_prob,key_prob,person_prob,phone_prob,rabbit_prob,scissors_prob,sheep_prob,train_prob,tree_prob
0,1782,4,boat,run_v31533756481420,0.0,0.04657537686708452,0.03596297173618048,0.04114562624506169,0.05779951662857157,0.03604067823669176,0.04657537686708452,0.04139848352072234,0.052359577277554525,0.04230448948367532,0.04120154527300688,0.04157215862827528,0.04033524038700347,0.038781828447321025,0.03550907225182145,0.0412471619958037,0.04146566996731765,0.04145973856962727,0.05165237812374027,0.04761015014903135,0.041646876012950494,0.03253856509771323,0.03683481056251869,0.06242919368579895,0.05212889085252802
