,index,age,target_label,session_id,correct_or_not,target_label_prob,airplane_prob,bear_prob,bike_prob,bird_prob,boat_prob,bowl_prob,car_prob,cat_prob,chair_prob,couch_prob,cup_prob,dog_prob,fish_prob,frog_prob,house_prob,key_prob,person_prob,phone_prob,rabbit_prob,scissors_prob,sheep_prob,train_prob,tree_prob
0,4169,10,dog,run_v31534104287120,0.0,0.050395513932417424,0.06168530379236894,0.0348342858056984,0.04624612321416767,0.04673090981549959,0.0471199625003213,0.02947903903358461,0.057778992500448496,0.04936536685194529,0.03959193430924533,0.039417724619248765,0.03461412290923957,0.050395513932417424,0.04711575080104617,0.04057944605886665,0.05211380975915681,0.03382043791440347,0.03778994909116283,0.03365748586713922,0.04760771774274887,0.034358371500685145,0.05056198897721114,0.052465326561092936,0.032670436442301394
