,index,age,target_label,session_id,correct_or_not,target_label_prob,airplane_prob,bear_prob,bike_prob,bird_prob,boat_prob,bowl_prob,car_prob,cat_prob,chair_prob,couch_prob,cup_prob,dog_prob,fish_prob,frog_prob,house_prob,key_prob,person_prob,phone_prob,rabbit_prob,scissors_prob,sheep_prob,train_prob,tree_prob
0,6630,4,phone,run_v31529518268893,1.0,0.07054234999198825,0.041734630141401066,0.03852358876261495,0.04647461388828585,0.036458260099814434,0.03669371275232846,0.04542018535027551,0.04895913644041587,0.03865726447041068,0.041489257003202745,0.045419592259065535,0.06954088451114096,0.03937107144166262,0.03710379640263139,0.041791344693448126,0.04884506000212858,0.03573629722278664,0.03902467697259481,0.07054234999198825,0.04081685796638272,0.04506277367015108,0.039717099615272,0.038526362757254705,0.034091183584743244
