,index,age,target_label,session_id,correct_or_not,target_label_prob,airplane_prob,bear_prob,bike_prob,bird_prob,boat_prob,bowl_prob,car_prob,cat_prob,chair_prob,couch_prob,cup_prob,dog_prob,fish_prob,frog_prob,house_prob,key_prob,person_prob,phone_prob,rabbit_prob,scissors_prob,sheep_prob,train_prob,tree_prob
0,6176,3,person,run_v31536007329540,0.0,0.03839195331910849,0.03685174373650624,0.04288844067850307,0.05621699827531515,0.037645596169332454,0.04442159687959464,0.049136137851298306,0.0447470415414361,0.03948652797858292,0.04005742956115947,0.03593138334871543,0.04486573129789657,0.038527083187170054,0.03510662569384734,0.04399682897439877,0.036419368605930584,0.05501541569260469,0.03839195331910849,0.05293249843979608,0.04560567283154581,0.04856642829733212,0.04117502496370313,0.044203543917087626,0.0478109287591351
