,index,age,target_label,session_id,correct_or_not,target_label_prob,airplane_prob,bear_prob,bike_prob,bird_prob,boat_prob,bowl_prob,car_prob,cat_prob,chair_prob,couch_prob,cup_prob,dog_prob,fish_prob,frog_prob,house_prob,key_prob,person_prob,phone_prob,rabbit_prob,scissors_prob,sheep_prob,train_prob,tree_prob
0,6560,9,phone,run_v31529183399113,1.0,0.07067850913036537,0.03818687723618284,0.03933500553420045,0.04189142497714265,0.03713006413311184,0.03855960468790985,0.04124844243025094,0.04351332328384818,0.037890364755849726,0.0481532322090713,0.05247886696712538,0.0573669058117162,0.038734029736251514,0.040311337329507986,0.04167435162401468,0.04946887865962768,0.03945026748355179,0.039003400572206734,0.07067850913036537,0.042364270650987926,0.038008346765827254,0.0385129511586899,0.039759794059842334,0.04627975080271775
