,index,age,target_label,session_id,correct_or_not,target_label_prob,airplane_prob,bear_prob,bike_prob,bird_prob,boat_prob,bowl_prob,car_prob,cat_prob,chair_prob,couch_prob,cup_prob,dog_prob,fish_prob,frog_prob,house_prob,key_prob,person_prob,phone_prob,rabbit_prob,scissors_prob,sheep_prob,train_prob,tree_prob
0,3420,4,couch,run_v31529278944908,1.0,0.06209834205689752,0.041277675662695884,0.03984713596563106,0.02414828714828724,0.0443970969729104,0.043111441407505294,0.05097239986563347,0.051134795046817075,0.040300865614795754,0.03401074055669458,0.06209834205689752,0.048331937333663956,0.04705502117772292,0.04866914635080577,0.041465885268864876,0.03691379170375742,0.04778085239115698,0.03654096206748356,0.04358111872185158,0.03619314959072626,0.0349182632905687,0.04742251705215988,0.05213297757874807,0.047695597174621775
