,index,age,target_label,session_id,correct_or_not,target_label_prob,airplane_prob,bear_prob,bike_prob,bird_prob,boat_prob,bowl_prob,car_prob,cat_prob,chair_prob,couch_prob,cup_prob,dog_prob,fish_prob,frog_prob,house_prob,key_prob,person_prob,phone_prob,rabbit_prob,scissors_prob,sheep_prob,train_prob,tree_prob
0,1265,5,bird,run_v31532125606511,0.0,0.03922087401781004,0.05086042795446704,0.03983044131042893,0.03552010698807084,0.03922087401781004,0.052030063388057,0.04068367223383301,0.04039578100190859,0.03975180589409344,0.0679990570604231,0.06530478650861976,0.04447615604676793,0.04244272936094103,0.03558078932418902,0.040017812557953496,0.0355654100595927,0.04715337256421183,0.033662419831958904,0.031114762071641947,0.0408487491570394,0.046868420836897726,0.04472404094310202,0.04232404602702061,0.04362427486097171
