,index,age,target_label,session_id,correct_or_not,target_label_prob,airplane_prob,bear_prob,bike_prob,bird_prob,boat_prob,bowl_prob,car_prob,cat_prob,chair_prob,couch_prob,cup_prob,dog_prob,fish_prob,frog_prob,house_prob,key_prob,person_prob,phone_prob,rabbit_prob,scissors_prob,sheep_prob,train_prob,tree_prob
0,938,7,bike,run_v31531693076482,0.0,0.05589242296950859,0.05393655767352434,0.03859908743557005,0.05589242296950859,0.041147604788615066,0.06475256107922159,0.0387510736099471,0.05384207283721105,0.04093454957915488,0.039233225052509535,0.0489630764593154,0.04028404411057158,0.03688489577398239,0.04177983062347061,0.0386741100439657,0.05130222915796031,0.043085322306318084,0.03790286374612046,0.03479906359377516,0.03870409569987962,0.040991398064229655,0.03697569129925051,0.05068810905749212,0.03187611503840624
