,index,age,target_label,session_id,correct_or_not,target_label_prob,airplane_prob,bear_prob,bike_prob,bird_prob,boat_prob,bowl_prob,car_prob,cat_prob,chair_prob,couch_prob,cup_prob,dog_prob,fish_prob,frog_prob,house_prob,key_prob,person_prob,phone_prob,rabbit_prob,scissors_prob,sheep_prob,train_prob,tree_prob
0,4036,5,cup,run_v31534368870242,0.0,0.05274194978510171,0.04311554849373669,0.03852611378838456,0.046034703155811416,0.041655462998419636,0.03559881282704577,0.037825407451667854,0.040816306374198884,0.04016887072974831,0.06306065771929553,0.04947320180982613,0.05274194978510171,0.039132907808876176,0.040343598832406145,0.03690170420744744,0.04158474557718892,0.04025435398534256,0.03839661664862378,0.06022652094100255,0.038919955621858536,0.05066110727924709,0.04113426585641929,0.041343311239416966,0.042083876868934035
