,index,age,target_label,session_id,correct_or_not,target_label_prob,airplane_prob,bear_prob,bike_prob,bird_prob,boat_prob,bowl_prob,car_prob,cat_prob,chair_prob,couch_prob,cup_prob,dog_prob,fish_prob,frog_prob,house_prob,key_prob,person_prob,phone_prob,rabbit_prob,scissors_prob,sheep_prob,train_prob,tree_prob
0,7217,5,scissors,run_v41537731511716,0.0,0.052870096347917034,0.04750986782060667,0.04183738841208316,0.041867808280100574,0.046746947712753346,0.042789610228504124,0.04451661543819036,0.037410501820556656,0.04665360659365777,0.03788001610887927,0.04382777014013446,0.04419192989829156,0.044892143480162454,0.0595300193456532,0.04094345960890323,0.038515936911847404,0.04099974101679102,0.03937363604662207,0.03747103731260057,0.039843130366585634,0.052870096347917034,0.0442031085843821,0.04450531308531995,0.04162031543945708
