,index,age,target_label,session_id,correct_or_not,target_label_prob,airplane_prob,bear_prob,bike_prob,bird_prob,boat_prob,bowl_prob,car_prob,cat_prob,chair_prob,couch_prob,cup_prob,dog_prob,fish_prob,frog_prob,house_prob,key_prob,person_prob,phone_prob,rabbit_prob,scissors_prob,sheep_prob,train_prob,tree_prob
0,8367,5,tree,run_v31534023554835,1.0,0.07876777502425943,0.03139894771074225,0.03663654676536778,0.03835747698340824,0.04732318585206987,0.042670397088766326,0.04083947730787612,0.03744530005957287,0.032665935406532655,0.05891103831887674,0.05003498056370021,0.036947266856301966,0.043529232003728144,0.03777452794311083,0.03322362864580064,0.029617722272638636,0.05465989974104267,0.05887288959269032,0.029542976166493328,0.031915867010267905,0.04681065081374309,0.06310325128417006,0.03895102658883993,0.07876777502425943
