,index,age,target_label,session_id,correct_or_not,target_label_prob,airplane_prob,bear_prob,bike_prob,bird_prob,boat_prob,bowl_prob,car_prob,cat_prob,chair_prob,couch_prob,cup_prob,dog_prob,fish_prob,frog_prob,house_prob,key_prob,person_prob,phone_prob,rabbit_prob,scissors_prob,sheep_prob,train_prob,tree_prob
0,5825,7,key,run_v41540152827864,1.0,0.052741854094783824,0.03676390345047771,0.043385123689995794,0.038495784945615216,0.045273713771131895,0.0395743680717744,0.037650130159998345,0.0497422488084225,0.048115542673900565,0.037254471834319645,0.03964739773555113,0.040115580400970026,0.041487725351052135,0.05008163821682446,0.051431561833851294,0.04672855311345921,0.052741854094783824,0.046346937455174056,0.04889600331120411,0.03958873630002675,0.03911291540709521,0.0465831587318362,0.04067806301917801,0.04030458762335764
