,index,age,target_label,session_id,correct_or_not,target_label_prob,airplane_prob,bear_prob,bike_prob,bird_prob,boat_prob,bowl_prob,car_prob,cat_prob,chair_prob,couch_prob,cup_prob,dog_prob,fish_prob,frog_prob,house_prob,key_prob,person_prob,phone_prob,rabbit_prob,scissors_prob,sheep_prob,train_prob,tree_prob
0,2470,4,car,run_v31533242019710,0.0,0.05442961014031238,0.0352354484885512,0.04161109813373249,0.042244896752079826,0.05388179045547118,0.037151388652603645,0.03825179093430356,0.05442961014031238,0.04190270615268331,0.05119399720940903,0.058265042430769715,0.03237340073850567,0.04212157380843668,0.045499397048897876,0.03694116807859592,0.05756383193979408,0.03999059959647615,0.04092314093778225,0.0443164596830368,0.038539993808230255,0.03497144042534174,0.0335971087085852,0.05497805296368032,0.044016062912720845
