,index,age,target_label,session_id,correct_or_not,target_label_prob,airplane_prob,bear_prob,bike_prob,bird_prob,boat_prob,bowl_prob,car_prob,cat_prob,chair_prob,couch_prob,cup_prob,dog_prob,fish_prob,frog_prob,house_prob,key_prob,person_prob,phone_prob,rabbit_prob,scissors_prob,sheep_prob,train_prob,tree_prob
0,1272,8,bird,run_v31528413980859,0.0,0.050598205016401186,0.04150620191426001,0.05275648856255078,0.046586671568209004,0.050598205016401186,0.044147149860518375,0.03832219151390231,0.03796621992338604,0.04929554823348538,0.03708456626972132,0.03655544639819556,0.038628918218848014,0.04308521453251028,0.047387856946918286,0.04767167932092053,0.04208873433131323,0.04322423202759519,0.062082219652643635,0.03410795381391156,0.04450904770444874,0.0415416464972154,0.03887036054967598,0.0429639569766899,0.039019490166679445
