,index,age,target_label,session_id,correct_or_not,target_label_prob,airplane_prob,bear_prob,bike_prob,bird_prob,boat_prob,bowl_prob,car_prob,cat_prob,chair_prob,couch_prob,cup_prob,dog_prob,fish_prob,frog_prob,house_prob,key_prob,person_prob,phone_prob,rabbit_prob,scissors_prob,sheep_prob,train_prob,tree_prob
0,2136,5,bowl,run_v31528061399199,0.0,0.06622867775737225,0.04300997151269535,0.04402347150288101,0.04280586317111119,0.03916738152696643,0.04200176908535349,0.06622867775737225,0.04157813541617295,0.03854361954707411,0.030990405215061686,0.04648431528244763,0.043971340586222006,0.03724972673799929,0.05598233879295819,0.04262250372614398,0.0444915587095619,0.04027411584786403,0.039576062332115414,0.06904725388051386,0.03761314483896636,0.03731199156621357,0.03463631923792292,0.04595387316374789,0.036436160562634504
