,index,age,target_label,session_id,correct_or_not,target_label_prob,airplane_prob,bear_prob,bike_prob,bird_prob,boat_prob,bowl_prob,car_prob,cat_prob,chair_prob,couch_prob,cup_prob,dog_prob,fish_prob,frog_prob,house_prob,key_prob,person_prob,phone_prob,rabbit_prob,scissors_prob,sheep_prob,train_prob,tree_prob
0,3343,5,chair,run_v31531607084953,1.0,0.09039983576965929,0.03637996849309621,0.04145404054702101,0.036333239537786395,0.04299257694858865,0.039162127221464935,0.04138925530952106,0.037726945622743625,0.033554756997142166,0.09039983576965929,0.03931752502268642,0.04333518050291892,0.03844091597529445,0.04616045748603391,0.03964107684125835,0.06836162515871151,0.03817141263205294,0.04104345233482401,0.04593613901256238,0.036026681676890104,0.0408863959480421,0.03903057479796,0.04222861374902441,0.04202720241471706
