,index,age,target_label,session_id,correct_or_not,target_label_prob,airplane_prob,bear_prob,bike_prob,bird_prob,boat_prob,bowl_prob,car_prob,cat_prob,chair_prob,couch_prob,cup_prob,dog_prob,fish_prob,frog_prob,house_prob,key_prob,person_prob,phone_prob,rabbit_prob,scissors_prob,sheep_prob,train_prob,tree_prob
0,3072,6,chair,run_v31528583252900,1.0,0.07833207897909839,0.03990272463367823,0.044150181017087606,0.03631349669415012,0.040789246217677856,0.04104828830783435,0.03848950833208436,0.041916802167677514,0.040624230395742235,0.07833207897909839,0.059317762162953924,0.048141502364103174,0.03844924158493376,0.041233979621160016,0.04264165162778721,0.023874519660354865,0.042304843605249026,0.0423939264680975,0.047367688721120585,0.04240081492802829,0.04928179819521733,0.0369605645115952,0.04163760397913372,0.04242754582523474
