,index,age,target_label,session_id,correct_or_not,target_label_prob,airplane_prob,bear_prob,bike_prob,bird_prob,boat_prob,bowl_prob,car_prob,cat_prob,chair_prob,couch_prob,cup_prob,dog_prob,fish_prob,frog_prob,house_prob,key_prob,person_prob,phone_prob,rabbit_prob,scissors_prob,sheep_prob,train_prob,tree_prob
0,7876,5,sheep,run_v41541373348621,0.0,0.05585321531429993,0.03934389983038547,0.05148408121014422,0.04076541430275434,0.054549422990061214,0.03836976438397221,0.038238298924156054,0.03297341967205577,0.05204297591617756,0.042356989094208694,0.03550815077848533,0.03687840815108256,0.05088439002181048,0.04029078301077477,0.05508624252249454,0.03605003871657308,0.04470332536277241,0.05616880981185118,0.029816506833130717,0.0482520212502128,0.04211367735781644,0.05585321531429993,0.03508572686052415,0.043184437684256116
