,index,age,target_label,session_id,correct_or_not,target_label_prob,airplane_prob,bear_prob,bike_prob,bird_prob,boat_prob,bowl_prob,car_prob,cat_prob,chair_prob,couch_prob,cup_prob,dog_prob,fish_prob,frog_prob,house_prob,key_prob,person_prob,phone_prob,rabbit_prob,scissors_prob,sheep_prob,train_prob,tree_prob
0,1289,7,bird,run_v31528838399095,0.0,0.05009404021121344,0.038848126582542906,0.04806142640020202,0.05631631948899742,0.05009404021121344,0.03954260392443354,0.03972590814336053,0.04065973316991986,0.04550048734841464,0.03578756349770532,0.039075391149208646,0.04031925354256795,0.04728061556616217,0.04071695077908275,0.049548497187652064,0.038315853401512986,0.041668192339234626,0.055622259490814945,0.03498651445133296,0.04452863857189002,0.03730702932281567,0.04603245870619431,0.04407119942565367,0.045990937299087646
