,index,age,target_label,session_id,correct_or_not,target_label_prob,airplane_prob,bear_prob,bike_prob,bird_prob,boat_prob,bowl_prob,car_prob,cat_prob,chair_prob,couch_prob,cup_prob,dog_prob,fish_prob,frog_prob,house_prob,key_prob,person_prob,phone_prob,rabbit_prob,scissors_prob,sheep_prob,train_prob,tree_prob
0,6731,7,phone,run_v41537052413404,1.0,0.07395217142180627,0.03594142964241181,0.03789604448569807,0.03693764114906121,0.03485330896878764,0.03554791736233288,0.038272628512780925,0.04153720394726029,0.040083315621828826,0.05458728045911209,0.07077271875436308,0.04236769337289208,0.03709290893339769,0.03668566412624541,0.040118095951699,0.04962347450215015,0.04043487911744424,0.03835026803220316,0.07395217142180627,0.0423269348640011,0.037262921311073983,0.038721712393836545,0.05612018253072456,0.04051360453888905
