,index,age,target_label,session_id,correct_or_not,target_label_prob,airplane_prob,bear_prob,bike_prob,bird_prob,boat_prob,bowl_prob,car_prob,cat_prob,chair_prob,couch_prob,cup_prob,dog_prob,fish_prob,frog_prob,house_prob,key_prob,person_prob,phone_prob,rabbit_prob,scissors_prob,sheep_prob,train_prob,tree_prob
0,4839,9,fish,run_v31533241251666,1.0,0.06093271242001909,0.04629816122886067,0.0423670029213313,0.04964112088896241,0.04106888731384567,0.05284406300576572,0.04843535613300809,0.03285484778868131,0.046048520110952645,0.0464767479733341,0.03947122625379753,0.04282045618359938,0.04316141260098811,0.06093271242001909,0.04036895609855104,0.036075687781922994,0.041421506180279885,0.047399097684528116,0.03225273792166061,0.04295651124045197,0.0503401576966916,0.03806903694194593,0.04312164259528306,0.035574151035538897
