,index,age,target_label,session_id,correct_or_not,target_label_prob,airplane_prob,bear_prob,bike_prob,bird_prob,boat_prob,bowl_prob,car_prob,cat_prob,chair_prob,couch_prob,cup_prob,dog_prob,fish_prob,frog_prob,house_prob,key_prob,person_prob,phone_prob,rabbit_prob,scissors_prob,sheep_prob,train_prob,tree_prob
0,2924,6,cat,run_v41541108189412,1.0,0.05845119472522311,0.057264793982546164,0.045142509300253986,0.040749844545559334,0.05794700161799553,0.03714791405663089,0.03539156891682198,0.030089861478238434,0.05845119472522311,0.039025708007937,0.03635026050661562,0.03821818384637757,0.05716935252417007,0.04285525867485118,0.04517226893629308,0.03577063738475763,0.033902433073888565,0.04275255966886632,0.030927814453831467,0.047300810511832096,0.04788376739196835,0.057439616885841434,0.04004207401276065,0.043004565496739616
