,index,age,target_label,session_id,correct_or_not,target_label_prob,airplane_prob,bear_prob,bike_prob,bird_prob,boat_prob,bowl_prob,car_prob,cat_prob,chair_prob,couch_prob,cup_prob,dog_prob,fish_prob,frog_prob,house_prob,key_prob,person_prob,phone_prob,rabbit_prob,scissors_prob,sheep_prob,train_prob,tree_prob
0,3194,10,chair,run_v31531590758359,1.0,0.09609978225237266,0.039116556989548405,0.03848187822489959,0.04142193485183892,0.04572195514539521,0.0417465537337618,0.03439629640045135,0.03993093629530105,0.03938016314737729,0.09609978225237266,0.03703160165324171,0.042546160217684384,0.04123731677241815,0.04726530891753755,0.03871859580117665,0.08817683718631483,0.03536632688943117,0.031957398102466804,0.034827794321381146,0.03481471377239335,0.03540943643383372,0.03905711134850021,0.04470183086532551,0.03259351067734855
