,index,age,target_label,session_id,correct_or_not,target_label_prob,airplane_prob,bear_prob,bike_prob,bird_prob,boat_prob,bowl_prob,car_prob,cat_prob,chair_prob,couch_prob,cup_prob,dog_prob,fish_prob,frog_prob,house_prob,key_prob,person_prob,phone_prob,rabbit_prob,scissors_prob,sheep_prob,train_prob,tree_prob
0,1822,7,boat,run_v31535322732324,1.0,0.06433283699040401,0.04900898481734794,0.043854989772008066,0.05195013118772437,0.045024521175754395,0.06433283699040401,0.04603664113235299,0.032317059176588274,0.04927774310559746,0.03756924397866167,0.03868467663783281,0.04509712084941878,0.04464324859874311,0.05122494871313333,0.0404158700375706,0.041436530051308755,0.0389375781175819,0.040807414087441776,0.03686865175672135,0.04549824352818993,0.0408649800285488,0.03705323984785524,0.04456556619893207,0.03452978021028227
