,index,age,target_label,session_id,correct_or_not,target_label_prob,airplane_prob,bear_prob,bike_prob,bird_prob,boat_prob,bowl_prob,car_prob,cat_prob,chair_prob,couch_prob,cup_prob,dog_prob,fish_prob,frog_prob,house_prob,key_prob,person_prob,phone_prob,rabbit_prob,scissors_prob,sheep_prob,train_prob,tree_prob
0,1648,3,boat,run_v31533244950737,1.0,0.06482928729531076,0.05372285797079738,0.03988997967269256,0.05983388713465407,0.04136810695242662,0.06482928729531076,0.03791923066126148,0.0426071358136038,0.033287529204458606,0.0569220870610862,0.0381505446293874,0.041971100452908736,0.03821317569886694,0.040937212891543465,0.04088059639191386,0.033666261906606765,0.04467995227647075,0.04520359455441678,0.03821280723018509,0.04118247181455416,0.04264138030509132,0.037963647890220525,0.043764028071380454,0.04215312412016224
