,index,age,target_label,session_id,correct_or_not,target_label_prob,airplane_prob,bear_prob,bike_prob,bird_prob,boat_prob,bowl_prob,car_prob,cat_prob,chair_prob,couch_prob,cup_prob,dog_prob,fish_prob,frog_prob,house_prob,key_prob,person_prob,phone_prob,rabbit_prob,scissors_prob,sheep_prob,train_prob,tree_prob
0,4496,7,dog,run_v31533943402826,0.0,0.051012066554161295,0.03824924091051208,0.044019187971883804,0.034194245519456774,0.05058199145925246,0.0374955899692878,0.04367236215468018,0.03482150916530479,0.049445191163240955,0.05495914283197907,0.045193172025683355,0.03683950384584969,0.051012066554161295,0.04210064637168207,0.04652567485220279,0.03579113917847347,0.04453934401728552,0.06306052183020659,0.03444019977195104,0.038642646577187564,0.04610405863793798,0.050064162699213474,0.03894277970555289,0.0393056227870146
