,index,age,target_label,session_id,correct_or_not,target_label_prob,airplane_prob,bear_prob,bike_prob,bird_prob,boat_prob,bowl_prob,car_prob,cat_prob,chair_prob,couch_prob,cup_prob,dog_prob,fish_prob,frog_prob,house_prob,key_prob,person_prob,phone_prob,rabbit_prob,scissors_prob,sheep_prob,train_prob,tree_prob
0,4224,8,dog,run_v31526413939938,0.0,0.04511414627562926,0.039477646888947754,0.04327510735421298,0.05094302869611788,0.042023554503869374,0.03746345728650237,0.04804278485551645,0.0440538555190403,0.04260861326822067,0.03601945185328215,0.03703115458149774,0.0440562387796732,0.04511414627562926,0.044382877637464666,0.05387561195803448,0.03329247493379585,0.05239430767933975,0.04542351704216585,0.046909785193190744,0.04339183059756458,0.052431608077736856,0.04363801490675074,0.036051020783912306,0.03809991132753411
