,index,age,target_label,session_id,correct_or_not,target_label_prob,airplane_prob,bear_prob,bike_prob,bird_prob,boat_prob,bowl_prob,car_prob,cat_prob,chair_prob,couch_prob,cup_prob,dog_prob,fish_prob,frog_prob,house_prob,key_prob,person_prob,phone_prob,rabbit_prob,scissors_prob,sheep_prob,train_prob,tree_prob
0,8159,4,train,run_v41542047958148,0.0,0.04557475360273885,0.038846647318289,0.04117100777224788,0.04044750817523377,0.03855314851892529,0.04358045047551972,0.041152583292748054,0.049035326335052865,0.04242454310223129,0.0407675668429359,0.035249256636250385,0.039243175901011944,0.047618987082636295,0.04687448807092703,0.05677389627359008,0.04293491874865281,0.05691266957356282,0.03559647786321536,0.04453115108871575,0.0428138134061306,0.0468821206128252,0.04812154897070213,0.04557475360273885,0.03489396033585679
