,index,age,target_label,session_id,correct_or_not,target_label_prob,airplane_prob,bear_prob,bike_prob,bird_prob,boat_prob,bowl_prob,car_prob,cat_prob,chair_prob,couch_prob,cup_prob,dog_prob,fish_prob,frog_prob,house_prob,key_prob,person_prob,phone_prob,rabbit_prob,scissors_prob,sheep_prob,train_prob,tree_prob
0,300,3,airplane,run_v31530651257351,0.0,0.0463835425378636,0.0463835425378636,0.04044544906170668,0.036668604411351204,0.0425416131899022,0.05545915851128593,0.03973096800383593,0.035180781711771435,0.04034855388372442,0.04382009296267204,0.05896901200083204,0.05279643102108403,0.03846155906943095,0.049170249922648755,0.03714171146887512,0.07811060788063487,0.0371506350937074,0.0442847920903449,0.032024843371479074,0.04220991416357675,0.04026129967777541,0.03918919091299026,0.03265067822284072,0.03700031082966615
