,index,age,target_label,session_id,correct_or_not,target_label_prob,airplane_prob,bear_prob,bike_prob,bird_prob,boat_prob,bowl_prob,car_prob,cat_prob,chair_prob,couch_prob,cup_prob,dog_prob,fish_prob,frog_prob,house_prob,key_prob,person_prob,phone_prob,rabbit_prob,scissors_prob,sheep_prob,train_prob,tree_prob
0,2692,2,cat,run_v41539542124075,0.0,0.05495596989361787,0.051775786790880754,0.03829444518417875,0.06496213676907887,0.043718168236489136,0.04925683139049025,0.037890238050437904,0.04484158701725598,0.05495596989361787,0.03477287148823059,0.03415857856036125,0.03847546190852952,0.03850347870308644,0.04482882629175388,0.040056400104383404,0.039377559841619066,0.03527846986892791,0.0483847013735192,0.03777607252556223,0.048793940505979495,0.051448508078990665,0.03816418934689319,0.04824128721728391,0.036044490852449554
