,index,age,target_label,session_id,correct_or_not,target_label_prob,airplane_prob,bear_prob,bike_prob,bird_prob,boat_prob,bowl_prob,car_prob,cat_prob,chair_prob,couch_prob,cup_prob,dog_prob,fish_prob,frog_prob,house_prob,key_prob,person_prob,phone_prob,rabbit_prob,scissors_prob,sheep_prob,train_prob,tree_prob
0,6179,7,person,run_v31534272694998,0.0,0.04794916761945448,0.050745168341034534,0.03899569155501744,0.03865865822029751,0.047975551441021815,0.05363678090362331,0.03543876955609937,0.039525601348380034,0.037313240828788605,0.04261243935626167,0.03668749729856875,0.045308512732296156,0.04563372255754003,0.044061019549389735,0.03845790892207428,0.06065755287825972,0.03804610749256397,0.04794916761945448,0.028319496039244392,0.04319903096551451,0.04678470133159089,0.047058939787723617,0.040298529173131155,0.05263591210212409
