,index,age,target_label,session_id,correct_or_not,target_label_prob,airplane_prob,bear_prob,bike_prob,bird_prob,boat_prob,bowl_prob,car_prob,cat_prob,chair_prob,couch_prob,cup_prob,dog_prob,fish_prob,frog_prob,house_prob,key_prob,person_prob,phone_prob,rabbit_prob,scissors_prob,sheep_prob,train_prob,tree_prob
0,7683,4,sheep,run_v41536864789035,0.0,0.04774998617901481,0.04069338908684025,0.04610496111864472,0.04511878489925168,0.046145047382924916,0.035800987849211714,0.041495488309181365,0.04112280823309432,0.04421321000202435,0.04033376489002679,0.04582402222206028,0.04227655712515849,0.04808706302015202,0.04022758403141303,0.04357636487760488,0.0394996375289064,0.0358829284824667,0.03975952482356895,0.04349969286436913,0.04072578223168234,0.04591872588672017,0.04774998617901481,0.04960921967120605,0.05633446928447648
