,index,age,target_label,session_id,correct_or_not,target_label_prob,airplane_prob,bear_prob,bike_prob,bird_prob,boat_prob,bowl_prob,car_prob,cat_prob,chair_prob,couch_prob,cup_prob,dog_prob,fish_prob,frog_prob,house_prob,key_prob,person_prob,phone_prob,rabbit_prob,scissors_prob,sheep_prob,train_prob,tree_prob
0,3307,7,chair,run_v31528913633652,1.0,0.10108167873499264,0.035198698264007504,0.03828939164828613,0.04041131106183067,0.03523911782510152,0.05149568018312349,0.039794835481134765,0.044077561271173175,0.038222457195063037,0.10108167873499264,0.053880177649974055,0.05113842725967496,0.037530428563938824,0.03689554800960714,0.038954086037750114,0.03889580151774737,0.04029715836838671,0.03452148374042551,0.043607623514098734,0.035685547219965745,0.04082982798291358,0.03966248413302321,0.04379961945138909,0.040491054886392146
