,index,age,target_label,session_id,correct_or_not,target_label_prob,airplane_prob,bear_prob,bike_prob,bird_prob,boat_prob,bowl_prob,car_prob,cat_prob,chair_prob,couch_prob,cup_prob,dog_prob,fish_prob,frog_prob,house_prob,key_prob,person_prob,phone_prob,rabbit_prob,scissors_prob,sheep_prob,train_prob,tree_prob
0,5515,6,house,run_v31533509969610,1.0,0.06495769391099261,0.051783248373971066,0.03970432591238094,0.051133695997150314,0.03855883710647266,0.04281962031876594,0.042518592807384264,0.03955576367304697,0.040382291641901644,0.03335282743326471,0.03668140960668826,0.04179067191815945,0.04637947863376958,0.0475443795328715,0.03854201922636404,0.06495769391099261,0.03675306649671761,0.05537568139403755,0.049019450311633406,0.04166792974248852,0.04223446704508425,0.04168655518821706,0.040115511169780425,0.03744248255885722
