,index,age,target_label,session_id,correct_or_not,target_label_prob,airplane_prob,bear_prob,bike_prob,bird_prob,boat_prob,bowl_prob,car_prob,cat_prob,chair_prob,couch_prob,cup_prob,dog_prob,fish_prob,frog_prob,house_prob,key_prob,person_prob,phone_prob,rabbit_prob,scissors_prob,sheep_prob,train_prob,tree_prob
0,8633,6,tree,run_v31534447983969,1.0,0.06476802176726197,0.03860475092111111,0.03955270936930988,0.046826842990490884,0.04117793017615823,0.0447461731178103,0.04379378723397074,0.04477379538254679,0.0382373545482589,0.042586912740665984,0.03867274000398116,0.04771263378205344,0.038115088837728746,0.037999571636716106,0.04161010050288304,0.039280565661910634,0.04577413593899801,0.04310981126364736,0.05456759171750754,0.04186366719708056,0.04019968348899472,0.04133634714541092,0.044689784575502864,0.06476802176726197
