,index,age,target_label,session_id,correct_or_not,target_label_prob,airplane_prob,bear_prob,bike_prob,bird_prob,boat_prob,bowl_prob,car_prob,cat_prob,chair_prob,couch_prob,cup_prob,dog_prob,fish_prob,frog_prob,house_prob,key_prob,person_prob,phone_prob,rabbit_prob,scissors_prob,sheep_prob,train_prob,tree_prob
0,6542,7,phone,run_v31530644143472,1.0,0.0765183718984723,0.03649484125807793,0.04458012796286434,0.04215148181023924,0.030087161197646813,0.04116992046688419,0.044095604445784906,0.05049857559897548,0.04110389861878228,0.045431328794525674,0.04093687762392496,0.04043723189616953,0.03310627291471462,0.0338811276047648,0.045223539695596386,0.0428512345794048,0.04892573822064635,0.0400157744952579,0.0765183718984723,0.03961056499083603,0.04482798470125838,0.04436271680318906,0.050506710524411004,0.04318291389757286
