,index,age,target_label,session_id,correct_or_not,target_label_prob,airplane_prob,bear_prob,bike_prob,bird_prob,boat_prob,bowl_prob,car_prob,cat_prob,chair_prob,couch_prob,cup_prob,dog_prob,fish_prob,frog_prob,house_prob,key_prob,person_prob,phone_prob,rabbit_prob,scissors_prob,sheep_prob,train_prob,tree_prob
0,2908,2,cat,run_v41537729527112,0.0,0.044190044877038724,0.05616587725003456,0.04666936995400922,0.04454004060041093,0.04700274043787514,0.03960369721559913,0.031845381301383625,0.039370209211089205,0.044190044877038724,0.03815403173392358,0.04286263515255338,0.03539833188468851,0.04360281289515003,0.05162731715072409,0.044324059074812766,0.04211467902975918,0.03749720725927548,0.04297223555144801,0.035652528368946224,0.03866990042292334,0.044590732461241706,0.04673289138472028,0.04744681285577712,0.05896646392661582
