,index,age,target_label,session_id,correct_or_not,target_label_prob,airplane_prob,bear_prob,bike_prob,bird_prob,boat_prob,bowl_prob,car_prob,cat_prob,chair_prob,couch_prob,cup_prob,dog_prob,fish_prob,frog_prob,house_prob,key_prob,person_prob,phone_prob,rabbit_prob,scissors_prob,sheep_prob,train_prob,tree_prob
0,7463,7,scissors,run_v41541272274049,0.0,0.05736929221566653,0.03864157141650073,0.03799560186665798,0.06856182964669012,0.029938439893193496,0.038181236093282354,0.03622431102314894,0.03680936140362604,0.05250012964360735,0.04944622590325154,0.04287537407040402,0.04116287837960193,0.04234914653176964,0.04528635634114957,0.045155579161734426,0.03460951439435113,0.03488437477088328,0.043719692879343276,0.04201192130991755,0.04571602304073572,0.05736929221566653,0.03988847527268323,0.055489311685453416,0.04118335305634766
