,index,age,target_label,session_id,correct_or_not,target_label_prob,airplane_prob,bear_prob,bike_prob,bird_prob,boat_prob,bowl_prob,car_prob,cat_prob,chair_prob,couch_prob,cup_prob,dog_prob,fish_prob,frog_prob,house_prob,key_prob,person_prob,phone_prob,rabbit_prob,scissors_prob,sheep_prob,train_prob,tree_prob
0,6945,10,rabbit,run_v31529097018168,1.0,0.07407324354835701,0.04244692990416054,0.057986230746188666,0.037966592546825884,0.038020965899674755,0.0378124803900846,0.044642297769277126,0.043438424219041885,0.04563570117367814,0.03784154436639768,0.03763424201961201,0.046877210854008956,0.03770645245756181,0.036804110963600534,0.04345427718172549,0.03788285043325933,0.04516480999033539,0.039557901434071334,0.0426971162066481,0.07407324354835701,0.04788087320758861,0.03965386631627953,0.04573539880210371,0.03908647956951892
