,index,age,target_label,session_id,correct_or_not,target_label_prob,airplane_prob,bear_prob,bike_prob,bird_prob,boat_prob,bowl_prob,car_prob,cat_prob,chair_prob,couch_prob,cup_prob,dog_prob,fish_prob,frog_prob,house_prob,key_prob,person_prob,phone_prob,rabbit_prob,scissors_prob,sheep_prob,train_prob,tree_prob
0,4182,5,dog,run_v31532639150758,0.0,0.041726946367435916,0.05186744522667761,0.0478862000995387,0.04091305819565836,0.04398384785308577,0.038795952447657274,0.041624496459849766,0.05886271346562257,0.04498193434291328,0.039571399418703614,0.041215812640313106,0.04213357854720602,0.041726946367435916,0.0411409209831783,0.04435287862240376,0.040569185576219594,0.04150930530747616,0.038535412640658614,0.03391170857966887,0.05608373986705126,0.04455118048063321,0.046481868400819054,0.03384139770825254,0.04545901676897646
