,index,age,target_label,session_id,correct_or_not,target_label_prob,airplane_prob,bear_prob,bike_prob,bird_prob,boat_prob,bowl_prob,car_prob,cat_prob,chair_prob,couch_prob,cup_prob,dog_prob,fish_prob,frog_prob,house_prob,key_prob,person_prob,phone_prob,rabbit_prob,scissors_prob,sheep_prob,train_prob,tree_prob
0,6955,10,rabbit,run_v31529364077632,0.0,0.03452258985430632,0.037524002278953084,0.0649693067139671,0.0333398768954022,0.042991660238739314,0.04607066198403938,0.05215441380409959,0.04958531561111656,0.039337746009001834,0.04257126614884177,0.043572017457680266,0.041883517485672796,0.041345059354060305,0.05767381669712054,0.0593621260324741,0.029044659507415003,0.03658820125545478,0.05203413891817876,0.030470541579433234,0.03452258985430632,0.040986713910900946,0.04676480523900123,0.0373234112255631,0.03988415179857771
