,index,age,target_label,session_id,correct_or_not,target_label_prob,airplane_prob,bear_prob,bike_prob,bird_prob,boat_prob,bowl_prob,car_prob,cat_prob,chair_prob,couch_prob,cup_prob,dog_prob,fish_prob,frog_prob,house_prob,key_prob,person_prob,phone_prob,rabbit_prob,scissors_prob,sheep_prob,train_prob,tree_prob
0,5307,3,house,run_v31534104683781,1.0,0.07165028498994673,0.04294252237785224,0.04002592068349327,0.04062389884562391,0.03914256142755109,0.04744750309492698,0.04082870606472583,0.04242131627646851,0.03853221572171749,0.05184634816906619,0.05561789508776707,0.04481569936884928,0.038512612707265165,0.039478976039296024,0.038470079635889054,0.07165028498994673,0.0384932106171087,0.03411669157735715,0.04548998333962487,0.044127767952897926,0.03912000148960529,0.03901323005008114,0.04499848451462821,0.042284089968257686
