,index,age,target_label,session_id,correct_or_not,target_label_prob,airplane_prob,bear_prob,bike_prob,bird_prob,boat_prob,bowl_prob,car_prob,cat_prob,chair_prob,couch_prob,cup_prob,dog_prob,fish_prob,frog_prob,house_prob,key_prob,person_prob,phone_prob,rabbit_prob,scissors_prob,sheep_prob,train_prob,tree_prob
0,7310,2,scissors,run_v41541198343775,0.0,0.061521991754881614,0.03704646694791482,0.0404726557972147,0.03513574666407231,0.044562832975039386,0.05221089338825996,0.049946194803533454,0.04008548315856575,0.04203005625089675,0.03714009673547277,0.037336086592106715,0.04225960897111327,0.0393359169189596,0.0480715051735598,0.04238610726545419,0.03708463829595509,0.06232979540798547,0.03793474800727293,0.04751453087630326,0.040223547759043465,0.061521991754881614,0.04360282709541183,0.04245748247320231,0.03931078668778052
