,index,age,target_label,session_id,correct_or_not,target_label_prob,airplane_prob,bear_prob,bike_prob,bird_prob,boat_prob,bowl_prob,car_prob,cat_prob,chair_prob,couch_prob,cup_prob,dog_prob,fish_prob,frog_prob,house_prob,key_prob,person_prob,phone_prob,rabbit_prob,scissors_prob,sheep_prob,train_prob,tree_prob
0,4136,8,cup,run_v31535827960818,0.0,0.042339468900134854,0.048220618009993416,0.0421265779772134,0.03844251122897429,0.04790525139149442,0.049495667379430126,0.05168536944430287,0.045201157217511105,0.039853312888471194,0.04428131956204146,0.04573597441502018,0.042339468900134854,0.04891604326958723,0.04547284808585144,0.04783563379339732,0.03631483893834025,0.041273380043973164,0.03768758603413792,0.03855563717450472,0.038698055840180205,0.042130336183036805,0.04556293459844027,0.04032879037078126,0.041936687253182045
