,index,age,target_label,session_id,correct_or_not,target_label_prob,airplane_prob,bear_prob,bike_prob,bird_prob,boat_prob,bowl_prob,car_prob,cat_prob,chair_prob,couch_prob,cup_prob,dog_prob,fish_prob,frog_prob,house_prob,key_prob,person_prob,phone_prob,rabbit_prob,scissors_prob,sheep_prob,train_prob,tree_prob
0,7337,8,scissors,run_v41541880421004,0.0,0.054065340588551114,0.05311351003307779,0.043384949591926285,0.039752978898890845,0.044599214477771064,0.03698058091880301,0.04098862499213092,0.04188179911200489,0.04531966225414306,0.05563953685463077,0.042378550897675664,0.034753209238257095,0.046276908685321964,0.03987660628954586,0.04212070071270441,0.028401785830012367,0.04220695090843676,0.05451048879953518,0.03329923135826474,0.04577640513797432,0.054065340588551114,0.043708161367058386,0.0418785864843837,0.04908621656889973
