,index,age,target_label,session_id,correct_or_not,target_label_prob,airplane_prob,bear_prob,bike_prob,bird_prob,boat_prob,bowl_prob,car_prob,cat_prob,chair_prob,couch_prob,cup_prob,dog_prob,fish_prob,frog_prob,house_prob,key_prob,person_prob,phone_prob,rabbit_prob,scissors_prob,sheep_prob,train_prob,tree_prob
0,7964,3,train,run_v41539802976560,0.0,0.045223956864980555,0.040919453380167795,0.03851796318912873,0.041147381474222644,0.034860895837424535,0.03956124125032105,0.04354816604213092,0.04593609554371492,0.03780772707605095,0.07027582128910305,0.04365634438459179,0.04593443729922741,0.039948512298990255,0.039404357213846844,0.03829047112726035,0.035570256060689316,0.03927084007371915,0.05640643886873507,0.05021789579749893,0.03863557912089731,0.052637691594800175,0.0395065644945545,0.045223956864980555,0.04272190971794382
