,index,age,target_label,session_id,correct_or_not,target_label_prob,airplane_prob,bear_prob,bike_prob,bird_prob,boat_prob,bowl_prob,car_prob,cat_prob,chair_prob,couch_prob,cup_prob,dog_prob,fish_prob,frog_prob,house_prob,key_prob,person_prob,phone_prob,rabbit_prob,scissors_prob,sheep_prob,train_prob,tree_prob
0,5203,6,frog,run_v41542068776189,1.0,0.05862621365164553,0.04313607707182486,0.051488952841269975,0.04087329445144573,0.044608918826122564,0.0364895815380728,0.03716437174799656,0.04769359152864222,0.03876567003917577,0.04067903859268461,0.04257333744003324,0.045278048539451325,0.0420853700800116,0.04288976096194786,0.05862621365164553,0.036320473853412735,0.05344714406090394,0.047490687500391246,0.03605792684495257,0.04010566521273445,0.0430103592527179,0.04650898704439035,0.04086712648010181,0.04383940244007034
