,index,age,target_label,session_id,correct_or_not,target_label_prob,airplane_prob,bear_prob,bike_prob,bird_prob,boat_prob,bowl_prob,car_prob,cat_prob,chair_prob,couch_prob,cup_prob,dog_prob,fish_prob,frog_prob,house_prob,key_prob,person_prob,phone_prob,rabbit_prob,scissors_prob,sheep_prob,train_prob,tree_prob
0,8046,2,train,run_v41541266054058,0.0,0.041187408427558594,0.04146777960511332,0.046342449637818084,0.0359680166243293,0.0425753367290546,0.04431996389444923,0.03869502923733035,0.03762605965425179,0.041215537182919273,0.0598246871506145,0.038171573399933593,0.04142417939749177,0.040731484869284955,0.03832228821724648,0.04314961443743253,0.04374295172171335,0.04682255147367817,0.04320709418141341,0.049872788074796046,0.04131152206487528,0.045820227341328054,0.04203553294712387,0.041187408427558594,0.056165923730243386
