,index,age,target_label,session_id,correct_or_not,target_label_prob,airplane_prob,bear_prob,bike_prob,bird_prob,boat_prob,bowl_prob,car_prob,cat_prob,chair_prob,couch_prob,cup_prob,dog_prob,fish_prob,frog_prob,house_prob,key_prob,person_prob,phone_prob,rabbit_prob,scissors_prob,sheep_prob,train_prob,tree_prob
0,1728,2,boat,run_v31534711139210,1.0,0.06137261131656591,0.05177797142821246,0.03699294383363519,0.04267748650566601,0.04420923216750946,0.06137261131656591,0.045558666876553376,0.04164460397739176,0.041970575150412304,0.03748935385298989,0.03876207434084301,0.04054623024861008,0.044531313053246944,0.051466203574034426,0.04251304107032313,0.0412758903147475,0.03776026253673417,0.05287500034893798,0.035984121449003786,0.039580370340608705,0.040625260041636184,0.03984646391558554,0.046113544751728755,0.044426778905023494
