,index,age,target_label,session_id,correct_or_not,target_label_prob,airplane_prob,bear_prob,bike_prob,bird_prob,boat_prob,bowl_prob,car_prob,cat_prob,chair_prob,couch_prob,cup_prob,dog_prob,fish_prob,frog_prob,house_prob,key_prob,person_prob,phone_prob,rabbit_prob,scissors_prob,sheep_prob,train_prob,tree_prob
0,6747,5,phone,run_v31528060993113,1.0,0.07463106434277945,0.038678930740274384,0.03710105105932821,0.044606278585185254,0.037026400706179546,0.04006350378500107,0.03683206250308158,0.0452822714894303,0.03917222736580045,0.06748662646318597,0.049326592149903224,0.05365897601396871,0.038098858938631984,0.041048019638446245,0.04022172911330607,0.03795551255932403,0.03604001548876267,0.03737525083413751,0.07463106434277945,0.03911356053768977,0.03898063735681287,0.04196487520554129,0.04403253146042507,0.04130302366280412
