,index,age,target_label,session_id,correct_or_not,target_label_prob,airplane_prob,bear_prob,bike_prob,bird_prob,boat_prob,bowl_prob,car_prob,cat_prob,chair_prob,couch_prob,cup_prob,dog_prob,fish_prob,frog_prob,house_prob,key_prob,person_prob,phone_prob,rabbit_prob,scissors_prob,sheep_prob,train_prob,tree_prob
0,2376,9,car,run_v31535394807306,0.0,0.06856880083124083,0.040958531457574526,0.037747371234223476,0.048273102628687385,0.04058727002371344,0.038178082999931355,0.03601393332907093,0.06856880083124083,0.037841703389515396,0.0410592274886056,0.07868398375534873,0.04232054142744703,0.039310374881344534,0.03971375982865182,0.03826738448809186,0.050536649315036875,0.044599775153456554,0.03863176852290026,0.03254995407725498,0.040139545031252756,0.04016003615285861,0.04086352456413069,0.046399734067012366,0.03859494535265017
