,index,age,target_label,session_id,correct_or_not,target_label_prob,airplane_prob,bear_prob,bike_prob,bird_prob,boat_prob,bowl_prob,car_prob,cat_prob,chair_prob,couch_prob,cup_prob,dog_prob,fish_prob,frog_prob,house_prob,key_prob,person_prob,phone_prob,rabbit_prob,scissors_prob,sheep_prob,train_prob,tree_prob
0,5336,8,house,run_v31526253016255,1.0,0.0905002058959772,0.03847278063072381,0.043951749567706526,0.04084090215002297,0.03447442131093725,0.05997185832328314,0.04019268747273625,0.04083748518891782,0.040088236570556546,0.045989679351828405,0.05465767953640563,0.03709411385408841,0.038843941888079915,0.03229789978773847,0.038712528352779496,0.0905002058959772,0.041595570667709005,0.03834144859751753,0.03863411636062329,0.039398269350393506,0.04084895104801582,0.04174242919033558,0.04081950432179726,0.04169354058182592
