,index,age,target_label,session_id,correct_or_not,target_label_prob,airplane_prob,bear_prob,bike_prob,bird_prob,boat_prob,bowl_prob,car_prob,cat_prob,chair_prob,couch_prob,cup_prob,dog_prob,fish_prob,frog_prob,house_prob,key_prob,person_prob,phone_prob,rabbit_prob,scissors_prob,sheep_prob,train_prob,tree_prob
0,6342,2,person,run_v31533495027436,1.0,0.061503790352419076,0.035033275123638186,0.045364371625255764,0.04109560100179343,0.04488112025523883,0.03932664734192049,0.040410730928092824,0.04029958010563165,0.04426761061483494,0.04679169230134639,0.04289041429072656,0.046270885366553716,0.04679592930542836,0.04135191954414803,0.04674105056276854,0.03068210147808453,0.04294693564595013,0.061503790352419076,0.03239062543688167,0.046081184429729236,0.04913838735756932,0.040944791746550684,0.04069350617790694,0.05409784900753074
