,index,age,target_label,session_id,correct_or_not,target_label_prob,airplane_prob,bear_prob,bike_prob,bird_prob,boat_prob,bowl_prob,car_prob,cat_prob,chair_prob,couch_prob,cup_prob,dog_prob,fish_prob,frog_prob,house_prob,key_prob,person_prob,phone_prob,rabbit_prob,scissors_prob,sheep_prob,train_prob,tree_prob
0,3394,3,chair,run_v31528837199127,1.0,0.08445685584110622,0.05434148381653323,0.03871728187203818,0.052980220935228736,0.03898115953235336,0.043691336599347604,0.033007458695243554,0.04872415590923154,0.036424924172020944,0.08445685584110622,0.0575472538936228,0.04035365651407226,0.03422826929535269,0.04116534051887749,0.03783283236726578,0.03726321416542502,0.03955037456515208,0.044204417629986566,0.03747210375705085,0.03624526525421639,0.04184268124072544,0.03812263246892467,0.04194730689059506,0.04089977406562949
