,index,age,target_label,session_id,correct_or_not,target_label_prob,airplane_prob,bear_prob,bike_prob,bird_prob,boat_prob,bowl_prob,car_prob,cat_prob,chair_prob,couch_prob,cup_prob,dog_prob,fish_prob,frog_prob,house_prob,key_prob,person_prob,phone_prob,rabbit_prob,scissors_prob,sheep_prob,train_prob,tree_prob
0,2733,6,cat,run_v41536525611330,0.0,0.05159341703433698,0.05014405112695526,0.050168063935796994,0.038459325615363735,0.056456040480842636,0.04415123581043126,0.03660176276357279,0.03389364321600241,0.05159341703433698,0.04265338184064172,0.03533181280439873,0.039317775925295645,0.053023586373271,0.03808510053335476,0.045765379282577956,0.03886625172564383,0.039977396774054624,0.0412412697591507,0.03134151233529789,0.049962653730704604,0.041201775062130554,0.04597280845881763,0.041037659881429746,0.05475409552992841
