,index,age,target_label,session_id,correct_or_not,target_label_prob,airplane_prob,bear_prob,bike_prob,bird_prob,boat_prob,bowl_prob,car_prob,cat_prob,chair_prob,couch_prob,cup_prob,dog_prob,fish_prob,frog_prob,house_prob,key_prob,person_prob,phone_prob,rabbit_prob,scissors_prob,sheep_prob,train_prob,tree_prob
0,3414,4,couch,run_v31530478955787,0.0,0.028614846690880658,0.039632639173860784,0.03758802042189759,0.04244534906575916,0.03808026239728999,0.05517765472401639,0.03911994720355641,0.04403847358868274,0.03703504544262884,0.06732108587169708,0.028614846690880658,0.04647867689989351,0.041737377625244494,0.04536931318279562,0.033873619368061235,0.04719123048921809,0.04551472336021265,0.06211086888709072,0.037401342807061526,0.043107479972244664,0.03970126751595172,0.0383082922417926,0.042308335519295755,0.04784414755086797
