,index,age,target_label,session_id,correct_or_not,target_label_prob,airplane_prob,bear_prob,bike_prob,bird_prob,boat_prob,bowl_prob,car_prob,cat_prob,chair_prob,couch_prob,cup_prob,dog_prob,fish_prob,frog_prob,house_prob,key_prob,person_prob,phone_prob,rabbit_prob,scissors_prob,sheep_prob,train_prob,tree_prob
0,293,10,airplane,run_v31530397094726,0.0,0.049900220809513215,0.049900220809513215,0.04307574362274429,0.0422493934796882,0.04008281234881229,0.04870040732669662,0.0326607974637071,0.043878128087144336,0.05640099484559941,0.04120730653441917,0.04081934538320183,0.03370452774194283,0.03684038447254964,0.03793388815549239,0.0379184995300794,0.042181310291344455,0.03812968480046953,0.043468510796692054,0.04274187088774575,0.06956246042091571,0.051396845158187925,0.04241211365560739,0.04795337559515798,0.036781378592288534
