,index,age,target_label,session_id,correct_or_not,target_label_prob,airplane_prob,bear_prob,bike_prob,bird_prob,boat_prob,bowl_prob,car_prob,cat_prob,chair_prob,couch_prob,cup_prob,dog_prob,fish_prob,frog_prob,house_prob,key_prob,person_prob,phone_prob,rabbit_prob,scissors_prob,sheep_prob,train_prob,tree_prob
0,8323,4,tree,run_v31526166383560,0.0,0.05392339684204712,0.04800326220065908,0.04361928947878136,0.03543854055019899,0.04790612315099541,0.048355980169539424,0.04267683137266828,0.03570316290723617,0.04053044105961145,0.043516894151299626,0.04804238421262976,0.03894168434792398,0.040625960403972566,0.04350943846600471,0.04359095150519513,0.0453492919336762,0.03864180448981471,0.05746601767048504,0.03673171229660704,0.038768963081803505,0.04273336313990633,0.041035111759016474,0.04488939480992753,0.05392339684204712
