,index,age,target_label,session_id,correct_or_not,target_label_prob,airplane_prob,bear_prob,bike_prob,bird_prob,boat_prob,bowl_prob,car_prob,cat_prob,chair_prob,couch_prob,cup_prob,dog_prob,fish_prob,frog_prob,house_prob,key_prob,person_prob,phone_prob,rabbit_prob,scissors_prob,sheep_prob,train_prob,tree_prob
0,4227,8,dog,run_v31535838516023,0.0,0.049625385647940154,0.04205108866948073,0.048349980389698906,0.041305010056926245,0.052189377557264244,0.03760545622580197,0.030537131663403348,0.04219005110130536,0.047128687441840324,0.0346042655766023,0.040777224004089924,0.04061224593794414,0.049625385647940154,0.045601254927110986,0.05088995227930026,0.03665996424301814,0.06592364291421111,0.05457761296706089,0.03193708898771434,0.03979086727347066,0.04437813926146208,0.04749177891678116,0.033719058287259275,0.04205473567031352
