,index,age,target_label,session_id,correct_or_not,target_label_prob,airplane_prob,bear_prob,bike_prob,bird_prob,boat_prob,bowl_prob,car_prob,cat_prob,chair_prob,couch_prob,cup_prob,dog_prob,fish_prob,frog_prob,house_prob,key_prob,person_prob,phone_prob,rabbit_prob,scissors_prob,sheep_prob,train_prob,tree_prob
0,6237,5,person,run_v31527891599331,1.0,0.06811329817774651,0.04650130802153424,0.04215254067075006,0.04220547001131265,0.041127647841501726,0.03281435392835343,0.034262083304939045,0.034772407320360514,0.04090937261431663,0.06447699720535353,0.03853978781718516,0.04271696543038124,0.04448801560764301,0.04650146545160009,0.03885085959973842,0.03701923007410491,0.04544722691427344,0.06811329817774651,0.031085313294320203,0.03750214543863362,0.04087538133013071,0.048752759668202354,0.03593964807867624,0.06494572219894215
