,index,age,target_label,session_id,correct_or_not,target_label_prob,airplane_prob,bear_prob,bike_prob,bird_prob,boat_prob,bowl_prob,car_prob,cat_prob,chair_prob,couch_prob,cup_prob,dog_prob,fish_prob,frog_prob,house_prob,key_prob,person_prob,phone_prob,rabbit_prob,scissors_prob,sheep_prob,train_prob,tree_prob
0,7030,6,rabbit,run_v31528399548613,0.0,0.056189039162765075,0.056996853063822475,0.04813730147404304,0.05554615062296715,0.052949464992691375,0.04494712158733653,0.03463784976643654,0.048828591702928074,0.044484935966152175,0.03554543346031835,0.03460646307216129,0.03315736095800544,0.04504335345318646,0.04783547540073332,0.041771486861103733,0.03670022357469184,0.03501547239259071,0.051493693064974394,0.03232571352768726,0.056189039162765075,0.042250309760076134,0.038712644530940366,0.04230392827789649,0.04052113332649177
