,index,age,target_label,session_id,correct_or_not,target_label_prob,airplane_prob,bear_prob,bike_prob,bird_prob,boat_prob,bowl_prob,car_prob,cat_prob,chair_prob,couch_prob,cup_prob,dog_prob,fish_prob,frog_prob,house_prob,key_prob,person_prob,phone_prob,rabbit_prob,scissors_prob,sheep_prob,train_prob,tree_prob
0,1516,10,boat,run_v31532804263628,0.0,0.05389226687022838,0.047595893412804,0.03726785289990481,0.05360582711422949,0.035506177338323605,0.05389226687022838,0.06289126641931839,0.04472286152273748,0.03832883141162284,0.04390688699247925,0.056671118798705046,0.06125609759443028,0.038091481707488724,0.04073912754962776,0.037575217503848984,0.030008004849725524,0.037780542433105656,0.039244475173743645,0.03576857887469858,0.03408338602986744,0.03835461329033574,0.040036439436280234,0.050541773161113406,0.042131279615380705
