,index,age,target_label,session_id,correct_or_not,target_label_prob,airplane_prob,bear_prob,bike_prob,bird_prob,boat_prob,bowl_prob,car_prob,cat_prob,chair_prob,couch_prob,cup_prob,dog_prob,fish_prob,frog_prob,house_prob,key_prob,person_prob,phone_prob,rabbit_prob,scissors_prob,sheep_prob,train_prob,tree_prob
0,2198,6,bowl,run_v31530568471871,0.0,0.04698253898932615,0.04754347689554298,0.04528847999682636,0.044048887665609986,0.04032309633510909,0.04176494429622138,0.04698253898932615,0.04015894767110738,0.04264017922967008,0.03724295152934631,0.03675916178196274,0.04578406715947154,0.03914118384163892,0.04250203329749559,0.042141394407081825,0.04163822335490857,0.04527042683363446,0.041718313502553665,0.04394924964380257,0.04213075307762044,0.06286710562285759,0.0429826898172728,0.03929748128514013,0.047824413765799344
