,index,age,target_label,session_id,correct_or_not,target_label_prob,airplane_prob,bear_prob,bike_prob,bird_prob,boat_prob,bowl_prob,car_prob,cat_prob,chair_prob,couch_prob,cup_prob,dog_prob,fish_prob,frog_prob,house_prob,key_prob,person_prob,phone_prob,rabbit_prob,scissors_prob,sheep_prob,train_prob,tree_prob
0,5744,4,key,run_v41536428898104,0.0,0.05950683818797975,0.04136624372206352,0.044167695923709366,0.03826865270811136,0.039222991422452745,0.03919239951203941,0.04370739915970575,0.03863353010753253,0.03821020746803364,0.035514954069928384,0.04305732804131609,0.042702338205502795,0.043649891954164036,0.04719859242937494,0.047244229850215494,0.03556852922385912,0.05950683818797975,0.05904622677145061,0.03809699847000068,0.03766425354350038,0.060286667050258404,0.04410598387330308,0.043179960270433734,0.04040808803506404
