,index,age,target_label,session_id,correct_or_not,target_label_prob,airplane_prob,bear_prob,bike_prob,bird_prob,boat_prob,bowl_prob,car_prob,cat_prob,chair_prob,couch_prob,cup_prob,dog_prob,fish_prob,frog_prob,house_prob,key_prob,person_prob,phone_prob,rabbit_prob,scissors_prob,sheep_prob,train_prob,tree_prob
0,7655,2,sheep,run_v41536530024556,0.0,0.047061279688329495,0.04675580640879256,0.04192419294141687,0.03785960613857919,0.046136358970537465,0.04706661599703123,0.04806817597314277,0.03658391877354972,0.04855019566549914,0.03928930451899302,0.03765435859032496,0.0425922308059876,0.04668382710546979,0.05963399609689951,0.04769771234548532,0.037426041551705216,0.045103890708754334,0.04619754178860238,0.03612773895155696,0.03780364910583639,0.04942342176733263,0.047061279688329495,0.038823902806818175,0.03553623329935552
