,index,age,target_label,session_id,correct_or_not,target_label_prob,airplane_prob,bear_prob,bike_prob,bird_prob,boat_prob,bowl_prob,car_prob,cat_prob,chair_prob,couch_prob,cup_prob,dog_prob,fish_prob,frog_prob,house_prob,key_prob,person_prob,phone_prob,rabbit_prob,scissors_prob,sheep_prob,train_prob,tree_prob
0,1011,5,bike,run_v31528923599219,1.0,0.06128739602281198,0.03745890346602676,0.04325271759125676,0.06128739602281198,0.04640479464456624,0.04258457221615417,0.035881925317276624,0.04677396861898357,0.04335184876038014,0.046455742852050466,0.036836878508407334,0.044289366437138655,0.04024513321668585,0.04324819397936848,0.03974945993107177,0.04698572632496251,0.04288931192106486,0.04685884196890319,0.03912813808550906,0.04568457336577162,0.04544125946146983,0.03547650319839716,0.04500063575395125,0.044714108357791923
