,index,age,target_label,session_id,correct_or_not,target_label_prob,airplane_prob,bear_prob,bike_prob,bird_prob,boat_prob,bowl_prob,car_prob,cat_prob,chair_prob,couch_prob,cup_prob,dog_prob,fish_prob,frog_prob,house_prob,key_prob,person_prob,phone_prob,rabbit_prob,scissors_prob,sheep_prob,train_prob,tree_prob
0,1436,5,bird,run_v31528224599151,0.0,0.05453677022664302,0.04410592060803282,0.042269334064427434,0.04646936440050001,0.05453677022664302,0.04142311560732796,0.03532591488182554,0.03616963297366309,0.04888327738062869,0.04620598253151867,0.04045158897124883,0.03256002441403712,0.05034549196462258,0.054139082248016175,0.0399993248729893,0.038305899558669816,0.039459706090391636,0.054975145420070044,0.02699046284397038,0.0508660027918018,0.042222295831006645,0.05276397026077964,0.03748311292292294,0.044048579134905716
