,index,age,target_label,session_id,correct_or_not,target_label_prob,airplane_prob,bear_prob,bike_prob,bird_prob,boat_prob,bowl_prob,car_prob,cat_prob,chair_prob,couch_prob,cup_prob,dog_prob,fish_prob,frog_prob,house_prob,key_prob,person_prob,phone_prob,rabbit_prob,scissors_prob,sheep_prob,train_prob,tree_prob
0,5812,5,key,run_v41541616048489,0.0,0.044881371827441605,0.04771401127284127,0.04486948221661756,0.05169898122168331,0.04000389984042794,0.03449023384742768,0.04226238289183261,0.04728710492754963,0.04752994261455347,0.03450186881403968,0.04961956479647586,0.041323873509946624,0.04068093331844058,0.047271147581471426,0.04067874777105777,0.03784920528958641,0.044881371827441605,0.04595757400592179,0.040590154148723294,0.044812984423759555,0.046134042293810386,0.04354160966743722,0.04113118753152538,0.0451696961874291
