,index,age,target_label,session_id,correct_or_not,target_label_prob,airplane_prob,bear_prob,bike_prob,bird_prob,boat_prob,bowl_prob,car_prob,cat_prob,chair_prob,couch_prob,cup_prob,dog_prob,fish_prob,frog_prob,house_prob,key_prob,person_prob,phone_prob,rabbit_prob,scissors_prob,sheep_prob,train_prob,tree_prob
0,5081,5,frog,run_v41536437655795,0.0,0.044293373456590616,0.038802803613935746,0.04292713788794518,0.04406115358282162,0.03833006070114308,0.0385048252127347,0.041128540621064365,0.03846664632149076,0.03764936136471491,0.043753878818580276,0.040431072489519326,0.04899881517898022,0.046135711319119956,0.038496219269610756,0.044293373456590616,0.035883783159373225,0.05507447049322921,0.043011018267805214,0.045220981011575706,0.04401948352063685,0.0569169449160172,0.044013179773900284,0.04143060831275261,0.0524499307064581
