,index,age,target_label,session_id,correct_or_not,target_label_prob,airplane_prob,bear_prob,bike_prob,bird_prob,boat_prob,bowl_prob,car_prob,cat_prob,chair_prob,couch_prob,cup_prob,dog_prob,fish_prob,frog_prob,house_prob,key_prob,person_prob,phone_prob,rabbit_prob,scissors_prob,sheep_prob,train_prob,tree_prob
0,1755,7,boat,run_v31534720323484,0.0,0.055203343416467,0.04088948650536754,0.03989435267421029,0.04455274248414568,0.03837958762675167,0.055203343416467,0.03701084845943518,0.05062558268744974,0.04219256586347684,0.03867944913698013,0.03437377197920596,0.040281213821568504,0.03510965223579876,0.035359815497445865,0.036575801786098754,0.05877246801359637,0.045409463663508544,0.05832688733405509,0.04830218507952644,0.041467594036918534,0.04253803937303569,0.03330771766390485,0.04808314088023596,0.05466428978081657
