,index,age,target_label,session_id,correct_or_not,target_label_prob,airplane_prob,bear_prob,bike_prob,bird_prob,boat_prob,bowl_prob,car_prob,cat_prob,chair_prob,couch_prob,cup_prob,dog_prob,fish_prob,frog_prob,house_prob,key_prob,person_prob,phone_prob,rabbit_prob,scissors_prob,sheep_prob,train_prob,tree_prob
0,7051,5,rabbit,run_v31531868257542,1.0,0.07259105033541256,0.03405811093755967,0.06515730471858541,0.039662863284481674,0.04495567438873994,0.030567983894871423,0.036912016054710554,0.04671389074600167,0.05272539579999201,0.040634066339573977,0.032757552159079426,0.03771861510192503,0.047089470977870675,0.06022015293758084,0.05008498901897706,0.037256469246218823,0.043343731146463664,0.03582299700496992,0.038952986840882414,0.07259105033541256,0.04655255007024037,0.03632830671561964,0.034909478032242446,0.034984344248000905
