,index,age,target_label,session_id,correct_or_not,target_label_prob,airplane_prob,bear_prob,bike_prob,bird_prob,boat_prob,bowl_prob,car_prob,cat_prob,chair_prob,couch_prob,cup_prob,dog_prob,fish_prob,frog_prob,house_prob,key_prob,person_prob,phone_prob,rabbit_prob,scissors_prob,sheep_prob,train_prob,tree_prob
0,208,8,airplane,run_v31531693363638,0.0,0.0540998262036528,0.0540998262036528,0.03818089507571058,0.060117961469048437,0.04465460128513186,0.04849839969681095,0.04055290057616775,0.04142803300224291,0.04885952365060229,0.05038678795867623,0.05153382357247865,0.04799928581809932,0.045845595832246344,0.052704591002676285,0.03530467602382509,0.025996856461371277,0.045987378948910945,0.028970609723977428,0.027799462299071168,0.041456613119877354,0.05086810799644375,0.036141908547565556,0.04980162189247167,0.03281053984294145
