,index,age,target_label,session_id,correct_or_not,target_label_prob,airplane_prob,bear_prob,bike_prob,bird_prob,boat_prob,bowl_prob,car_prob,cat_prob,chair_prob,couch_prob,cup_prob,dog_prob,fish_prob,frog_prob,house_prob,key_prob,person_prob,phone_prob,rabbit_prob,scissors_prob,sheep_prob,train_prob,tree_prob
0,5145,6,frog,run_v41537641718492,0.0,0.04779978225821482,0.03934223975808378,0.05004889764096369,0.047841677666086616,0.05605078792313138,0.0401206063670731,0.03327533918485677,0.048722584686282405,0.04797662904048783,0.03881862934030224,0.036561085863054794,0.037929043091161935,0.04861493159146061,0.052377516421249916,0.04779978225821482,0.03719603934633149,0.044256457689972696,0.03965811562009669,0.038263342769790425,0.04125307067881051,0.04053047780796115,0.050382345675953025,0.04328086455701291,0.03969953502166127
