,index,age,target_label,session_id,correct_or_not,target_label_prob,airplane_prob,bear_prob,bike_prob,bird_prob,boat_prob,bowl_prob,car_prob,cat_prob,chair_prob,couch_prob,cup_prob,dog_prob,fish_prob,frog_prob,house_prob,key_prob,person_prob,phone_prob,rabbit_prob,scissors_prob,sheep_prob,train_prob,tree_prob
0,1794,6,boat,run_v31533425697511,0.0,0.04878318803661495,0.039653574085584266,0.044006594467786334,0.0403111793450813,0.038566679405496636,0.04878318803661495,0.060187621248983955,0.05050470344590722,0.03917442854072975,0.04201178355271173,0.04110949709745597,0.04649696142930321,0.043659055714240814,0.04363151677446615,0.044341432755717926,0.04222998563366573,0.04770638500206377,0.04112770350957743,0.0410079619745339,0.03968130723177203,0.03825793587042789,0.04298573832333246,0.04281663729967917,0.041748129254867455
