,index,age,target_label,session_id,correct_or_not,target_label_prob,airplane_prob,bear_prob,bike_prob,bird_prob,boat_prob,bowl_prob,car_prob,cat_prob,chair_prob,couch_prob,cup_prob,dog_prob,fish_prob,frog_prob,house_prob,key_prob,person_prob,phone_prob,rabbit_prob,scissors_prob,sheep_prob,train_prob,tree_prob
0,2250,4,bowl,run_v31530556401391,0.0,0.05277886967199693,0.042262168158656285,0.046488965985488025,0.055084977726372324,0.04516377289087937,0.03855193857415165,0.05277886967199693,0.05207544475193986,0.04092405794840029,0.04264344147866142,0.037593876442275,0.05311087975390541,0.04098732097895061,0.05831026678321836,0.04076776257153825,0.037537151126803246,0.04372755657707466,0.04102025252471894,0.03200393391315058,0.0392612552569666,0.03636659813134252,0.040103855984887284,0.04481426522169199,0.03842138754693035
