,index,age,target_label,session_id,correct_or_not,target_label_prob,airplane_prob,bear_prob,bike_prob,bird_prob,boat_prob,bowl_prob,car_prob,cat_prob,chair_prob,couch_prob,cup_prob,dog_prob,fish_prob,frog_prob,house_prob,key_prob,person_prob,phone_prob,rabbit_prob,scissors_prob,sheep_prob,train_prob,tree_prob
0,2535,5,car,run_v31534521600210,0.0,0.0636894079797319,0.04650862160192352,0.052544770552719285,0.03561091516016656,0.03427918588344676,0.03916235829986868,0.03638110063947653,0.0636894079797319,0.035986076626194664,0.03936744995079607,0.054288762816459266,0.03771667299157728,0.04385484433113868,0.041125196446431846,0.03396916418438212,0.0294904589697129,0.028100944275211693,0.04191215805841199,0.0550090529432814,0.046893468654613926,0.03939848150199259,0.04541961273742915,0.07854768665152756,0.04074360874350541
