,index,age,target_label,session_id,correct_or_not,target_label_prob,airplane_prob,bear_prob,bike_prob,bird_prob,boat_prob,bowl_prob,car_prob,cat_prob,chair_prob,couch_prob,cup_prob,dog_prob,fish_prob,frog_prob,house_prob,key_prob,person_prob,phone_prob,rabbit_prob,scissors_prob,sheep_prob,train_prob,tree_prob
0,1650,5,boat,run_v31532466446992,1.0,0.07218384970947897,0.04508642196256069,0.039533821362591405,0.03522550730858508,0.03984700500805053,0.07218384970947897,0.07080001018988348,0.03758720430263061,0.03809886449920541,0.03764075564143846,0.04455619509271078,0.0512430956127391,0.0386988556585153,0.04649397242396658,0.036952988576905016,0.038605843644622065,0.03789782439458752,0.037990039529660964,0.046446128533487265,0.04166455405147989,0.04035992022181338,0.04160153301131043,0.041248981916133694,0.0402366273476434
