,index,age,target_label,session_id,correct_or_not,target_label_prob,airplane_prob,bear_prob,bike_prob,bird_prob,boat_prob,bowl_prob,car_prob,cat_prob,chair_prob,couch_prob,cup_prob,dog_prob,fish_prob,frog_prob,house_prob,key_prob,person_prob,phone_prob,rabbit_prob,scissors_prob,sheep_prob,train_prob,tree_prob
0,3645,4,couch,run_v31528580999095,0.0,0.060291841242236306,0.0360335791408831,0.03999544573612499,0.042680898827785294,0.043265232309401644,0.028612437850965313,0.0389803533448315,0.043859052127386354,0.04270689101181248,0.04526041790923832,0.060291841242236306,0.04365078952825906,0.0403972816094424,0.03602735323748301,0.041198475345661706,0.07751256133414587,0.041030263265868755,0.046839494882806844,0.04316614565680569,0.04353747098884226,0.03688132153577903,0.04676004922286131,0.04224615091261573,0.03906649297876314
