,index,age,target_label,session_id,correct_or_not,target_label_prob,airplane_prob,bear_prob,bike_prob,bird_prob,boat_prob,bowl_prob,car_prob,cat_prob,chair_prob,couch_prob,cup_prob,dog_prob,fish_prob,frog_prob,house_prob,key_prob,person_prob,phone_prob,rabbit_prob,scissors_prob,sheep_prob,train_prob,tree_prob
0,4946,2,frog,run_v41541877298788,0.0,0.053790226027831074,0.03468339432406091,0.045704631624039614,0.03255291303675281,0.04376947051892081,0.0405979138612402,0.04232117006649416,0.0561634364257692,0.04603083567862796,0.042153402250777454,0.045678050153819254,0.04069219485790078,0.0468123792236876,0.04319546712218392,0.053790226027831074,0.04107868776004255,0.043225187597120567,0.04105874004410596,0.038810275487924185,0.04124334555145575,0.0420650228274552,0.05645474984194169,0.04104761927705398,0.0408708864407941
