,index,age,target_label,session_id,correct_or_not,target_label_prob,airplane_prob,bear_prob,bike_prob,bird_prob,boat_prob,bowl_prob,car_prob,cat_prob,chair_prob,couch_prob,cup_prob,dog_prob,fish_prob,frog_prob,house_prob,key_prob,person_prob,phone_prob,rabbit_prob,scissors_prob,sheep_prob,train_prob,tree_prob
0,4968,3,frog,run_v41540071870507,0.0,0.04696500321375015,0.042280931198649854,0.04028281415824653,0.04100296813168495,0.053412562025808685,0.040455896309368376,0.03720503648125617,0.04715050653756193,0.040961353724440965,0.03585166064074803,0.039194688720278224,0.034029432418233814,0.05492489357775679,0.05144932328406306,0.04696500321375015,0.03949533837351283,0.048928400166235744,0.047859883376545446,0.035337391103184145,0.038360008334730515,0.0385147578542263,0.05499177193427003,0.04768163840524073,0.043663740030206656
