,index,age,target_label,session_id,correct_or_not,target_label_prob,airplane_prob,bear_prob,bike_prob,bird_prob,boat_prob,bowl_prob,car_prob,cat_prob,chair_prob,couch_prob,cup_prob,dog_prob,fish_prob,frog_prob,house_prob,key_prob,person_prob,phone_prob,rabbit_prob,scissors_prob,sheep_prob,train_prob,tree_prob
0,7163,7,rabbit,run_v31530486723560,1.0,0.06816996882050937,0.04116085095798853,0.041940753372557246,0.043437265671808376,0.044551236923476296,0.04523666902056992,0.04225909769806802,0.04181880912364959,0.04538285159909247,0.03248421045621825,0.0367897846129489,0.03709312549286023,0.045079315943088276,0.042910101258881936,0.043211300418473764,0.035832736016781074,0.05583398626349823,0.048944445101205124,0.04699534316139479,0.06816996882050937,0.03838389801131865,0.035161158995067505,0.039974857115351654,0.04734823396519173
