,index,age,target_label,session_id,correct_or_not,target_label_prob,airplane_prob,bear_prob,bike_prob,bird_prob,boat_prob,bowl_prob,car_prob,cat_prob,chair_prob,couch_prob,cup_prob,dog_prob,fish_prob,frog_prob,house_prob,key_prob,person_prob,phone_prob,rabbit_prob,scissors_prob,sheep_prob,train_prob,tree_prob
0,5416,3,house,run_v31533754742579,0.0,0.0414028163564698,0.037451778521631174,0.03885677686275459,0.04076965583963826,0.04159655101191145,0.03689074271284233,0.04195875990093907,0.038884619235577456,0.04061401803873053,0.046773651299455696,0.0548055118161592,0.05319819375572242,0.03806760070250067,0.039714092988935884,0.04339291490675482,0.0414028163564698,0.037206288071665095,0.03957193205806952,0.07133893505713869,0.04225592747517143,0.03419943765853345,0.042282328738955835,0.05170663946545512,0.047060827524987456
