,index,age,target_label,session_id,correct_or_not,target_label_prob,airplane_prob,bear_prob,bike_prob,bird_prob,boat_prob,bowl_prob,car_prob,cat_prob,chair_prob,couch_prob,cup_prob,dog_prob,fish_prob,frog_prob,house_prob,key_prob,person_prob,phone_prob,rabbit_prob,scissors_prob,sheep_prob,train_prob,tree_prob
0,6360,4,person,run_v31534116098865,1.0,0.06505763888020494,0.04779324459970993,0.04561851438011879,0.049258475425883796,0.05143598902395713,0.041914617015303704,0.04199159241511927,0.041956034483964656,0.04269561202310571,0.035829878323895815,0.03756714907383197,0.042050767150585734,0.04722053257696917,0.04838152528846597,0.04528348892863407,0.03756144841356034,0.041408245453168,0.06505763888020494,0.03349830746729495,0.03930044961975941,0.04288124018763639,0.040566645821832795,0.04154237961704072,0.03918622382995698
