,index,age,target_label,session_id,correct_or_not,target_label_prob,airplane_prob,bear_prob,bike_prob,bird_prob,boat_prob,bowl_prob,car_prob,cat_prob,chair_prob,couch_prob,cup_prob,dog_prob,fish_prob,frog_prob,house_prob,key_prob,person_prob,phone_prob,rabbit_prob,scissors_prob,sheep_prob,train_prob,tree_prob
0,8005,3,train,run_v41538850484194,0.0,0.05251742469558278,0.04255819694249583,0.04242058245283182,0.04090538609096937,0.052130487729906076,0.04652684059325003,0.03707755066376124,0.04388165506350223,0.04469327772178758,0.03550306558155364,0.04227234026140726,0.03888592339935424,0.050346502407648215,0.04340553291125176,0.046148637230227406,0.04115663154252575,0.042080091381811624,0.045023790128039275,0.0365651242441898,0.042090753079638686,0.03375690201511309,0.056536844124892426,0.05251742469558278,0.043516459738259544
