,index,age,target_label,session_id,correct_or_not,target_label_prob,airplane_prob,bear_prob,bike_prob,bird_prob,boat_prob,bowl_prob,car_prob,cat_prob,chair_prob,couch_prob,cup_prob,dog_prob,fish_prob,frog_prob,house_prob,key_prob,person_prob,phone_prob,rabbit_prob,scissors_prob,sheep_prob,train_prob,tree_prob
0,7622,6,sheep,run_v41537041579854,0.0,0.06034580006020699,0.037444437044322175,0.04087434196786092,0.041243856593749524,0.04472203256020145,0.04136096770957215,0.03415926697291447,0.04494758572378817,0.04865145107593257,0.04593857212024022,0.04120979902088271,0.03665724495212653,0.051100988723531277,0.03836394803746324,0.05048785084161739,0.04002565703230333,0.04153727279034898,0.03247236100307384,0.034972488859342926,0.047362425436126086,0.041556191010968316,0.06034580006020699,0.06286114719870128,0.04170431326472531
