,index,age,target_label,session_id,correct_or_not,target_label_prob,airplane_prob,bear_prob,bike_prob,bird_prob,boat_prob,bowl_prob,car_prob,cat_prob,chair_prob,couch_prob,cup_prob,dog_prob,fish_prob,frog_prob,house_prob,key_prob,person_prob,phone_prob,rabbit_prob,scissors_prob,sheep_prob,train_prob,tree_prob
0,3461,8,couch,run_v31531779637393,0.0,0.05249272593443433,0.04714124883699201,0.03830668688447879,0.04718741690786109,0.03994926411202732,0.045404386651338786,0.037197532863505425,0.05534690348838066,0.045095865514545884,0.046005013382239585,0.05249272593443433,0.04706314303710648,0.037463389134519895,0.045852655516925696,0.03979289884736628,0.0350868484720807,0.04040414053407958,0.03815155336779723,0.05307238788119439,0.04271876964569589,0.036525793985349574,0.03954331277374203,0.055205774004438976,0.034992288223899465
