,index,age,target_label,session_id,correct_or_not,target_label_prob,airplane_prob,bear_prob,bike_prob,bird_prob,boat_prob,bowl_prob,car_prob,cat_prob,chair_prob,couch_prob,cup_prob,dog_prob,fish_prob,frog_prob,house_prob,key_prob,person_prob,phone_prob,rabbit_prob,scissors_prob,sheep_prob,train_prob,tree_prob
0,2830,8,cat,run_v41541372903587,0.0,0.044875852251668596,0.03930269254050308,0.04991352266821065,0.04548622090146758,0.0461825502856455,0.033400495047145914,0.03890366253823904,0.0513935032960865,0.044875852251668596,0.036500231162029856,0.04106934699876776,0.03816144871279397,0.05129647448117697,0.037886430584228074,0.048531936224971775,0.037378828797063536,0.0441083899262694,0.037282292860448374,0.03769281074095311,0.05930606818274396,0.0474308411147418,0.05006377052822215,0.04164316852249423,0.042189461634128046
