,index,age,target_label,session_id,correct_or_not,target_label_prob,airplane_prob,bear_prob,bike_prob,bird_prob,boat_prob,bowl_prob,car_prob,cat_prob,chair_prob,couch_prob,cup_prob,dog_prob,fish_prob,frog_prob,house_prob,key_prob,person_prob,phone_prob,rabbit_prob,scissors_prob,sheep_prob,train_prob,tree_prob
0,298,5,airplane,run_v31531432311575,0.0,0.047218192841300265,0.047218192841300265,0.04901916924896077,0.04061883277452073,0.05075656717994171,0.04816362783336023,0.03708325954658672,0.03918090566327486,0.04582964278928935,0.040883848602443755,0.04018913553519264,0.040550516955196646,0.042754637600077174,0.04976243415235922,0.045447378787948,0.039780894282242615,0.040736073134573794,0.050360808245760544,0.04177866463033911,0.04207653647617899,0.04179023509336418,0.03983995692208345,0.0402616868282866,0.04591699487671874
