,index,age,target_label,session_id,correct_or_not,target_label_prob,airplane_prob,bear_prob,bike_prob,bird_prob,boat_prob,bowl_prob,car_prob,cat_prob,chair_prob,couch_prob,cup_prob,dog_prob,fish_prob,frog_prob,house_prob,key_prob,person_prob,phone_prob,rabbit_prob,scissors_prob,sheep_prob,train_prob,tree_prob
0,5221,7,frog,run_v41540492433867,0.0,0.05552366075181408,0.04432605750927846,0.04434902534053084,0.03497484931318344,0.04619055713343006,0.03831201729260207,0.033961306246376596,0.04419876251893716,0.046339758074035314,0.0394863566892793,0.04250865332630935,0.03830924243511405,0.0432471177257074,0.04007386625702957,0.05552366075181408,0.04409574198690298,0.046597615240534414,0.05621978975431669,0.042849923031976316,0.03705923373062203,0.038928470605319516,0.05292900311199932,0.04480531558119239,0.04471367634350837
