,index,age,target_label,session_id,correct_or_not,target_label_prob,airplane_prob,bear_prob,bike_prob,bird_prob,boat_prob,bowl_prob,car_prob,cat_prob,chair_prob,couch_prob,cup_prob,dog_prob,fish_prob,frog_prob,house_prob,key_prob,person_prob,phone_prob,rabbit_prob,scissors_prob,sheep_prob,train_prob,tree_prob
0,5971,5,key,run_v41542056365807,0.0,0.05800025262243068,0.037447937475705226,0.043242229031441634,0.03493131432219694,0.04528913653257183,0.038915475853373675,0.04541098320821975,0.04143277869524227,0.04189895402788373,0.038408264592087675,0.04488143708950413,0.056876156541817414,0.04551759312829927,0.049344759154603055,0.06081743790827565,0.029283183206932174,0.05800025262243068,0.04004348823341665,0.059176548528923296,0.03728849079223393,0.04117203402316933,0.03356852764069,0.038615064840155665,0.03843795255082598
