,index,age,target_label,session_id,correct_or_not,target_label_prob,airplane_prob,bear_prob,bike_prob,bird_prob,boat_prob,bowl_prob,car_prob,cat_prob,chair_prob,couch_prob,cup_prob,dog_prob,fish_prob,frog_prob,house_prob,key_prob,person_prob,phone_prob,rabbit_prob,scissors_prob,sheep_prob,train_prob,tree_prob
0,3635,7,couch,run_v31528065927196,1.0,0.07010463548407159,0.04369197601670025,0.040962940360609275,0.04184843661927652,0.03806306783991944,0.053305786760639774,0.03156086246584645,0.039832672025116894,0.03868744661400131,0.06257573454154768,0.07010463548407159,0.04398531549628437,0.03951867549669098,0.041361573879009475,0.03989497144467461,0.057077362334065726,0.04012947322824869,0.036624577266848354,0.04705869049604255,0.03859703944994764,0.03417225858404327,0.040911377633592066,0.04430920268713869,0.03572592327568441
