,index,age,target_label,session_id,correct_or_not,target_label_prob,airplane_prob,bear_prob,bike_prob,bird_prob,boat_prob,bowl_prob,car_prob,cat_prob,chair_prob,couch_prob,cup_prob,dog_prob,fish_prob,frog_prob,house_prob,key_prob,person_prob,phone_prob,rabbit_prob,scissors_prob,sheep_prob,train_prob,tree_prob
0,6086,4,person,run_v31534371519519,0.0,0.04452577125417851,0.044861633573586676,0.05098066910457844,0.041227357308590125,0.05253048836321465,0.042263887461395706,0.04103811227993596,0.039263024004673595,0.043917666063388545,0.041855642421253426,0.03606282628870712,0.04425497452002505,0.0426728659783884,0.04446085421419808,0.045130721832238825,0.039585220134166606,0.04223990489209969,0.04452577125417851,0.03606076073983192,0.048746234620359735,0.04307981656632911,0.039942840622594095,0.03969216606854441,0.0556065616877214
