,index,age,target_label,session_id,correct_or_not,target_label_prob,airplane_prob,bear_prob,bike_prob,bird_prob,boat_prob,bowl_prob,car_prob,cat_prob,chair_prob,couch_prob,cup_prob,dog_prob,fish_prob,frog_prob,house_prob,key_prob,person_prob,phone_prob,rabbit_prob,scissors_prob,sheep_prob,train_prob,tree_prob
0,2218,7,bowl,run_v31531769584349,1.0,0.06353588960822316,0.037660241322862255,0.05206869082178426,0.0413281586974671,0.03613208899868051,0.04447040133758448,0.06353588960822316,0.047677861975790145,0.03775091284757482,0.04059073979061929,0.037703281854386705,0.04159784331166749,0.040097818329686744,0.04614986398961889,0.04631437620175996,0.03806005592086089,0.04334236374313828,0.04256752666744829,0.0439430168852718,0.044229084355510435,0.0446539822292515,0.04306600776920937,0.03993619989694816,0.04712359344465556
