,index,age,target_label,session_id,correct_or_not,target_label_prob,airplane_prob,bear_prob,bike_prob,bird_prob,boat_prob,bowl_prob,car_prob,cat_prob,chair_prob,couch_prob,cup_prob,dog_prob,fish_prob,frog_prob,house_prob,key_prob,person_prob,phone_prob,rabbit_prob,scissors_prob,sheep_prob,train_prob,tree_prob
0,391,8,bear,run_v41540077082262,1.0,0.06712702543354081,0.03778281244424736,0.06712702543354081,0.04290439822622624,0.04766248337631053,0.039404277815516406,0.03797572095455067,0.03931280620527123,0.045176065050879545,0.0394593086757717,0.037526979659947085,0.03745070797166934,0.043398560315511606,0.04117842251709375,0.057122774827270205,0.034625170286619635,0.04168162210349461,0.06331515526108522,0.03573757372234413,0.04876154188011755,0.0413064307813614,0.0444488389641072,0.03751815796891967,0.03912316555814407
