,index,age,target_label,session_id,correct_or_not,target_label_prob,airplane_prob,bear_prob,bike_prob,bird_prob,boat_prob,bowl_prob,car_prob,cat_prob,chair_prob,couch_prob,cup_prob,dog_prob,fish_prob,frog_prob,house_prob,key_prob,person_prob,phone_prob,rabbit_prob,scissors_prob,sheep_prob,train_prob,tree_prob
0,8426,6,tree,run_v31534462048848,1.0,0.06120377797429912,0.04219028258915963,0.041102874229375745,0.041897748795688534,0.04375106717834944,0.045618157158687375,0.03666537110450094,0.04106150192409592,0.03829688757509823,0.04880269688512377,0.041765243145576204,0.04696789500107121,0.0394848881111515,0.038723280770192416,0.03904791955378165,0.0389312691893157,0.04789254132149308,0.051869403908526124,0.04390846763856858,0.04549060129379773,0.04307700639039725,0.03965041644186474,0.04260070181988503,0.06120377797429912
