,index,age,target_label,session_id,correct_or_not,target_label_prob,airplane_prob,bear_prob,bike_prob,bird_prob,boat_prob,bowl_prob,car_prob,cat_prob,chair_prob,couch_prob,cup_prob,dog_prob,fish_prob,frog_prob,house_prob,key_prob,person_prob,phone_prob,rabbit_prob,scissors_prob,sheep_prob,train_prob,tree_prob
0,130,6,airplane,run_v31528671848731,0.0,0.061756521496049085,0.061756521496049085,0.03937212100757777,0.04223116862733033,0.04380423949761376,0.057321680295672826,0.03688391585857897,0.043089587617945665,0.04092827387296453,0.04884574888283093,0.06443397693415079,0.0362464705906713,0.04046236430221533,0.04978252511127805,0.04007124817111687,0.03726244661139888,0.03858794251308212,0.038819819690246116,0.029711092519716004,0.045221601680659876,0.0410057591932325,0.0393946423783938,0.043316361721835554,0.041450491425438905
