,index,age,target_label,session_id,correct_or_not,target_label_prob,airplane_prob,bear_prob,bike_prob,bird_prob,boat_prob,bowl_prob,car_prob,cat_prob,chair_prob,couch_prob,cup_prob,dog_prob,fish_prob,frog_prob,house_prob,key_prob,person_prob,phone_prob,rabbit_prob,scissors_prob,sheep_prob,train_prob,tree_prob
0,801,5,bike,run_v31529442599223,1.0,0.08731368765711547,0.05101703047089058,0.03873674533260943,0.08731368765711547,0.04136383603623983,0.042011223947627345,0.031417786963263986,0.05475387404363388,0.05235005967110032,0.03592809580315943,0.0327840773667927,0.039156014674063426,0.04135604758906648,0.049703917038355666,0.037076877615891034,0.03569718117393969,0.04562437858256304,0.034702306575823655,0.034893146909690954,0.03755223315306036,0.050134640393864775,0.043798278726747526,0.04624017921725853,0.03638838105724182
