,index,age,target_label,session_id,correct_or_not,target_label_prob,airplane_prob,bear_prob,bike_prob,bird_prob,boat_prob,bowl_prob,car_prob,cat_prob,chair_prob,couch_prob,cup_prob,dog_prob,fish_prob,frog_prob,house_prob,key_prob,person_prob,phone_prob,rabbit_prob,scissors_prob,sheep_prob,train_prob,tree_prob
0,7693,2,sheep,run_v41539723141116,0.0,0.051472945331020974,0.05554863964518805,0.037203356317860384,0.04159288937655782,0.04344403565378144,0.04349491445060001,0.03170459094871792,0.04658937637104139,0.03892237718541069,0.03348620049140386,0.047350256707896214,0.04210348145103328,0.04930236231995034,0.052326945153012734,0.04452024939922097,0.043629095059791005,0.04924976673452548,0.03715241050465132,0.035629108449626516,0.03740180035248158,0.03966280922332035,0.051472945331020974,0.05115133733890994,0.047061051533997464
