,index,age,target_label,session_id,correct_or_not,target_label_prob,airplane_prob,bear_prob,bike_prob,bird_prob,boat_prob,bowl_prob,car_prob,cat_prob,chair_prob,couch_prob,cup_prob,dog_prob,fish_prob,frog_prob,house_prob,key_prob,person_prob,phone_prob,rabbit_prob,scissors_prob,sheep_prob,train_prob,tree_prob
0,3513,8,couch,run_v31532111494633,1.0,0.09969274118203854,0.028022369387406793,0.035105537930580556,0.030172139050240188,0.037722043208032546,0.039906531594955004,0.029303283633942735,0.0320791889847819,0.03792253091045941,0.0796191236089296,0.09969274118203854,0.03505432935946945,0.04069789117647386,0.035574476360485156,0.031779741030241074,0.07036069952895678,0.04077993423409645,0.037010365559593375,0.03966373817021904,0.042908422050228275,0.0327194851102535,0.03891039265732469,0.06547206555771497,0.03952296971357615
