,index,age,target_label,session_id,correct_or_not,target_label_prob,airplane_prob,bear_prob,bike_prob,bird_prob,boat_prob,bowl_prob,car_prob,cat_prob,chair_prob,couch_prob,cup_prob,dog_prob,fish_prob,frog_prob,house_prob,key_prob,person_prob,phone_prob,rabbit_prob,scissors_prob,sheep_prob,train_prob,tree_prob
0,8185,2,train,run_v41537295043794,0.0,0.048710777810850196,0.03859089452729269,0.03927050996802529,0.03914462043844433,0.03553115618203094,0.03801561567023213,0.050948010041724875,0.03435177493592541,0.04399169750559043,0.050672497323050646,0.038716268370986795,0.04845418242684261,0.042443391265809205,0.03853221483327765,0.04506083819664789,0.030946142001120894,0.04723470977366985,0.04026995602955433,0.047056352703943184,0.03848869686103687,0.0763351821700852,0.04449925987266789,0.048710777810850196,0.042735251091191015
