,index,age,target_label,session_id,correct_or_not,target_label_prob,airplane_prob,bear_prob,bike_prob,bird_prob,boat_prob,bowl_prob,car_prob,cat_prob,chair_prob,couch_prob,cup_prob,dog_prob,fish_prob,frog_prob,house_prob,key_prob,person_prob,phone_prob,rabbit_prob,scissors_prob,sheep_prob,train_prob,tree_prob
0,6113,4,person,run_v31532559711223,0.0,0.05173355847133515,0.037549570956340594,0.06431742636852762,0.0387852764482706,0.04716842107413742,0.042348194885243794,0.03996364335973209,0.039213671159902125,0.04651983158561851,0.040997789726961685,0.04615977391252226,0.037814341361902176,0.0454750758057494,0.03551649307855751,0.057442690042215375,0.03589109038286063,0.03690154352985516,0.05173355847133515,0.0377121848582641,0.04454146077663325,0.035898784449094445,0.05017508545990896,0.04141720389722733,0.04645688840913982
