,index,age,target_label,session_id,correct_or_not,target_label_prob,airplane_prob,bear_prob,bike_prob,bird_prob,boat_prob,bowl_prob,car_prob,cat_prob,chair_prob,couch_prob,cup_prob,dog_prob,fish_prob,frog_prob,house_prob,key_prob,person_prob,phone_prob,rabbit_prob,scissors_prob,sheep_prob,train_prob,tree_prob
0,7737,4,sheep,run_v41541370157908,0.0,0.051091890420987864,0.03780706966602602,0.04183309948323006,0.03321305875847418,0.044033044507401226,0.0409383695680532,0.04435752212348878,0.03421065456844655,0.0484220893063324,0.042737077316157945,0.039317388698860374,0.04071092616250824,0.043780624817498365,0.03903336515178009,0.04535005328284907,0.04054959189549112,0.04574639580304021,0.05481103960565007,0.042296016582922084,0.04161427233578729,0.04949549907464767,0.051091890420987864,0.04586504761853426,0.05278590325183309
