,index,age,target_label,session_id,correct_or_not,target_label_prob,airplane_prob,bear_prob,bike_prob,bird_prob,boat_prob,bowl_prob,car_prob,cat_prob,chair_prob,couch_prob,cup_prob,dog_prob,fish_prob,frog_prob,house_prob,key_prob,person_prob,phone_prob,rabbit_prob,scissors_prob,sheep_prob,train_prob,tree_prob
0,6286,10,person,run_v31534453922980,0.0,0.05196917217625811,0.04040595968382276,0.053941186874065086,0.04103635217909306,0.05074244500094979,0.041828478996699205,0.03659073464885334,0.03999107819340017,0.045035839931240974,0.040105902115147196,0.033906492031388014,0.03528592583704536,0.04616361948144119,0.037940003246562284,0.05316946229302369,0.03941575808644101,0.049682581267583084,0.05196917217625811,0.03221889019360468,0.04965051893013265,0.04065103647751736,0.05500766021755037,0.037526065340233554,0.04773483679794704
