,index,age,target_label,session_id,correct_or_not,target_label_prob,airplane_prob,bear_prob,bike_prob,bird_prob,boat_prob,bowl_prob,car_prob,cat_prob,chair_prob,couch_prob,cup_prob,dog_prob,fish_prob,frog_prob,house_prob,key_prob,person_prob,phone_prob,rabbit_prob,scissors_prob,sheep_prob,train_prob,tree_prob
0,6951,3,rabbit,run_v31528501799028,0.0,0.04033282452907369,0.03843485191306159,0.051798369500947926,0.03764216265906829,0.04281383074477058,0.044149939704695385,0.042968891840804525,0.04508102533488689,0.043574774127619356,0.03976919549339932,0.03767173947712682,0.042808646013312655,0.04285500181404882,0.04619358124103649,0.04859069701913268,0.046608918338388136,0.03925733717983403,0.04598293074423207,0.04637353216609217,0.04033282452907369,0.04087026431207194,0.04602924165387111,0.04300515216442526,0.04718709202810019
