,index,age,target_label,session_id,correct_or_not,target_label_prob,airplane_prob,bear_prob,bike_prob,bird_prob,boat_prob,bowl_prob,car_prob,cat_prob,chair_prob,couch_prob,cup_prob,dog_prob,fish_prob,frog_prob,house_prob,key_prob,person_prob,phone_prob,rabbit_prob,scissors_prob,sheep_prob,train_prob,tree_prob
0,5879,8,key,run_v41541792446475,1.0,0.06907190904513717,0.039975997744830814,0.0405108542734638,0.038074306317036774,0.04139541427608872,0.03856558899781923,0.04927547926822344,0.04302664416337956,0.04267347679280008,0.04130864642871321,0.038808336693677885,0.05243081425312789,0.03957442979872566,0.04583185347679851,0.043740141803994825,0.03737032697599795,0.06907190904513717,0.03298910540603167,0.04846853312377524,0.047426950546290314,0.05848599809726039,0.03590135525774067,0.037994340141566,0.03709949711752013
