,index,age,target_label,session_id,correct_or_not,target_label_prob,airplane_prob,bear_prob,bike_prob,bird_prob,boat_prob,bowl_prob,car_prob,cat_prob,chair_prob,couch_prob,cup_prob,dog_prob,fish_prob,frog_prob,house_prob,key_prob,person_prob,phone_prob,rabbit_prob,scissors_prob,sheep_prob,train_prob,tree_prob
0,7703,2,sheep,run_v41541185026142,0.0,0.04666586273416488,0.04859750425306115,0.040439743882001375,0.050745172714219085,0.04075422253955643,0.046653948605475094,0.040049812335415484,0.03959488866571968,0.043607683628471054,0.030976982517154614,0.039621691340466315,0.048915925100791714,0.045799912696465904,0.048455587075388114,0.04403013786649314,0.0446538685847189,0.03848366355376511,0.042010422462752946,0.04786045669146065,0.039783230644436576,0.044568900587883514,0.04666586273416488,0.042402980193469636,0.0453274013266688
