,index,age,target_label,session_id,correct_or_not,target_label_prob,airplane_prob,bear_prob,bike_prob,bird_prob,boat_prob,bowl_prob,car_prob,cat_prob,chair_prob,couch_prob,cup_prob,dog_prob,fish_prob,frog_prob,house_prob,key_prob,person_prob,phone_prob,rabbit_prob,scissors_prob,sheep_prob,train_prob,tree_prob
0,6580,4,phone,run_v41538939341308,0.0,0.05598397450974859,0.03773739497494456,0.04125828069338114,0.04343895492220907,0.034233903731408395,0.0402544963555644,0.04099179588764941,0.03389820272435688,0.04054789112332462,0.07540352732725047,0.05158614466219834,0.05637563804127992,0.04002614600829928,0.03606420032931487,0.04284969888836778,0.032270351244484005,0.04317851510137867,0.03777300074704278,0.05598397450974859,0.0443092874775925,0.04757105203783449,0.042362056417813786,0.03698861318121895,0.044896873613337294
