,index,age,target_label,session_id,correct_or_not,target_label_prob,airplane_prob,bear_prob,bike_prob,bird_prob,boat_prob,bowl_prob,car_prob,cat_prob,chair_prob,couch_prob,cup_prob,dog_prob,fish_prob,frog_prob,house_prob,key_prob,person_prob,phone_prob,rabbit_prob,scissors_prob,sheep_prob,train_prob,tree_prob
0,650,10,bear,run_v41537574868212,0.0,0.04689500255701547,0.03447993034927474,0.04689500255701547,0.03533885786288553,0.04369520601810978,0.04241713161606739,0.0481733982198689,0.03774655636894782,0.044975428259311424,0.042383907948208364,0.03969294884026145,0.04143013663525033,0.04003503809969435,0.04113334654280761,0.04290900492584037,0.032736123824193455,0.04910337329352929,0.039122276441909624,0.042952021051874775,0.0511304661084175,0.04988930127483454,0.03972864528251461,0.046274768006892404,0.06775713047229028
