,index,age,target_label,session_id,correct_or_not,target_label_prob,airplane_prob,bear_prob,bike_prob,bird_prob,boat_prob,bowl_prob,car_prob,cat_prob,chair_prob,couch_prob,cup_prob,dog_prob,fish_prob,frog_prob,house_prob,key_prob,person_prob,phone_prob,rabbit_prob,scissors_prob,sheep_prob,train_prob,tree_prob
0,6962,4,rabbit,run_v31532196800622,0.0,0.05167216278484613,0.041563893962873154,0.05302628433968436,0.04083988019090175,0.03616359277576747,0.04359990625445221,0.0367044066577293,0.04566068621579556,0.049416698874910396,0.04181558156836832,0.03996991176828443,0.03420780399366468,0.04064974029545772,0.04450554068009793,0.04715090688149486,0.04664541386143763,0.042192033416211215,0.04168964874958774,0.05243230419242816,0.05167216278484613,0.03514489101974592,0.042140798692407784,0.04767848578393429,0.045129427039919026
