,index,age,target_label,session_id,correct_or_not,target_label_prob,airplane_prob,bear_prob,bike_prob,bird_prob,boat_prob,bowl_prob,car_prob,cat_prob,chair_prob,couch_prob,cup_prob,dog_prob,fish_prob,frog_prob,house_prob,key_prob,person_prob,phone_prob,rabbit_prob,scissors_prob,sheep_prob,train_prob,tree_prob
0,4241,3,dog,run_v31534964848199,0.0,0.04396019744934329,0.039172598666843236,0.04181012273193213,0.03974701737867021,0.04779804914963192,0.043568356949676465,0.044199369891330734,0.040474701364027074,0.04587234164567762,0.02714567432573491,0.032653166917068405,0.03600957493940452,0.04396019744934329,0.05477997283564969,0.04396787334630303,0.039033958684707395,0.06648177590456374,0.04972462265333427,0.03436311332813895,0.04294784495246367,0.06838946523623042,0.04345097182717186,0.03590134125524788,0.038547888566848605
