,index,age,target_label,session_id,correct_or_not,target_label_prob,airplane_prob,bear_prob,bike_prob,bird_prob,boat_prob,bowl_prob,car_prob,cat_prob,chair_prob,couch_prob,cup_prob,dog_prob,fish_prob,frog_prob,house_prob,key_prob,person_prob,phone_prob,rabbit_prob,scissors_prob,sheep_prob,train_prob,tree_prob
0,2946,6,cat,run_v41541280811876,0.0,0.05332131304172402,0.037006989253286625,0.05316599672278575,0.043000045483001126,0.05399632630623818,0.039112045495230924,0.03465875229818739,0.03839096692401652,0.05332131304172402,0.041165214137072824,0.041761519300392895,0.04074199579647169,0.05650019277444191,0.046337683518164134,0.0521285099445049,0.03874042907494457,0.040698778069799955,0.03700991232112814,0.03679491342755274,0.04167844440698603,0.035539546875937425,0.05765209989944576,0.04235590705176506,0.03824241787692133
