,index,age,target_label,session_id,correct_or_not,target_label_prob,airplane_prob,bear_prob,bike_prob,bird_prob,boat_prob,bowl_prob,car_prob,cat_prob,chair_prob,couch_prob,cup_prob,dog_prob,fish_prob,frog_prob,house_prob,key_prob,person_prob,phone_prob,rabbit_prob,scissors_prob,sheep_prob,train_prob,tree_prob
0,8296,4,train,run_v41542065916564,0.0,0.04955128037783181,0.04606483158139291,0.03845708609157529,0.03597031739895134,0.034718049730428184,0.0484447207623655,0.06202501206462539,0.04061468260583512,0.04105439531571864,0.04269618406074894,0.05593636749689562,0.037064386091495115,0.04087869587909906,0.037435775884083804,0.03891758161621858,0.029152819937040338,0.04560177471272478,0.042668411330553005,0.05463796525464064,0.04054349042844418,0.04135761670274364,0.049013662621662624,0.04955128037783181,0.047194892054925476
