,index,age,target_label,session_id,correct_or_not,target_label_prob,airplane_prob,bear_prob,bike_prob,bird_prob,boat_prob,bowl_prob,car_prob,cat_prob,chair_prob,couch_prob,cup_prob,dog_prob,fish_prob,frog_prob,house_prob,key_prob,person_prob,phone_prob,rabbit_prob,scissors_prob,sheep_prob,train_prob,tree_prob
0,1655,5,boat,run_v31535927928423,0.0,0.05168205813651325,0.04100943933836471,0.04044648444596047,0.03851043681955441,0.04287712246734716,0.05168205813651325,0.05380324786953826,0.05354138105348424,0.04484596248337,0.03780318889868118,0.05459502427819016,0.03677005381655931,0.03916949640016004,0.04398259810366128,0.04310533083874293,0.05934671324336234,0.04284439236641827,0.0382051504219047,0.03773061758743528,0.04064095788445915,0.03383615680350326,0.03767432140289428,0.04163301433764032,0.04594685100225505
