,index,age,target_label,session_id,correct_or_not,target_label_prob,airplane_prob,bear_prob,bike_prob,bird_prob,boat_prob,bowl_prob,car_prob,cat_prob,chair_prob,couch_prob,cup_prob,dog_prob,fish_prob,frog_prob,house_prob,key_prob,person_prob,phone_prob,rabbit_prob,scissors_prob,sheep_prob,train_prob,tree_prob
0,5730,8,key,run_v41541367019106,1.0,0.06408158217099305,0.03693846135630625,0.04293226974138955,0.034464352889739244,0.04496313750218664,0.038467156819762045,0.04337078295910125,0.03837721263607838,0.04384307321762902,0.04745633705307804,0.03564318336846503,0.04374393213110661,0.04325184020798054,0.042609198591315414,0.04312995374837338,0.0377841228509449,0.06408158217099305,0.05622532208438161,0.03475053402433967,0.04280520731443142,0.05899431139110851,0.039660011655767026,0.03824646137124683,0.04826155491427559
