,index,age,target_label,session_id,correct_or_not,target_label_prob,airplane_prob,bear_prob,bike_prob,bird_prob,boat_prob,bowl_prob,car_prob,cat_prob,chair_prob,couch_prob,cup_prob,dog_prob,fish_prob,frog_prob,house_prob,key_prob,person_prob,phone_prob,rabbit_prob,scissors_prob,sheep_prob,train_prob,tree_prob
0,7406,3,scissors,run_v41540075054882,0.0,0.05438973200037891,0.042880365076708955,0.04191261398926208,0.045020623491963264,0.04341667569100002,0.03363206913090248,0.039497565376594074,0.04480186568788796,0.04164507385839552,0.06934802689372326,0.050104688496269215,0.045108040861147135,0.04485640401543895,0.04030558283016093,0.039617628382905,0.03318916791816494,0.04150003781451474,0.03516368119933168,0.03182435266242649,0.03935764415724508,0.05438973200037891,0.04305853299674777,0.044738702762071175,0.05463092470676033
