,index,age,target_label,session_id,correct_or_not,target_label_prob,airplane_prob,bear_prob,bike_prob,bird_prob,boat_prob,bowl_prob,car_prob,cat_prob,chair_prob,couch_prob,cup_prob,dog_prob,fish_prob,frog_prob,house_prob,key_prob,person_prob,phone_prob,rabbit_prob,scissors_prob,sheep_prob,train_prob,tree_prob
0,2296,2,car,run_v31534790649787,0.0,0.04586272689268005,0.03639792862669092,0.052020205714266854,0.04975588743298681,0.038506405055209234,0.03941105099214578,0.038449026738406555,0.04586272689268005,0.03882055312699153,0.04322348422676605,0.042254926191839036,0.03780395883069621,0.0425998938111882,0.03308818088738633,0.04666014209933542,0.0403134887776263,0.03881280400134815,0.040392663922866084,0.04328220545860942,0.05624468930919279,0.03999087586360894,0.047825509780802446,0.05140671814425961,0.056876674115097385
