,index,age,target_label,session_id,correct_or_not,target_label_prob,airplane_prob,bear_prob,bike_prob,bird_prob,boat_prob,bowl_prob,car_prob,cat_prob,chair_prob,couch_prob,cup_prob,dog_prob,fish_prob,frog_prob,house_prob,key_prob,person_prob,phone_prob,rabbit_prob,scissors_prob,sheep_prob,train_prob,tree_prob
0,8553,4,tree,run_v31535144598435,1.0,0.06962566935006463,0.03404026570855927,0.04076385306855888,0.047446734433308345,0.04657382859861084,0.04272429909414545,0.0406128960942803,0.03990096626311041,0.03838103710437497,0.05397136837472226,0.044745800359117335,0.04649147283035422,0.039119995538034455,0.03820102664540896,0.044480967078815645,0.03327301548778588,0.04418708599258021,0.045337368688186344,0.04149965795263437,0.04673207842525441,0.035039192928116004,0.04242303702082965,0.04442838296314705,0.06962566935006463
