,index,age,target_label,session_id,correct_or_not,target_label_prob,airplane_prob,bear_prob,bike_prob,bird_prob,boat_prob,bowl_prob,car_prob,cat_prob,chair_prob,couch_prob,cup_prob,dog_prob,fish_prob,frog_prob,house_prob,key_prob,person_prob,phone_prob,rabbit_prob,scissors_prob,sheep_prob,train_prob,tree_prob
0,4356,3,dog,run_v31533768861224,0.0,0.05442659220308793,0.040438394962435766,0.04293238820277996,0.0470902862748621,0.050762562192785694,0.034569091554488826,0.036892600972468347,0.05600580427371651,0.049054545984593474,0.040244595057725506,0.04280556802279137,0.044758137651596114,0.05442659220308793,0.054394452955165165,0.045660778796489485,0.03800828297418613,0.04165410882740035,0.03601699494872263,0.03639258407642016,0.03875240723036505,0.04116982973249475,0.04794618587888626,0.04046855951144056,0.03955524771509774
