,index,age,target_label,session_id,correct_or_not,target_label_prob,airplane_prob,bear_prob,bike_prob,bird_prob,boat_prob,bowl_prob,car_prob,cat_prob,chair_prob,couch_prob,cup_prob,dog_prob,fish_prob,frog_prob,house_prob,key_prob,person_prob,phone_prob,rabbit_prob,scissors_prob,sheep_prob,train_prob,tree_prob
0,3179,7,chair,run_v31531506560996,1.0,0.09785381789016434,0.0385412202107092,0.04317469297565235,0.0379954766520531,0.04283877778324098,0.029374940618506512,0.034745978780232604,0.03962962726004027,0.03909299080707481,0.09785381789016434,0.05455459981406487,0.04506944416643775,0.043379245407714234,0.03640220012159799,0.03841473993156722,0.029181753725216135,0.04083365935065776,0.04026169864837979,0.04310821204622506,0.041325313442480596,0.04257067440649414,0.041727343732997815,0.042186678100497164,0.05773691412799521
