,index,age,target_label,session_id,correct_or_not,target_label_prob,airplane_prob,bear_prob,bike_prob,bird_prob,boat_prob,bowl_prob,car_prob,cat_prob,chair_prob,couch_prob,cup_prob,dog_prob,fish_prob,frog_prob,house_prob,key_prob,person_prob,phone_prob,rabbit_prob,scissors_prob,sheep_prob,train_prob,tree_prob
0,7881,6,sheep,run_v41536522290128,1.0,0.06900438367549411,0.04413655588512827,0.04921666572753652,0.03123390502341569,0.046183576087488874,0.040621809843856375,0.04310169405514123,0.04595948354235852,0.05371391566429302,0.03641952350941821,0.044042621112323786,0.041122742953815836,0.04604556230356797,0.04253797415010357,0.05652952713339594,0.03479093117084688,0.042979008968172444,0.030122132432234706,0.04493506382823078,0.03618215369725147,0.03149449108890229,0.06900438367549411,0.04950346789875081,0.040122810248272744
