,index,age,target_label,session_id,correct_or_not,target_label_prob,airplane_prob,bear_prob,bike_prob,bird_prob,boat_prob,bowl_prob,car_prob,cat_prob,chair_prob,couch_prob,cup_prob,dog_prob,fish_prob,frog_prob,house_prob,key_prob,person_prob,phone_prob,rabbit_prob,scissors_prob,sheep_prob,train_prob,tree_prob
0,5255,8,frog,run_v41541892835344,0.0,0.047842944784346544,0.046803890704090245,0.04748096950409024,0.04693437652397529,0.04528231580159156,0.038383754193212855,0.031134104562368897,0.04988254259868547,0.05495023345147574,0.037505389761066925,0.041874531281363016,0.03541108900705689,0.04942898981716132,0.042194106143302136,0.047842944784346544,0.043945012024492615,0.04015270705374229,0.034618948364619845,0.0337279125853384,0.05667942301941263,0.040862664187926896,0.047082448429418354,0.044316754865648976,0.043504891335612854
