,index,age,target_label,session_id,correct_or_not,target_label_prob,airplane_prob,bear_prob,bike_prob,bird_prob,boat_prob,bowl_prob,car_prob,cat_prob,chair_prob,couch_prob,cup_prob,dog_prob,fish_prob,frog_prob,house_prob,key_prob,person_prob,phone_prob,rabbit_prob,scissors_prob,sheep_prob,train_prob,tree_prob
0,5317,5,house,run_v31526681463221,1.0,0.10012953311139229,0.04506140458967983,0.03902000159460058,0.037901322010528975,0.045501212316786714,0.035166203367435284,0.03272512100490889,0.030939252597287664,0.042822530547039356,0.04506432107817819,0.06989638671687547,0.040170854064103506,0.03822779767437282,0.039711130534901995,0.03598542001148646,0.10012953311139229,0.03989291936531278,0.028400946495806313,0.04612183135570375,0.043300415234392514,0.04544781967102166,0.04171796560354849,0.038617642071537096,0.03817796898309942
