,index,age,target_label,session_id,correct_or_not,target_label_prob,airplane_prob,bear_prob,bike_prob,bird_prob,boat_prob,bowl_prob,car_prob,cat_prob,chair_prob,couch_prob,cup_prob,dog_prob,fish_prob,frog_prob,house_prob,key_prob,person_prob,phone_prob,rabbit_prob,scissors_prob,sheep_prob,train_prob,tree_prob
0,886,4,bike,run_v31530311922480,1.0,0.08522259099982199,0.03711663979793886,0.0470215469062839,0.08522259099982199,0.0447221441153167,0.038139780035932845,0.039156634297340155,0.048435464708172025,0.043028114890893705,0.03733747296821496,0.039474099787613445,0.03458095578782182,0.0492397734380103,0.03853099432508781,0.044518965254979635,0.04002952973379957,0.038889569717356624,0.04346946245293987,0.0403252613946957,0.04297775694848197,0.038218510957030084,0.04607957288855123,0.04411267535448882,0.039372483239228075
