,index,age,target_label,session_id,correct_or_not,target_label_prob,airplane_prob,bear_prob,bike_prob,bird_prob,boat_prob,bowl_prob,car_prob,cat_prob,chair_prob,couch_prob,cup_prob,dog_prob,fish_prob,frog_prob,house_prob,key_prob,person_prob,phone_prob,rabbit_prob,scissors_prob,sheep_prob,train_prob,tree_prob
0,8478,10,tree,run_v31532635294487,1.0,0.06991692975660632,0.045410862195110986,0.04601267205582408,0.054547648736586914,0.04219496025486632,0.044744444853783955,0.03940501971766841,0.04103380331114259,0.03324416696869161,0.03819811529623396,0.0422895573816715,0.05037400194753832,0.03535558323953846,0.034712636657943406,0.04035445465662086,0.03874184729414036,0.0433673290749065,0.04365893288628275,0.043291839799009434,0.045851902488400736,0.04380616166863263,0.04097842885043977,0.042508700908360245,0.06991692975660632
