,index,age,target_label,session_id,correct_or_not,target_label_prob,airplane_prob,bear_prob,bike_prob,bird_prob,boat_prob,bowl_prob,car_prob,cat_prob,chair_prob,couch_prob,cup_prob,dog_prob,fish_prob,frog_prob,house_prob,key_prob,person_prob,phone_prob,rabbit_prob,scissors_prob,sheep_prob,train_prob,tree_prob
0,5411,6,house,run_v31534274873024,1.0,0.06742390332184693,0.04166674848580747,0.04156595232432205,0.044848806167128136,0.03602281439417849,0.05033700310032587,0.033663348920192356,0.04207368693662461,0.04259896196382204,0.053490426563579295,0.03189540023650108,0.0377729666157293,0.03945169719609141,0.04018861304562996,0.04134666889559658,0.06742390332184693,0.044570284013719395,0.05174418709725683,0.04793429551918421,0.04244743395451594,0.03947424070422235,0.04014208711722466,0.04275281474698987,0.046587658679511076
