,index,age,target_label,session_id,correct_or_not,target_label_prob,airplane_prob,bear_prob,bike_prob,bird_prob,boat_prob,bowl_prob,car_prob,cat_prob,chair_prob,couch_prob,cup_prob,dog_prob,fish_prob,frog_prob,house_prob,key_prob,person_prob,phone_prob,rabbit_prob,scissors_prob,sheep_prob,train_prob,tree_prob
0,6257,3,person,run_v31534881375495,0.0,0.03692485253021913,0.03991300457237988,0.04223647021783413,0.040465438763455465,0.04035797814968637,0.0330596888519137,0.037265870943251456,0.04743118421771915,0.03834071562019065,0.049450844880790615,0.04831757979331252,0.05867506866131865,0.04593447728438711,0.04141895610286454,0.04166403500838091,0.034906276398187955,0.05575320581629419,0.03692485253021913,0.060198717629635155,0.03750970631944732,0.04362426493104865,0.04164466064889873,0.04149913131926982,0.04340787133951381
