,index,age,target_label,session_id,correct_or_not,target_label_prob,airplane_prob,bear_prob,bike_prob,bird_prob,boat_prob,bowl_prob,car_prob,cat_prob,chair_prob,couch_prob,cup_prob,dog_prob,fish_prob,frog_prob,house_prob,key_prob,person_prob,phone_prob,rabbit_prob,scissors_prob,sheep_prob,train_prob,tree_prob
0,2881,4,cat,run_v41540504608513,0.0,0.051132592279296576,0.04200642457211708,0.03905222053358538,0.04396332953228971,0.04244573339197683,0.04692646122889878,0.033748194925709504,0.045066430165698765,0.051132592279296576,0.034128630856365264,0.03626868624322119,0.041732839662631735,0.039315865226724755,0.04663120824400149,0.04561258999686717,0.05660174780779917,0.046476070084450156,0.04220354286679547,0.05338616281017551,0.05275007952631455,0.03959219117468752,0.03988854643107132,0.042555698375740594,0.038514754063581264
