,index,age,target_label,session_id,correct_or_not,target_label_prob,airplane_prob,bear_prob,bike_prob,bird_prob,boat_prob,bowl_prob,car_prob,cat_prob,chair_prob,couch_prob,cup_prob,dog_prob,fish_prob,frog_prob,house_prob,key_prob,person_prob,phone_prob,rabbit_prob,scissors_prob,sheep_prob,train_prob,tree_prob
0,5645,7,house,run_v31527872999599,0.0,0.040397374123853705,0.033040533989640984,0.04297890339330923,0.03968010681443568,0.03516956895256147,0.04592846612227108,0.06724586298042373,0.05282332460985087,0.03978872723126371,0.04555766209198435,0.03496323408406771,0.03941116327057456,0.03734545301164143,0.050293977102879035,0.03561051025699173,0.040397374123853705,0.05398708506637001,0.0396824236339515,0.04508239050847614,0.03588955212267375,0.047480358860468745,0.05089345039448648,0.046317074288467285,0.04043279708935658
