,index,age,target_label,session_id,correct_or_not,target_label_prob,airplane_prob,bear_prob,bike_prob,bird_prob,boat_prob,bowl_prob,car_prob,cat_prob,chair_prob,couch_prob,cup_prob,dog_prob,fish_prob,frog_prob,house_prob,key_prob,person_prob,phone_prob,rabbit_prob,scissors_prob,sheep_prob,train_prob,tree_prob
0,3961,5,cup,run_v31534361101159,0.0,0.04294372934026687,0.048620910236467786,0.03946730757926156,0.04175533292918983,0.04279419188720058,0.061374516994862065,0.03736645092722828,0.040851791986529905,0.03797966552080198,0.03835473652949091,0.07956622441178877,0.04294372934026687,0.042320166788308085,0.05579275046828679,0.03887152360786766,0.038899637372333144,0.04189284122350556,0.039145791719155484,0.0313232386001573,0.0401803416305283,0.038479128751077445,0.03602944395503483,0.04474463145021524,0.04124564609044155
