,index,age,target_label,session_id,correct_or_not,target_label_prob,airplane_prob,bear_prob,bike_prob,bird_prob,boat_prob,bowl_prob,car_prob,cat_prob,chair_prob,couch_prob,cup_prob,dog_prob,fish_prob,frog_prob,house_prob,key_prob,person_prob,phone_prob,rabbit_prob,scissors_prob,sheep_prob,train_prob,tree_prob
0,562,5,bear,run_v41541979890077,0.0,0.05374602402432146,0.03807108545559203,0.05374602402432146,0.05623769376987454,0.04094227067218744,0.03299056782251467,0.044767162423689125,0.06630436768426856,0.03931367053243029,0.041384564248874704,0.035326309515079424,0.0439602598807966,0.04594841473581652,0.041575150069811787,0.04826654141806856,0.03659972113114975,0.049527590121114566,0.03606909160656518,0.03620870387005235,0.04513950772797948,0.04650188396492709,0.04339431448058046,0.04517293957084826,0.03255216527345713
