,index,age,target_label,session_id,correct_or_not,target_label_prob,airplane_prob,bear_prob,bike_prob,bird_prob,boat_prob,bowl_prob,car_prob,cat_prob,chair_prob,couch_prob,cup_prob,dog_prob,fish_prob,frog_prob,house_prob,key_prob,person_prob,phone_prob,rabbit_prob,scissors_prob,sheep_prob,train_prob,tree_prob
0,5982,2,key,run_v41542061177460,1.0,0.054195400476100795,0.035861927376452815,0.03958466742389508,0.04117845702524942,0.04622013938687608,0.04014283733862992,0.03927110403374289,0.043397608886164486,0.04203801241223249,0.05127808836651763,0.04746365093814697,0.04393237645008968,0.04289518144902525,0.03937974701078101,0.04530026971253209,0.041990453225613567,0.054195400476100795,0.03934543390104996,0.04328421276331721,0.04716172090561275,0.0458083412560853,0.04360613084178709,0.03588400643646463,0.050780232383632745
