,index,age,target_label,session_id,correct_or_not,target_label_prob,airplane_prob,bear_prob,bike_prob,bird_prob,boat_prob,bowl_prob,car_prob,cat_prob,chair_prob,couch_prob,cup_prob,dog_prob,fish_prob,frog_prob,house_prob,key_prob,person_prob,phone_prob,rabbit_prob,scissors_prob,sheep_prob,train_prob,tree_prob
0,126,6,airplane,run_v31531341196691,0.0,0.04088389213908691,0.04088389213908691,0.04276285636758548,0.04292900508863344,0.0398288094782045,0.046691163969666785,0.042341180390276276,0.05558481095866169,0.04811098961291014,0.03833572684336674,0.03820491784169398,0.04544022182001006,0.050423947141634964,0.0606713195836994,0.04927371025268068,0.043247864053886434,0.03911765593851347,0.03727152332871605,0.03640566508167457,0.036956828155780476,0.035951599265168305,0.050456925472535656,0.042487200974766694,0.03662218624084732
