,index,age,target_label,session_id,correct_or_not,target_label_prob,airplane_prob,bear_prob,bike_prob,bird_prob,boat_prob,bowl_prob,car_prob,cat_prob,chair_prob,couch_prob,cup_prob,dog_prob,fish_prob,frog_prob,house_prob,key_prob,person_prob,phone_prob,rabbit_prob,scissors_prob,sheep_prob,train_prob,tree_prob
0,5459,10,house,run_v31532560208636,1.0,0.08967179037282526,0.04168108237542097,0.03915312516890333,0.04026404492579911,0.04388451541546581,0.047376056688734645,0.041849286482184285,0.03943781505230986,0.04114518784782527,0.05373756900461344,0.04823684480168368,0.03745279250442746,0.03966544553670591,0.04117398654618962,0.03734975238689911,0.08967179037282526,0.04308358842261992,0.03495076344977889,0.04081099847349248,0.0401094918081868,0.03818500767162511,0.042221336576379935,0.0436369722593347,0.034922546228594434
