,index,age,target_label,session_id,correct_or_not,target_label_prob,airplane_prob,bear_prob,bike_prob,bird_prob,boat_prob,bowl_prob,car_prob,cat_prob,chair_prob,couch_prob,cup_prob,dog_prob,fish_prob,frog_prob,house_prob,key_prob,person_prob,phone_prob,rabbit_prob,scissors_prob,sheep_prob,train_prob,tree_prob
0,1977,2,bowl,run_v31528568999293,1.0,0.10274371971362158,0.03724676446841754,0.04030857018856517,0.037044497549671346,0.037609214415331015,0.032636567549979636,0.10274371971362158,0.04855305100990241,0.03759316999724742,0.0240744182245799,0.06966703558905955,0.06077663328815392,0.039644168514492074,0.03696107927672084,0.03652509655431375,0.021269341229974138,0.03913677386772349,0.04801193399291512,0.049336714137348386,0.04279576209204182,0.03528626686448936,0.0449282733537135,0.03521723149099602,0.04263371663074204
