,index,age,target_label,session_id,correct_or_not,target_label_prob,airplane_prob,bear_prob,bike_prob,bird_prob,boat_prob,bowl_prob,car_prob,cat_prob,chair_prob,couch_prob,cup_prob,dog_prob,fish_prob,frog_prob,house_prob,key_prob,person_prob,phone_prob,rabbit_prob,scissors_prob,sheep_prob,train_prob,tree_prob
0,8534,10,tree,run_v31536012723927,1.0,0.06335320018971959,0.035138336405997526,0.054459794418459696,0.03546469216109191,0.046539112096067904,0.03626118763773517,0.04368813299909458,0.02964699565413572,0.05532713707807647,0.042857622000393183,0.04004337421880339,0.04121247358009602,0.04538840743867785,0.029162817848273567,0.04744309950722483,0.0355461375181881,0.04072027181899637,0.06188806563928117,0.03778326999679119,0.03597328477481394,0.04478118053003875,0.058497571610010034,0.03882383487803314,0.06335320018971959
