,index,age,target_label,session_id,correct_or_not,target_label_prob,airplane_prob,bear_prob,bike_prob,bird_prob,boat_prob,bowl_prob,car_prob,cat_prob,chair_prob,couch_prob,cup_prob,dog_prob,fish_prob,frog_prob,house_prob,key_prob,person_prob,phone_prob,rabbit_prob,scissors_prob,sheep_prob,train_prob,tree_prob
0,244,5,airplane,run_v31529527799264,1.0,0.05782222868986393,0.05782222868986393,0.046461917346484,0.04382484172480395,0.04203995429368524,0.046749922322334034,0.039658814637570296,0.0429963684073146,0.04550733361639865,0.0383742883106316,0.03736598302147224,0.04150781165498456,0.04202469859453104,0.05175190224650883,0.04314992326495926,0.04357664126671845,0.03915750970995922,0.043615924060397805,0.035346995079369586,0.04953701400793889,0.049581896221113864,0.03923079423334462,0.0406741170512903,0.04004312023832501
