,index,age,target_label,session_id,correct_or_not,target_label_prob,airplane_prob,bear_prob,bike_prob,bird_prob,boat_prob,bowl_prob,car_prob,cat_prob,chair_prob,couch_prob,cup_prob,dog_prob,fish_prob,frog_prob,house_prob,key_prob,person_prob,phone_prob,rabbit_prob,scissors_prob,sheep_prob,train_prob,tree_prob
0,6311,3,person,run_v31535309386112,1.0,0.07192676170003766,0.03548731772792722,0.048587468119037205,0.02961263792975111,0.04154942801090506,0.035383298555538685,0.04302481810237977,0.03714705497121941,0.03967623979349696,0.045261964680518026,0.035829599826950366,0.039704693619898174,0.043359801933651035,0.03412458119569386,0.04357922843078723,0.03710440565490934,0.060639157949768874,0.07192676170003766,0.04782392274316111,0.03879562160998538,0.039389342070343975,0.04144466942324934,0.038645861340133786,0.07190212461065645
