,index,age,target_label,session_id,correct_or_not,target_label_prob,airplane_prob,bear_prob,bike_prob,bird_prob,boat_prob,bowl_prob,car_prob,cat_prob,chair_prob,couch_prob,cup_prob,dog_prob,fish_prob,frog_prob,house_prob,key_prob,person_prob,phone_prob,rabbit_prob,scissors_prob,sheep_prob,train_prob,tree_prob
0,353,4,airplane,run_v31528843580055,0.0,0.04717525329609448,0.04717525329609448,0.041162915561759675,0.04245220318001421,0.043060534040460785,0.03882431093247738,0.043616941611059896,0.05035431772558219,0.04335748846638705,0.032944068683369805,0.04606568621051756,0.0437930412426833,0.04763760529714688,0.04678767517838082,0.0419241177834064,0.031885832139665816,0.05158800298289671,0.03516800373398351,0.037806392907547885,0.04751683181732641,0.049278268585130104,0.04170122545094218,0.053543522907429156,0.04235576026573774
