,index,age,target_label,session_id,correct_or_not,target_label_prob,airplane_prob,bear_prob,bike_prob,bird_prob,boat_prob,bowl_prob,car_prob,cat_prob,chair_prob,couch_prob,cup_prob,dog_prob,fish_prob,frog_prob,house_prob,key_prob,person_prob,phone_prob,rabbit_prob,scissors_prob,sheep_prob,train_prob,tree_prob
0,3711,2,couch,run_v31531681705555,1.0,0.07050897196801297,0.03563758864414829,0.04568479261905632,0.04303102911912532,0.04242850326918722,0.05712420464424024,0.056885400015889286,0.052163633850852265,0.039412855003108135,0.052166141270078764,0.07050897196801297,0.03949219485207825,0.03654540419807207,0.03454455933373117,0.04180816750673063,0.03351286299267217,0.04633957671069313,0.028689685642305934,0.03511392997250195,0.03925607677103693,0.03734484205595532,0.03299883176978597,0.05579858169356859,0.04351216609716892
