,index,age,target_label,session_id,correct_or_not,target_label_prob,airplane_prob,bear_prob,bike_prob,bird_prob,boat_prob,bowl_prob,car_prob,cat_prob,chair_prob,couch_prob,cup_prob,dog_prob,fish_prob,frog_prob,house_prob,key_prob,person_prob,phone_prob,rabbit_prob,scissors_prob,sheep_prob,train_prob,tree_prob
0,5415,3,house,run_v31534717566008,1.0,0.09682637371498565,0.03925057858438639,0.042031191626837876,0.039910863491312294,0.03705043240943997,0.04659373916746381,0.027464050466476996,0.04567040274326269,0.03603920980149125,0.07146530531280577,0.05748306438210777,0.033677056913155506,0.03786198383497815,0.04091723324718987,0.03504277352500849,0.09682637371498565,0.03896871187139903,0.03497446722748216,0.03921702246825248,0.03708848373159814,0.036529515582549216,0.040162210067256794,0.046008840017151324,0.03976648981340808
