,index,age,target_label,session_id,correct_or_not,target_label_prob,airplane_prob,bear_prob,bike_prob,bird_prob,boat_prob,bowl_prob,car_prob,cat_prob,chair_prob,couch_prob,cup_prob,dog_prob,fish_prob,frog_prob,house_prob,key_prob,person_prob,phone_prob,rabbit_prob,scissors_prob,sheep_prob,train_prob,tree_prob
0,2771,4,cat,run_v41541891610637,0.0,0.04257494480215572,0.03469144433241918,0.059004995123251885,0.04116206550531167,0.03949362164796817,0.04046673051653594,0.040912546431836054,0.03998491547057203,0.04257494480215572,0.04023219815638356,0.038320239343422526,0.03467367337108717,0.03979442094751674,0.035693722765828925,0.047128254049514616,0.04029081864648004,0.049173519760924184,0.0639664833554571,0.05115111930290262,0.041198862995251856,0.03992056726993428,0.04221249585350768,0.046490078317756485,0.0514622820339817
