,index,age,target_label,session_id,correct_or_not,target_label_prob,airplane_prob,bear_prob,bike_prob,bird_prob,boat_prob,bowl_prob,car_prob,cat_prob,chair_prob,couch_prob,cup_prob,dog_prob,fish_prob,frog_prob,house_prob,key_prob,person_prob,phone_prob,rabbit_prob,scissors_prob,sheep_prob,train_prob,tree_prob
0,539,6,bear,run_v41542049900608,0.0,0.06677398731824363,0.03917891547438641,0.06677398731824363,0.037452942385643194,0.04021884459400567,0.037464608509186134,0.03470146916421752,0.06708426382316349,0.047745883801476235,0.040013825582485056,0.036852211614994954,0.03940524038317549,0.05133323072573918,0.037820795789644555,0.045010222711416706,0.0379044379456826,0.03350791974017622,0.03187036336255075,0.029544918245934464,0.06961881817189977,0.03836850421477863,0.05921260448139157,0.04341394593597862,0.03550204602382916
