,index,age,target_label,session_id,correct_or_not,target_label_prob,airplane_prob,bear_prob,bike_prob,bird_prob,boat_prob,bowl_prob,car_prob,cat_prob,chair_prob,couch_prob,cup_prob,dog_prob,fish_prob,frog_prob,house_prob,key_prob,person_prob,phone_prob,rabbit_prob,scissors_prob,sheep_prob,train_prob,tree_prob
0,374,4,airplane,run_v31531689427953,0.0,0.04272694960865279,0.04272694960865279,0.03668790003379312,0.053589276066329364,0.03924997561108627,0.05323488378953218,0.05073340477153366,0.04860961091916143,0.042166658456744784,0.04106276304613388,0.04553384886148223,0.05958410395582822,0.039092318679154,0.04017668324600959,0.038375972582586265,0.04647367082123109,0.03647014006709965,0.03724471219558227,0.04148822068780266,0.03705861274292642,0.0429829579801598,0.0396900213126762,0.044159582631546124,0.04360773193294791
