,index,age,target_label,session_id,correct_or_not,target_label_prob,airplane_prob,bear_prob,bike_prob,bird_prob,boat_prob,bowl_prob,car_prob,cat_prob,chair_prob,couch_prob,cup_prob,dog_prob,fish_prob,frog_prob,house_prob,key_prob,person_prob,phone_prob,rabbit_prob,scissors_prob,sheep_prob,train_prob,tree_prob
0,763,5,bike,run_v31531868257542,1.0,0.07193825493603176,0.041217890361396246,0.04685294543343583,0.07193825493603176,0.04038941346229921,0.03967273619980831,0.043968063597983935,0.05018628123337145,0.04531518586288266,0.040697491347216425,0.03560331358657662,0.04008091539065536,0.04643762506132441,0.04427560931777408,0.04245823078501025,0.036198014426377455,0.04634726483543641,0.03745237046587738,0.03536435351958365,0.04597612622116194,0.03909939920847159,0.04199927691968632,0.04847531227490061,0.03999392555273829
