,index,age,target_label,session_id,correct_or_not,target_label_prob,airplane_prob,bear_prob,bike_prob,bird_prob,boat_prob,bowl_prob,car_prob,cat_prob,chair_prob,couch_prob,cup_prob,dog_prob,fish_prob,frog_prob,house_prob,key_prob,person_prob,phone_prob,rabbit_prob,scissors_prob,sheep_prob,train_prob,tree_prob
0,263,4,airplane,run_v31530743856841,1.0,0.05920884262119967,0.05920884262119967,0.043342116933122836,0.04232650135935581,0.05263521102944602,0.051591605503179164,0.043211427523895785,0.034568069872002206,0.04912654682910502,0.04099242281665539,0.036715317318645996,0.04253858512017346,0.0420728994007877,0.05268561687191863,0.04294081107101512,0.031173743248982883,0.04224141770051281,0.04054720702363359,0.03241612974268897,0.0474475177233897,0.05126546380472397,0.04303005714023813,0.04149487277101039,0.03642761657431685
