,index,age,target_label,session_id,correct_or_not,target_label_prob,airplane_prob,bear_prob,bike_prob,bird_prob,boat_prob,bowl_prob,car_prob,cat_prob,chair_prob,couch_prob,cup_prob,dog_prob,fish_prob,frog_prob,house_prob,key_prob,person_prob,phone_prob,rabbit_prob,scissors_prob,sheep_prob,train_prob,tree_prob
0,3658,3,couch,run_v31531427886979,0.0,0.037930049769448825,0.04854062734767909,0.04079033640631266,0.04497428052727545,0.04713549332844614,0.049237346799804516,0.04746784503684235,0.04760934955431612,0.04050716688727435,0.04179549390295243,0.037930049769448825,0.051945453981789395,0.04377916155806574,0.058430728347558546,0.042701157036638286,0.03478875366095019,0.044670891128584446,0.04143916024350783,0.034412009211375355,0.03645761360742769,0.043643985990676405,0.03722708918987072,0.043869537331213085,0.04064646915199041
