,index,age,target_label,session_id,correct_or_not,target_label_prob,airplane_prob,bear_prob,bike_prob,bird_prob,boat_prob,bowl_prob,car_prob,cat_prob,chair_prob,couch_prob,cup_prob,dog_prob,fish_prob,frog_prob,house_prob,key_prob,person_prob,phone_prob,rabbit_prob,scissors_prob,sheep_prob,train_prob,tree_prob
0,5637,8,house,run_v31534631223561,0.0,0.038427490897518915,0.039240815256131524,0.04172724359452877,0.036575060820613174,0.04564170447944369,0.05103464673625736,0.064643347805385,0.038874679397879065,0.04290221006405946,0.040505646224063496,0.039582677833630724,0.050241448898102614,0.04331849946784024,0.05010004992737702,0.04795638785274879,0.038427490897518915,0.04435021548339142,0.04456453017867957,0.03883409938819931,0.04156664040345399,0.042170928090335985,0.039538982580328244,0.038250254656485426,0.039952439963546436
