,index,age,target_label,session_id,correct_or_not,target_label_prob,airplane_prob,bear_prob,bike_prob,bird_prob,boat_prob,bowl_prob,car_prob,cat_prob,chair_prob,couch_prob,cup_prob,dog_prob,fish_prob,frog_prob,house_prob,key_prob,person_prob,phone_prob,rabbit_prob,scissors_prob,sheep_prob,train_prob,tree_prob
0,101,6,airplane,run_v31528746954006,0.0,0.04807084582403418,0.04807084582403418,0.0621477505485055,0.04327875615244036,0.042595057573476744,0.039732981386204826,0.04085640757614463,0.05064432033332377,0.04920913560895899,0.03923022277498137,0.03949667811619097,0.037932274437382306,0.047549155514865216,0.03320095832040046,0.04816166921308154,0.0369468831391377,0.03575590900036463,0.03728333374163162,0.033111910280686205,0.05884353461930075,0.0418622696550416,0.04860468256804591,0.04327418565243515,0.042211077963365706
