,index,age,target_label,session_id,correct_or_not,target_label_prob,airplane_prob,bear_prob,bike_prob,bird_prob,boat_prob,bowl_prob,car_prob,cat_prob,chair_prob,couch_prob,cup_prob,dog_prob,fish_prob,frog_prob,house_prob,key_prob,person_prob,phone_prob,rabbit_prob,scissors_prob,sheep_prob,train_prob,tree_prob
0,2227,5,bowl,run_v31528066914558,1.0,0.09668164196183232,0.039648461860149455,0.040299886509805385,0.03716992328568513,0.041831536939352966,0.05110487101529219,0.09668164196183232,0.04710288683110051,0.03733137784563478,0.033894689318365576,0.040249913864155315,0.05502329992758741,0.042532045986034814,0.0481882982797652,0.03379399434774229,0.025774535875872664,0.05375232090509321,0.038757167012012476,0.036301349176982495,0.03838269064353531,0.04663736781801832,0.037439974662019294,0.034232619742411395,0.043869146191551425
