,index,age,target_label,session_id,correct_or_not,target_label_prob,airplane_prob,bear_prob,bike_prob,bird_prob,boat_prob,bowl_prob,car_prob,cat_prob,chair_prob,couch_prob,cup_prob,dog_prob,fish_prob,frog_prob,house_prob,key_prob,person_prob,phone_prob,rabbit_prob,scissors_prob,sheep_prob,train_prob,tree_prob
0,4720,3,fish,run_v31533076485873,0.0,0.04664932134895792,0.051296233391826984,0.04307228463563664,0.041219121023874046,0.041060499007787674,0.051073424047524366,0.05356314540536958,0.043055386892431984,0.04266089887501864,0.04337275037382051,0.03451800701526018,0.051427272860334466,0.04151257639789908,0.04664932134895792,0.04050632435457744,0.037245986222214096,0.043081021621101695,0.03218262384378847,0.04331516490880014,0.05035730862847101,0.03798916599551888,0.04088250871023521,0.04786952842702682,0.042089446012524
