,index,age,target_label,session_id,correct_or_not,target_label_prob,airplane_prob,bear_prob,bike_prob,bird_prob,boat_prob,bowl_prob,car_prob,cat_prob,chair_prob,couch_prob,cup_prob,dog_prob,fish_prob,frog_prob,house_prob,key_prob,person_prob,phone_prob,rabbit_prob,scissors_prob,sheep_prob,train_prob,tree_prob
0,6247,4,person,run_v31535832962547,0.0,0.04903755611914044,0.0357905501000886,0.0455708028876539,0.046931567771725115,0.048427481229765305,0.03980495968440998,0.052599154491847204,0.04807349000453354,0.038440008889732445,0.04793433512006643,0.03911928698632752,0.05233842235512138,0.03928363806309845,0.04580922775054069,0.05100876345912108,0.03442282423783372,0.04553304428443113,0.04903755611914044,0.03597216036484954,0.042451591330246286,0.04022919274902178,0.04023483385361022,0.04306810373846985,0.03791900452836536
