,index,age,target_label,session_id,correct_or_not,target_label_prob,airplane_prob,bear_prob,bike_prob,bird_prob,boat_prob,bowl_prob,car_prob,cat_prob,chair_prob,couch_prob,cup_prob,dog_prob,fish_prob,frog_prob,house_prob,key_prob,person_prob,phone_prob,rabbit_prob,scissors_prob,sheep_prob,train_prob,tree_prob
0,2890,8,cat,run_v41541375421781,0.0,0.04203568287459468,0.04085035363986551,0.05697230110400026,0.04074933723562328,0.03767817286142724,0.04138645090128143,0.04610597920417931,0.0422083645519091,0.04203568287459468,0.04080720663463692,0.03649467178117423,0.039091738555257244,0.04655714239274691,0.04345368949317781,0.06378132983794824,0.032194498669913536,0.04896462798613436,0.04469773013052348,0.0442452604134106,0.047753066477556755,0.03892530575847215,0.04631590722062623,0.03946697862550583,0.039264203650034954
