,index,age,target_label,session_id,correct_or_not,target_label_prob,airplane_prob,bear_prob,bike_prob,bird_prob,boat_prob,bowl_prob,car_prob,cat_prob,chair_prob,couch_prob,cup_prob,dog_prob,fish_prob,frog_prob,house_prob,key_prob,person_prob,phone_prob,rabbit_prob,scissors_prob,sheep_prob,train_prob,tree_prob
0,4143,7,cup,run_v31532808536853,0.0,0.03949787494389704,0.049180707304309644,0.04058747925985442,0.04359293724331643,0.04499822273955205,0.0488305995924756,0.03719542699554628,0.04034210677051752,0.0350373152286439,0.0582554631198786,0.034441163116969584,0.03949787494389704,0.043499918961559,0.04548067944325933,0.040197562947966975,0.0527818138092436,0.042870580188591766,0.04806938588149404,0.03596059390761016,0.03672165560611917,0.045565560482201485,0.04581814010620757,0.043214139558719444,0.04786067279206672
