,index,age,target_label,session_id,correct_or_not,target_label_prob,airplane_prob,bear_prob,bike_prob,bird_prob,boat_prob,bowl_prob,car_prob,cat_prob,chair_prob,couch_prob,cup_prob,dog_prob,fish_prob,frog_prob,house_prob,key_prob,person_prob,phone_prob,rabbit_prob,scissors_prob,sheep_prob,train_prob,tree_prob
0,3766,6,couch,run_v31531345439383,0.0,0.05297537092883867,0.0404303338410118,0.04024599811224859,0.047808145770667575,0.0440265588741019,0.042652977853440764,0.03491493334648829,0.047561738371887784,0.03973286934455719,0.04021862296647989,0.05297537092883867,0.046765381061587896,0.040374470443960385,0.0420616582098608,0.04624292400957386,0.036311989326067294,0.04009193419322024,0.03974940216795222,0.04615332749495597,0.04016145885690709,0.041771560606999,0.04446689080937563,0.051311637050515974,0.0539698163593011
