,index,age,target_label,session_id,correct_or_not,target_label_prob,airplane_prob,bear_prob,bike_prob,bird_prob,boat_prob,bowl_prob,car_prob,cat_prob,chair_prob,couch_prob,cup_prob,dog_prob,fish_prob,frog_prob,house_prob,key_prob,person_prob,phone_prob,rabbit_prob,scissors_prob,sheep_prob,train_prob,tree_prob
0,6649,4,phone,run_v41541013771980,0.0,0.051132069785134744,0.03487297588325053,0.04536834566752152,0.03947232748456434,0.04712135781332466,0.04289627839590378,0.03945464274947657,0.04007473671072785,0.04670157157391328,0.038937419911907176,0.03602710356417748,0.03906224532658712,0.04354232324557993,0.0428183043322376,0.04237656864990919,0.035142742335471586,0.04157533377837963,0.04761154300800545,0.051132069785134744,0.036429562299883395,0.04179504883868183,0.05017917342959314,0.05630298848910444,0.06110533672666488
