,index,age,target_label,session_id,correct_or_not,target_label_prob,airplane_prob,bear_prob,bike_prob,bird_prob,boat_prob,bowl_prob,car_prob,cat_prob,chair_prob,couch_prob,cup_prob,dog_prob,fish_prob,frog_prob,house_prob,key_prob,person_prob,phone_prob,rabbit_prob,scissors_prob,sheep_prob,train_prob,tree_prob
0,2507,10,car,run_v31532551715260,0.0,0.04497424134691384,0.05468180841570621,0.042191436299270614,0.03734704364145209,0.05020379182251542,0.039852802942974275,0.03694223498916292,0.04497424134691384,0.0497236629281128,0.03671529874048702,0.04993349022247676,0.042524029721835103,0.045620556192014404,0.04874389466859853,0.04430789181711336,0.0410744387916881,0.03627700821933481,0.03369647565458421,0.04300321087713947,0.04463851548568274,0.03781266258374144,0.05004352106642886,0.04441918766083877,0.04527279591192833
