,index,age,target_label,session_id,correct_or_not,target_label_prob,airplane_prob,bear_prob,bike_prob,bird_prob,boat_prob,bowl_prob,car_prob,cat_prob,chair_prob,couch_prob,cup_prob,dog_prob,fish_prob,frog_prob,house_prob,key_prob,person_prob,phone_prob,rabbit_prob,scissors_prob,sheep_prob,train_prob,tree_prob
0,4872,8,fish,run_v31535838516023,1.0,0.05873960217948081,0.04325221334185168,0.04131224101762836,0.037994305011257515,0.042471003983884204,0.04594637113695641,0.04721165902527801,0.0443188445641072,0.04885819020853357,0.03865163825008347,0.04769623264588741,0.04763638269637022,0.036160474475084046,0.05873960217948081,0.03702994442589852,0.03787230397214298,0.04486036532909258,0.04002619198790611,0.050322824918084035,0.03990274666307987,0.045519322064075086,0.03562594592470033,0.04557778604112745,0.043013410137490035
