,index,age,target_label,session_id,correct_or_not,target_label_prob,airplane_prob,bear_prob,bike_prob,bird_prob,boat_prob,bowl_prob,car_prob,cat_prob,chair_prob,couch_prob,cup_prob,dog_prob,fish_prob,frog_prob,house_prob,key_prob,person_prob,phone_prob,rabbit_prob,scissors_prob,sheep_prob,train_prob,tree_prob
0,7462,9,scissors,run_v41542048956099,1.0,0.07363461017867054,0.03861968167149444,0.04429758613943342,0.03973461731715434,0.04205586171834945,0.03234532992063723,0.036930906350567665,0.03960388743727167,0.04250658092384037,0.03980762044936988,0.03352153704978057,0.04539381867981469,0.04506595999044331,0.043804939298461264,0.04786207038738487,0.03469280779934682,0.056681493860891434,0.057967139401488586,0.036932358849331916,0.04356004045274695,0.07363461017867054,0.04725865102587683,0.03588696094612732,0.04183554015151635
