,index,age,target_label,session_id,correct_or_not,target_label_prob,airplane_prob,bear_prob,bike_prob,bird_prob,boat_prob,bowl_prob,car_prob,cat_prob,chair_prob,couch_prob,cup_prob,dog_prob,fish_prob,frog_prob,house_prob,key_prob,person_prob,phone_prob,rabbit_prob,scissors_prob,sheep_prob,train_prob,tree_prob
0,4832,7,fish,run_v31535826295814,0.0,0.04362430583708945,0.05886182765171262,0.046601994249493774,0.0542772710477906,0.04247715586692168,0.046782463503476576,0.03787530079911076,0.04157666876318207,0.046022498527355134,0.03410766332818349,0.039053554897716294,0.03939247082059217,0.049803509604456904,0.04362430583708945,0.04763685015382318,0.03697956858489271,0.04377632335628674,0.037168184687079706,0.03311395846412847,0.062004473294165106,0.039005387541223534,0.03946936892837376,0.04796011661784711,0.032429083475098285
