,index,age,target_label,session_id,correct_or_not,target_label_prob,airplane_prob,bear_prob,bike_prob,bird_prob,boat_prob,bowl_prob,car_prob,cat_prob,chair_prob,couch_prob,cup_prob,dog_prob,fish_prob,frog_prob,house_prob,key_prob,person_prob,phone_prob,rabbit_prob,scissors_prob,sheep_prob,train_prob,tree_prob
0,8414,2,tree,run_v31534111706202,1.0,0.05655203090989901,0.047777234341331236,0.04427357576540241,0.040340617458616494,0.044362377404992326,0.040063897740285924,0.04531464623715302,0.03865407386236011,0.0436731934345608,0.039160714024749785,0.040952519906529185,0.049207863059409926,0.04353919917208128,0.04481832100923091,0.04307740786114743,0.03702405083711029,0.0431172559399856,0.03779285237426389,0.041122793543247695,0.04175963822598571,0.049955379913100464,0.04284974845974454,0.04461060851881221,0.05655203090989901
