,index,age,target_label,session_id,correct_or_not,target_label_prob,airplane_prob,bear_prob,bike_prob,bird_prob,boat_prob,bowl_prob,car_prob,cat_prob,chair_prob,couch_prob,cup_prob,dog_prob,fish_prob,frog_prob,house_prob,key_prob,person_prob,phone_prob,rabbit_prob,scissors_prob,sheep_prob,train_prob,tree_prob
0,5493,3,house,run_v31535311389251,0.0,0.052651002182540714,0.04833849310508483,0.04053637770740959,0.04399364090152305,0.04490185658009043,0.0422528343818453,0.03863072790321608,0.03809512995285547,0.040603069569471774,0.04465137849507755,0.049354859474253866,0.0531194067211365,0.04110737574796738,0.0474590007180715,0.040197153441683973,0.052651002182540714,0.0399085994682467,0.037838277921710975,0.04670050839291403,0.03825301942447042,0.04384147346217487,0.04533266209803059,0.0416655128422898,0.04056763950793465
