,index,age,target_label,session_id,correct_or_not,target_label_prob,airplane_prob,bear_prob,bike_prob,bird_prob,boat_prob,bowl_prob,car_prob,cat_prob,chair_prob,couch_prob,cup_prob,dog_prob,fish_prob,frog_prob,house_prob,key_prob,person_prob,phone_prob,rabbit_prob,scissors_prob,sheep_prob,train_prob,tree_prob
0,1493,6,bird,run_v31528663382629,0.0,0.050354218679004935,0.03844880869086943,0.043061636491093624,0.03706990310662757,0.050354218679004935,0.03686213627096963,0.03607729261691546,0.03654740551697145,0.04676597922190011,0.04730180542801097,0.03785707504964697,0.040365282369407986,0.04995919606569407,0.04091458524616376,0.045377940493744516,0.03996945979144576,0.05723330898320299,0.04710472375125122,0.028721742094213056,0.0497006785199665,0.05522878740622045,0.053313982518657946,0.037157017371983306,0.04460703431603826
