,index,age,target_label,session_id,correct_or_not,target_label_prob,airplane_prob,bear_prob,bike_prob,bird_prob,boat_prob,bowl_prob,car_prob,cat_prob,chair_prob,couch_prob,cup_prob,dog_prob,fish_prob,frog_prob,house_prob,key_prob,person_prob,phone_prob,rabbit_prob,scissors_prob,sheep_prob,train_prob,tree_prob
0,1618,7,boat,run_v31535144819845,1.0,0.05899205291603174,0.0476126284339718,0.037656801846947745,0.04482398029338649,0.03627712851244709,0.05899205291603174,0.05336724879778555,0.05163703922807013,0.04269241966006443,0.03801110563745022,0.03675774623024029,0.04451803787250899,0.04440071804774848,0.052461159897638124,0.045715356034646944,0.03685048940219454,0.04209607029467245,0.03939777023107538,0.04002733819983221,0.03750084849485909,0.041846213720583114,0.044581949099308786,0.05095302463308315,0.03182287251545322
