,index,age,target_label,session_id,correct_or_not,target_label_prob,airplane_prob,bear_prob,bike_prob,bird_prob,boat_prob,bowl_prob,car_prob,cat_prob,chair_prob,couch_prob,cup_prob,dog_prob,fish_prob,frog_prob,house_prob,key_prob,person_prob,phone_prob,rabbit_prob,scissors_prob,sheep_prob,train_prob,tree_prob
0,276,5,airplane,run_v31529005199214,0.0,0.051229465008780305,0.051229465008780305,0.039555333508479264,0.03462839564562254,0.05135303221193471,0.04882235924221738,0.04309922093730277,0.042556631629593764,0.04938785741569497,0.03724520201065992,0.03796477334756013,0.03653319806127986,0.04928506497139122,0.05920831553716121,0.040656006994473186,0.042752449612875165,0.03851758655282935,0.047634792376578104,0.04317505000616959,0.04035555358687509,0.04191490437874685,0.04587138262825479,0.044186798923353914,0.034066625412165895
