,index,age,target_label,session_id,correct_or_not,target_label_prob,airplane_prob,bear_prob,bike_prob,bird_prob,boat_prob,bowl_prob,car_prob,cat_prob,chair_prob,couch_prob,cup_prob,dog_prob,fish_prob,frog_prob,house_prob,key_prob,person_prob,phone_prob,rabbit_prob,scissors_prob,sheep_prob,train_prob,tree_prob
0,3137,8,chair,run_v31528658399219,0.0,0.044342050185872006,0.044894397963243,0.038092439930965095,0.03679064885199475,0.04208448089762748,0.042812185629668514,0.05195680936820008,0.03889624342618101,0.04192623778680868,0.044342050185872006,0.039344175968037375,0.040791174154052944,0.04267924299511147,0.04334632626938762,0.051199029975644676,0.036322922158503856,0.06904762816745101,0.04523560820424407,0.03811500396281838,0.038600297969249305,0.05231866433091689,0.04508818742168241,0.03718148663306198,0.038934757749277384
