,index,age,target_label,session_id,correct_or_not,target_label_prob,airplane_prob,bear_prob,bike_prob,bird_prob,boat_prob,bowl_prob,car_prob,cat_prob,chair_prob,couch_prob,cup_prob,dog_prob,fish_prob,frog_prob,house_prob,key_prob,person_prob,phone_prob,rabbit_prob,scissors_prob,sheep_prob,train_prob,tree_prob
0,6620,6,phone,run_v31531685252808,0.0,0.046494633305070754,0.046410833065678114,0.03938293759718307,0.04751105244285717,0.04422660958619342,0.057374171773805306,0.039073902910792574,0.04138114194076495,0.04227620200524098,0.038172914314123396,0.03208413396693355,0.04620786370954622,0.040435885848076086,0.0457779864254023,0.04055687143229915,0.04748213764901328,0.049479568863356194,0.04072949701954271,0.046494633305070754,0.04478200395382381,0.0436262495646335,0.03890385026309475,0.046389349289634965,0.0412402030729338
