,index,age,target_label,session_id,correct_or_not,target_label_prob,airplane_prob,bear_prob,bike_prob,bird_prob,boat_prob,bowl_prob,car_prob,cat_prob,chair_prob,couch_prob,cup_prob,dog_prob,fish_prob,frog_prob,house_prob,key_prob,person_prob,phone_prob,rabbit_prob,scissors_prob,sheep_prob,train_prob,tree_prob
0,5139,6,frog,run_v41536522290128,0.0,0.04858386461218683,0.04310276232017247,0.045414196405132105,0.04231375289400289,0.036241083194145055,0.046682990861168366,0.046043699240256857,0.047383159423476,0.04927261723703515,0.03578504295237272,0.038726957921685075,0.0427068270785071,0.04044319349728294,0.04585793563373596,0.04858386461218683,0.0426395244070609,0.04531748580997827,0.035345153619808875,0.056533054799805936,0.05053760240125938,0.04342820806417521,0.040789322935529386,0.040453655845664585,0.03639790884555782
