,index,age,target_label,session_id,correct_or_not,target_label_prob,airplane_prob,bear_prob,bike_prob,bird_prob,boat_prob,bowl_prob,car_prob,cat_prob,chair_prob,couch_prob,cup_prob,dog_prob,fish_prob,frog_prob,house_prob,key_prob,person_prob,phone_prob,rabbit_prob,scissors_prob,sheep_prob,train_prob,tree_prob
0,1895,3,bowl,run_v31529362393876,1.0,0.05388385470746387,0.04580812077700226,0.03947378858753322,0.03607302458461346,0.045635087674894256,0.047477615955833774,0.05388385470746387,0.0414889719160004,0.04216974506040835,0.041390471083806696,0.04225746670309403,0.04751007325578039,0.0463612709152843,0.04813356753246867,0.04257147218738076,0.03533466202395616,0.04774250408580061,0.0393745638497734,0.0381855038514423,0.042972454562188275,0.04807664192878798,0.04806498393593971,0.04271055489901639,0.0373035999215307
