,index,age,target_label,session_id,correct_or_not,target_label_prob,airplane_prob,bear_prob,bike_prob,bird_prob,boat_prob,bowl_prob,car_prob,cat_prob,chair_prob,couch_prob,cup_prob,dog_prob,fish_prob,frog_prob,house_prob,key_prob,person_prob,phone_prob,rabbit_prob,scissors_prob,sheep_prob,train_prob,tree_prob
0,1524,3,boat,run_v31535738891937,1.0,0.06084304651480647,0.05143501431319693,0.03958529651731711,0.039242769393412126,0.039128542305320396,0.06084304651480647,0.059995362620777044,0.0402744886261418,0.03810411702831017,0.046436684895179124,0.05179218911764407,0.05015847933192661,0.04333453245183997,0.04074388638733501,0.039521606379540074,0.03834114233691631,0.03813432493302128,0.0409034169452253,0.04049979001363855,0.04054033886683882,0.03485984145876745,0.04197688617943491,0.043646146947099305,0.04050209643631118
