,index,age,target_label,session_id,correct_or_not,target_label_prob,airplane_prob,bear_prob,bike_prob,bird_prob,boat_prob,bowl_prob,car_prob,cat_prob,chair_prob,couch_prob,cup_prob,dog_prob,fish_prob,frog_prob,house_prob,key_prob,person_prob,phone_prob,rabbit_prob,scissors_prob,sheep_prob,train_prob,tree_prob
0,1750,5,boat,run_v31534115055932,1.0,0.0669133173104963,0.04802636332500245,0.03785067898706945,0.05697746232339968,0.042807284834067746,0.0669133173104963,0.059890534901939144,0.04126393816301648,0.03787486853824796,0.049021417458288696,0.031667242515520375,0.056500809571701685,0.03690670248704793,0.038649415192839244,0.03668103456155637,0.037942668297683155,0.043129804683010815,0.04090485183944775,0.03320448893834964,0.03799160883215516,0.03989549285311076,0.03658250524946811,0.04134801447380337,0.04796949466277761
