,index,age,target_label,session_id,correct_or_not,target_label_prob,airplane_prob,bear_prob,bike_prob,bird_prob,boat_prob,bowl_prob,car_prob,cat_prob,chair_prob,couch_prob,cup_prob,dog_prob,fish_prob,frog_prob,house_prob,key_prob,person_prob,phone_prob,rabbit_prob,scissors_prob,sheep_prob,train_prob,tree_prob
0,8555,5,tree,run_v31534615862265,1.0,0.07171667251081172,0.04124433041913125,0.036472223304815796,0.035322493000296246,0.04253792988583979,0.05015117372574431,0.04862232023883983,0.03871076792766256,0.03625929676077749,0.06355595480786488,0.035984711239838374,0.04171242864030802,0.036215371243231376,0.037243961430103216,0.03841265253549992,0.03935963359904515,0.05162410386985633,0.06814435001729093,0.043378894124418525,0.03528097140171365,0.028853452526856397,0.0436486354445118,0.03554767134554242,0.07171667251081172
