,index,age,target_label,session_id,correct_or_not,target_label_prob,airplane_prob,bear_prob,bike_prob,bird_prob,boat_prob,bowl_prob,car_prob,cat_prob,chair_prob,couch_prob,cup_prob,dog_prob,fish_prob,frog_prob,house_prob,key_prob,person_prob,phone_prob,rabbit_prob,scissors_prob,sheep_prob,train_prob,tree_prob
0,7566,3,sheep,run_v41537050975650,0.0,0.040634527923764714,0.04853363835257164,0.04022980545308108,0.04123415719527902,0.042924760692420086,0.04914352576363548,0.04669332220128666,0.03814816578367082,0.04277326265854319,0.044223179776202104,0.041934695953207236,0.043683029953442185,0.04267174410652574,0.04689988644703974,0.042505948083083195,0.035530461778824504,0.042270582132759166,0.03879704259164409,0.047233646183041524,0.04977054001866073,0.04541641697144795,0.040634527923764714,0.043086529049281105,0.04566113093058808
