,index,age,target_label,session_id,correct_or_not,target_label_prob,airplane_prob,bear_prob,bike_prob,bird_prob,boat_prob,bowl_prob,car_prob,cat_prob,chair_prob,couch_prob,cup_prob,dog_prob,fish_prob,frog_prob,house_prob,key_prob,person_prob,phone_prob,rabbit_prob,scissors_prob,sheep_prob,train_prob,tree_prob
0,4585,9,fish,run_v31534286011625,1.0,0.0562885383747971,0.04890246430637533,0.04027144060221984,0.05327958278764957,0.04486740400053147,0.039476676931587865,0.03622508716964448,0.04976610791712938,0.04986196934866283,0.030788816768222954,0.0390076199900497,0.039677336898953676,0.04435087418051491,0.0562885383747971,0.036704935130436635,0.05034701058984594,0.03856816367125434,0.03934082533545957,0.03711265540974706,0.049767978990145165,0.0527036660362631,0.03985214446422416,0.04528663264356927,0.0375520684527154
