,index,age,target_label,session_id,correct_or_not,target_label_prob,airplane_prob,bear_prob,bike_prob,bird_prob,boat_prob,bowl_prob,car_prob,cat_prob,chair_prob,couch_prob,cup_prob,dog_prob,fish_prob,frog_prob,house_prob,key_prob,person_prob,phone_prob,rabbit_prob,scissors_prob,sheep_prob,train_prob,tree_prob
0,5226,7,frog,run_v41541367390536,0.0,0.04824685789303956,0.04020972131890273,0.0380832541230384,0.048159887285592326,0.050825913012003364,0.04128904766729155,0.040739467072479975,0.044736764877244,0.050157852171926746,0.03355603631469772,0.036323444214223594,0.04235128749563556,0.04819142416257865,0.036666371418372326,0.04824685789303956,0.03744033006243361,0.04033513844049432,0.04514493197110237,0.03422663409719546,0.04280167183800738,0.04538370995347284,0.05791556667475861,0.055359995802217815,0.041854692133291294
