,index,age,target_label,session_id,correct_or_not,target_label_prob,airplane_prob,bear_prob,bike_prob,bird_prob,boat_prob,bowl_prob,car_prob,cat_prob,chair_prob,couch_prob,cup_prob,dog_prob,fish_prob,frog_prob,house_prob,key_prob,person_prob,phone_prob,rabbit_prob,scissors_prob,sheep_prob,train_prob,tree_prob
0,8077,6,train,run_v41541966815102,0.0,0.056253009026207404,0.051185631598841166,0.04019411582011099,0.023347307676461586,0.04469745709889898,0.0300486417336281,0.057971068451200654,0.0421286701348853,0.03616034083992067,0.048931526295601095,0.0829389147109989,0.034285544743494135,0.03170831269602912,0.04234439355857715,0.03874067455028467,0.03138031051701537,0.06275446616873083,0.029663971289897895,0.04033687973140307,0.03851174112962389,0.039721567033926306,0.045992240328139825,0.056253009026207404,0.05070321486612293
