,index,age,target_label,session_id,correct_or_not,target_label_prob,airplane_prob,bear_prob,bike_prob,bird_prob,boat_prob,bowl_prob,car_prob,cat_prob,chair_prob,couch_prob,cup_prob,dog_prob,fish_prob,frog_prob,house_prob,key_prob,person_prob,phone_prob,rabbit_prob,scissors_prob,sheep_prob,train_prob,tree_prob
0,1373,3,bird,run_v31528060444990,0.0,0.044180257513601495,0.03844475250152055,0.04363606277910062,0.03836712621901992,0.044180257513601495,0.042461622697507986,0.03617856427811324,0.0380034231464206,0.04628132316398301,0.05562082101051011,0.044456903678181746,0.03804214924785869,0.03921349536874643,0.04634743434009099,0.045298055097446076,0.036960714297077604,0.06554183517193767,0.046173245907471364,0.0625074076054847,0.044195350440858136,0.035589083964103665,0.04503294835221693,0.031045303584617507,0.03642211963413096
