,index,age,target_label,session_id,correct_or_not,target_label_prob,airplane_prob,bear_prob,bike_prob,bird_prob,boat_prob,bowl_prob,car_prob,cat_prob,chair_prob,couch_prob,cup_prob,dog_prob,fish_prob,frog_prob,house_prob,key_prob,person_prob,phone_prob,rabbit_prob,scissors_prob,sheep_prob,train_prob,tree_prob
0,8627,8,tree,run_v31532555117955,1.0,0.06414088872782232,0.038724795613365615,0.04755769983860247,0.041716747623960396,0.036430058915837074,0.04024922243469869,0.040512719745082616,0.04111979763851065,0.03737752470241405,0.04439863666803029,0.03557467356164722,0.04211897974132812,0.0414485812408114,0.0434821244480505,0.04082398025069245,0.030867533766819038,0.05881372570541096,0.0542542436154749,0.05283980054620536,0.043591758438687754,0.03935752057176766,0.040922309530315414,0.04367667667446528,0.06414088872782232
