,index,age,target_label,session_id,correct_or_not,target_label_prob,airplane_prob,bear_prob,bike_prob,bird_prob,boat_prob,bowl_prob,car_prob,cat_prob,chair_prob,couch_prob,cup_prob,dog_prob,fish_prob,frog_prob,house_prob,key_prob,person_prob,phone_prob,rabbit_prob,scissors_prob,sheep_prob,train_prob,tree_prob
0,7368,2,scissors,run_v41540164006122,1.0,0.06059202609881986,0.04134314644922253,0.03953102370347379,0.05333654910576037,0.04272333027396739,0.036686278260258186,0.04262571750325922,0.0575707523852183,0.04200130678192833,0.03780527299777589,0.04035004157196738,0.038914657355297165,0.0468932715781304,0.043934465567445506,0.04512733831258353,0.036509642511258,0.04496984991348808,0.0394069256109721,0.03506187530078973,0.04088896642970105,0.06059202609881986,0.048546908418532764,0.046040732842161126,0.039139921027989154
