,index,age,target_label,session_id,correct_or_not,target_label_prob,airplane_prob,bear_prob,bike_prob,bird_prob,boat_prob,bowl_prob,car_prob,cat_prob,chair_prob,couch_prob,cup_prob,dog_prob,fish_prob,frog_prob,house_prob,key_prob,person_prob,phone_prob,rabbit_prob,scissors_prob,sheep_prob,train_prob,tree_prob
0,5238,8,frog,run_v41537733461054,0.0,0.051439971956962545,0.04503239066655336,0.040169204297370115,0.04526644211220824,0.04471861976135349,0.03717812059641306,0.052670974798953774,0.038515494438755474,0.04681118178997791,0.04254669409507593,0.04047217283802217,0.045216673640610085,0.044885972616485026,0.06684267257074816,0.051439971956962545,0.036462706505989546,0.03795038215019551,0.06222787925005779,0.03205558942903379,0.038462614863594584,0.036614720463844425,0.04156952044738175,0.03508793398316575,0.03780206672724776
