,index,age,target_label,session_id,correct_or_not,target_label_prob,airplane_prob,bear_prob,bike_prob,bird_prob,boat_prob,bowl_prob,car_prob,cat_prob,chair_prob,couch_prob,cup_prob,dog_prob,fish_prob,frog_prob,house_prob,key_prob,person_prob,phone_prob,rabbit_prob,scissors_prob,sheep_prob,train_prob,tree_prob
0,5470,4,house,run_v31527009966236,1.0,0.08872468924393095,0.040694564639297055,0.0384722509036426,0.042403246098975375,0.045025079112336705,0.052897187590705365,0.0430278958221494,0.035870069096360285,0.034897647847378886,0.05239193150581127,0.04367731041895434,0.04084704769130278,0.03672494595260221,0.03938445099017533,0.03994543856130488,0.08872468924393095,0.04128999918722432,0.041648070475399465,0.04318780004769505,0.03761389140552778,0.040318646205101685,0.03924524482255344,0.04374353158816693,0.037969060793403786
