,index,age,target_label,session_id,correct_or_not,target_label_prob,airplane_prob,bear_prob,bike_prob,bird_prob,boat_prob,bowl_prob,car_prob,cat_prob,chair_prob,couch_prob,cup_prob,dog_prob,fish_prob,frog_prob,house_prob,key_prob,person_prob,phone_prob,rabbit_prob,scissors_prob,sheep_prob,train_prob,tree_prob
0,7012,2,rabbit,run_v31531777386499,1.0,0.05359695055755451,0.050372089695428196,0.05123214503745736,0.04253182300877384,0.04890850559971276,0.045046550337778324,0.0359010602791102,0.03730590897964745,0.05155796051500767,0.038753363103816225,0.041578499915517035,0.03958794022149571,0.04509055378383219,0.04468189786146478,0.046276345410038215,0.03889868188973333,0.036094765818431726,0.0446449361575954,0.03552811305359603,0.05359695055755451,0.0401842832556175,0.040431532387805016,0.04160896713952701,0.050187125991059324
