,index,age,target_label,session_id,correct_or_not,target_label_prob,airplane_prob,bear_prob,bike_prob,bird_prob,boat_prob,bowl_prob,car_prob,cat_prob,chair_prob,couch_prob,cup_prob,dog_prob,fish_prob,frog_prob,house_prob,key_prob,person_prob,phone_prob,rabbit_prob,scissors_prob,sheep_prob,train_prob,tree_prob
0,2508,7,car,run_v31533335412720,1.0,0.08330935159416847,0.04343824908430171,0.03825504341297779,0.056743428423453535,0.032841102982077465,0.042242510565278744,0.034322358671450365,0.08330935159416847,0.03674874728525793,0.04277441680994983,0.06467828231635203,0.03456532192243579,0.03752769372608395,0.03690783711478624,0.03670201137971986,0.036339594692601784,0.03082213613897927,0.036692722592273956,0.04903714638014844,0.04107211213918902,0.03610117803172268,0.04536465689425421,0.062027440141161155,0.041486657701375565
