,index,age,target_label,session_id,correct_or_not,target_label_prob,airplane_prob,bear_prob,bike_prob,bird_prob,boat_prob,bowl_prob,car_prob,cat_prob,chair_prob,couch_prob,cup_prob,dog_prob,fish_prob,frog_prob,house_prob,key_prob,person_prob,phone_prob,rabbit_prob,scissors_prob,sheep_prob,train_prob,tree_prob
0,5408,2,house,run_v31534617102179,0.0,0.06248088671470599,0.041947053464251836,0.03675598828095282,0.039215162641709746,0.03555488212491279,0.04351432741835932,0.03440274590600139,0.041793066502575284,0.041283369378040904,0.05119118318452854,0.06579214266933155,0.04375446643636991,0.041987233479592496,0.044184556230245614,0.03787817582538556,0.06248088671470599,0.03701836410169107,0.04319604775788934,0.05215263822083121,0.0367742405510426,0.03779977079403129,0.03918687742679232,0.04949144993535688,0.042645370955401544
