,index,age,target_label,session_id,correct_or_not,target_label_prob,airplane_prob,bear_prob,bike_prob,bird_prob,boat_prob,bowl_prob,car_prob,cat_prob,chair_prob,couch_prob,cup_prob,dog_prob,fish_prob,frog_prob,house_prob,key_prob,person_prob,phone_prob,rabbit_prob,scissors_prob,sheep_prob,train_prob,tree_prob
0,117,4,airplane,run_v31530735794677,0.0,0.04998335453270436,0.04998335453270436,0.03784023710683638,0.05288202731362155,0.039038198794137884,0.04904207872749355,0.037200404399087304,0.04878195562701835,0.039597530691121784,0.03930523300711908,0.039265714290941375,0.03631236689619855,0.04170762807614325,0.03999506087864823,0.04170963067145222,0.041288834425730045,0.05384124076951475,0.041275784700143196,0.043105291456960904,0.05264907666983428,0.04715141934611995,0.0384196091501694,0.04320812056573213,0.04639920190327134
