,index,age,target_label,session_id,correct_or_not,target_label_prob,airplane_prob,bear_prob,bike_prob,bird_prob,boat_prob,bowl_prob,car_prob,cat_prob,chair_prob,couch_prob,cup_prob,dog_prob,fish_prob,frog_prob,house_prob,key_prob,person_prob,phone_prob,rabbit_prob,scissors_prob,sheep_prob,train_prob,tree_prob
0,8287,4,train,run_v41537130184852,1.0,0.053956622099693374,0.040362357901622535,0.03982848299829694,0.04849664975616149,0.0430674973620521,0.04036072867253708,0.042247422478864795,0.048898523808554056,0.0431129721288793,0.037109806076642424,0.043318518720055134,0.045740191522980735,0.045774899929517596,0.046521601090786985,0.042487713350914606,0.039877236271216,0.044655920725213544,0.042660879215863125,0.0448045299429801,0.037764898302832785,0.03809318087855525,0.04628513069058177,0.053956622099693374,0.04457423607519826
