,index,age,target_label,session_id,correct_or_not,target_label_prob,airplane_prob,bear_prob,bike_prob,bird_prob,boat_prob,bowl_prob,car_prob,cat_prob,chair_prob,couch_prob,cup_prob,dog_prob,fish_prob,frog_prob,house_prob,key_prob,person_prob,phone_prob,rabbit_prob,scissors_prob,sheep_prob,train_prob,tree_prob
0,2071,3,bowl,run_v31530483825626,0.0,0.043357238381791376,0.04862409256592338,0.041459801450562855,0.04196285108437556,0.04895646283857736,0.04892849584352427,0.043357238381791376,0.043002924475432726,0.043303281516935424,0.04541831793331774,0.03766110161936388,0.037523493174964506,0.045818045894050655,0.05127067741384909,0.047992291584825444,0.037503876359235,0.042777196254421945,0.037514017469779726,0.04237763883421274,0.03886404410061834,0.043321902756403435,0.04445746328911377,0.046701012566957696,0.04120377259176316
