,index,age,target_label,session_id,correct_or_not,target_label_prob,airplane_prob,bear_prob,bike_prob,bird_prob,boat_prob,bowl_prob,car_prob,cat_prob,chair_prob,couch_prob,cup_prob,dog_prob,fish_prob,frog_prob,house_prob,key_prob,person_prob,phone_prob,rabbit_prob,scissors_prob,sheep_prob,train_prob,tree_prob
0,4942,2,frog,run_v41541709421834,0.0,0.039435183212226776,0.03814046532983097,0.043777873288104334,0.05879461029049415,0.05942920048014623,0.04530679782307347,0.04089764477918613,0.041250984317623786,0.04818594976366551,0.03284571229407913,0.037187181039829376,0.039570541870443975,0.04642300358942458,0.05221461921929638,0.039435183212226776,0.0386724066021443,0.04419769950532936,0.04286575295242444,0.03358494637698946,0.04773612828643933,0.04388737372467569,0.042260647454805796,0.042150682076065885,0.04118459572370091
