,index,age,target_label,session_id,correct_or_not,target_label_prob,airplane_prob,bear_prob,bike_prob,bird_prob,boat_prob,bowl_prob,car_prob,cat_prob,chair_prob,couch_prob,cup_prob,dog_prob,fish_prob,frog_prob,house_prob,key_prob,person_prob,phone_prob,rabbit_prob,scissors_prob,sheep_prob,train_prob,tree_prob
0,6735,6,phone,run_v31528399548613,1.0,0.07252414877889113,0.04341588033601768,0.042266752803903115,0.034042173692371155,0.032634740646584864,0.03966741259377152,0.04791225939419444,0.04469089322529091,0.03996457617179348,0.029922135943850483,0.038779537680612514,0.046259221804065435,0.04006699098228026,0.036547208149805034,0.041966752480353635,0.05859034935197369,0.05157531936329252,0.04024626050096546,0.07252414877889113,0.04236619024878561,0.044959470471181574,0.036624079804790294,0.04476981992692697,0.05020782564829809
