,index,age,target_label,session_id,correct_or_not,target_label_prob,airplane_prob,bear_prob,bike_prob,bird_prob,boat_prob,bowl_prob,car_prob,cat_prob,chair_prob,couch_prob,cup_prob,dog_prob,fish_prob,frog_prob,house_prob,key_prob,person_prob,phone_prob,rabbit_prob,scissors_prob,sheep_prob,train_prob,tree_prob
0,4796,5,fish,run_v31532468496401,0.0,0.056991928662201416,0.06164097474744836,0.03825470337855247,0.03404754106374013,0.047023299551211414,0.05092189308701545,0.048522537193996504,0.049935700454172,0.04256417637957878,0.038611160155759945,0.05114923740969491,0.043160357381237274,0.04250824148533808,0.056991928662201416,0.039101270998765834,0.03575599131169691,0.048563652627033924,0.038086905003221885,0.03647404085706053,0.03956012027678705,0.04122431155022547,0.04074572226100731,0.03986161094103359,0.035294623223220564
