,index,age,target_label,session_id,correct_or_not,target_label_prob,airplane_prob,bear_prob,bike_prob,bird_prob,boat_prob,bowl_prob,car_prob,cat_prob,chair_prob,couch_prob,cup_prob,dog_prob,fish_prob,frog_prob,house_prob,key_prob,person_prob,phone_prob,rabbit_prob,scissors_prob,sheep_prob,train_prob,tree_prob
0,4762,5,fish,run_v31533758184476,0.0,0.03718537132520195,0.04616622831669409,0.058249127987840446,0.04505481706340533,0.03921879230035625,0.038832316144341204,0.035091701284243354,0.04431417270976384,0.038577335376649736,0.0405536620689162,0.043430013250677274,0.041152433064839844,0.044172842940765934,0.03718537132520195,0.04888637101246467,0.040172062380694734,0.0368678970532832,0.0391375681078563,0.041567199466259974,0.055603196577110256,0.04485993185767762,0.045971842974380395,0.04387552651514607,0.051059590221431306
