,index,age,target_label,session_id,correct_or_not,target_label_prob,airplane_prob,bear_prob,bike_prob,bird_prob,boat_prob,bowl_prob,car_prob,cat_prob,chair_prob,couch_prob,cup_prob,dog_prob,fish_prob,frog_prob,house_prob,key_prob,person_prob,phone_prob,rabbit_prob,scissors_prob,sheep_prob,train_prob,tree_prob
0,3181,10,chair,run_v31531340128856,0.0,0.044657461105161944,0.04360848216448179,0.04363530955391079,0.03827660620284966,0.03950671208728043,0.04916547708365696,0.040051123742971415,0.0362649110621464,0.049586488639846424,0.044657461105161944,0.04119868637302983,0.04135200205435654,0.04555200906422298,0.03942609209741262,0.04283916934472316,0.03706441323035154,0.041956213107993634,0.04965761130263377,0.03969467600629313,0.04936055199372449,0.04091180422141681,0.043428019622793135,0.045455662301702615,0.05735051763703996
