,index,age,target_label,session_id,correct_or_not,target_label_prob,airplane_prob,bear_prob,bike_prob,bird_prob,boat_prob,bowl_prob,car_prob,cat_prob,chair_prob,couch_prob,cup_prob,dog_prob,fish_prob,frog_prob,house_prob,key_prob,person_prob,phone_prob,rabbit_prob,scissors_prob,sheep_prob,train_prob,tree_prob
0,7393,4,scissors,run_v41541377708430,0.0,0.04796850835266658,0.0448570662326942,0.043959897936348934,0.04213722687180405,0.047447481196098575,0.03698862209042053,0.040049629876692305,0.03965728055518617,0.04339613809528308,0.04719239626010947,0.04019688671186708,0.049325923969829225,0.04413680573509011,0.042830878792410106,0.04305628360284366,0.04153908496672356,0.041458346620944005,0.04601456744964064,0.03540008320093998,0.04361900854181671,0.04796850835266658,0.04106017707440058,0.04304005003693969,0.054667655829250594
