,index,age,target_label,session_id,correct_or_not,target_label_prob,airplane_prob,bear_prob,bike_prob,bird_prob,boat_prob,bowl_prob,car_prob,cat_prob,chair_prob,couch_prob,cup_prob,dog_prob,fish_prob,frog_prob,house_prob,key_prob,person_prob,phone_prob,rabbit_prob,scissors_prob,sheep_prob,train_prob,tree_prob
0,408,6,bear,run_v41536535234127,1.0,0.08539646505189917,0.03194075124622796,0.08539646505189917,0.04226622879364599,0.041002035217368234,0.03787077990810895,0.03684745299358999,0.038749198640689514,0.04071140118435706,0.042419130517519436,0.03546463397270789,0.03798843225688604,0.041573529364259204,0.03358997212387156,0.057388051570186324,0.0378437529632327,0.040011811819341964,0.04424815041707952,0.040736786326919454,0.059629345487105835,0.037164562447528984,0.052243662114221226,0.0417653038559592,0.04314856172729382
