,index,age,target_label,session_id,correct_or_not,target_label_prob,airplane_prob,bear_prob,bike_prob,bird_prob,boat_prob,bowl_prob,car_prob,cat_prob,chair_prob,couch_prob,cup_prob,dog_prob,fish_prob,frog_prob,house_prob,key_prob,person_prob,phone_prob,rabbit_prob,scissors_prob,sheep_prob,train_prob,tree_prob
0,5951,4,key,run_v41541195291014,0.0,0.04448535904337214,0.04846882958407232,0.03917838675158972,0.04066638686195522,0.04337722503250938,0.046256453176719385,0.04288685506220933,0.04077983728781716,0.04206297889927323,0.043466138074646624,0.048142521661350565,0.040528186967642245,0.043366821190689436,0.044290228499751366,0.041556250842526815,0.041109635561502114,0.04448535904337214,0.03653516180792807,0.04334455327572618,0.040726582864244944,0.053388769477019205,0.04389017285507999,0.04411200570619655,0.04738065951617814
