,index,age,target_label,session_id,correct_or_not,target_label_prob,airplane_prob,bear_prob,bike_prob,bird_prob,boat_prob,bowl_prob,car_prob,cat_prob,chair_prob,couch_prob,cup_prob,dog_prob,fish_prob,frog_prob,house_prob,key_prob,person_prob,phone_prob,rabbit_prob,scissors_prob,sheep_prob,train_prob,tree_prob
0,6250,6,person,run_v31533404434586,1.0,0.07140498362687711,0.04215778377424158,0.03984294430893948,0.04199913498584374,0.05138151702252196,0.04999219766177724,0.045509780771433306,0.04156046684311063,0.035898816823083594,0.03304842249045153,0.03668372511720152,0.04137481974316255,0.0416255727026185,0.052382051736429895,0.04531504540758464,0.041089088421666115,0.04566000459717741,0.07140498362687711,0.03438613185149352,0.03733897088701752,0.03952669583224471,0.04237631239850335,0.03254813486312458,0.05689739813349553
