,index,age,target_label,session_id,correct_or_not,target_label_prob,airplane_prob,bear_prob,bike_prob,bird_prob,boat_prob,bowl_prob,car_prob,cat_prob,chair_prob,couch_prob,cup_prob,dog_prob,fish_prob,frog_prob,house_prob,key_prob,person_prob,phone_prob,rabbit_prob,scissors_prob,sheep_prob,train_prob,tree_prob
0,2002,5,bowl,run_v31529452799035,0.0,0.0438340082763777,0.0446542858245342,0.03727729391535789,0.055522552393947544,0.03765071932496887,0.04215211881154568,0.0438340082763777,0.04305954429224272,0.04825138498745031,0.058518159313758755,0.038799638495365774,0.0474116644072995,0.04227665588711647,0.04753914195658411,0.04151848818969866,0.027108856864387444,0.045886786179635576,0.03497181361637774,0.041920085168011365,0.044196163332542615,0.053487562435360174,0.039458339285066875,0.046706134769155846,0.03779860227321421
