,index,age,target_label,session_id,correct_or_not,target_label_prob,airplane_prob,bear_prob,bike_prob,bird_prob,boat_prob,bowl_prob,car_prob,cat_prob,chair_prob,couch_prob,cup_prob,dog_prob,fish_prob,frog_prob,house_prob,key_prob,person_prob,phone_prob,rabbit_prob,scissors_prob,sheep_prob,train_prob,tree_prob
0,6617,3,phone,run_v31531856499391,0.0,0.04943883931025279,0.04469679523412075,0.04014983951250681,0.04314557699846924,0.045225880216821494,0.044925122994067604,0.044358926139884736,0.04443858570909135,0.043045248076676486,0.03775395930076512,0.03870992672820262,0.04070619852385668,0.04058137653937613,0.05054122040716115,0.04363614613409554,0.047987868493820814,0.0477280333142821,0.03786940431616699,0.04943883931025279,0.046913863288278956,0.043096326324047786,0.04074701127319467,0.045283913807836196,0.039019937357023984
