,index,age,target_label,session_id,correct_or_not,target_label_prob,airplane_prob,bear_prob,bike_prob,bird_prob,boat_prob,bowl_prob,car_prob,cat_prob,chair_prob,couch_prob,cup_prob,dog_prob,fish_prob,frog_prob,house_prob,key_prob,person_prob,phone_prob,rabbit_prob,scissors_prob,sheep_prob,train_prob,tree_prob
0,2444,3,car,run_v31532990388310,0.0,0.036846247288200885,0.04382965648854548,0.05083004528309441,0.03815494910681096,0.045140130070105255,0.03953365795087297,0.03550927168116618,0.036846247288200885,0.048641212514746256,0.041559450904475444,0.04717611110287028,0.039407823609220405,0.050604433667677466,0.04510028425714696,0.043571363343438405,0.039848721826635944,0.036251962284736046,0.039646821797494444,0.03890610261366119,0.04631047884365169,0.04176031965846133,0.05037013459695635,0.04310073735178494,0.05790008375824658
