,index,age,target_label,session_id,correct_or_not,target_label_prob,airplane_prob,bear_prob,bike_prob,bird_prob,boat_prob,bowl_prob,car_prob,cat_prob,chair_prob,couch_prob,cup_prob,dog_prob,fish_prob,frog_prob,house_prob,key_prob,person_prob,phone_prob,rabbit_prob,scissors_prob,sheep_prob,train_prob,tree_prob
0,608,7,bear,run_v41540492433867,0.0,0.04354192164878344,0.038991013306837685,0.04354192164878344,0.04218774504956448,0.03924620015082362,0.05237538655185518,0.06210641404753493,0.03857778090623927,0.04023694568408063,0.04221283032883682,0.04315400716646044,0.04747604581590793,0.04132305309967845,0.04352558608271083,0.04461450057923521,0.04762429798055917,0.04006651849869494,0.042535089445155785,0.03761696066722692,0.04110491227425136,0.04147424531729575,0.04265066929556401,0.04202995479258335,0.045327921310119944
