,index,age,target_label,session_id,correct_or_not,target_label_prob,airplane_prob,bear_prob,bike_prob,bird_prob,boat_prob,bowl_prob,car_prob,cat_prob,chair_prob,couch_prob,cup_prob,dog_prob,fish_prob,frog_prob,house_prob,key_prob,person_prob,phone_prob,rabbit_prob,scissors_prob,sheep_prob,train_prob,tree_prob
0,4707,5,fish,run_v31534536260364,0.0,0.052854661254006396,0.04202148348466793,0.04136193990116864,0.0422695719873682,0.045948430395983876,0.038618835759136626,0.037872448827936465,0.04784573203277929,0.04862996706880107,0.038357084268438445,0.04077165104389046,0.040586949674550954,0.04639471028607463,0.052854661254006396,0.053457813601128674,0.03530971865267827,0.05994907410784406,0.039507259962133286,0.04370107855331793,0.04747919256505546,0.039987962390844164,0.041869150287596545,0.04202102113373967,0.03318426276085891
