,index,age,target_label,session_id,correct_or_not,target_label_prob,airplane_prob,bear_prob,bike_prob,bird_prob,boat_prob,bowl_prob,car_prob,cat_prob,chair_prob,couch_prob,cup_prob,dog_prob,fish_prob,frog_prob,house_prob,key_prob,person_prob,phone_prob,rabbit_prob,scissors_prob,sheep_prob,train_prob,tree_prob
0,6054,7,person,run_v31534024394133,0.0,0.053193929256904526,0.0410359301895853,0.049547546108329225,0.043278507189108535,0.04298358837382626,0.03612982322393751,0.04501327577473885,0.045068376760945834,0.04829204198093458,0.041965611464338116,0.04179777538649644,0.0467260673542638,0.04434950046133777,0.03598601610108675,0.05464505146078636,0.03647407933401597,0.03730264588565144,0.053193929256904526,0.03700137994711876,0.04234503866882615,0.03849834790913834,0.05243612181068773,0.0365980249799533,0.04933132037798838
