,index,age,target_label,session_id,correct_or_not,target_label_prob,airplane_prob,bear_prob,bike_prob,bird_prob,boat_prob,bowl_prob,car_prob,cat_prob,chair_prob,couch_prob,cup_prob,dog_prob,fish_prob,frog_prob,house_prob,key_prob,person_prob,phone_prob,rabbit_prob,scissors_prob,sheep_prob,train_prob,tree_prob
0,4439,7,dog,run_v31533678925659,0.0,0.04794905732268429,0.03663208098537086,0.055172992890344844,0.045059345150724815,0.04430219040572936,0.03823507962211498,0.043417742768998326,0.04450183684459694,0.04905069665127888,0.03727327887872432,0.0406317117785349,0.04244214725050854,0.04794905732268429,0.05133634317653684,0.04331030293518537,0.03693838075885397,0.041002216703396425,0.038245197651320985,0.038726228809730125,0.05129593679271065,0.04263145186048512,0.044438492261253154,0.04379960961853079,0.043607678882385384
