,index,age,target_label,session_id,correct_or_not,target_label_prob,airplane_prob,bear_prob,bike_prob,bird_prob,boat_prob,bowl_prob,car_prob,cat_prob,chair_prob,couch_prob,cup_prob,dog_prob,fish_prob,frog_prob,house_prob,key_prob,person_prob,phone_prob,rabbit_prob,scissors_prob,sheep_prob,train_prob,tree_prob
0,1019,10,bike,run_v31529354999119,1.0,0.07693379687037369,0.04954093431171026,0.040757713235596744,0.07693379687037369,0.04682323583628972,0.03512381755343552,0.03460300249086049,0.06664263736713447,0.03837349105775399,0.04000210978812885,0.04237332619900425,0.04048244558998962,0.04537599227725067,0.04706011358917077,0.03980833557605341,0.03468013238704648,0.040239634667918564,0.033508496341633894,0.03347189540154653,0.04336152869106458,0.04212656721630208,0.040525235781465566,0.04840133457251419,0.03978422319775555
