,index,age,target_label,session_id,correct_or_not,target_label_prob,airplane_prob,bear_prob,bike_prob,bird_prob,boat_prob,bowl_prob,car_prob,cat_prob,chair_prob,couch_prob,cup_prob,dog_prob,fish_prob,frog_prob,house_prob,key_prob,person_prob,phone_prob,rabbit_prob,scissors_prob,sheep_prob,train_prob,tree_prob
0,7794,6,sheep,run_v41538854044619,0.0,0.038787644088030496,0.04126770942627892,0.038325342800039915,0.035061697530623194,0.039779679823774124,0.039731851687533085,0.0398125301081356,0.04247230067893503,0.0424074461468062,0.047573391361829816,0.037131992215888004,0.04273439882733434,0.04600786379253066,0.04778455016129742,0.04104488640764793,0.03861686543049985,0.04673737940515826,0.06414073619242792,0.043740026165462464,0.042695772775194984,0.053572972327565596,0.038787644088030496,0.03879278375505333,0.05178017889195311
