,index,age,target_label,session_id,correct_or_not,target_label_prob,airplane_prob,bear_prob,bike_prob,bird_prob,boat_prob,bowl_prob,car_prob,cat_prob,chair_prob,couch_prob,cup_prob,dog_prob,fish_prob,frog_prob,house_prob,key_prob,person_prob,phone_prob,rabbit_prob,scissors_prob,sheep_prob,train_prob,tree_prob
0,2339,4,car,run_v31535841492468,0.0,0.055178067846619494,0.03257940385168537,0.03934553272334883,0.0621775035603087,0.042364407373809455,0.03299941093502351,0.03729754370588203,0.055178067846619494,0.03922648164899773,0.043833142148014065,0.04781833287356951,0.047871478046697113,0.04250293941789741,0.03583674113910998,0.043676492682766375,0.04117962872300405,0.046693140386264285,0.044490916578830024,0.06303737414530147,0.03925308248143614,0.03719489139025358,0.04070105504446644,0.04865994757208487,0.03608248572462954
