,index,age,target_label,session_id,correct_or_not,target_label_prob,airplane_prob,bear_prob,bike_prob,bird_prob,boat_prob,bowl_prob,car_prob,cat_prob,chair_prob,couch_prob,cup_prob,dog_prob,fish_prob,frog_prob,house_prob,key_prob,person_prob,phone_prob,rabbit_prob,scissors_prob,sheep_prob,train_prob,tree_prob
0,4575,5,fish,run_v31526158807742,1.0,0.06142033966504772,0.045068038086243295,0.04118972239952532,0.04614538514839726,0.044095526101173746,0.042562979669654534,0.04135320335511597,0.04722491376636154,0.042149426546625714,0.04125524076164845,0.046916049611177846,0.04765527098560413,0.04370805066557718,0.06142033966504772,0.039967358239714146,0.03873274873022832,0.040546351121889104,0.04505127569235317,0.047908064124599,0.04098845375534922,0.04051359780921066,0.03763285202652594,0.04172911007789214,0.03618604166008555
