,index,age,target_label,session_id,correct_or_not,target_label_prob,airplane_prob,bear_prob,bike_prob,bird_prob,boat_prob,bowl_prob,car_prob,cat_prob,chair_prob,couch_prob,cup_prob,dog_prob,fish_prob,frog_prob,house_prob,key_prob,person_prob,phone_prob,rabbit_prob,scissors_prob,sheep_prob,train_prob,tree_prob
0,3662,2,couch,run_v31528760069521,1.0,0.05954374050406218,0.03897041951228259,0.03845062151334757,0.03767640378728235,0.042349934303575476,0.03505289713508792,0.04493926226106693,0.05547396592664113,0.043407482882241624,0.039750068490439994,0.05954374050406218,0.054758672518847626,0.04121045790232895,0.03732814458004284,0.040285546783371796,0.0354143073888031,0.039123305233218456,0.045959327970488205,0.053747077596650976,0.02935114903092236,0.03628752689904151,0.054276261523531356,0.053905946974623954,0.042737479282101094
