,index,age,target_label,session_id,correct_or_not,target_label_prob,airplane_prob,bear_prob,bike_prob,bird_prob,boat_prob,bowl_prob,car_prob,cat_prob,chair_prob,couch_prob,cup_prob,dog_prob,fish_prob,frog_prob,house_prob,key_prob,person_prob,phone_prob,rabbit_prob,scissors_prob,sheep_prob,train_prob,tree_prob
0,7730,3,sheep,run_v41537743552683,0.0,0.039380904418147795,0.0442078302041215,0.04153840753073361,0.041961094766261066,0.04283776392181892,0.039326239198676706,0.04387138239122797,0.04699103990269735,0.046108306250643785,0.036828530340956164,0.043721040336633626,0.058580265080843796,0.041861446263452305,0.04742857460096385,0.0383030378086511,0.031971376697824204,0.0436338317957895,0.03850407691355666,0.050724948410024596,0.04448406973596905,0.05497837582764467,0.039380904418147795,0.04168437271574421,0.041073084887617524
