,index,age,target_label,session_id,correct_or_not,target_label_prob,airplane_prob,bear_prob,bike_prob,bird_prob,boat_prob,bowl_prob,car_prob,cat_prob,chair_prob,couch_prob,cup_prob,dog_prob,fish_prob,frog_prob,house_prob,key_prob,person_prob,phone_prob,rabbit_prob,scissors_prob,sheep_prob,train_prob,tree_prob
0,5107,5,frog,run_v41540491126434,0.0,0.04722584808200706,0.040478047873172635,0.049483828177128875,0.03893902166823052,0.04162330939621974,0.0425785113979166,0.06749333719153798,0.05788371014219642,0.03855190229372515,0.03797993980466613,0.04084775258374882,0.03377676437193958,0.04033226528301337,0.04840707946576401,0.04722584808200706,0.06236039319209025,0.0411311379871203,0.043095700488007184,0.02962375561876054,0.03744261709030532,0.039474994788122324,0.04435081432207237,0.04137623032301126,0.0355430384592434
