,index,age,target_label,session_id,correct_or_not,target_label_prob,airplane_prob,bear_prob,bike_prob,bird_prob,boat_prob,bowl_prob,car_prob,cat_prob,chair_prob,couch_prob,cup_prob,dog_prob,fish_prob,frog_prob,house_prob,key_prob,person_prob,phone_prob,rabbit_prob,scissors_prob,sheep_prob,train_prob,tree_prob
0,3554,3,couch,run_v31528916007888,0.0,0.055053394147096694,0.03474720444394912,0.037935245044865264,0.040122542246630755,0.040867640534721916,0.03482264654253346,0.045258921475295255,0.04968249546578409,0.03984004028184984,0.05300183249254633,0.055053394147096694,0.05916123117766504,0.04016884096868709,0.036547947094900425,0.04114659483175984,0.03939666841265013,0.04306954370911266,0.03935842181485784,0.053913549984881105,0.04509738348446831,0.04449773689207484,0.04069679015832629,0.04548901182498191,0.040124316970361604
