,index,age,target_label,session_id,correct_or_not,target_label_prob,airplane_prob,bear_prob,bike_prob,bird_prob,boat_prob,bowl_prob,car_prob,cat_prob,chair_prob,couch_prob,cup_prob,dog_prob,fish_prob,frog_prob,house_prob,key_prob,person_prob,phone_prob,rabbit_prob,scissors_prob,sheep_prob,train_prob,tree_prob
0,2637,5,car,run_v31533758184476,1.0,0.06882915823643738,0.0372937304370859,0.041985701550441484,0.03488828812753528,0.04153185106881646,0.035063610327876714,0.05414058066093232,0.06882915823643738,0.04256238849869307,0.047633031857305705,0.040953442595147736,0.037370084504758844,0.04015476253499596,0.040010882710724505,0.0493626176883098,0.042185325853208416,0.04305296551058147,0.04488555864857158,0.03767543678317499,0.04515731918875926,0.04325850773020064,0.048188587471976886,0.043837019068359864,0.039979148946105644
