,index,age,target_label,session_id,correct_or_not,target_label_prob,airplane_prob,bear_prob,bike_prob,bird_prob,boat_prob,bowl_prob,car_prob,cat_prob,chair_prob,couch_prob,cup_prob,dog_prob,fish_prob,frog_prob,house_prob,key_prob,person_prob,phone_prob,rabbit_prob,scissors_prob,sheep_prob,train_prob,tree_prob
0,4959,3,frog,run_v41538940667434,0.0,0.04248772131004701,0.04056316147821586,0.040886391980883126,0.03759624764105743,0.0394007533720718,0.03725572859864915,0.03682220221736416,0.04344571759373661,0.04092685562874739,0.0770905375638518,0.03762127190277555,0.0469850695168453,0.04062161431906807,0.04247483463563047,0.04248772131004701,0.0257673933457024,0.0442560481745508,0.04606340395862316,0.03445801999330946,0.04147430601297315,0.06580652298029063,0.04638107025519889,0.041632382711538976,0.049982744808868905
