,index,age,target_label,session_id,correct_or_not,target_label_prob,airplane_prob,bear_prob,bike_prob,bird_prob,boat_prob,bowl_prob,car_prob,cat_prob,chair_prob,couch_prob,cup_prob,dog_prob,fish_prob,frog_prob,house_prob,key_prob,person_prob,phone_prob,rabbit_prob,scissors_prob,sheep_prob,train_prob,tree_prob
0,936,2,bike,run_v31531936445541,1.0,0.06999078702370924,0.049456266814861996,0.04412028098678628,0.06999078702370924,0.04100540218110569,0.03590707759086296,0.04232353764704396,0.053249548167273106,0.03707238293887679,0.04377211404493362,0.04076445284050871,0.04605297101994711,0.050888149551861966,0.03999525167021333,0.0386254240597136,0.04148350015125246,0.03781501459454172,0.03639055360812281,0.0348298111765032,0.04711118875658935,0.04246934823227718,0.04392855068954815,0.04460743425004264,0.038140952003424024
