,index,age,target_label,session_id,correct_or_not,target_label_prob,airplane_prob,bear_prob,bike_prob,bird_prob,boat_prob,bowl_prob,car_prob,cat_prob,chair_prob,couch_prob,cup_prob,dog_prob,fish_prob,frog_prob,house_prob,key_prob,person_prob,phone_prob,rabbit_prob,scissors_prob,sheep_prob,train_prob,tree_prob
0,4150,5,cup,run_v31534283716602,0.0,0.047511249666219016,0.06559857313753525,0.0393705478645449,0.04596127818345237,0.04601711288098468,0.0450975248871538,0.036953119314092855,0.03948626306277334,0.036346800543988166,0.04560049380385712,0.03787153691233069,0.047511249666219016,0.044077345655625516,0.0471982463380756,0.03597623353687505,0.05108369324101575,0.03882456667475005,0.05202686142029705,0.038117915777305056,0.040870280213251814,0.0332606171070184,0.04157533744822961,0.04311123662066026,0.04806316570996359
