,index,age,target_label,session_id,correct_or_not,target_label_prob,airplane_prob,bear_prob,bike_prob,bird_prob,boat_prob,bowl_prob,car_prob,cat_prob,chair_prob,couch_prob,cup_prob,dog_prob,fish_prob,frog_prob,house_prob,key_prob,person_prob,phone_prob,rabbit_prob,scissors_prob,sheep_prob,train_prob,tree_prob
0,2204,3,bowl,run_v31531353094485,0.0,0.048618078059532416,0.03827185656429847,0.041489607996551485,0.047874156037843216,0.0353655763830454,0.037076431802845665,0.048618078059532416,0.0606137267168186,0.03932432935407072,0.04294568281709524,0.04126630347075405,0.04249428226330095,0.041658092273335036,0.04060270533878688,0.046974416038623686,0.0409101326938078,0.04386014378610852,0.03989229938848953,0.043546752732786444,0.05017824534099395,0.04961614748848501,0.04337521736400003,0.047474906863710795,0.03657090922471618
