,index,age,target_label,session_id,correct_or_not,target_label_prob,airplane_prob,bear_prob,bike_prob,bird_prob,boat_prob,bowl_prob,car_prob,cat_prob,chair_prob,couch_prob,cup_prob,dog_prob,fish_prob,frog_prob,house_prob,key_prob,person_prob,phone_prob,rabbit_prob,scissors_prob,sheep_prob,train_prob,tree_prob
0,5110,5,frog,run_v41541182317324,0.0,0.04627728339709548,0.0431301143838353,0.04322683764501393,0.0466515140515166,0.04891942022405167,0.040487879959813705,0.048402858059940324,0.053711766940781114,0.041481471026350254,0.04320445558955272,0.042574318287002394,0.0416508050171968,0.04768290394689344,0.05906653778191633,0.04627728339709548,0.03288723537363605,0.04187170361086576,0.03736915375572118,0.03559639602993481,0.0369328149697132,0.04013586064733476,0.04364598773361126,0.04319260284857325,0.04190007871964957
