,index,age,target_label,session_id,correct_or_not,target_label_prob,airplane_prob,bear_prob,bike_prob,bird_prob,boat_prob,bowl_prob,car_prob,cat_prob,chair_prob,couch_prob,cup_prob,dog_prob,fish_prob,frog_prob,house_prob,key_prob,person_prob,phone_prob,rabbit_prob,scissors_prob,sheep_prob,train_prob,tree_prob
0,3561,6,couch,run_v31529012399114,0.0,0.056327517213017514,0.03504689378492336,0.038152874100831756,0.044476602809422804,0.03949296489127694,0.039014999940790704,0.04439678562323825,0.0616278302965756,0.041235729801241836,0.04117185207914367,0.056327517213017514,0.035755701992765725,0.04114307912457353,0.034666122493796116,0.036857713980326515,0.07491066224451855,0.03711355267452964,0.03798273229152336,0.040712158222777226,0.03729451956145175,0.03482251411121613,0.03902186700755925,0.05161315826473242,0.0571621674897673
