,index,age,target_label,session_id,correct_or_not,target_label_prob,airplane_prob,bear_prob,bike_prob,bird_prob,boat_prob,bowl_prob,car_prob,cat_prob,chair_prob,couch_prob,cup_prob,dog_prob,fish_prob,frog_prob,house_prob,key_prob,person_prob,phone_prob,rabbit_prob,scissors_prob,sheep_prob,train_prob,tree_prob
0,5843,4,key,run_v41537035936969,0.0,0.04508494080834035,0.04770167280193294,0.04104971528614402,0.04119621896220073,0.04242494833270716,0.047378902851647274,0.034901107603321144,0.03803327025835584,0.04289398685980559,0.050756519385018156,0.03766319820367659,0.04223428401056229,0.041359643755440184,0.048748169710190546,0.03995099016838121,0.04837373180118597,0.04508494080834035,0.05008407520551,0.04380107736331167,0.042258217952792054,0.039630893911801905,0.03806298833877486,0.04330835348558782,0.05310309294331171
