,index,age,target_label,session_id,correct_or_not,target_label_prob,airplane_prob,bear_prob,bike_prob,bird_prob,boat_prob,bowl_prob,car_prob,cat_prob,chair_prob,couch_prob,cup_prob,dog_prob,fish_prob,frog_prob,house_prob,key_prob,person_prob,phone_prob,rabbit_prob,scissors_prob,sheep_prob,train_prob,tree_prob
0,7196,4,scissors,run_v41538861393569,0.0,0.05029655415664031,0.03684479046674547,0.046269075307354184,0.04758848752203909,0.044676591143282984,0.03494670740000687,0.0398059864860176,0.04036656096371147,0.047419043128246546,0.03608062063384787,0.03904119918318736,0.047149594335172296,0.04980767927769009,0.0428006924197513,0.044734644858084885,0.04007393355694502,0.06740700450587589,0.036559636476626696,0.03901538082614171,0.04569874986271997,0.05029655415664031,0.04420936115249671,0.03902592283789964,0.04018178349951612
