,index,age,target_label,session_id,correct_or_not,target_label_prob,airplane_prob,bear_prob,bike_prob,bird_prob,boat_prob,bowl_prob,car_prob,cat_prob,chair_prob,couch_prob,cup_prob,dog_prob,fish_prob,frog_prob,house_prob,key_prob,person_prob,phone_prob,rabbit_prob,scissors_prob,sheep_prob,train_prob,tree_prob
0,1520,5,boat,run_v31526254866517,0.0,0.0412757760117384,0.03342521085621263,0.04116017345166864,0.04069579656772303,0.04730828637422324,0.0412757760117384,0.044665523939415516,0.051847924131808006,0.042938010612343924,0.0390554599676052,0.03798724143362979,0.04029280476869481,0.05107641580105586,0.05300813975185528,0.05165953246887697,0.03743831343670634,0.060388251637775184,0.03864625138228138,0.030325096993652614,0.04256536348535079,0.04545396209315786,0.05117029791752041,0.04227749189908496,0.0353386750176193
