,index,age,target_label,session_id,correct_or_not,target_label_prob,airplane_prob,bear_prob,bike_prob,bird_prob,boat_prob,bowl_prob,car_prob,cat_prob,chair_prob,couch_prob,cup_prob,dog_prob,fish_prob,frog_prob,house_prob,key_prob,person_prob,phone_prob,rabbit_prob,scissors_prob,sheep_prob,train_prob,tree_prob
0,1046,6,bike,run_v31528062667359,1.0,0.07776110474673875,0.04886588501601101,0.037796425130231306,0.07776110474673875,0.04237771681304018,0.051636455848960046,0.03713146908940628,0.04114661359523509,0.0437048456007482,0.045601082385990234,0.03472920406742055,0.04629364076493972,0.03834464404853947,0.04318764564904223,0.03803430135603041,0.037584622281584386,0.05157437089066329,0.04099353633373305,0.03716744359073315,0.04468984624839003,0.043582425191371905,0.035493570133409286,0.04398345944053077,0.03831969177725073
