,index,age,target_label,session_id,correct_or_not,target_label_prob,airplane_prob,bear_prob,bike_prob,bird_prob,boat_prob,bowl_prob,car_prob,cat_prob,chair_prob,couch_prob,cup_prob,dog_prob,fish_prob,frog_prob,house_prob,key_prob,person_prob,phone_prob,rabbit_prob,scissors_prob,sheep_prob,train_prob,tree_prob
0,2643,4,car,run_v31527719230278,1.0,0.06241318267320654,0.036767984906269875,0.04679763626289519,0.042316042847794874,0.04019777076492145,0.03869303281591978,0.05467419691421491,0.06241318267320654,0.04037306279907314,0.04189185985849969,0.03816729523043367,0.047840303649741185,0.04306180128597819,0.044335167326239676,0.051125941080109524,0.04034730609744504,0.047274780070977795,0.03890328203628025,0.038692135363527634,0.047194719093813724,0.04505627788218787,0.04073022060986055,0.038829174007972526,0.03431682642263694
