,index,age,target_label,session_id,correct_or_not,target_label_prob,airplane_prob,bear_prob,bike_prob,bird_prob,boat_prob,bowl_prob,car_prob,cat_prob,chair_prob,couch_prob,cup_prob,dog_prob,fish_prob,frog_prob,house_prob,key_prob,person_prob,phone_prob,rabbit_prob,scissors_prob,sheep_prob,train_prob,tree_prob
0,2892,6,cat,run_v41541967175933,0.0,0.045802887603789005,0.04091399139340057,0.04635534803079332,0.053765664303852836,0.04365856006889212,0.043167401429586916,0.04133163031443568,0.04130449748704829,0.045802887603789005,0.04110243173068428,0.03679531473436166,0.0413108677262718,0.05059257466488895,0.04932923650989884,0.03781568978597834,0.038084069727602886,0.05293325554307952,0.03612001007047776,0.03514419965595544,0.04046775169731855,0.04441096149876686,0.045321687145697474,0.04788236395823867,0.0463896049189803
