,index,age,target_label,session_id,correct_or_not,target_label_prob,airplane_prob,bear_prob,bike_prob,bird_prob,boat_prob,bowl_prob,car_prob,cat_prob,chair_prob,couch_prob,cup_prob,dog_prob,fish_prob,frog_prob,house_prob,key_prob,person_prob,phone_prob,rabbit_prob,scissors_prob,sheep_prob,train_prob,tree_prob
0,4628,6,fish,run_v31533676370547,0.0,0.05989816509681893,0.04210306673921229,0.044578085266960304,0.04263397648294091,0.04268615091762888,0.045190299923805646,0.04490493212113548,0.06176289385231786,0.04205165212628903,0.04212838049656644,0.051071649173970377,0.04036472689666162,0.04389984604255008,0.05989816509681893,0.04106501998504356,0.03160125042499456,0.04339779481865561,0.03738001861153578,0.03617875310260222,0.03492827806163951,0.045384915360502306,0.03882066473278299,0.044006432174745376,0.04396304759064042
