,index,age,target_label,session_id,correct_or_not,target_label_prob,airplane_prob,bear_prob,bike_prob,bird_prob,boat_prob,bowl_prob,car_prob,cat_prob,chair_prob,couch_prob,cup_prob,dog_prob,fish_prob,frog_prob,house_prob,key_prob,person_prob,phone_prob,rabbit_prob,scissors_prob,sheep_prob,train_prob,tree_prob
0,3839,5,cup,run_v31534109653532,1.0,0.05671343359333186,0.03556841305108842,0.04606571443962731,0.04815006190179418,0.04781030052681694,0.035704939820512906,0.052865142971456704,0.05156858699490157,0.040792346091498094,0.04250037281396903,0.03967994907346567,0.05671343359333186,0.04207592625142815,0.04907430488465491,0.04356080177513967,0.03861481663586847,0.04745680409868119,0.03897932152205634,0.03601239079154105,0.04552992949445975,0.038806360117751904,0.039118587360244504,0.04081341297768681,0.042538082812024584
