,index,age,target_label,session_id,correct_or_not,target_label_prob,airplane_prob,bear_prob,bike_prob,bird_prob,boat_prob,bowl_prob,car_prob,cat_prob,chair_prob,couch_prob,cup_prob,dog_prob,fish_prob,frog_prob,house_prob,key_prob,person_prob,phone_prob,rabbit_prob,scissors_prob,sheep_prob,train_prob,tree_prob
0,6949,6,rabbit,run_v31532197883703,0.0,0.049605015177766915,0.046660080448353146,0.03715281281063339,0.0402752320843021,0.051270184123085656,0.04075435499929595,0.038539552882697226,0.04358026089194831,0.052536286284863065,0.05446581886486717,0.036987782287787645,0.03388406204059451,0.04042798594051501,0.03969958651544203,0.04762206939315496,0.04953931838790305,0.03683081667220486,0.035005187590074385,0.046523874237120094,0.049605015177766915,0.0460038796556859,0.040894391666206016,0.05079662044884147,0.04094482659665719
