,index,age,target_label,session_id,correct_or_not,target_label_prob,airplane_prob,bear_prob,bike_prob,bird_prob,boat_prob,bowl_prob,car_prob,cat_prob,chair_prob,couch_prob,cup_prob,dog_prob,fish_prob,frog_prob,house_prob,key_prob,person_prob,phone_prob,rabbit_prob,scissors_prob,sheep_prob,train_prob,tree_prob
0,272,5,airplane,run_v31529447248959,0.0,0.03990027736687171,0.03990027736687171,0.05639195150307261,0.060612921938589935,0.048732924153679386,0.036605275814241486,0.033965003719681745,0.040297912624114016,0.04873709425597221,0.035599459579585664,0.03672197727308936,0.042406844317627375,0.050422160866770024,0.035479773218332934,0.04193165911192064,0.04195859201858888,0.05082224801256502,0.03360316485179651,0.033621378390745874,0.05055478959488412,0.040818450998743525,0.047893119244137645,0.0468895531369337,0.046033468008055675
