,index,age,target_label,session_id,correct_or_not,target_label_prob,airplane_prob,bear_prob,bike_prob,bird_prob,boat_prob,bowl_prob,car_prob,cat_prob,chair_prob,couch_prob,cup_prob,dog_prob,fish_prob,frog_prob,house_prob,key_prob,person_prob,phone_prob,rabbit_prob,scissors_prob,sheep_prob,train_prob,tree_prob
0,5677,6,key,run_v41536447093595,1.0,0.0776162652368071,0.03494420809786651,0.037617240937515097,0.035265180382733186,0.038558030374759994,0.04154414989291943,0.03677880738602586,0.036104517168913296,0.04233331044036391,0.053886844983624484,0.037970048992896306,0.05012477090237881,0.04014566068176215,0.04539509574652395,0.04473328764636103,0.03494134092899388,0.0776162652368071,0.04906370118237493,0.04605598454673454,0.03980657043508506,0.050748541740109156,0.044372498411828595,0.03440477926773033,0.04758916461569238
