,index,age,target_label,session_id,correct_or_not,target_label_prob,airplane_prob,bear_prob,bike_prob,bird_prob,boat_prob,bowl_prob,car_prob,cat_prob,chair_prob,couch_prob,cup_prob,dog_prob,fish_prob,frog_prob,house_prob,key_prob,person_prob,phone_prob,rabbit_prob,scissors_prob,sheep_prob,train_prob,tree_prob
0,82,7,airplane,run_v31532127192962,0.0,0.04715970360638036,0.04715970360638036,0.041080937225006164,0.05403730445877291,0.04297337163892558,0.051943717659303945,0.03260732743861757,0.053861269432146135,0.05476530470808078,0.03865320176387153,0.05293962407014216,0.04054355883193925,0.03786230174538275,0.04366435362846825,0.037492139066321026,0.03559161195273657,0.0349520230712577,0.0510642002701255,0.03727691357906577,0.04922723589462053,0.05190774518073427,0.039085623364864,0.036391394722926636,0.03491913669031065
