,index,age,target_label,session_id,correct_or_not,target_label_prob,airplane_prob,bear_prob,bike_prob,bird_prob,boat_prob,bowl_prob,car_prob,cat_prob,chair_prob,couch_prob,cup_prob,dog_prob,fish_prob,frog_prob,house_prob,key_prob,person_prob,phone_prob,rabbit_prob,scissors_prob,sheep_prob,train_prob,tree_prob
0,6612,7,phone,run_v31529522399308,1.0,0.07194156366841228,0.04277744204087155,0.03711932943045258,0.04008320920781342,0.04589584451511232,0.04341188295296364,0.04161195395940373,0.035940203497489755,0.04549314791551865,0.06470588127222814,0.04250664003989152,0.04733180057119383,0.04165022202985964,0.02976543575079435,0.03607326100815535,0.062170420979468725,0.039743371837880986,0.042780217999458976,0.07194156366841228,0.03985483995648276,0.03856570174622419,0.03565340275531933,0.03419732521083107,0.04072690165417315
