,index,age,target_label,session_id,correct_or_not,target_label_prob,airplane_prob,bear_prob,bike_prob,bird_prob,boat_prob,bowl_prob,car_prob,cat_prob,chair_prob,couch_prob,cup_prob,dog_prob,fish_prob,frog_prob,house_prob,key_prob,person_prob,phone_prob,rabbit_prob,scissors_prob,sheep_prob,train_prob,tree_prob
0,4391,6,dog,run_v31533765908822,0.0,0.04633878345300394,0.03332609584389735,0.07624536167021922,0.029744239161031763,0.05409255715853787,0.03613717056906685,0.034801397700145904,0.03437662904035535,0.043873539976597056,0.03635691770681742,0.0367978072155211,0.03992460209538821,0.04633878345300394,0.0424796936254036,0.057497997549368095,0.03797697649143664,0.04467233913193605,0.054530128233105726,0.038897715392769365,0.06538701927980252,0.03730295323119398,0.0375165508012946,0.034146158939009824,0.04757736573409775
