,index,age,target_label,session_id,correct_or_not,target_label_prob,airplane_prob,bear_prob,bike_prob,bird_prob,boat_prob,bowl_prob,car_prob,cat_prob,chair_prob,couch_prob,cup_prob,dog_prob,fish_prob,frog_prob,house_prob,key_prob,person_prob,phone_prob,rabbit_prob,scissors_prob,sheep_prob,train_prob,tree_prob
0,7220,3,scissors,run_v41541972405467,0.0,0.05214166395715085,0.0500544261349832,0.037293964071040596,0.03993536483609407,0.04528374070236014,0.04796501404885763,0.037827646751222056,0.041822184567812205,0.045049374348962216,0.050337526186439996,0.042933443238138934,0.03934310561380873,0.045394720046856886,0.040422313328928046,0.03715426345568032,0.030578223613053946,0.05304055757370513,0.03979393126262628,0.046672996485305145,0.04254957509908016,0.05214166395715085,0.04374380686587364,0.04643419889883652,0.044227958913183346
