,index,age,target_label,session_id,correct_or_not,target_label_prob,airplane_prob,bear_prob,bike_prob,bird_prob,boat_prob,bowl_prob,car_prob,cat_prob,chair_prob,couch_prob,cup_prob,dog_prob,fish_prob,frog_prob,house_prob,key_prob,person_prob,phone_prob,rabbit_prob,scissors_prob,sheep_prob,train_prob,tree_prob
0,6802,9,phone,run_v41541367614243,1.0,0.06188178151210631,0.037605779716000626,0.041182821280393876,0.03487820446278899,0.03474721302861913,0.035923226413104775,0.04947817669047077,0.04570947408511086,0.0381179812621967,0.03757669307792728,0.04208987835980356,0.04974645955875892,0.0362900010392169,0.038323387189259595,0.04079227350607192,0.04880907982847844,0.05413053493076039,0.04082104884521398,0.06188178151210631,0.03917781966829774,0.049022688271230165,0.04144085321351039,0.04505607652978087,0.057198547530897884
