,index,age,target_label,session_id,correct_or_not,target_label_prob,airplane_prob,bear_prob,bike_prob,bird_prob,boat_prob,bowl_prob,car_prob,cat_prob,chair_prob,couch_prob,cup_prob,dog_prob,fish_prob,frog_prob,house_prob,key_prob,person_prob,phone_prob,rabbit_prob,scissors_prob,sheep_prob,train_prob,tree_prob
0,3735,8,couch,run_v31528658399219,1.0,0.04888956001184051,0.045584309858179885,0.045482132705600135,0.03811012473625292,0.04487282860479275,0.04327429871819532,0.043143775929516494,0.047496949725834,0.0439504870488914,0.03923324233264622,0.04888956001184051,0.04690160522997327,0.04536131108097985,0.04096881743513751,0.04394605708865265,0.032852045532880535,0.04707240367212941,0.04519078659236971,0.033620903428779256,0.04373634954693233,0.04215609035505837,0.045994051558932686,0.04586092332896449,0.04630094547746016
