,index,age,target_label,session_id,correct_or_not,target_label_prob,airplane_prob,bear_prob,bike_prob,bird_prob,boat_prob,bowl_prob,car_prob,cat_prob,chair_prob,couch_prob,cup_prob,dog_prob,fish_prob,frog_prob,house_prob,key_prob,person_prob,phone_prob,rabbit_prob,scissors_prob,sheep_prob,train_prob,tree_prob
0,3063,2,chair,run_v31529451599071,1.0,0.06301167712394758,0.059443200462437645,0.03881400153683145,0.03962150587443289,0.044949225237994606,0.06008190234306839,0.03681662774424652,0.039800968226678536,0.03727643429014707,0.06301167712394758,0.044522267473593315,0.04540739624809702,0.03855786025597237,0.03406967340171403,0.038323442115500206,0.041819943400649005,0.04874659383198026,0.044188556723834226,0.030905269448351567,0.039623050933256306,0.04103150792637192,0.04612658589412618,0.037023328255893995,0.04983898125087497
