,index,age,target_label,session_id,correct_or_not,target_label_prob,airplane_prob,bear_prob,bike_prob,bird_prob,boat_prob,bowl_prob,car_prob,cat_prob,chair_prob,couch_prob,cup_prob,dog_prob,fish_prob,frog_prob,house_prob,key_prob,person_prob,phone_prob,rabbit_prob,scissors_prob,sheep_prob,train_prob,tree_prob
0,1063,4,bike,run_v31529192767939,0.0,0.03565132925008728,0.04226135411633201,0.03952323437875945,0.03565132925008728,0.04584620165200922,0.03924627735100961,0.041866332042559073,0.046292708539867104,0.04714262443823595,0.0417234055030238,0.042550679521251855,0.045192723054481805,0.045949270366959394,0.06311295505735669,0.04325922845408334,0.03765981531819321,0.05207670912497123,0.038181578046895696,0.05039110564319566,0.03818310317949871,0.049558089543442235,0.04114012345332048,0.04162287550479213,0.031568276459674194
