,index,age,target_label,session_id,correct_or_not,target_label_prob,airplane_prob,bear_prob,bike_prob,bird_prob,boat_prob,bowl_prob,car_prob,cat_prob,chair_prob,couch_prob,cup_prob,dog_prob,fish_prob,frog_prob,house_prob,key_prob,person_prob,phone_prob,rabbit_prob,scissors_prob,sheep_prob,train_prob,tree_prob
0,7435,7,scissors,run_v41540148092648,0.0,0.048331887945787286,0.04726206816227983,0.04804118472373555,0.045490210780714246,0.04193381811831542,0.04354161464237685,0.04404904454633216,0.043777716150383526,0.04613632266482586,0.041141364610233995,0.04034057149782425,0.04546956461336438,0.04938269068618911,0.049177002351764615,0.04824597241267628,0.034518165846468316,0.041826235809602035,0.03747486390006364,0.036996401863356725,0.03820359301603107,0.048331887945787286,0.04767869418827002,0.04626744906838336,0.03471356240102152
