,index,age,target_label,session_id,correct_or_not,target_label_prob,airplane_prob,bear_prob,bike_prob,bird_prob,boat_prob,bowl_prob,car_prob,cat_prob,chair_prob,couch_prob,cup_prob,dog_prob,fish_prob,frog_prob,house_prob,key_prob,person_prob,phone_prob,rabbit_prob,scissors_prob,sheep_prob,train_prob,tree_prob
0,83,2,airplane,run_v31528910999323,0.0,0.03694415501493195,0.03694415501493195,0.042591506266702335,0.063966339205185,0.0404379382674271,0.04461869726061289,0.03628165712484448,0.049347868389439824,0.050104512494786375,0.03950187122853703,0.03939368726610337,0.039532165836272455,0.048605135042262514,0.043361286976818715,0.04552898855919985,0.03866500943604237,0.04791636099965723,0.03856875335356416,0.033543645866331705,0.05013602894085657,0.04888309493500975,0.036320710670880205,0.0507538646183195,0.03499672224621464
