,index,age,target_label,session_id,correct_or_not,target_label_prob,airplane_prob,bear_prob,bike_prob,bird_prob,boat_prob,bowl_prob,car_prob,cat_prob,chair_prob,couch_prob,cup_prob,dog_prob,fish_prob,frog_prob,house_prob,key_prob,person_prob,phone_prob,rabbit_prob,scissors_prob,sheep_prob,train_prob,tree_prob
0,4845,4,fish,run_v31535144598435,1.0,0.05328700943887587,0.04252925329101818,0.04236942385118392,0.0421940571726628,0.048237800493304776,0.05002595618911225,0.03841135848952957,0.040263923571116966,0.04078362344788978,0.03903564438116716,0.04816872492584064,0.03894958617416053,0.0447248268192321,0.05328700943887587,0.041958952087497954,0.044495009865902276,0.04033663884821303,0.047052753907138964,0.04358839191676176,0.047130471258354664,0.03820190114121528,0.04179654396324068,0.04146093349632057,0.044997215270260175
