,index,age,target_label,session_id,correct_or_not,target_label_prob,airplane_prob,bear_prob,bike_prob,bird_prob,boat_prob,bowl_prob,car_prob,cat_prob,chair_prob,couch_prob,cup_prob,dog_prob,fish_prob,frog_prob,house_prob,key_prob,person_prob,phone_prob,rabbit_prob,scissors_prob,sheep_prob,train_prob,tree_prob
0,8063,10,train,run_v41541187472978,1.0,0.08056016276025606,0.03208909954159113,0.03671973317530749,0.05375847931852639,0.036730624888607726,0.03618701056569836,0.03842023549129253,0.056413767016253766,0.04040773097735755,0.05733138857317425,0.0771425747602969,0.031713935157977165,0.03674727807584194,0.03583249881898373,0.03139190800511374,0.055636890666755756,0.034059728483370466,0.03490759475280618,0.046994095348325306,0.037607854303923084,0.03564712294041681,0.038707958791738356,0.08056016276025606,0.03499232758638549
