,index,age,target_label,session_id,correct_or_not,target_label_prob,airplane_prob,bear_prob,bike_prob,bird_prob,boat_prob,bowl_prob,car_prob,cat_prob,chair_prob,couch_prob,cup_prob,dog_prob,fish_prob,frog_prob,house_prob,key_prob,person_prob,phone_prob,rabbit_prob,scissors_prob,sheep_prob,train_prob,tree_prob
0,151,4,airplane,run_v31530733127648,1.0,0.06047740658112543,0.06047740658112543,0.035709021305359474,0.05318932325614542,0.044071856387796926,0.04502670602724456,0.03628807561593937,0.04464063715258827,0.038674651408063115,0.05039866754582185,0.034120355562063956,0.03834669769565444,0.042354633871442185,0.03938777801190796,0.039511113563406246,0.03546085530554422,0.05513549156523212,0.0394497054558297,0.039618043031344495,0.0423830496976107,0.05453576724693502,0.0420807659539861,0.04453952774518939,0.04459987001376913
