,index,age,target_label,session_id,correct_or_not,target_label_prob,airplane_prob,bear_prob,bike_prob,bird_prob,boat_prob,bowl_prob,car_prob,cat_prob,chair_prob,couch_prob,cup_prob,dog_prob,fish_prob,frog_prob,house_prob,key_prob,person_prob,phone_prob,rabbit_prob,scissors_prob,sheep_prob,train_prob,tree_prob
0,5441,3,house,run_v31532627373931,1.0,0.08413961905554225,0.047131689037904524,0.03834571100813837,0.04550369596612026,0.04101327368377867,0.051644238206372824,0.03899915991488025,0.0485042120911365,0.03843240163036706,0.030552755859770193,0.03796139004823166,0.03801051839430688,0.03753353659545944,0.04247323533982398,0.042333240168636314,0.08413961905554225,0.044145583136919034,0.04531836923060274,0.038039879602290806,0.04039203627670906,0.04695693301638149,0.04077231290128051,0.043682590921266924,0.038113617914080467
