,index,age,target_label,session_id,correct_or_not,target_label_prob,airplane_prob,bear_prob,bike_prob,bird_prob,boat_prob,bowl_prob,car_prob,cat_prob,chair_prob,couch_prob,cup_prob,dog_prob,fish_prob,frog_prob,house_prob,key_prob,person_prob,phone_prob,rabbit_prob,scissors_prob,sheep_prob,train_prob,tree_prob
0,3744,2,couch,run_v31528752599073,0.0,0.06909051709283634,0.04150795367024024,0.038592321971157736,0.04102203003624877,0.04112295789671581,0.04329307032697393,0.04396011026244867,0.04060205972492183,0.04046396510063142,0.0696044425048994,0.06909051709283634,0.04457617794651935,0.043447891294044055,0.045366843669827316,0.040217805347241384,0.05107892293127688,0.0404233812037703,0.03477592124984737,0.03612192116749353,0.03281739000549283,0.03908118324128283,0.04094979319865962,0.03843428685468134,0.04344905330278899
