,index,age,target_label,session_id,correct_or_not,target_label_prob,airplane_prob,bear_prob,bike_prob,bird_prob,boat_prob,bowl_prob,car_prob,cat_prob,chair_prob,couch_prob,cup_prob,dog_prob,fish_prob,frog_prob,house_prob,key_prob,person_prob,phone_prob,rabbit_prob,scissors_prob,sheep_prob,train_prob,tree_prob
0,3138,9,chair,run_v31530742221909,1.0,0.08684451626833467,0.0381459319316866,0.04372827891298258,0.03897516595558124,0.03892122275453156,0.03750073145769454,0.03854489488199424,0.0374363552910417,0.03833771588093854,0.08684451626833467,0.04134233192412991,0.037051847432572484,0.04284390460633969,0.037553950561633256,0.04183857009218435,0.05214449546487835,0.03818623542227672,0.05118869863127006,0.0400807301430703,0.04195771185466014,0.04054608251290355,0.041693967629326534,0.04355542898905721,0.05158123140091172
