,index,age,target_label,session_id,correct_or_not,target_label_prob,airplane_prob,bear_prob,bike_prob,bird_prob,boat_prob,bowl_prob,car_prob,cat_prob,chair_prob,couch_prob,cup_prob,dog_prob,fish_prob,frog_prob,house_prob,key_prob,person_prob,phone_prob,rabbit_prob,scissors_prob,sheep_prob,train_prob,tree_prob
0,3233,8,chair,run_v31528395460868,1.0,0.08714585095551523,0.04388189998928695,0.03998906394253222,0.04290097760967844,0.03741039484243939,0.04020328204693209,0.04069429433501765,0.036965236733199444,0.0386879212889823,0.08714585095551523,0.032209802795341864,0.04317603558028444,0.03770210660212371,0.040550761233873196,0.038624875333312436,0.07377515966060635,0.034139626991974655,0.03712975370139853,0.03486927451591951,0.03979476573035048,0.04493085123619896,0.043646091081534555,0.052036221306309575,0.039535752487187756
