,index,age,target_label,session_id,correct_or_not,target_label_prob,airplane_prob,bear_prob,bike_prob,bird_prob,boat_prob,bowl_prob,car_prob,cat_prob,chair_prob,couch_prob,cup_prob,dog_prob,fish_prob,frog_prob,house_prob,key_prob,person_prob,phone_prob,rabbit_prob,scissors_prob,sheep_prob,train_prob,tree_prob
0,3542,3,couch,run_v31528222799238,0.0,0.04198412255250986,0.04519123485485924,0.04242796547510932,0.04536694128811815,0.04157752799270093,0.04302976094655735,0.03727812427994623,0.0583564859859036,0.04733368021496327,0.04286473693283493,0.04198412255250986,0.037917729141542095,0.043180962553436786,0.04080227206190465,0.044071545042957724,0.04542228412601526,0.04061615035557195,0.04065408545259428,0.035398726119529836,0.04502490823298087,0.04224276791739196,0.04823324112190466,0.04764449161292153,0.04338025573774548
