,index,age,target_label,session_id,correct_or_not,target_label_prob,airplane_prob,bear_prob,bike_prob,bird_prob,boat_prob,bowl_prob,car_prob,cat_prob,chair_prob,couch_prob,cup_prob,dog_prob,fish_prob,frog_prob,house_prob,key_prob,person_prob,phone_prob,rabbit_prob,scissors_prob,sheep_prob,train_prob,tree_prob
0,2459,4,car,run_v31532546118317,0.0,0.04969090960480699,0.04486447296283559,0.045277522632432475,0.0333499989656929,0.04377982144466791,0.046991658489746575,0.0458174289589278,0.04969090960480699,0.04464816163079864,0.03962940418126109,0.041313401364106606,0.04188000394300143,0.05289325301451627,0.04354158572429762,0.042296720011625245,0.04154995737233534,0.03585737125746409,0.03841584482151012,0.0399272269086794,0.04142010350156694,0.04315257008118661,0.05011159901350777,0.0517176828148952,0.041873301300137396
