,index,age,target_label,session_id,correct_or_not,target_label_prob,airplane_prob,bear_prob,bike_prob,bird_prob,boat_prob,bowl_prob,car_prob,cat_prob,chair_prob,couch_prob,cup_prob,dog_prob,fish_prob,frog_prob,house_prob,key_prob,person_prob,phone_prob,rabbit_prob,scissors_prob,sheep_prob,train_prob,tree_prob
0,7976,8,train,run_v41541893947190,0.0,0.04180976017975942,0.03813202556178483,0.04098306991317227,0.05022939327984365,0.04293028878189181,0.03793139343755025,0.04001736387937728,0.038367431232376195,0.04079940944066016,0.0640525962211848,0.03906037052240312,0.041612577636457405,0.051477814404592905,0.04528030218884288,0.046686752651836,0.0460473166356502,0.0411764026128931,0.05043938140098346,0.03357891538188096,0.04050397539223297,0.04231466846130411,0.04884977736642291,0.04180976017975942,0.037719013416899344
