,index,age,target_label,session_id,correct_or_not,target_label_prob,airplane_prob,bear_prob,bike_prob,bird_prob,boat_prob,bowl_prob,car_prob,cat_prob,chair_prob,couch_prob,cup_prob,dog_prob,fish_prob,frog_prob,house_prob,key_prob,person_prob,phone_prob,rabbit_prob,scissors_prob,sheep_prob,train_prob,tree_prob
0,6060,2,person,run_v31535403541314,0.0,0.03901552169696116,0.04363559645569292,0.04361910525841378,0.04371202198148832,0.04124482309460844,0.03666809361674468,0.044278045346357826,0.0502213114434366,0.03688727342845296,0.038996557304387613,0.04587318088771332,0.04948869509279183,0.04234533984841916,0.05181377206954874,0.04413839202425289,0.0400944111320069,0.05162226933902477,0.03901552169696116,0.038193725633408435,0.04121605675115103,0.05057767130265966,0.04143482891855691,0.04296488801685701,0.04195841935706521
