,index,age,target_label,session_id,correct_or_not,target_label_prob,airplane_prob,bear_prob,bike_prob,bird_prob,boat_prob,bowl_prob,car_prob,cat_prob,chair_prob,couch_prob,cup_prob,dog_prob,fish_prob,frog_prob,house_prob,key_prob,person_prob,phone_prob,rabbit_prob,scissors_prob,sheep_prob,train_prob,tree_prob
0,5706,7,key,run_v41537140916863,0.0,0.049470065890827024,0.036150704225484956,0.04433898264191916,0.043532382351974826,0.047258735655160214,0.04248891630170049,0.041059371544431705,0.038447870586846726,0.04744627441405518,0.04148691819813911,0.03908587374505455,0.03640380502077615,0.04996508219756155,0.054547192984251994,0.050666829616344396,0.03600959003573277,0.049470065890827024,0.05561245388101225,0.033304709160343324,0.0425970988085167,0.03974478834327374,0.05186681047434127,0.041935367654855886,0.036580176267395965
