,index,age,target_label,session_id,correct_or_not,target_label_prob,airplane_prob,bear_prob,bike_prob,bird_prob,boat_prob,bowl_prob,car_prob,cat_prob,chair_prob,couch_prob,cup_prob,dog_prob,fish_prob,frog_prob,house_prob,key_prob,person_prob,phone_prob,rabbit_prob,scissors_prob,sheep_prob,train_prob,tree_prob
0,5520,6,house,run_v31533404434586,1.0,0.07700830758882907,0.04637393318413531,0.0429432894185206,0.036857907807000115,0.04224240238796741,0.05489960061242589,0.04953205295265714,0.04063029257767409,0.037797251910559576,0.037827215129175966,0.036514958630742556,0.041464558239388306,0.039849890192926965,0.03818259468781534,0.039878148973528635,0.07700830758882907,0.038038793170347925,0.03816232462550404,0.05291552669937063,0.042502694805190984,0.03846026974238227,0.038714568508678396,0.04256881273320738,0.04663460542197143
