,index,age,target_label,session_id,correct_or_not,target_label_prob,airplane_prob,bear_prob,bike_prob,bird_prob,boat_prob,bowl_prob,car_prob,cat_prob,chair_prob,couch_prob,cup_prob,dog_prob,fish_prob,frog_prob,house_prob,key_prob,person_prob,phone_prob,rabbit_prob,scissors_prob,sheep_prob,train_prob,tree_prob
0,5144,6,frog,run_v41537041579854,0.0,0.04750305339018419,0.03732322287564516,0.050862096730328384,0.04471386525409271,0.044094402290880685,0.04554363159277612,0.039184446811860923,0.045162940738942586,0.05047737426004531,0.036945412573256016,0.039192783687880206,0.035433600084798685,0.05222502841976093,0.04278732252992089,0.04750305339018419,0.03994467514504751,0.036039879835794535,0.0513828663449441,0.03513313247772533,0.04798834166978423,0.036808200420518834,0.05341753521099728,0.04231601278645027,0.045520174868364835
