,index,age,target_label,session_id,correct_or_not,target_label_prob,airplane_prob,bear_prob,bike_prob,bird_prob,boat_prob,bowl_prob,car_prob,cat_prob,chair_prob,couch_prob,cup_prob,dog_prob,fish_prob,frog_prob,house_prob,key_prob,person_prob,phone_prob,rabbit_prob,scissors_prob,sheep_prob,train_prob,tree_prob
0,6320,5,person,run_v31533771309835,0.0,0.05679026311702437,0.03868960877566154,0.04507049366141056,0.058074286393557245,0.04105000976967466,0.04728983405794962,0.036294157355169186,0.041289575278969794,0.041230899401977814,0.03517364159229786,0.03782845384367163,0.043306960641535434,0.045491533400309696,0.04090266025589948,0.041298885692606986,0.05977003114276016,0.0331765430375652,0.05679026311702437,0.032056769737565084,0.03742058398217962,0.04155165293437564,0.046801440676614466,0.04347209650682664,0.05596961874439713
