,index,age,target_label,session_id,correct_or_not,target_label_prob,airplane_prob,bear_prob,bike_prob,bird_prob,boat_prob,bowl_prob,car_prob,cat_prob,chair_prob,couch_prob,cup_prob,dog_prob,fish_prob,frog_prob,house_prob,key_prob,person_prob,phone_prob,rabbit_prob,scissors_prob,sheep_prob,train_prob,tree_prob
0,987,9,bike,run_v31529360399092,1.0,0.06065265502275153,0.04467599306561133,0.0452534844294785,0.06065265502275153,0.04140501439915097,0.03955548736883806,0.04151261398142729,0.04469167073789688,0.049107653301256785,0.036289753760443653,0.04430978124980326,0.0472056973612888,0.048458144562581434,0.043350535138848185,0.04292362461257371,0.037609108526546565,0.034114856600787495,0.04281343941184785,0.040325389444489,0.040740546675787,0.04328341183255364,0.04359445056894872,0.05484381328149012,0.03328287466559919
