,index,age,target_label,session_id,correct_or_not,target_label_prob,airplane_prob,bear_prob,bike_prob,bird_prob,boat_prob,bowl_prob,car_prob,cat_prob,chair_prob,couch_prob,cup_prob,dog_prob,fish_prob,frog_prob,house_prob,key_prob,person_prob,phone_prob,rabbit_prob,scissors_prob,sheep_prob,train_prob,tree_prob
0,5710,6,key,run_v41537651046290,0.0,0.04570815450760854,0.03949412769581504,0.039027012376842814,0.04504741960454166,0.03351833426297626,0.0513390878942658,0.04255856590059278,0.04560667788473533,0.03347801941565842,0.06999990197980491,0.031561483759118145,0.039299969953763045,0.03648365087665355,0.034517624558929066,0.036255575923152636,0.04833773337232419,0.04570815450760854,0.053456892910716765,0.06426177890324355,0.03563980324193788,0.04361604571293574,0.03709022226428553,0.044860164511213434,0.04884175248888488
