,index,age,target_label,session_id,correct_or_not,target_label_prob,airplane_prob,bear_prob,bike_prob,bird_prob,boat_prob,bowl_prob,car_prob,cat_prob,chair_prob,couch_prob,cup_prob,dog_prob,fish_prob,frog_prob,house_prob,key_prob,person_prob,phone_prob,rabbit_prob,scissors_prob,sheep_prob,train_prob,tree_prob
0,675,8,bear,run_v41541370666218,0.0,0.048107130116917814,0.043612299976817835,0.048107130116917814,0.03469973170334841,0.05141980604794975,0.04390077577825382,0.03817225174808451,0.04727865532415233,0.048129989659766365,0.04583826811964027,0.04405368109131382,0.036297061294955274,0.051505260241583244,0.05614469594891278,0.048080969051293,0.03876115071522659,0.03575577953657477,0.04644768430357787,0.03765831201139764,0.03838494207300621,0.033009339135471355,0.05595977318660079,0.03744390747642111,0.03933853545873467
