,index,age,target_label,session_id,correct_or_not,target_label_prob,airplane_prob,bear_prob,bike_prob,bird_prob,boat_prob,bowl_prob,car_prob,cat_prob,chair_prob,couch_prob,cup_prob,dog_prob,fish_prob,frog_prob,house_prob,key_prob,person_prob,phone_prob,rabbit_prob,scissors_prob,sheep_prob,train_prob,tree_prob
0,5115,5,frog,run_v41541373348621,0.0,0.05120418165338212,0.03705146893909885,0.0449732868469362,0.049127806355990976,0.052946033302526785,0.04470452355842856,0.03992811977518912,0.039588285290898036,0.055569820663238026,0.04043922842372967,0.032308253872960616,0.03868636528590312,0.05011538156443364,0.049655955562036724,0.05120418165338212,0.037299924359541124,0.04149755757422891,0.05122995141625874,0.034883837717686175,0.04384198153168849,0.04004691320086558,0.05046209400994699,0.04366911188352532,0.030769917211506286
