,index,age,target_label,session_id,correct_or_not,target_label_prob,airplane_prob,bear_prob,bike_prob,bird_prob,boat_prob,bowl_prob,car_prob,cat_prob,chair_prob,couch_prob,cup_prob,dog_prob,fish_prob,frog_prob,house_prob,key_prob,person_prob,phone_prob,rabbit_prob,scissors_prob,sheep_prob,train_prob,tree_prob
0,5469,3,house,run_v31534963570213,1.0,0.07697423476322313,0.053628448329148516,0.0381056518685418,0.040630674668693766,0.037966267964295634,0.05551195417562065,0.035207104107772655,0.04105084165232983,0.04474553407395376,0.048148758696063505,0.04141295440202238,0.03780748877233943,0.03425294146913851,0.045162221393941174,0.03393176779317188,0.07697423476322313,0.039010342110281745,0.032971269036624506,0.0461745212080562,0.04136355559270259,0.043685997000533223,0.042920875214807024,0.051764160829914155,0.03757243487682389
