,index,age,target_label,session_id,correct_or_not,target_label_prob,airplane_prob,bear_prob,bike_prob,bird_prob,boat_prob,bowl_prob,car_prob,cat_prob,chair_prob,couch_prob,cup_prob,dog_prob,fish_prob,frog_prob,house_prob,key_prob,person_prob,phone_prob,rabbit_prob,scissors_prob,sheep_prob,train_prob,tree_prob
0,1592,8,boat,run_v31535490345838,0.0,0.0665249398673341,0.04253172093620841,0.04317859954671254,0.03945419212465529,0.03563362841593678,0.0665249398673341,0.09064948651623868,0.03832048560313479,0.03952212547150599,0.04127834858783205,0.0535324340870123,0.054627310096225665,0.03882386430665582,0.05601953937239319,0.03495656938510632,0.026588902904855997,0.035041559116662374,0.03549701290301501,0.03999026949219739,0.03382685430135596,0.03515177592664323,0.039128883285355714,0.03976467837718776,0.03995681937577444
