,index,age,target_label,session_id,correct_or_not,target_label_prob,airplane_prob,bear_prob,bike_prob,bird_prob,boat_prob,bowl_prob,car_prob,cat_prob,chair_prob,couch_prob,cup_prob,dog_prob,fish_prob,frog_prob,house_prob,key_prob,person_prob,phone_prob,rabbit_prob,scissors_prob,sheep_prob,train_prob,tree_prob
0,5210,7,frog,run_v41537557469449,0.0,0.03856251700170667,0.0527321237251286,0.0410277469668121,0.040867139043039166,0.04317727243928768,0.05326473346435911,0.05087310690796077,0.03837905682560416,0.048498830088189046,0.03879407128375468,0.03528153345451429,0.04152979813672757,0.04106803773742845,0.05057964670724015,0.03856251700170667,0.043606399732947256,0.03731655279415772,0.04252391558911852,0.04084591964758575,0.045370149365881615,0.05679858965461251,0.03942273184213058,0.04003265583736136,0.039447471754452124
