,index,age,target_label,session_id,correct_or_not,target_label_prob,airplane_prob,bear_prob,bike_prob,bird_prob,boat_prob,bowl_prob,car_prob,cat_prob,chair_prob,couch_prob,cup_prob,dog_prob,fish_prob,frog_prob,house_prob,key_prob,person_prob,phone_prob,rabbit_prob,scissors_prob,sheep_prob,train_prob,tree_prob
0,644,3,bear,run_v41541803076160,0.0,0.04493315120237674,0.044816264523164964,0.04493315120237674,0.03356766809921487,0.03988562569509706,0.04678959615433288,0.04203830051204763,0.04284055257491391,0.037673145195103966,0.041639036857599475,0.048113587582990384,0.039238087181779846,0.03650997757725249,0.04541790743333384,0.04609138743114634,0.04795743505629584,0.04007797910484203,0.052733475921814925,0.04875930457308965,0.04394192326072595,0.03808228441173631,0.038976970153219735,0.04308640631514057,0.0568299331827804
