,index,age,target_label,session_id,correct_or_not,target_label_prob,airplane_prob,bear_prob,bike_prob,bird_prob,boat_prob,bowl_prob,car_prob,cat_prob,chair_prob,couch_prob,cup_prob,dog_prob,fish_prob,frog_prob,house_prob,key_prob,person_prob,phone_prob,rabbit_prob,scissors_prob,sheep_prob,train_prob,tree_prob
0,4677,3,fish,run_v31535918346351,0.0,0.05563746229191632,0.06296413810100078,0.036263749187123696,0.04344332194408876,0.041904249226171364,0.06065903096145793,0.04469946775299999,0.04461233942065652,0.03442560081195375,0.03042350142948173,0.03833780083534169,0.04443268228361975,0.04200802619960188,0.05563746229191632,0.03530558751584482,0.03932911675349741,0.03757458690191058,0.05244798475829969,0.04398039792093937,0.04194282262398743,0.04431926947843142,0.04226982040469208,0.04106082607405718,0.04195821712292592
