,index,age,target_label,session_id,correct_or_not,target_label_prob,airplane_prob,bear_prob,bike_prob,bird_prob,boat_prob,bowl_prob,car_prob,cat_prob,chair_prob,couch_prob,cup_prob,dog_prob,fish_prob,frog_prob,house_prob,key_prob,person_prob,phone_prob,rabbit_prob,scissors_prob,sheep_prob,train_prob,tree_prob
0,7711,7,sheep,run_v41537050795705,1.0,0.06256122686395144,0.035235436750925296,0.04565696250167867,0.04865215902871708,0.04657256512369488,0.04103996185400071,0.03774358633268236,0.04127517237893251,0.0474300883883021,0.04271670066961225,0.03723060727765232,0.035994695546995574,0.05210263417451588,0.04182083856055765,0.05423512600157164,0.04173121353391332,0.04096829261617125,0.04046142561690419,0.03851199406327774,0.04359265880593599,0.038310396762322625,0.06256122686395144,0.05003615298438133,0.03612010416330331
