,index,age,target_label,session_id,correct_or_not,target_label_prob,airplane_prob,bear_prob,bike_prob,bird_prob,boat_prob,bowl_prob,car_prob,cat_prob,chair_prob,couch_prob,cup_prob,dog_prob,fish_prob,frog_prob,house_prob,key_prob,person_prob,phone_prob,rabbit_prob,scissors_prob,sheep_prob,train_prob,tree_prob
0,5309,5,house,run_v31534446395527,1.0,0.06841904295554045,0.041512252138880636,0.03968010918652553,0.034631729876122085,0.03744461195673013,0.05814114849094363,0.03595238810599425,0.043122438078205746,0.03513819332793292,0.04404248072906034,0.0563678509289593,0.05359684041723618,0.038993757453421256,0.04251976884052223,0.04004340303621053,0.06841904295554045,0.041443363467014514,0.031720682435962,0.056541812682822976,0.04006539322891509,0.03858335058199947,0.038784989648599305,0.043146700004982566,0.04010769242741879
