,index,age,target_label,session_id,correct_or_not,target_label_prob,airplane_prob,bear_prob,bike_prob,bird_prob,boat_prob,bowl_prob,car_prob,cat_prob,chair_prob,couch_prob,cup_prob,dog_prob,fish_prob,frog_prob,house_prob,key_prob,person_prob,phone_prob,rabbit_prob,scissors_prob,sheep_prob,train_prob,tree_prob
0,2321,4,car,run_v31533322361424,0.0,0.04082323003000293,0.04617202804524268,0.04007959687462719,0.044971572113348166,0.04403485909333928,0.04849393925314712,0.0398076125692214,0.04082323003000293,0.04090283156734013,0.05357554722697608,0.03808215007399892,0.03986899231223659,0.04204520579800668,0.038345338040130024,0.04190586680028632,0.03794409980648931,0.05416193068266852,0.05362011998707062,0.03961113710550044,0.04134164478623936,0.05361001992839938,0.037637877005152406,0.03703331066899193,0.04593109023158476
