,index,age,target_label,session_id,correct_or_not,target_label_prob,airplane_prob,bear_prob,bike_prob,bird_prob,boat_prob,bowl_prob,car_prob,cat_prob,chair_prob,couch_prob,cup_prob,dog_prob,fish_prob,frog_prob,house_prob,key_prob,person_prob,phone_prob,rabbit_prob,scissors_prob,sheep_prob,train_prob,tree_prob
0,480,10,bear,run_v41537649559247,0.0,0.05555106914753534,0.04137020589899816,0.05555106914753534,0.025771322518539357,0.042291421728355504,0.043119137268831625,0.0440436822577964,0.04268216635145346,0.04088630809138124,0.03866424628964523,0.039040544236611234,0.038592459475379245,0.046769876857569274,0.038160597092703606,0.05592921617359541,0.03424371110439737,0.049847252178047974,0.04843697170972429,0.04624812492973667,0.051542143091290085,0.040751396843363305,0.05292304281305501,0.0364017776940996,0.04673332624789055
