,index,age,target_label,session_id,correct_or_not,target_label_prob,airplane_prob,bear_prob,bike_prob,bird_prob,boat_prob,bowl_prob,car_prob,cat_prob,chair_prob,couch_prob,cup_prob,dog_prob,fish_prob,frog_prob,house_prob,key_prob,person_prob,phone_prob,rabbit_prob,scissors_prob,sheep_prob,train_prob,tree_prob
0,3232,6,chair,run_v31531417799244,1.0,0.11395971837044803,0.03745692466472305,0.04069329856268196,0.04416717085370473,0.0426837935685582,0.03741201768083947,0.034966353983061596,0.03648995020645896,0.038208225415039015,0.11395971837044803,0.0386508347729549,0.04974842143965739,0.03375581736759627,0.049912967034209665,0.042848169477865475,0.026216437653157308,0.06215562106129219,0.040796089140217436,0.0348421958168099,0.0355990724042638,0.035334420425005945,0.040024463930861,0.0453239107155171,0.03875412545507677
