,index,age,target_label,session_id,correct_or_not,target_label_prob,airplane_prob,bear_prob,bike_prob,bird_prob,boat_prob,bowl_prob,car_prob,cat_prob,chair_prob,couch_prob,cup_prob,dog_prob,fish_prob,frog_prob,house_prob,key_prob,person_prob,phone_prob,rabbit_prob,scissors_prob,sheep_prob,train_prob,tree_prob
0,8599,2,tree,run_v31533408664187,0.0,0.05163450242185293,0.041693409436865635,0.04648839219677054,0.03544253605270272,0.03239752264131004,0.04863255840915497,0.050652984695047275,0.033031985171779514,0.04554893868649641,0.04390916370019043,0.03164163760598488,0.046375247982717735,0.03989459203092608,0.028604947986625547,0.03383319312499263,0.042034273132997,0.04097387838600662,0.042553910610807495,0.040303144006668165,0.05103089738311691,0.05167483061609562,0.06771264285003985,0.05393481087085119,0.05163450242185293
