,index,age,target_label,session_id,correct_or_not,target_label_prob,airplane_prob,bear_prob,bike_prob,bird_prob,boat_prob,bowl_prob,car_prob,cat_prob,chair_prob,couch_prob,cup_prob,dog_prob,fish_prob,frog_prob,house_prob,key_prob,person_prob,phone_prob,rabbit_prob,scissors_prob,sheep_prob,train_prob,tree_prob
0,1729,10,boat,run_v31533151972028,1.0,0.06742134813099487,0.043292143506884324,0.04478801752410984,0.039739700525368335,0.03740862165954138,0.06742134813099487,0.057842123979592985,0.03765827378807919,0.038245657828645176,0.039697069791072244,0.0562656648635323,0.04083707204683068,0.03750331922939551,0.049318373659757817,0.036419451994164985,0.048566345311033786,0.03820006607792053,0.044159114282158594,0.032283878816887907,0.045516577965888254,0.037278974421629626,0.034892709808509295,0.044933512499229285,0.04773198228877313
