,index,age,target_label,session_id,correct_or_not,target_label_prob,airplane_prob,bear_prob,bike_prob,bird_prob,boat_prob,bowl_prob,car_prob,cat_prob,chair_prob,couch_prob,cup_prob,dog_prob,fish_prob,frog_prob,house_prob,key_prob,person_prob,phone_prob,rabbit_prob,scissors_prob,sheep_prob,train_prob,tree_prob
0,2009,7,bowl,run_v31532115662128,0.0,0.053717528932592705,0.04738036007219411,0.040531594917508844,0.03704574143303287,0.04558407159854405,0.05394419862660815,0.053717528932592705,0.036360873643986415,0.04600780959661052,0.042783305671787515,0.039026105488762425,0.05555321233733614,0.03921121076123103,0.05110317841929281,0.03922063541979479,0.03703519700247542,0.04764955635824194,0.0432213525968613,0.03884196779480784,0.040277318033041534,0.049265687123977255,0.035459018782407786,0.042365504330044504,0.0384145710588602
