,index,age,target_label,session_id,correct_or_not,target_label_prob,airplane_prob,bear_prob,bike_prob,bird_prob,boat_prob,bowl_prob,car_prob,cat_prob,chair_prob,couch_prob,cup_prob,dog_prob,fish_prob,frog_prob,house_prob,key_prob,person_prob,phone_prob,rabbit_prob,scissors_prob,sheep_prob,train_prob,tree_prob
0,5945,9,key,run_v41536527300044,1.0,0.07059059659634309,0.04145368008123592,0.03785150178650875,0.049788390168882674,0.03191009259919629,0.04252123033560213,0.038698955058876765,0.039851376645656085,0.038273072617910894,0.04167289717478923,0.035912785408341606,0.03534310509475314,0.03809528998276404,0.039098950849822546,0.0390262901702825,0.03142952719646028,0.07059059659634309,0.04861270943474422,0.062160401312499794,0.0413807850760652,0.04883616514048436,0.037021134806205655,0.048474967500168116,0.06199609496240691
