,index,age,target_label,session_id,correct_or_not,target_label_prob,airplane_prob,bear_prob,bike_prob,bird_prob,boat_prob,bowl_prob,car_prob,cat_prob,chair_prob,couch_prob,cup_prob,dog_prob,fish_prob,frog_prob,house_prob,key_prob,person_prob,phone_prob,rabbit_prob,scissors_prob,sheep_prob,train_prob,tree_prob
0,5965,6,key,run_v41537563131629,0.0,0.04754800863410482,0.03876842217943513,0.04608525345930487,0.041269498955686025,0.037988136847943374,0.04446969868989743,0.03971613222602269,0.047793469491530474,0.048214169766512646,0.03980255282750935,0.04182131961230663,0.03589390239365073,0.04161330690047553,0.05415072514321624,0.0508488345955698,0.03913547680664126,0.04754800863410482,0.04475390364105092,0.04246932835026385,0.045081863495768405,0.04778243873412671,0.041870683981489305,0.048571630971972826,0.034351242295520786
