,index,age,target_label,session_id,correct_or_not,target_label_prob,airplane_prob,bear_prob,bike_prob,bird_prob,boat_prob,bowl_prob,car_prob,cat_prob,chair_prob,couch_prob,cup_prob,dog_prob,fish_prob,frog_prob,house_prob,key_prob,person_prob,phone_prob,rabbit_prob,scissors_prob,sheep_prob,train_prob,tree_prob
0,6804,7,rabbit,run_v31530818736526,0.0,0.05400465578676428,0.038622003066667326,0.0559113129215569,0.03889099080592421,0.041813361269259317,0.04045134837821008,0.04064332711164998,0.04548063035214932,0.0457156297438604,0.03848453547246687,0.037164284393361766,0.03487476276847594,0.04354420808695215,0.037468407657942016,0.047977547420537475,0.03817397763105368,0.04877920950016928,0.044056186670633254,0.04272649722168789,0.05400465578676428,0.03770347251348244,0.05906051875193361,0.04205870412446517,0.046394428350796595
