,index,age,target_label,session_id,correct_or_not,target_label_prob,airplane_prob,bear_prob,bike_prob,bird_prob,boat_prob,bowl_prob,car_prob,cat_prob,chair_prob,couch_prob,cup_prob,dog_prob,fish_prob,frog_prob,house_prob,key_prob,person_prob,phone_prob,rabbit_prob,scissors_prob,sheep_prob,train_prob,tree_prob
0,888,10,bike,run_v31531592466997,1.0,0.09772174760411567,0.03910344748196534,0.03423430785952142,0.09772174760411567,0.04066109559714049,0.053042894288058806,0.04177361709281585,0.0324343615792896,0.03467082496494022,0.06168279864034128,0.03960803020632472,0.03496952963778342,0.03682878185422987,0.04463842220400879,0.03817265151192512,0.04658184937648978,0.04168381859875879,0.04421778160752818,0.03705352012895153,0.03756932464634936,0.03933708237139339,0.04602753371299649,0.04416952386304908,0.033817055172022624
