,index,age,target_label,session_id,correct_or_not,target_label_prob,airplane_prob,bear_prob,bike_prob,bird_prob,boat_prob,bowl_prob,car_prob,cat_prob,chair_prob,couch_prob,cup_prob,dog_prob,fish_prob,frog_prob,house_prob,key_prob,person_prob,phone_prob,rabbit_prob,scissors_prob,sheep_prob,train_prob,tree_prob
0,4728,4,fish,run_v31533501580025,1.0,0.05542588453746898,0.04075956968580831,0.039420889170966304,0.049204716266048665,0.04388123081771267,0.0469445400483448,0.0420451682613644,0.04201511659513257,0.047294452122531826,0.037573294077862064,0.035368316207262745,0.04392118667443613,0.042386596891220055,0.05542588453746898,0.043430678479648425,0.046228543595815644,0.04608027400288893,0.04821686018648498,0.048210272277597666,0.04355137571362349,0.04449647683544136,0.03699160991432658,0.04121621315896956,0.03533673447904378
