,index,age,target_label,session_id,correct_or_not,target_label_prob,airplane_prob,bear_prob,bike_prob,bird_prob,boat_prob,bowl_prob,car_prob,cat_prob,chair_prob,couch_prob,cup_prob,dog_prob,fish_prob,frog_prob,house_prob,key_prob,person_prob,phone_prob,rabbit_prob,scissors_prob,sheep_prob,train_prob,tree_prob
0,5100,5,frog,run_v41540067568294,0.0,0.04411399054120558,0.03808826665924043,0.0411402307390943,0.03701833947871687,0.04511629923631551,0.043553258189857336,0.03613719454958523,0.03539254893259168,0.046987848690610325,0.04107136002118269,0.04171644010117809,0.04790653726615854,0.04397606076458261,0.050202554563960895,0.04411399054120558,0.048087783294216646,0.05433523880286654,0.055737274802832804,0.04237907016808955,0.04095732438965829,0.047417751304571404,0.044508744314544296,0.03627894745975884,0.03787693572918157
