,index,age,target_label,session_id,correct_or_not,target_label_prob,airplane_prob,bear_prob,bike_prob,bird_prob,boat_prob,bowl_prob,car_prob,cat_prob,chair_prob,couch_prob,cup_prob,dog_prob,fish_prob,frog_prob,house_prob,key_prob,person_prob,phone_prob,rabbit_prob,scissors_prob,sheep_prob,train_prob,tree_prob
0,3512,8,couch,run_v31530563421820,1.0,0.06035635737072478,0.04317267521668683,0.04151701284650344,0.04324622092433892,0.0449949787787012,0.03890258801073919,0.036561147979594505,0.04947007862799619,0.04299054301865168,0.0433007824009941,0.06035635737072478,0.04551273399070393,0.04722448468851268,0.054202829148333555,0.036676033235550055,0.0322448983394076,0.04301566935801167,0.035096532190953746,0.02897186888320577,0.04490483142335394,0.05299966677404186,0.04093775388233523,0.0528140347158367,0.04088627819482239
