,index,age,target_label,session_id,correct_or_not,target_label_prob,airplane_prob,bear_prob,bike_prob,bird_prob,boat_prob,bowl_prob,car_prob,cat_prob,chair_prob,couch_prob,cup_prob,dog_prob,fish_prob,frog_prob,house_prob,key_prob,person_prob,phone_prob,rabbit_prob,scissors_prob,sheep_prob,train_prob,tree_prob
0,8224,2,train,run_v41541879725538,0.0,0.043704412975423136,0.03969784502372906,0.04129853008058016,0.03911639846541095,0.033372474056259906,0.042217750811843424,0.04508122870705809,0.054183613342627716,0.04542695515819503,0.03989005734677543,0.04921550869310848,0.04358243603634311,0.04284338150735541,0.03845078634064239,0.04597532698897381,0.050782952949504176,0.04128528660089325,0.037734732253228695,0.04445727231759491,0.0457617208376425,0.043330632984074476,0.04845642561057008,0.043704412975423136,0.044134270912165846
