,index,age,target_label,session_id,correct_or_not,target_label_prob,airplane_prob,bear_prob,bike_prob,bird_prob,boat_prob,bowl_prob,car_prob,cat_prob,chair_prob,couch_prob,cup_prob,dog_prob,fish_prob,frog_prob,house_prob,key_prob,person_prob,phone_prob,rabbit_prob,scissors_prob,sheep_prob,train_prob,tree_prob
0,1961,3,bowl,run_v31530651257351,0.0,0.05727768186661007,0.03879379922403725,0.04441033712138315,0.04168822034882143,0.04199891639889054,0.03906795702738644,0.05727768186661007,0.04652860794556652,0.038842133272854476,0.036767355797109116,0.04257770551251588,0.06577654258322077,0.04340799057914541,0.04666241497542299,0.040179040898362335,0.03621916295682213,0.04129794680325657,0.03430296153634007,0.04476145917680816,0.039047525871671096,0.04213558057298539,0.04079790189669396,0.04448988069256184,0.052968876941534696
