,index,age,target_label,session_id,correct_or_not,target_label_prob,airplane_prob,bear_prob,bike_prob,bird_prob,boat_prob,bowl_prob,car_prob,cat_prob,chair_prob,couch_prob,cup_prob,dog_prob,fish_prob,frog_prob,house_prob,key_prob,person_prob,phone_prob,rabbit_prob,scissors_prob,sheep_prob,train_prob,tree_prob
0,2294,2,car,run_v31534714802556,1.0,0.07014745082228079,0.046195783497932554,0.043749578016613076,0.04743609049705443,0.046955876985949135,0.03889039020240752,0.031760715478012964,0.07014745082228079,0.04293670862476458,0.034355056134371745,0.04212841162599222,0.04141625801593924,0.042203102397777734,0.04769983615392903,0.03903095945632668,0.046369092358836454,0.04488942508884307,0.03874766369589847,0.047946071312613865,0.03756778133234109,0.03493940989185812,0.03972817178254868,0.05819794229626753,0.03670822433144105
