,index,age,target_label,session_id,correct_or_not,target_label_prob,airplane_prob,bear_prob,bike_prob,bird_prob,boat_prob,bowl_prob,car_prob,cat_prob,chair_prob,couch_prob,cup_prob,dog_prob,fish_prob,frog_prob,house_prob,key_prob,person_prob,phone_prob,rabbit_prob,scissors_prob,sheep_prob,train_prob,tree_prob
0,4906,8,fish,run_v31533418598751,1.0,0.05664123346989619,0.05120944290743252,0.04356303629843323,0.04092550228181752,0.05298931715587884,0.04361517657863259,0.04632614218456442,0.04483877738823948,0.039733455744280936,0.03985953423552366,0.04151862867363857,0.04053867022969015,0.049303555641113585,0.05664123346989619,0.043131206097775716,0.03713333602440252,0.03865702562215629,0.051142666635724573,0.036397491806089886,0.034668846276334445,0.042489876853425784,0.04287183261732762,0.03684534671613452,0.04559989856148704
