,index,age,target_label,session_id,correct_or_not,target_label_prob,airplane_prob,bear_prob,bike_prob,bird_prob,boat_prob,bowl_prob,car_prob,cat_prob,chair_prob,couch_prob,cup_prob,dog_prob,fish_prob,frog_prob,house_prob,key_prob,person_prob,phone_prob,rabbit_prob,scissors_prob,sheep_prob,train_prob,tree_prob
0,7873,6,sheep,run_v41540163517102,1.0,0.07024047539240731,0.039280933608661694,0.045221455976085456,0.0384773918532911,0.040473188625277184,0.04061933246737699,0.0399609267033435,0.06116266617351311,0.03829184224773894,0.035043378878913234,0.04490275051350038,0.04157590582992216,0.04951164426946159,0.03747037998137504,0.04647128648885772,0.03310819662707645,0.03374298844604221,0.03219862580682172,0.051544779753331056,0.04179206372419956,0.030253902874342695,0.07024047539240731,0.05973384566393859,0.04892203809452219
