,index,age,target_label,session_id,correct_or_not,target_label_prob,airplane_prob,bear_prob,bike_prob,bird_prob,boat_prob,bowl_prob,car_prob,cat_prob,chair_prob,couch_prob,cup_prob,dog_prob,fish_prob,frog_prob,house_prob,key_prob,person_prob,phone_prob,rabbit_prob,scissors_prob,sheep_prob,train_prob,tree_prob
0,173,6,airplane,run_v31531685252808,1.0,0.058399360326037056,0.058399360326037056,0.03921230623351148,0.04298450377416562,0.04805167601579348,0.051429168550951046,0.03998039952526653,0.041436565868406244,0.043703874706606305,0.049135266872639395,0.04437639342027266,0.04076151804347899,0.044536755070634156,0.0532425347464285,0.041577118203647026,0.035003368950073444,0.040705577267381936,0.03975515415625241,0.034000771304531004,0.04064750971933892,0.04871826556734224,0.040613086617374124,0.04046267981596361,0.04126614524390374
