,index,age,target_label,session_id,correct_or_not,target_label_prob,airplane_prob,bear_prob,bike_prob,bird_prob,boat_prob,bowl_prob,car_prob,cat_prob,chair_prob,couch_prob,cup_prob,dog_prob,fish_prob,frog_prob,house_prob,key_prob,person_prob,phone_prob,rabbit_prob,scissors_prob,sheep_prob,train_prob,tree_prob
0,2993,7,cat,run_v41541877471753,0.0,0.040699136533806995,0.03633208573633302,0.04414988393566424,0.03632479059732761,0.05774443327406795,0.03941067970709449,0.030873533384473337,0.03597409085540096,0.040699136533806995,0.03033657508778915,0.03089502562330757,0.03767537717807267,0.04869610047469181,0.03391344385662107,0.04631729445054454,0.042263279437713984,0.080876900326722,0.06332973345487136,0.041290733676434765,0.03629230145028597,0.04875244030884825,0.055851215752848626,0.03452561952066382,0.04747532537641581
