,index,age,target_label,session_id,correct_or_not,target_label_prob,airplane_prob,bear_prob,bike_prob,bird_prob,boat_prob,bowl_prob,car_prob,cat_prob,chair_prob,couch_prob,cup_prob,dog_prob,fish_prob,frog_prob,house_prob,key_prob,person_prob,phone_prob,rabbit_prob,scissors_prob,sheep_prob,train_prob,tree_prob
0,2063,7,bowl,run_v31528065927196,1.0,0.06769097386317525,0.039592363132327224,0.04068436196281379,0.03967481291322058,0.04619240901176996,0.04277422068399426,0.06769097386317525,0.04423353862470099,0.04225951322843381,0.042361949202781156,0.04089372028281586,0.044967841234187164,0.038392413403444285,0.04736837423861364,0.04435284458682782,0.03730031631416055,0.048138571457597965,0.04454127667701998,0.03693622524709538,0.04872655487732222,0.042354872670684246,0.04088636742184804,0.036648972879818525,0.0430275060853472
