,index,age,target_label,session_id,correct_or_not,target_label_prob,airplane_prob,bear_prob,bike_prob,bird_prob,boat_prob,bowl_prob,car_prob,cat_prob,chair_prob,couch_prob,cup_prob,dog_prob,fish_prob,frog_prob,house_prob,key_prob,person_prob,phone_prob,rabbit_prob,scissors_prob,sheep_prob,train_prob,tree_prob
0,4639,3,fish,run_v31536007329540,0.0,0.04297154714380342,0.04667777375882913,0.044589452484686355,0.046388590245755146,0.040600985957735106,0.04282047383673835,0.044191836228014536,0.05617714245770841,0.041889815472675285,0.04154204876682277,0.04516081716554813,0.045568765180221474,0.044850773152675216,0.04297154714380342,0.044739166723420244,0.04019956675803592,0.04476665341810288,0.035540624476396006,0.04238261049086316,0.040788795526107556,0.043878447383903174,0.0420796725779937,0.04544828744873603,0.03674615334522801
