,index,age,target_label,session_id,correct_or_not,target_label_prob,airplane_prob,bear_prob,bike_prob,bird_prob,boat_prob,bowl_prob,car_prob,cat_prob,chair_prob,couch_prob,cup_prob,dog_prob,fish_prob,frog_prob,house_prob,key_prob,person_prob,phone_prob,rabbit_prob,scissors_prob,sheep_prob,train_prob,tree_prob
0,5468,3,house,run_v31533593629695,0.0,0.03342891493103775,0.03996146694323882,0.04358892306095062,0.03960327492548667,0.03964850103443429,0.03639997035420266,0.042935192823121596,0.048402497674403376,0.04227061434773756,0.02978501844349507,0.04344956525047641,0.05500031488024334,0.04695130988398925,0.04963224487823051,0.044118703823781524,0.03342891493103775,0.03886662804503909,0.041204198497148146,0.06044352565053983,0.046039666981707285,0.04945411217848756,0.04238485369680752,0.03870210608281767,0.047728395612623556
