,index,age,target_label,session_id,correct_or_not,target_label_prob,airplane_prob,bear_prob,bike_prob,bird_prob,boat_prob,bowl_prob,car_prob,cat_prob,chair_prob,couch_prob,cup_prob,dog_prob,fish_prob,frog_prob,house_prob,key_prob,person_prob,phone_prob,rabbit_prob,scissors_prob,sheep_prob,train_prob,tree_prob
0,3755,5,couch,run_v31531950791739,1.0,0.06148133815878833,0.039584506679039885,0.04155316869790445,0.032823507737649034,0.038055534022093954,0.03494780994312292,0.03920456215187686,0.048839047941427675,0.039604180395273546,0.03452358396689829,0.06148133815878833,0.0557486208894459,0.04086138106795444,0.03524372703710346,0.04054540562479798,0.04977302916055402,0.03783353230656098,0.03652646380945086,0.06011128398701647,0.0452471303900055,0.03956498303873072,0.04538435581862502,0.05404666799608059,0.04849617917959897
