,index,age,target_label,session_id,correct_or_not,target_label_prob,airplane_prob,bear_prob,bike_prob,bird_prob,boat_prob,bowl_prob,car_prob,cat_prob,chair_prob,couch_prob,cup_prob,dog_prob,fish_prob,frog_prob,house_prob,key_prob,person_prob,phone_prob,rabbit_prob,scissors_prob,sheep_prob,train_prob,tree_prob
0,4566,5,fish,run_v31536002482738,0.0,0.04822905447582099,0.050631471168689615,0.043891471183718576,0.041367251740783845,0.050846343582231175,0.04309858029147693,0.03726321790892872,0.03815003275365988,0.042963855570197995,0.035118973067524366,0.03851310240412284,0.039024382606126305,0.040856981871607564,0.04822905447582099,0.041447835151157526,0.04614563662667825,0.0411305657030616,0.059103651502870586,0.040765734249788944,0.037579305092417574,0.04368203276422213,0.04174384772857329,0.04739014656266338,0.051056525993677965
