,index,age,target_label,session_id,correct_or_not,target_label_prob,airplane_prob,bear_prob,bike_prob,bird_prob,boat_prob,bowl_prob,car_prob,cat_prob,chair_prob,couch_prob,cup_prob,dog_prob,fish_prob,frog_prob,house_prob,key_prob,person_prob,phone_prob,rabbit_prob,scissors_prob,sheep_prob,train_prob,tree_prob
0,8689,4,tree,run_v31533842874893,0.0,0.051573307694832864,0.040344091709910476,0.04538577187359955,0.040455178490389175,0.03955614185250481,0.045857623217503855,0.037998443797620934,0.03690194485945773,0.03819472661661782,0.049877030480979925,0.056241441296433596,0.03758551648352973,0.04380582238777904,0.04837874277010768,0.04196584370834031,0.05754036632037458,0.03438864750067831,0.04193456550679618,0.039374514035732076,0.04609484000132459,0.03830066156431812,0.0423467199273817,0.045898057903786794,0.051573307694832864
