,index,age,target_label,session_id,correct_or_not,target_label_prob,airplane_prob,bear_prob,bike_prob,bird_prob,boat_prob,bowl_prob,car_prob,cat_prob,chair_prob,couch_prob,cup_prob,dog_prob,fish_prob,frog_prob,house_prob,key_prob,person_prob,phone_prob,rabbit_prob,scissors_prob,sheep_prob,train_prob,tree_prob
0,7988,5,train,run_v41540068440653,0.0,0.04648431651805296,0.05276938661701063,0.0418237800526498,0.06545949099517805,0.049657841749317505,0.04034921910621433,0.03865520129035381,0.05021269763676601,0.04226662704398542,0.037864588332022296,0.041497194301747496,0.0468527941766383,0.049541451926403766,0.045837972834809435,0.04251682371844504,0.03859154973030148,0.037196169227216566,0.034189640260590765,0.03406319460162297,0.041491037075756194,0.04249253184072805,0.04095187110831865,0.04648431651805296,0.039234619855870546
