,index,age,target_label,session_id,correct_or_not,target_label_prob,airplane_prob,bear_prob,bike_prob,bird_prob,boat_prob,bowl_prob,car_prob,cat_prob,chair_prob,couch_prob,cup_prob,dog_prob,fish_prob,frog_prob,house_prob,key_prob,person_prob,phone_prob,rabbit_prob,scissors_prob,sheep_prob,train_prob,tree_prob
0,3199,5,chair,run_v31528834869549,0.0,0.05635157548816977,0.04104125651690706,0.04018441674277115,0.038495525697482394,0.04638491584165279,0.04543895724479093,0.043044447447009485,0.0447098291858151,0.03410270784525066,0.05635157548816977,0.04136967337605571,0.04621013445535351,0.043983282008848476,0.043280216722642866,0.03858502275722151,0.04236663172977126,0.04033583440915824,0.06597964166324516,0.03559509341396078,0.04113066564872375,0.047537302791490814,0.036754470801401214,0.04338284971691624,0.04373554849536105
