,index,age,target_label,session_id,correct_or_not,target_label_prob,airplane_prob,bear_prob,bike_prob,bird_prob,boat_prob,bowl_prob,car_prob,cat_prob,chair_prob,couch_prob,cup_prob,dog_prob,fish_prob,frog_prob,house_prob,key_prob,person_prob,phone_prob,rabbit_prob,scissors_prob,sheep_prob,train_prob,tree_prob
0,3887,9,cup,run_v31532645137140,0.0,0.05433806184978693,0.04094914087410333,0.037067734046350026,0.042939584627294934,0.03708713339935059,0.0372488268798128,0.03720253237416311,0.0434882379537123,0.03783153019368332,0.07809784225927738,0.044452255934863995,0.05433806184978693,0.03919994059301022,0.03913143656143547,0.039414942178376315,0.05317578509483682,0.0369330309627962,0.04006855038847027,0.06485871494948517,0.03637885971820587,0.03575532781720907,0.03926708286489015,0.038580156072959976,0.0465332924059257
