,index,age,target_label,session_id,correct_or_not,target_label_prob,airplane_prob,bear_prob,bike_prob,bird_prob,boat_prob,bowl_prob,car_prob,cat_prob,chair_prob,couch_prob,cup_prob,dog_prob,fish_prob,frog_prob,house_prob,key_prob,person_prob,phone_prob,rabbit_prob,scissors_prob,sheep_prob,train_prob,tree_prob
0,1888,6,boat,run_v31526506411620,1.0,0.0689264819737812,0.05929287068629789,0.03999252118953826,0.036567614450823946,0.03642358367935533,0.0689264819737812,0.034095921000035126,0.04019785162204685,0.038561736561577964,0.0545990734081149,0.05049904640402774,0.040318497380571465,0.03881720102763101,0.03604799432175193,0.042008909995773044,0.04874893781503537,0.04519580914868254,0.04140962469752679,0.03377862811133403,0.04062833892771517,0.04384818544756319,0.04194263943637105,0.04317126347698401,0.04492726923746107
