,index,age,target_label,session_id,correct_or_not,target_label_prob,airplane_prob,bear_prob,bike_prob,bird_prob,boat_prob,bowl_prob,car_prob,cat_prob,chair_prob,couch_prob,cup_prob,dog_prob,fish_prob,frog_prob,house_prob,key_prob,person_prob,phone_prob,rabbit_prob,scissors_prob,sheep_prob,train_prob,tree_prob
0,2688,6,cat,run_v41536535234127,0.0,0.06113525936746062,0.04657143926027895,0.06390862304394132,0.04130973950119868,0.04777820435729985,0.0365832227350305,0.03836829904679737,0.036127573422144156,0.06113525936746062,0.042251759276370836,0.03927663005584385,0.04424287846713777,0.051573443585075526,0.03940534560664394,0.0503894298307211,0.032731649594327186,0.03184130768327632,0.03438047930987882,0.032673942013518045,0.05701944086725615,0.04010326053499028,0.05371914028601418,0.04171845792414098,0.03689047423065364
