,index,age,target_label,session_id,correct_or_not,target_label_prob,airplane_prob,bear_prob,bike_prob,bird_prob,boat_prob,bowl_prob,car_prob,cat_prob,chair_prob,couch_prob,cup_prob,dog_prob,fish_prob,frog_prob,house_prob,key_prob,person_prob,phone_prob,rabbit_prob,scissors_prob,sheep_prob,train_prob,tree_prob
0,8339,2,tree,run_v31533663428614,0.0,0.0431690877801077,0.03736155729256507,0.03179869066816867,0.04639026966410892,0.035600144719867916,0.043612255239158765,0.03605194748886048,0.04673180626932023,0.03553501251393263,0.08108706421857015,0.04924631427052388,0.04227161894418346,0.04280117477689338,0.04299950763859739,0.04809600899615198,0.04143229159523432,0.04774551840648783,0.042566407303365,0.03343842388249504,0.04354290598828157,0.03913312891337384,0.04115170349472369,0.048237159935027904,0.0431690877801077
