,index,age,target_label,session_id,correct_or_not,target_label_prob,airplane_prob,bear_prob,bike_prob,bird_prob,boat_prob,bowl_prob,car_prob,cat_prob,chair_prob,couch_prob,cup_prob,dog_prob,fish_prob,frog_prob,house_prob,key_prob,person_prob,phone_prob,rabbit_prob,scissors_prob,sheep_prob,train_prob,tree_prob
0,1550,4,boat,run_v31532893623593,0.0,0.04061435056721917,0.039279257470908296,0.04396486097684348,0.04775089128621651,0.03964711167946432,0.04061435056721917,0.04354341481815265,0.0483645599676395,0.040275552400484,0.04063181842329597,0.04449324348235752,0.04617189393622425,0.04484186117815147,0.04256024291936152,0.04771880422172723,0.03477864227381603,0.039183237230375006,0.04008328234518334,0.03947939237168539,0.059585992547028496,0.0442396152113778,0.04667915097619539,0.04568275914766553,0.040430064568627154
