,index,age,target_label,session_id,correct_or_not,target_label_prob,airplane_prob,bear_prob,bike_prob,bird_prob,boat_prob,bowl_prob,car_prob,cat_prob,chair_prob,couch_prob,cup_prob,dog_prob,fish_prob,frog_prob,house_prob,key_prob,person_prob,phone_prob,rabbit_prob,scissors_prob,sheep_prob,train_prob,tree_prob
0,3851,5,cup,run_v31533837694961,0.0,0.04519892865388869,0.03399249402595416,0.03741894632700386,0.040861766999412574,0.043912716956796286,0.03813186378058801,0.038789139816711574,0.053725556388106915,0.04008274633592229,0.043401207920889265,0.04780051205180206,0.04519892865388869,0.043349476876239516,0.044480189146694604,0.04633951282925697,0.0543840296271457,0.04995867600434324,0.03878883127845885,0.05990063376670914,0.036493730622835896,0.038016776343048606,0.04061342972175157,0.04708182872258409,0.03727700580385615
