,index,age,target_label,session_id,correct_or_not,target_label_prob,airplane_prob,bear_prob,bike_prob,bird_prob,boat_prob,bowl_prob,car_prob,cat_prob,chair_prob,couch_prob,cup_prob,dog_prob,fish_prob,frog_prob,house_prob,key_prob,person_prob,phone_prob,rabbit_prob,scissors_prob,sheep_prob,train_prob,tree_prob
0,810,5,bike,run_v31530747522330,1.0,0.08310974870844513,0.03991841542192435,0.03935307293979138,0.08310974870844513,0.03962317803827586,0.03304688483018744,0.031512625817162555,0.06035399518592669,0.04599232703035843,0.03527021450325285,0.026410870073839795,0.04873880845463427,0.03769813534436644,0.04616092804999019,0.038152585738421625,0.04316742640910578,0.039434428721888806,0.033357950240519504,0.05150716967308866,0.044007552440130375,0.04854190833441687,0.03755510117539349,0.05023991175955443,0.04684676110932493
