,index,age,target_label,session_id,correct_or_not,target_label_prob,airplane_prob,bear_prob,bike_prob,bird_prob,boat_prob,bowl_prob,car_prob,cat_prob,chair_prob,couch_prob,cup_prob,dog_prob,fish_prob,frog_prob,house_prob,key_prob,person_prob,phone_prob,rabbit_prob,scissors_prob,sheep_prob,train_prob,tree_prob
0,603,6,bear,run_v41541366198074,1.0,0.06706895717008814,0.04189905701851105,0.06706895717008814,0.05122325572368895,0.04905587657082158,0.04307872247984556,0.040240764188212465,0.03229995760987986,0.05092514008204527,0.04178359426929943,0.034788075971622145,0.0396375290389444,0.04784465283593012,0.047638556842293435,0.04922716648978112,0.03495245673916175,0.04104358161489894,0.04695130993842962,0.03490730325976723,0.048448542272959784,0.04334872733857076,0.040168367801014605,0.03743919666079823,0.03602920808343557
