,index,age,target_label,session_id,correct_or_not,target_label_prob,airplane_prob,bear_prob,bike_prob,bird_prob,boat_prob,bowl_prob,car_prob,cat_prob,chair_prob,couch_prob,cup_prob,dog_prob,fish_prob,frog_prob,house_prob,key_prob,person_prob,phone_prob,rabbit_prob,scissors_prob,sheep_prob,train_prob,tree_prob
0,2258,3,bowl,run_v31531688149251,1.0,0.08164716150552144,0.03497428150725319,0.03914429508948618,0.04473416600418894,0.04420379184121053,0.04998363098813318,0.08164716150552144,0.043565673736670835,0.03897314642070404,0.04463548779470815,0.03664443607628457,0.0552948074355619,0.040414501709843495,0.056630276245892106,0.03961442312960918,0.03799922975325134,0.04123980400213284,0.035278574942077624,0.03908528235702501,0.0352004445625117,0.04042583467272978,0.03982212875702572,0.04241133406858566,0.03807728739959249
