,index,age,target_label,session_id,correct_or_not,target_label_prob,airplane_prob,bear_prob,bike_prob,bird_prob,boat_prob,bowl_prob,car_prob,cat_prob,chair_prob,couch_prob,cup_prob,dog_prob,fish_prob,frog_prob,house_prob,key_prob,person_prob,phone_prob,rabbit_prob,scissors_prob,sheep_prob,train_prob,tree_prob
0,1576,7,boat,run_v31534272694998,0.0,0.053564225874607484,0.047837452545871954,0.04003699181900021,0.05094935470838466,0.03961290188428683,0.053564225874607484,0.07133738020755617,0.0447008951727032,0.04067510984856235,0.037565601955376275,0.043896240516020604,0.049366263248811854,0.038973123868325445,0.050225955397189735,0.036334920725311214,0.035373543952992755,0.03877025664208422,0.036546655531729394,0.04568956504856721,0.03250921826507018,0.044679972379148475,0.036260186766176296,0.04550756960435875,0.03958661403786486
