,index,age,target_label,session_id,correct_or_not,target_label_prob,airplane_prob,bear_prob,bike_prob,bird_prob,boat_prob,bowl_prob,car_prob,cat_prob,chair_prob,couch_prob,cup_prob,dog_prob,fish_prob,frog_prob,house_prob,key_prob,person_prob,phone_prob,rabbit_prob,scissors_prob,sheep_prob,train_prob,tree_prob
0,3693,4,couch,run_v31531689427953,0.0,0.05387214423603182,0.034084475648697085,0.04004039919779746,0.03236981361191371,0.03884986000264424,0.03712327821831863,0.037319601387619646,0.0416041794023399,0.039988327598093336,0.0831121779276846,0.05387214423603182,0.06402844490956568,0.0409370939641129,0.03923930632449484,0.039290870692122865,0.029602489405033693,0.03974910328431546,0.03388402187609041,0.06913187846397272,0.03759495210061264,0.03788344537294415,0.042149873690780354,0.04325725191637759,0.0448870107684364
