,index,age,target_label,session_id,correct_or_not,target_label_prob,airplane_prob,bear_prob,bike_prob,bird_prob,boat_prob,bowl_prob,car_prob,cat_prob,chair_prob,couch_prob,cup_prob,dog_prob,fish_prob,frog_prob,house_prob,key_prob,person_prob,phone_prob,rabbit_prob,scissors_prob,sheep_prob,train_prob,tree_prob
0,1032,9,bike,run_v31529020199113,1.0,0.07295968399744297,0.038464186855824166,0.054607589622887275,0.07295968399744297,0.041290091256278,0.03595753280412935,0.04018424863608463,0.041810450562223836,0.03691851003248377,0.03679567821961419,0.03814017507978717,0.04229216357438769,0.041541478812262604,0.03639011274241228,0.043171098576365224,0.04165546104428458,0.05093803335278694,0.041669441282528995,0.04068144857625692,0.04753928639927262,0.04817697081198587,0.03418430309955919,0.04361847676648935,0.05101357789465259
