,index,age,target_label,session_id,correct_or_not,target_label_prob,airplane_prob,bear_prob,bike_prob,bird_prob,boat_prob,bowl_prob,car_prob,cat_prob,chair_prob,couch_prob,cup_prob,dog_prob,fish_prob,frog_prob,house_prob,key_prob,person_prob,phone_prob,rabbit_prob,scissors_prob,sheep_prob,train_prob,tree_prob
0,3291,6,chair,run_v31528399548613,1.0,0.10352727854949838,0.043263126282547686,0.04138392213070328,0.049399175709217716,0.03684300559827413,0.04772947826116607,0.036424181158717435,0.03769488709608279,0.036078439428102335,0.10352727854949838,0.03872321780591323,0.04634221650758079,0.03862947047520775,0.039265031443012376,0.03695667871890289,0.04420079217738856,0.04090293221592447,0.039614490512075405,0.041418279758313505,0.03666567956022942,0.04226967769210239,0.04283220364034785,0.04035386279408555,0.03948197248460591
