,index,age,target_label,session_id,correct_or_not,target_label_prob,airplane_prob,bear_prob,bike_prob,bird_prob,boat_prob,bowl_prob,car_prob,cat_prob,chair_prob,couch_prob,cup_prob,dog_prob,fish_prob,frog_prob,house_prob,key_prob,person_prob,phone_prob,rabbit_prob,scissors_prob,sheep_prob,train_prob,tree_prob
0,5009,3,frog,run_v41542062414745,0.0,0.04204473903218195,0.04940140226698724,0.0389303680767254,0.037438770488506405,0.03997610142109731,0.049348428290807884,0.04071216037059906,0.044774672516417494,0.039831161482762154,0.04545441168985702,0.03679725820401044,0.048165968525746616,0.04008673589759765,0.04400686307404671,0.04204473903218195,0.043584340632699246,0.056840977196063236,0.038013116379138276,0.04213948795760334,0.03996697566220916,0.05426228978412784,0.04326535909913712,0.045318445310851135,0.039639966640827334
