,index,age,target_label,session_id,correct_or_not,target_label_prob,airplane_prob,bear_prob,bike_prob,bird_prob,boat_prob,bowl_prob,car_prob,cat_prob,chair_prob,couch_prob,cup_prob,dog_prob,fish_prob,frog_prob,house_prob,key_prob,person_prob,phone_prob,rabbit_prob,scissors_prob,sheep_prob,train_prob,tree_prob
0,3297,5,chair,run_v31532122045716,0.0,0.04761201189629222,0.04791272807212259,0.03899723996641849,0.043787142149876536,0.04057389111663386,0.04460619171808684,0.04787343809579686,0.05945991279785759,0.03689622551104199,0.04761201189629222,0.04815314014983509,0.040792430386968975,0.0445199535100725,0.047507199805654425,0.041548050050361496,0.050400091281772794,0.0402585848585769,0.03965630179423171,0.03320736102786057,0.032882835451290206,0.04353204600647978,0.04360390972632236,0.042209203186288666,0.04401011144015763
