,index,age,target_label,session_id,correct_or_not,target_label_prob,airplane_prob,bear_prob,bike_prob,bird_prob,boat_prob,bowl_prob,car_prob,cat_prob,chair_prob,couch_prob,cup_prob,dog_prob,fish_prob,frog_prob,house_prob,key_prob,person_prob,phone_prob,rabbit_prob,scissors_prob,sheep_prob,train_prob,tree_prob
0,676,5,bear,run_v41539114877832,0.0,0.04318996324136666,0.04769551252033058,0.04318996324136666,0.04472215468016893,0.04830610231291687,0.03839508153926,0.03832582355984209,0.032902418261580454,0.052443757984921506,0.0435235446599371,0.04528589797844563,0.032540481667007265,0.04832083817656248,0.05804249203849129,0.042931948181966585,0.031780243183690916,0.035160848210392746,0.0731239029591889,0.03361316440105251,0.037152610945155685,0.04735044588972678,0.043537676742167464,0.0398865005259835,0.04176859033984397
