,index,age,target_label,session_id,correct_or_not,target_label_prob,airplane_prob,bear_prob,bike_prob,bird_prob,boat_prob,bowl_prob,car_prob,cat_prob,chair_prob,couch_prob,cup_prob,dog_prob,fish_prob,frog_prob,house_prob,key_prob,person_prob,phone_prob,rabbit_prob,scissors_prob,sheep_prob,train_prob,tree_prob
0,5037,4,frog,run_v41539469704607,0.0,0.061344299242010715,0.038990866834984005,0.04960913675893616,0.037941722275267466,0.04476239563265922,0.039043621218531485,0.04161402917343904,0.03988755501489366,0.045432547978850546,0.036181678185582315,0.037623669965859315,0.04474482246241832,0.04410308823139064,0.04572749217300557,0.061344299242010715,0.03294529272123868,0.06680352415079902,0.04508145443919478,0.04181335547055585,0.04026830628384472,0.04598912484655425,0.03919592752367564,0.038495120718770225,0.04240096869753828
