,index,age,target_label,session_id,correct_or_not,target_label_prob,airplane_prob,bear_prob,bike_prob,bird_prob,boat_prob,bowl_prob,car_prob,cat_prob,chair_prob,couch_prob,cup_prob,dog_prob,fish_prob,frog_prob,house_prob,key_prob,person_prob,phone_prob,rabbit_prob,scissors_prob,sheep_prob,train_prob,tree_prob
0,1189,10,bird,run_v31530655612989,0.0,0.039905964659692615,0.04029284870496932,0.04557537533000642,0.03747215104859921,0.039905964659692615,0.03887702642806271,0.042610909519691806,0.039287056416901604,0.04428029456242002,0.03591977582091624,0.03940409825564562,0.0491306913303617,0.048230301966438946,0.05331057136477945,0.05231092986561231,0.03628762210805366,0.06174053889854189,0.034781783143546165,0.0616995773993884,0.040326834959066846,0.03654323995613036,0.03990133285822031,0.04286656717598528,0.03924450822696906
