,index,age,target_label,session_id,correct_or_not,target_label_prob,airplane_prob,bear_prob,bike_prob,bird_prob,boat_prob,bowl_prob,car_prob,cat_prob,chair_prob,couch_prob,cup_prob,dog_prob,fish_prob,frog_prob,house_prob,key_prob,person_prob,phone_prob,rabbit_prob,scissors_prob,sheep_prob,train_prob,tree_prob
0,1256,7,bird,run_v31530817481755,0.0,0.04183903805788396,0.05251447482180649,0.037129920621918375,0.07789939644784014,0.04183903805788396,0.032236940756563796,0.034781648454296744,0.050892596692597714,0.044654610108700865,0.03834595947271475,0.03592349316713528,0.03684483173289972,0.04847682697133515,0.04546727557950265,0.039550374020878104,0.04154291803180792,0.047375760203455915,0.03561766949321233,0.03627204974845379,0.05724021669828748,0.05359973367205243,0.039320866988579534,0.04041799377251594,0.03205540448556094
