,index,age,target_label,session_id,correct_or_not,target_label_prob,airplane_prob,bear_prob,bike_prob,bird_prob,boat_prob,bowl_prob,car_prob,cat_prob,chair_prob,couch_prob,cup_prob,dog_prob,fish_prob,frog_prob,house_prob,key_prob,person_prob,phone_prob,rabbit_prob,scissors_prob,sheep_prob,train_prob,tree_prob
0,1693,2,boat,run_v31535222278899,1.0,0.08740651163960785,0.06332216624286433,0.038124400476514435,0.037259991510705553,0.04118402601866498,0.08740651163960785,0.04842255632325179,0.036848814322603875,0.04271795121104127,0.04463549472224194,0.03577933845445427,0.04075026440625921,0.04081716632174291,0.04171886313094025,0.03955068092949967,0.037599510162043166,0.04279371705367326,0.03893865504817447,0.03145363775900813,0.04471462025308345,0.04306296224788638,0.04346067135995048,0.0416362895596546,0.03780171084613381
