,index,age,target_label,session_id,correct_or_not,target_label_prob,airplane_prob,bear_prob,bike_prob,bird_prob,boat_prob,bowl_prob,car_prob,cat_prob,chair_prob,couch_prob,cup_prob,dog_prob,fish_prob,frog_prob,house_prob,key_prob,person_prob,phone_prob,rabbit_prob,scissors_prob,sheep_prob,train_prob,tree_prob
0,6491,5,phone,run_v31531868257542,0.0,0.04375286839521137,0.03694373629094121,0.04068892015606198,0.038000015739099266,0.043240995386052354,0.04725758507792071,0.049378777675964415,0.04615860513681426,0.04288765047604317,0.03762836336706678,0.041174941607221245,0.03974534442373796,0.04004021073512967,0.043724398743983595,0.04502907695790765,0.0495695419332063,0.04835822565312293,0.04404628872498394,0.04375286839521137,0.04433332376600422,0.05155705927326013,0.04048122991400545,0.045445087960353646,0.040557752605907695
