,index,age,target_label,session_id,correct_or_not,target_label_prob,airplane_prob,bear_prob,bike_prob,bird_prob,boat_prob,bowl_prob,car_prob,cat_prob,chair_prob,couch_prob,cup_prob,dog_prob,fish_prob,frog_prob,house_prob,key_prob,person_prob,phone_prob,rabbit_prob,scissors_prob,sheep_prob,train_prob,tree_prob
0,6175,3,person,run_v31534016115094,1.0,0.059767761633691116,0.04383935555648554,0.03867320316466366,0.03738550213762305,0.04864842981499669,0.052315564035216824,0.03588951502295847,0.03879746234392308,0.036520703846572744,0.04890715187585379,0.04988746956991607,0.03589877035202605,0.042658488276889665,0.04950974949821184,0.03801379556831759,0.055912743491433436,0.03635457669757409,0.059767761633691116,0.03484803787911377,0.04147485015044916,0.03709585143458343,0.04249418419446854,0.03902267008079786,0.056084163374233616
