,index,age,target_label,session_id,correct_or_not,target_label_prob,airplane_prob,bear_prob,bike_prob,bird_prob,boat_prob,bowl_prob,car_prob,cat_prob,chair_prob,couch_prob,cup_prob,dog_prob,fish_prob,frog_prob,house_prob,key_prob,person_prob,phone_prob,rabbit_prob,scissors_prob,sheep_prob,train_prob,tree_prob
0,2043,5,bowl,run_v31528659599227,0.0,0.06507949227874354,0.038391899522566525,0.03808442054022879,0.048994572524813415,0.04098279967838234,0.04613882723045937,0.06507949227874354,0.045043101394866815,0.039613533633699106,0.044205177483422176,0.0430876155262707,0.07276254089775895,0.03699706650671136,0.04597408933284968,0.03635029506205819,0.032071081093339,0.04357082842918686,0.038226390311580316,0.050236797275263534,0.04050668416967294,0.04320894645794595,0.03595660939980032,0.040974811453703984,0.03354241979667601
