,index,age,target_label,session_id,correct_or_not,target_label_prob,airplane_prob,bear_prob,bike_prob,bird_prob,boat_prob,bowl_prob,car_prob,cat_prob,chair_prob,couch_prob,cup_prob,dog_prob,fish_prob,frog_prob,house_prob,key_prob,person_prob,phone_prob,rabbit_prob,scissors_prob,sheep_prob,train_prob,tree_prob
0,1010,8,bike,run_v31528406399205,1.0,0.10844009155070859,0.0420234333189431,0.036537750411623375,0.10844009155070859,0.04256410932614195,0.039692778799553755,0.03969873903679385,0.050863850466088545,0.03786008019832257,0.03398931662149022,0.03827123446875368,0.03424776633878409,0.04153205419134809,0.03784602735477887,0.037215515952510145,0.02797976804506204,0.052828237708888996,0.045661697230971854,0.027061079337833697,0.04235580802329658,0.04770689409755636,0.039806908294232085,0.05176100210372526,0.04405585712259223
