,index,age,target_label,session_id,correct_or_not,target_label_prob,airplane_prob,bear_prob,bike_prob,bird_prob,boat_prob,bowl_prob,car_prob,cat_prob,chair_prob,couch_prob,cup_prob,dog_prob,fish_prob,frog_prob,house_prob,key_prob,person_prob,phone_prob,rabbit_prob,scissors_prob,sheep_prob,train_prob,tree_prob
0,4389,3,dog,run_v31532807103279,0.0,0.0387534836543509,0.044330170190655556,0.03897391045990003,0.04526687868401944,0.04336551071521035,0.040814217307746675,0.04407531516917718,0.050771337456363266,0.040770967814328214,0.040603469585903586,0.042374385929534054,0.038668301499638624,0.0387534836543509,0.04862847840245541,0.04105362249134302,0.043409774761439215,0.04520660597498304,0.03960483724060345,0.049164582487070604,0.04342202422573612,0.04208291544296157,0.04094522298151782,0.046729796770999206,0.05098419075406272
