,index,age,target_label,session_id,correct_or_not,target_label_prob,airplane_prob,bear_prob,bike_prob,bird_prob,boat_prob,bowl_prob,car_prob,cat_prob,chair_prob,couch_prob,cup_prob,dog_prob,fish_prob,frog_prob,house_prob,key_prob,person_prob,phone_prob,rabbit_prob,scissors_prob,sheep_prob,train_prob,tree_prob
0,6098,3,person,run_v31532464602310,0.0,0.04386163050415382,0.03703867663994963,0.04488914228446513,0.03420085847834611,0.04324656700973592,0.0452707892370172,0.044646799527599965,0.049808056284060535,0.03988116468604304,0.044557999376223026,0.04492889700366455,0.04223986880061408,0.03872951493478242,0.03978134580478874,0.04869537631972316,0.04560803983357673,0.04282757067760758,0.04386163050415382,0.04226949564023507,0.04077529920810528,0.047946959513162093,0.043703901714824495,0.04686157482964758,0.048230471691673854
