,index,age,target_label,session_id,correct_or_not,target_label_prob,airplane_prob,bear_prob,bike_prob,bird_prob,boat_prob,bowl_prob,car_prob,cat_prob,chair_prob,couch_prob,cup_prob,dog_prob,fish_prob,frog_prob,house_prob,key_prob,person_prob,phone_prob,rabbit_prob,scissors_prob,sheep_prob,train_prob,tree_prob
0,569,9,bear,run_v41541978533718,0.0,0.04084160564118106,0.03934933985321681,0.04084160564118106,0.03512272021413874,0.05309702786251666,0.04606456232266091,0.04354765917404176,0.03691388451194465,0.059420229882316176,0.042254372130725096,0.03713492670373127,0.04132034617209918,0.044241724893656735,0.038153136178939624,0.03882839256467234,0.032147633630749205,0.033452557294511326,0.0597209080158005,0.035438999774209036,0.05087169205080238,0.04472880382048869,0.04792532649708078,0.04184206277728741,0.05758208803322961
