,index,age,target_label,session_id,correct_or_not,target_label_prob,airplane_prob,bear_prob,bike_prob,bird_prob,boat_prob,bowl_prob,car_prob,cat_prob,chair_prob,couch_prob,cup_prob,dog_prob,fish_prob,frog_prob,house_prob,key_prob,person_prob,phone_prob,rabbit_prob,scissors_prob,sheep_prob,train_prob,tree_prob
0,5319,3,house,run_v31532990938384,1.0,0.06868656277320954,0.051759636719551055,0.04116810745706454,0.04621429270829037,0.04522919948255361,0.06175475067959988,0.036872611346045026,0.04350135612041986,0.036145622619666556,0.04389029399286895,0.046339484183500326,0.039959615750034656,0.03926810424209775,0.04795272189186281,0.03882458121537006,0.06868656277320954,0.043011139870521874,0.046596325630647376,0.031069562335513206,0.03797398672278864,0.03655504990955352,0.03387809355836575,0.04811945505823017,0.035229445732244555
