,index,age,target_label,session_id,correct_or_not,target_label_prob,airplane_prob,bear_prob,bike_prob,bird_prob,boat_prob,bowl_prob,car_prob,cat_prob,chair_prob,couch_prob,cup_prob,dog_prob,fish_prob,frog_prob,house_prob,key_prob,person_prob,phone_prob,rabbit_prob,scissors_prob,sheep_prob,train_prob,tree_prob
0,2162,4,bowl,run_v31528052168660,1.0,0.0521419817949887,0.045147728016046655,0.0442113653703402,0.04747276259825847,0.0458218342082798,0.048336546551349766,0.0521419817949887,0.044017261863977745,0.042151940024313855,0.037022977321481416,0.03434681395237222,0.048046986371277974,0.03998066408144772,0.04481092424366654,0.04516692639686065,0.03737360553704832,0.04615910377265683,0.040384875313750804,0.0397156999386894,0.03898748758508584,0.048041529500175165,0.04102208264047393,0.043558522731597285,0.046080380185860415
