,index,age,target_label,session_id,correct_or_not,target_label_prob,airplane_prob,bear_prob,bike_prob,bird_prob,boat_prob,bowl_prob,car_prob,cat_prob,chair_prob,couch_prob,cup_prob,dog_prob,fish_prob,frog_prob,house_prob,key_prob,person_prob,phone_prob,rabbit_prob,scissors_prob,sheep_prob,train_prob,tree_prob
0,7028,10,rabbit,run_v31529354999119,1.0,0.0551133439983642,0.04130839524952872,0.04861957238819971,0.04047139283288571,0.041545684234066994,0.03891194079183215,0.0348224802465416,0.042747264004407995,0.04766599576765822,0.042883866139593135,0.04728018152895364,0.03817257583439421,0.04454211868250815,0.03975069437010502,0.0470987679544331,0.041232908850923726,0.042666928715270766,0.03953035447813577,0.04249902188829465,0.0551133439983642,0.043911520973087786,0.04617422837335185,0.04642272751599317,0.046628035181469886
