,index,age,target_label,session_id,correct_or_not,target_label_prob,airplane_prob,bear_prob,bike_prob,bird_prob,boat_prob,bowl_prob,car_prob,cat_prob,chair_prob,couch_prob,cup_prob,dog_prob,fish_prob,frog_prob,house_prob,key_prob,person_prob,phone_prob,rabbit_prob,scissors_prob,sheep_prob,train_prob,tree_prob
0,4210,10,dog,run_v31533248660452,0.0,0.04139738807594369,0.048324956659352394,0.0434285819973688,0.03740027928117131,0.043438997986162,0.0485680894766765,0.042470049590683276,0.04457255828912301,0.042094483308983445,0.04128911472301854,0.03700076581329557,0.03709456751569545,0.04139738807594369,0.049228710776010626,0.046538192044046,0.03911315002311671,0.043862560364893055,0.04936392284752225,0.04485620150609606,0.043795896007528194,0.039090344519223656,0.04489215612494137,0.04174200748437391,0.050437025584774114
