,index,age,target_label,session_id,correct_or_not,target_label_prob,airplane_prob,bear_prob,bike_prob,bird_prob,boat_prob,bowl_prob,car_prob,cat_prob,chair_prob,couch_prob,cup_prob,dog_prob,fish_prob,frog_prob,house_prob,key_prob,person_prob,phone_prob,rabbit_prob,scissors_prob,sheep_prob,train_prob,tree_prob
0,368,5,airplane,run_v31527980999104,0.0,0.05128058057549319,0.05128058057549319,0.03910530519213532,0.04296789260371621,0.04429944162108628,0.050468836362213255,0.042074066516899246,0.04020780807769986,0.03911618569639547,0.046968787615998465,0.040980184857187484,0.044347849044313756,0.03911941031883316,0.04011230177740839,0.04095210840208963,0.035542235750540344,0.04663028730617526,0.04752204628778192,0.04175613694724547,0.04117864964051529,0.041824523224985484,0.04044756726641729,0.04223391231835771,0.06086388259651153
