,index,age,target_label,session_id,correct_or_not,target_label_prob,airplane_prob,bear_prob,bike_prob,bird_prob,boat_prob,bowl_prob,car_prob,cat_prob,chair_prob,couch_prob,cup_prob,dog_prob,fish_prob,frog_prob,house_prob,key_prob,person_prob,phone_prob,rabbit_prob,scissors_prob,sheep_prob,train_prob,tree_prob
0,8440,2,tree,run_v31533503181552,1.0,0.06648727925792405,0.04296800086194141,0.04355863611395442,0.04416250521219177,0.044482438525804316,0.047710505735657834,0.034136561427924234,0.03850561763609793,0.04218440043746654,0.039174607699608836,0.04171826273983896,0.03663484582492307,0.04418884128025584,0.04193158532621679,0.0406331535643255,0.03898288753246628,0.04786528437613847,0.045601570776792555,0.04589698105603637,0.04568531128295343,0.042281157357980236,0.040460088039300436,0.04474947793420076,0.06648727925792405
