,index,age,target_label,session_id,correct_or_not,target_label_prob,airplane_prob,bear_prob,bike_prob,bird_prob,boat_prob,bowl_prob,car_prob,cat_prob,chair_prob,couch_prob,cup_prob,dog_prob,fish_prob,frog_prob,house_prob,key_prob,person_prob,phone_prob,rabbit_prob,scissors_prob,sheep_prob,train_prob,tree_prob
0,739,2,bear,run_v41537737700861,0.0,0.0374767459538702,0.04345220488631407,0.0374767459538702,0.05000227490835063,0.04446280938888095,0.040887229003606806,0.050397771139746576,0.04462232011353125,0.03810577036264043,0.041057228641248375,0.0414807894707471,0.05189506987112061,0.043808026245453144,0.05757388359333988,0.05078320513062036,0.032897652925242216,0.04985250393283538,0.0395497557475982,0.05621663262489658,0.03878984937803081,0.04052866687251988,0.0349366695565329,0.037984710556085786,0.03323822969678805
