,index,age,target_label,session_id,correct_or_not,target_label_prob,airplane_prob,bear_prob,bike_prob,bird_prob,boat_prob,bowl_prob,car_prob,cat_prob,chair_prob,couch_prob,cup_prob,dog_prob,fish_prob,frog_prob,house_prob,key_prob,person_prob,phone_prob,rabbit_prob,scissors_prob,sheep_prob,train_prob,tree_prob
0,4099,6,cup,run_v31526759675535,0.0,0.04392823044587058,0.044744825500335414,0.04089784161843966,0.04998764367069078,0.04166028825210311,0.04536268201533892,0.051437323400678046,0.055881115138915534,0.04480518325159321,0.03980881818399159,0.0405350755108886,0.04392823044587058,0.04336469422469454,0.049550627508364246,0.04117453307717843,0.039507640019593886,0.04417525886209597,0.03574373705338124,0.03911542243674631,0.04008018391488175,0.040499798382664404,0.04051739691674324,0.04707114168416772,0.04015053893064301
