,index,age,target_label,session_id,correct_or_not,target_label_prob,airplane_prob,bear_prob,bike_prob,bird_prob,boat_prob,bowl_prob,car_prob,cat_prob,chair_prob,couch_prob,cup_prob,dog_prob,fish_prob,frog_prob,house_prob,key_prob,person_prob,phone_prob,rabbit_prob,scissors_prob,sheep_prob,train_prob,tree_prob
0,3020,6,cat,run_v41542059035613,0.0,0.048000209557335645,0.04434497309788767,0.04216942683120104,0.04534131405486684,0.041623558645621485,0.050943549119058976,0.0419439452955502,0.03718834582276196,0.048000209557335645,0.043700616374442884,0.042503606827910774,0.04053973099538219,0.04644746542187029,0.04667866083904167,0.04220604759482785,0.04126508645921223,0.03927170093869968,0.04780726094831729,0.0353685553779212,0.0462487594951629,0.04605010486226519,0.04413814203986619,0.04615981964325316,0.04005911975754281
