,index,age,target_label,session_id,correct_or_not,target_label_prob,airplane_prob,bear_prob,bike_prob,bird_prob,boat_prob,bowl_prob,car_prob,cat_prob,chair_prob,couch_prob,cup_prob,dog_prob,fish_prob,frog_prob,house_prob,key_prob,person_prob,phone_prob,rabbit_prob,scissors_prob,sheep_prob,train_prob,tree_prob
0,7973,7,train,run_v41542052611334,1.0,0.06224402315621891,0.03817955745223292,0.05055733918057902,0.051148313789570465,0.04065390374115445,0.03466151407924677,0.036259725681886935,0.05103024806279271,0.046393118223388395,0.0376408192191894,0.042807946029361214,0.036763123095964655,0.048923157582646405,0.03879881856144239,0.0481306913640366,0.03616074035854287,0.03445542474326701,0.04592006594439397,0.04265333676952895,0.050163571014718335,0.035013352045719676,0.05425261976309418,0.06224402315621891,0.03718859014102384
