,index,age,target_label,session_id,correct_or_not,target_label_prob,airplane_prob,bear_prob,bike_prob,bird_prob,boat_prob,bowl_prob,car_prob,cat_prob,chair_prob,couch_prob,cup_prob,dog_prob,fish_prob,frog_prob,house_prob,key_prob,person_prob,phone_prob,rabbit_prob,scissors_prob,sheep_prob,train_prob,tree_prob
0,2455,3,car,run_v31525992682386,0.0,0.05083526782857586,0.04457216020633076,0.043295345614372094,0.04827764397151979,0.03763248226780688,0.043148532385419186,0.04030126929720904,0.05083526782857586,0.03989316769205236,0.03672366931584718,0.0461658744877248,0.040741035243591454,0.041819526000495065,0.04638063712300188,0.03834997257300835,0.04915246079314758,0.04072030533514748,0.04316527145423082,0.05315217971161374,0.03936146204411732,0.04402084194667934,0.040308084503827855,0.048014899977680416,0.04396791022660065
