,index,age,target_label,session_id,correct_or_not,target_label_prob,airplane_prob,bear_prob,bike_prob,bird_prob,boat_prob,bowl_prob,car_prob,cat_prob,chair_prob,couch_prob,cup_prob,dog_prob,fish_prob,frog_prob,house_prob,key_prob,person_prob,phone_prob,rabbit_prob,scissors_prob,sheep_prob,train_prob,tree_prob
0,5171,6,frog,run_v41541283703241,0.0,0.05739253575943775,0.039821039794954334,0.05129885266045064,0.0418832069584657,0.047410700285270134,0.03678987765077539,0.03562330393934308,0.03749503746722257,0.0538413198365105,0.04264017865521432,0.0415400199494358,0.03653630985425758,0.0494133177426252,0.037513671042191735,0.05739253575943775,0.03786897078032889,0.03893120421806302,0.04784381744680425,0.03636022993147643,0.045020679196414545,0.045160093474444093,0.05780988253470654,0.03917822658319862,0.04262752423840884
