,index,age,target_label,session_id,correct_or_not,target_label_prob,airplane_prob,bear_prob,bike_prob,bird_prob,boat_prob,bowl_prob,car_prob,cat_prob,chair_prob,couch_prob,cup_prob,dog_prob,fish_prob,frog_prob,house_prob,key_prob,person_prob,phone_prob,rabbit_prob,scissors_prob,sheep_prob,train_prob,tree_prob
0,1034,3,bike,run_v31530651257351,1.0,0.06016144675263207,0.03850141898330517,0.03734237491710013,0.06016144675263207,0.033599598765938155,0.03363496199520577,0.03963924520290537,0.05305924121498774,0.04533343457314851,0.042493206635059316,0.036486889954818975,0.04220732574410879,0.047591349506657624,0.04014145794359863,0.04523968373712065,0.04339240282755462,0.04225017853227364,0.03703853515180043,0.0445792858952523,0.05652190511943988,0.04853290011271685,0.04446544685816438,0.047919935494311464,0.03986777408189941
