,index,age,target_label,session_id,correct_or_not,target_label_prob,airplane_prob,bear_prob,bike_prob,bird_prob,boat_prob,bowl_prob,car_prob,cat_prob,chair_prob,couch_prob,cup_prob,dog_prob,fish_prob,frog_prob,house_prob,key_prob,person_prob,phone_prob,rabbit_prob,scissors_prob,sheep_prob,train_prob,tree_prob
0,8082,7,train,run_v41540076121256,0.0,0.05392947028762515,0.04681706995452666,0.04124159543896637,0.07165543396189175,0.04070076930461668,0.04843338558314079,0.04142267340222721,0.06617667293375029,0.037292234409024405,0.03557178304360022,0.04359272818914977,0.037614600719101936,0.03737624719292073,0.041129525543402976,0.04232674268454266,0.03713239402587493,0.03838917390384755,0.05110393363953241,0.038448500476273066,0.041824352492416395,0.03900222569786098,0.029494036903145678,0.05392947028762515,0.03932445021256142
