,index,age,target_label,session_id,correct_or_not,target_label_prob,airplane_prob,bear_prob,bike_prob,bird_prob,boat_prob,bowl_prob,car_prob,cat_prob,chair_prob,couch_prob,cup_prob,dog_prob,fish_prob,frog_prob,house_prob,key_prob,person_prob,phone_prob,rabbit_prob,scissors_prob,sheep_prob,train_prob,tree_prob
0,6748,10,phone,run_v41540158083723,1.0,0.07251599351581227,0.04157352103464486,0.03943542242545647,0.04293362778125067,0.033585669008477766,0.042363587511896963,0.045538290436326255,0.041851826678306364,0.04635990823284341,0.049839107578192605,0.04009721427441658,0.0444934203331537,0.04207064947219705,0.03994473716689836,0.03528080986396499,0.0449739575259396,0.03951215179966783,0.044406039309567616,0.07251599351581227,0.04702070588762039,0.044289099988693764,0.035465725986194484,0.04364417330005402,0.0428043608884239
