,index,age,target_label,session_id,correct_or_not,target_label_prob,airplane_prob,bear_prob,bike_prob,bird_prob,boat_prob,bowl_prob,car_prob,cat_prob,chair_prob,couch_prob,cup_prob,dog_prob,fish_prob,frog_prob,house_prob,key_prob,person_prob,phone_prob,rabbit_prob,scissors_prob,sheep_prob,train_prob,tree_prob
0,4471,5,dog,run_v31533578889246,0.0,0.05105723696816084,0.041218377582814436,0.04532952096756368,0.0552728718937868,0.05706627579023941,0.03929580281728522,0.041443916048580484,0.030395525901588488,0.05151678611132693,0.04154078959106652,0.03548641411993162,0.04311560868293204,0.05105723696816084,0.04901590675477445,0.04423380294091502,0.03681066908676234,0.03444329028553802,0.05947001860646251,0.029698759765050396,0.04094878087800324,0.035906642666865794,0.052382343489137353,0.041286789490449054,0.04306386956076524
