,index,age,target_label,session_id,correct_or_not,target_label_prob,airplane_prob,bear_prob,bike_prob,bird_prob,boat_prob,bowl_prob,car_prob,cat_prob,chair_prob,couch_prob,cup_prob,dog_prob,fish_prob,frog_prob,house_prob,key_prob,person_prob,phone_prob,rabbit_prob,scissors_prob,sheep_prob,train_prob,tree_prob
0,5220,7,frog,run_v41540407216378,0.0,0.050267173803213945,0.04211210877527514,0.046560317381424875,0.04489479525484901,0.03838994451875294,0.037755978624739034,0.03902053816275745,0.057416942905786736,0.04690297839665482,0.03933781922429583,0.04620510144292586,0.045242383229633795,0.04592140324766284,0.03820457850483029,0.050267173803213945,0.04432797467222226,0.037294175277443435,0.041710466625556455,0.040159787785500244,0.04624745762358871,0.04106218638595135,0.049107910001071495,0.04237112512932216,0.03948685302654133
