,index,age,target_label,session_id,correct_or_not,target_label_prob,airplane_prob,bear_prob,bike_prob,bird_prob,boat_prob,bowl_prob,car_prob,cat_prob,chair_prob,couch_prob,cup_prob,dog_prob,fish_prob,frog_prob,house_prob,key_prob,person_prob,phone_prob,rabbit_prob,scissors_prob,sheep_prob,train_prob,tree_prob
0,403,6,bear,run_v41541705669045,0.0,0.05063344993758533,0.043080205718527935,0.05063344993758533,0.04915957689582891,0.05283985794702006,0.03865885362904796,0.03894874035734344,0.033629677283172774,0.05068411298254155,0.03879750233454786,0.03397055729799416,0.03897121078835783,0.048687777475200936,0.039822738584274785,0.045272941925281356,0.038950564867188314,0.039541733523971265,0.06787290771556669,0.03563888122629956,0.040704815347887384,0.03733715122648745,0.04972089409123992,0.03629499871386925,0.05078085013076516
