,index,age,target_label,session_id,correct_or_not,target_label_prob,airplane_prob,bear_prob,bike_prob,bird_prob,boat_prob,bowl_prob,car_prob,cat_prob,chair_prob,couch_prob,cup_prob,dog_prob,fish_prob,frog_prob,house_prob,key_prob,person_prob,phone_prob,rabbit_prob,scissors_prob,sheep_prob,train_prob,tree_prob
0,4017,3,cup,run_v31532807103279,0.0,0.049675670398594184,0.04166031471545962,0.04457193308181631,0.04468592404346941,0.04512929955317315,0.03997960759042977,0.05464654090977828,0.04554385416470544,0.03636857484220155,0.04330935236953799,0.03441511561064073,0.049675670398594184,0.040352560434243435,0.03798673712241833,0.04597427185455,0.0396527219656808,0.04436363651361429,0.037866853932352285,0.0543661700457324,0.05029503998161635,0.03821226351299987,0.04228329848765571,0.0444895248782105,0.04417073399111967
