,index,age,target_label,session_id,correct_or_not,target_label_prob,airplane_prob,bear_prob,bike_prob,bird_prob,boat_prob,bowl_prob,car_prob,cat_prob,chair_prob,couch_prob,cup_prob,dog_prob,fish_prob,frog_prob,house_prob,key_prob,person_prob,phone_prob,rabbit_prob,scissors_prob,sheep_prob,train_prob,tree_prob
0,3377,2,chair,run_v31529356602865,0.0,0.04340984700615188,0.041425842105235616,0.048048972392906515,0.04338762094625736,0.048224693412671334,0.043775458481360024,0.04755731544931193,0.059309139544025405,0.03866732150162645,0.04340984700615188,0.03821263157398876,0.03886557384783289,0.04535086304391705,0.044364542930508184,0.05153523979744009,0.03504773871934381,0.046576181392028834,0.03528991759052816,0.04129422381302345,0.035059880747956775,0.036493519053326706,0.05031500207485751,0.039720896546290824,0.04806757802941046
