,index,age,target_label,session_id,correct_or_not,target_label_prob,airplane_prob,bear_prob,bike_prob,bird_prob,boat_prob,bowl_prob,car_prob,cat_prob,chair_prob,couch_prob,cup_prob,dog_prob,fish_prob,frog_prob,house_prob,key_prob,person_prob,phone_prob,rabbit_prob,scissors_prob,sheep_prob,train_prob,tree_prob
0,531,8,bear,run_v41541367019106,0.0,0.04778025971847341,0.03607098826251802,0.04778025971847341,0.04229390525432341,0.04346467033960114,0.035227843448571286,0.04970876977532324,0.038381513138999034,0.04873265937955982,0.03623483356958123,0.033734024812710955,0.04837756309163625,0.039442024147720356,0.04963017714000008,0.04891903603497488,0.034609038425343144,0.07408304669575126,0.04853394767871876,0.05000648408488629,0.04504139141804406,0.044582350936459514,0.03052491699269117,0.03739790579470582,0.03722264985940678
