,index,age,target_label,session_id,correct_or_not,target_label_prob,airplane_prob,bear_prob,bike_prob,bird_prob,boat_prob,bowl_prob,car_prob,cat_prob,chair_prob,couch_prob,cup_prob,dog_prob,fish_prob,frog_prob,house_prob,key_prob,person_prob,phone_prob,rabbit_prob,scissors_prob,sheep_prob,train_prob,tree_prob
0,7601,2,sheep,run_v41540327936044,1.0,0.05981554504637497,0.033642590140486074,0.04123665896085909,0.03632026103331898,0.03611830887197555,0.04042910268301702,0.050320393256950556,0.04477955001693626,0.037456534844683996,0.03884751750849569,0.04428788560711583,0.04623093500471246,0.03673981040699239,0.04331062788222616,0.04479344636786027,0.042252514778187575,0.04577216570062389,0.04567713597959259,0.042220392060325684,0.04267158875759142,0.051563668679188414,0.05981554504637497,0.04214670167683573,0.05336666473564944
