,index,age,target_label,session_id,correct_or_not,target_label_prob,airplane_prob,bear_prob,bike_prob,bird_prob,boat_prob,bowl_prob,car_prob,cat_prob,chair_prob,couch_prob,cup_prob,dog_prob,fish_prob,frog_prob,house_prob,key_prob,person_prob,phone_prob,rabbit_prob,scissors_prob,sheep_prob,train_prob,tree_prob
0,7436,8,scissors,run_v41541880762793,1.0,0.06907912817152201,0.043209777411680333,0.044729313083790606,0.039323021356844894,0.042435722257679706,0.03495728449673674,0.04218681337185837,0.03664922937787789,0.041845726772400144,0.038229365809080255,0.0374634673952527,0.03882865358366695,0.04481171063743321,0.037824868476550574,0.04181506887227093,0.03672542514233012,0.049310011867217805,0.051543638764687476,0.03836173110089151,0.04006409025603564,0.06907912817152201,0.05319220971628928,0.0350374662103575,0.062376275867545274
