,index,age,target_label,session_id,correct_or_not,target_label_prob,airplane_prob,bear_prob,bike_prob,bird_prob,boat_prob,bowl_prob,car_prob,cat_prob,chair_prob,couch_prob,cup_prob,dog_prob,fish_prob,frog_prob,house_prob,key_prob,person_prob,phone_prob,rabbit_prob,scissors_prob,sheep_prob,train_prob,tree_prob
0,2842,6,cat,run_v41541377302643,0.0,0.04274441354423469,0.04054560347576814,0.04828975999647437,0.05797047316229325,0.05067735317940917,0.048123755878691464,0.03939617153884668,0.04397899989212946,0.04274441354423469,0.03915980578861226,0.034352953274308595,0.035616700508628425,0.045001194680927045,0.041722150844602034,0.043414254094972474,0.03873942998806834,0.047805352889422434,0.04175124212946892,0.0352413452903985,0.04525209270232915,0.0411738850175561,0.04347672678698807,0.046588011695053874,0.04897832364081673
