,index,age,target_label,session_id,correct_or_not,target_label_prob,airplane_prob,bear_prob,bike_prob,bird_prob,boat_prob,bowl_prob,car_prob,cat_prob,chair_prob,couch_prob,cup_prob,dog_prob,fish_prob,frog_prob,house_prob,key_prob,person_prob,phone_prob,rabbit_prob,scissors_prob,sheep_prob,train_prob,tree_prob
0,3929,5,cup,run_v31533849349665,0.0,0.05076064259654015,0.04044848956621986,0.03978740587669517,0.03906509711496672,0.040816864034128576,0.05257001073059332,0.0385135038266475,0.04401148924738774,0.0395661852774634,0.05273197686431566,0.06041022980533566,0.05076064259654015,0.038584361575537574,0.04928159482958785,0.03818800807600271,0.05501727484559304,0.04359712219125531,0.04016964736904559,0.039341767347685144,0.044072074250315285,0.04300830097040314,0.038811140083786236,0.03793130956502659,0.0333155039554677
