,index,age,target_label,session_id,correct_or_not,target_label_prob,airplane_prob,bear_prob,bike_prob,bird_prob,boat_prob,bowl_prob,car_prob,cat_prob,chair_prob,couch_prob,cup_prob,dog_prob,fish_prob,frog_prob,house_prob,key_prob,person_prob,phone_prob,rabbit_prob,scissors_prob,sheep_prob,train_prob,tree_prob
0,7554,4,scissors,run_v41541979041935,1.0,0.06016129248460957,0.0404983570011105,0.0435302127991103,0.03749993506852696,0.042477748410437895,0.04416534642851078,0.04256646171996609,0.040668191627785975,0.04250457978262809,0.04004883541591689,0.03703435965294299,0.047114590399565545,0.04117361134456887,0.04541676583614226,0.0425511297886523,0.042241218671556884,0.0531256720445603,0.05852572992032395,0.03924688854459741,0.03682806372468077,0.06016129248460957,0.036218911829779786,0.040313071231697015,0.04608902627232883
