,index,age,target_label,session_id,correct_or_not,target_label_prob,airplane_prob,bear_prob,bike_prob,bird_prob,boat_prob,bowl_prob,car_prob,cat_prob,chair_prob,couch_prob,cup_prob,dog_prob,fish_prob,frog_prob,house_prob,key_prob,person_prob,phone_prob,rabbit_prob,scissors_prob,sheep_prob,train_prob,tree_prob
0,2220,4,bowl,run_v31528316999098,0.0,0.03445325065730449,0.0420141107884315,0.05605718074188892,0.037509802979920896,0.04779925284138925,0.04760408377174798,0.03445325065730449,0.027201254358201494,0.04950535130792817,0.04737341290092013,0.045934188327947545,0.03535827825870107,0.04401435972695996,0.04242550851954998,0.050817137657174424,0.04728718760412042,0.04134746319333145,0.04231744631637666,0.052677039190584966,0.04747013522850366,0.04012583037437328,0.0484295414229604,0.036165914498941715,0.0361122693327415
