,index,age,target_label,session_id,correct_or_not,target_label_prob,airplane_prob,bear_prob,bike_prob,bird_prob,boat_prob,bowl_prob,car_prob,cat_prob,chair_prob,couch_prob,cup_prob,dog_prob,fish_prob,frog_prob,house_prob,key_prob,person_prob,phone_prob,rabbit_prob,scissors_prob,sheep_prob,train_prob,tree_prob
0,4386,3,dog,run_v31533507922446,0.0,0.05544283552606092,0.04133927310865387,0.058053530033987354,0.04151403013541577,0.07151306392461931,0.0354376979005729,0.03429469621383655,0.03768961763297639,0.04716976462246775,0.03660880387394154,0.03762932560015925,0.038827172914089866,0.05544283552606092,0.03798863461053722,0.04378934787775809,0.03568882429105756,0.04338295168453045,0.040010014032617086,0.03128252899703823,0.045049264226608446,0.04024880039475098,0.06135142977645143,0.038009324066684926,0.04767906855518428
