,index,age,target_label,session_id,correct_or_not,target_label_prob,airplane_prob,bear_prob,bike_prob,bird_prob,boat_prob,bowl_prob,car_prob,cat_prob,chair_prob,couch_prob,cup_prob,dog_prob,fish_prob,frog_prob,house_prob,key_prob,person_prob,phone_prob,rabbit_prob,scissors_prob,sheep_prob,train_prob,tree_prob
0,1016,5,bike,run_v31531521447859,0.0,0.054932405579519845,0.049208148048919084,0.04060834771301815,0.054932405579519845,0.04337158713471145,0.045924755241001376,0.03637436887048902,0.04484519360844751,0.04669929043565693,0.05503255491891599,0.0362290097584466,0.04274421985018307,0.048364527356825886,0.0446028003444666,0.040931753627814677,0.03247968504123088,0.050047170203410214,0.04074446312236875,0.033548150311019195,0.04564389255737413,0.03916160626226487,0.043625069933936673,0.04469327598464554,0.040187724095333575
