,index,age,target_label,session_id,correct_or_not,target_label_prob,airplane_prob,bear_prob,bike_prob,bird_prob,boat_prob,bowl_prob,car_prob,cat_prob,chair_prob,couch_prob,cup_prob,dog_prob,fish_prob,frog_prob,house_prob,key_prob,person_prob,phone_prob,rabbit_prob,scissors_prob,sheep_prob,train_prob,tree_prob
0,1810,3,boat,run_v31534629175792,0.0,0.03937755696479104,0.03774919963492595,0.03780890304903501,0.038664937795457516,0.040348449588892964,0.03937755696479104,0.06983435615316268,0.04108512433713554,0.0369142457903253,0.04394245085443979,0.04095223055451574,0.04602437352604387,0.039333251465216164,0.055479184980174664,0.04383735896112901,0.04571035575006506,0.049388902350761835,0.043284054090474436,0.04542057057235296,0.038911767334825674,0.03960401365548406,0.040213514426624984,0.04324729230303093,0.04286790586113458
