,index,age,target_label,session_id,correct_or_not,target_label_prob,airplane_prob,bear_prob,bike_prob,bird_prob,boat_prob,bowl_prob,car_prob,cat_prob,chair_prob,couch_prob,cup_prob,dog_prob,fish_prob,frog_prob,house_prob,key_prob,person_prob,phone_prob,rabbit_prob,scissors_prob,sheep_prob,train_prob,tree_prob
0,5466,7,house,run_v31535929178925,1.0,0.07889030992397852,0.04057381576810274,0.038929412141219276,0.04136954511357316,0.03601354325613496,0.03460113561293888,0.04121969387687233,0.05155300069147066,0.04079469443266282,0.04322010672829654,0.04581684029961877,0.04113190644800342,0.03983979006763957,0.039778514825041744,0.03774889843413887,0.07889030992397852,0.04576195707639441,0.04077130122458572,0.05370405295587388,0.041439958646171345,0.041281447136611485,0.03947051068372397,0.045331833250387164,0.04075773140655974
