,index,age,target_label,session_id,correct_or_not,target_label_prob,airplane_prob,bear_prob,bike_prob,bird_prob,boat_prob,bowl_prob,car_prob,cat_prob,chair_prob,couch_prob,cup_prob,dog_prob,fish_prob,frog_prob,house_prob,key_prob,person_prob,phone_prob,rabbit_prob,scissors_prob,sheep_prob,train_prob,tree_prob
0,8480,2,tree,run_v31535051855980,1.0,0.06573444214520299,0.040992005478090496,0.03919918977439282,0.04392198331276461,0.04667413550929073,0.04207535325640385,0.04040701305832452,0.04487446725815974,0.0356992157918675,0.05887868011208863,0.03873320547933412,0.04454999359250191,0.04182874767506119,0.03410705950674511,0.03805550367645435,0.0427092576758588,0.05549552891570498,0.055035051019648326,0.045713523203279066,0.04174417036871714,0.03265323486967489,0.039166990027848604,0.0317512482925855,0.06573444214520299
