,index,age,target_label,session_id,correct_or_not,target_label_prob,airplane_prob,bear_prob,bike_prob,bird_prob,boat_prob,bowl_prob,car_prob,cat_prob,chair_prob,couch_prob,cup_prob,dog_prob,fish_prob,frog_prob,house_prob,key_prob,person_prob,phone_prob,rabbit_prob,scissors_prob,sheep_prob,train_prob,tree_prob
0,6426,5,phone,run_v31528760486308,0.0,0.04379091203394944,0.047613179425216055,0.043298902809652755,0.03481917417749107,0.041003064772172075,0.05444563166748758,0.04714241006181997,0.03900900514205967,0.04215779969310455,0.03899707776813447,0.04078370564335794,0.054678586023816075,0.04056333684027349,0.042554549976511966,0.04186729775299535,0.04481288849737199,0.038841580436948055,0.041704730448565555,0.04379091203394944,0.04887618608649129,0.04038767328080111,0.04029914000980173,0.045601092296447585,0.04675207515553033
