,index,age,target_label,session_id,correct_or_not,target_label_prob,airplane_prob,bear_prob,bike_prob,bird_prob,boat_prob,bowl_prob,car_prob,cat_prob,chair_prob,couch_prob,cup_prob,dog_prob,fish_prob,frog_prob,house_prob,key_prob,person_prob,phone_prob,rabbit_prob,scissors_prob,sheep_prob,train_prob,tree_prob
0,4437,4,dog,run_v31532639699688,0.0,0.0479592628353597,0.03866550778857652,0.036973743072154695,0.06261012138185075,0.05022006225286283,0.044583344741828394,0.043856050838188256,0.05033590529503501,0.039785549849568926,0.040362935764073085,0.041166303048866204,0.03809341756106378,0.0479592628353597,0.03761719639383436,0.04377922387576212,0.04207582158557415,0.04853463453759783,0.04457687647241544,0.03038690521776665,0.03931053178578853,0.03798243777090117,0.047689032007562436,0.05771179345208597,0.0357233424712831
