,index,age,target_label,session_id,correct_or_not,target_label_prob,airplane_prob,bear_prob,bike_prob,bird_prob,boat_prob,bowl_prob,car_prob,cat_prob,chair_prob,couch_prob,cup_prob,dog_prob,fish_prob,frog_prob,house_prob,key_prob,person_prob,phone_prob,rabbit_prob,scissors_prob,sheep_prob,train_prob,tree_prob
0,1945,4,bowl,run_v31529180673021,0.0,0.04620372612715325,0.04210193530564545,0.04084084628965479,0.03800659513780774,0.04017832770534546,0.04750142596755583,0.04620372612715325,0.04175924404262367,0.04102726744751805,0.05210072666241548,0.04419330066520657,0.04655202310614692,0.045876160211745134,0.05137669474886678,0.04253648816422074,0.041880013266925406,0.04667307692404431,0.04017492779098496,0.04781184601097686,0.03860504894030796,0.03338578287377404,0.041881714961691484,0.05305531155015669,0.03627751609923227
