,index,age,target_label,session_id,correct_or_not,target_label_prob,airplane_prob,bear_prob,bike_prob,bird_prob,boat_prob,bowl_prob,car_prob,cat_prob,chair_prob,couch_prob,cup_prob,dog_prob,fish_prob,frog_prob,house_prob,key_prob,person_prob,phone_prob,rabbit_prob,scissors_prob,sheep_prob,train_prob,tree_prob
0,2835,3,cat,run_v41541793406143,0.0,0.045299254497382806,0.04813594377543917,0.04087800792073766,0.04353315806080041,0.038980158067953935,0.05734357498972794,0.04030153410872958,0.04212575351032924,0.045299254497382806,0.03761880496869339,0.04139456679034772,0.04900452009915403,0.03968337383334899,0.04373337434424529,0.03922917094072349,0.049231697099338806,0.04075678635532307,0.03645493402961467,0.04318542580734024,0.0454291768185819,0.04728295098391806,0.039155145761633814,0.048058193649314504,0.043184493587321376
