,index,age,target_label,session_id,correct_or_not,target_label_prob,airplane_prob,bear_prob,bike_prob,bird_prob,boat_prob,bowl_prob,car_prob,cat_prob,chair_prob,couch_prob,cup_prob,dog_prob,fish_prob,frog_prob,house_prob,key_prob,person_prob,phone_prob,rabbit_prob,scissors_prob,sheep_prob,train_prob,tree_prob
0,6910,7,rabbit,run_v31529187059841,1.0,0.09826482281272103,0.04158438539032614,0.0786697855091338,0.029767185559942476,0.03635362855829636,0.03650740937255881,0.038887516052407096,0.043345987546768446,0.05110169521011938,0.04131002661487754,0.03825549576116124,0.03497337083508468,0.04219445868568483,0.03435381531497543,0.043278812418722265,0.031186167876875864,0.040564525177164044,0.04070681358888565,0.030734486397861173,0.09826482281272103,0.04791229416119843,0.0496743164316802,0.034999905074872835,0.0353730956486821
