,index,age,target_label,session_id,correct_or_not,target_label_prob,airplane_prob,bear_prob,bike_prob,bird_prob,boat_prob,bowl_prob,car_prob,cat_prob,chair_prob,couch_prob,cup_prob,dog_prob,fish_prob,frog_prob,house_prob,key_prob,person_prob,phone_prob,rabbit_prob,scissors_prob,sheep_prob,train_prob,tree_prob
0,734,5,bear,run_v41540062288602,0.0,0.040713696758077254,0.04290217308425143,0.040713696758077254,0.04410010439894516,0.04591089116678013,0.03618593579222705,0.044307837818405346,0.057578582658389145,0.047373782360906336,0.04217020493726744,0.03936207286327175,0.04463704251432083,0.04879100703500153,0.057926266950037816,0.04740893125327379,0.035315658217703175,0.04250949543992765,0.03425885006209318,0.036997575978279656,0.04495493866201559,0.042100111913645225,0.04387574544284425,0.04378918280107312,0.03682991189126319
