,index,age,target_label,session_id,correct_or_not,target_label_prob,airplane_prob,bear_prob,bike_prob,bird_prob,boat_prob,bowl_prob,car_prob,cat_prob,chair_prob,couch_prob,cup_prob,dog_prob,fish_prob,frog_prob,house_prob,key_prob,person_prob,phone_prob,rabbit_prob,scissors_prob,sheep_prob,train_prob,tree_prob
0,3689,6,couch,run_v31528671599139,0.0,0.049380550308337184,0.04744664305659249,0.03722430323393601,0.036681206829748944,0.04013194008954665,0.039783315507921045,0.051469070985592565,0.042512730935743766,0.03883466835874914,0.03282665799242453,0.049380550308337184,0.04815462151962224,0.042812228217152394,0.0471817472679817,0.0409306098168899,0.041541757909506316,0.0616273621170484,0.03258977198384569,0.045389605678190115,0.035667545151165964,0.04373123813829198,0.04313004861484106,0.055880354881081985,0.04507202140579004
