,index,age,target_label,session_id,correct_or_not,target_label_prob,airplane_prob,bear_prob,bike_prob,bird_prob,boat_prob,bowl_prob,car_prob,cat_prob,chair_prob,couch_prob,cup_prob,dog_prob,fish_prob,frog_prob,house_prob,key_prob,person_prob,phone_prob,rabbit_prob,scissors_prob,sheep_prob,train_prob,tree_prob
0,3670,5,couch,run_v31531341840525,1.0,0.06545696043447131,0.03639728705908844,0.04124318217022914,0.06178594008581098,0.043999261268555176,0.038628930676174775,0.04114028175674894,0.058245607215143,0.04351135894138922,0.047803954331573195,0.06545696043447131,0.0359031179539674,0.04683317975592349,0.03425936708809279,0.04178663647896875,0.03505468018076988,0.035559887966172085,0.03826148095961275,0.03906305817426516,0.03543373436725494,0.034223378667346815,0.04553137947120097,0.05600231235446062,0.043875022642780134
