,index,age,target_label,session_id,correct_or_not,target_label_prob,airplane_prob,bear_prob,bike_prob,bird_prob,boat_prob,bowl_prob,car_prob,cat_prob,chair_prob,couch_prob,cup_prob,dog_prob,fish_prob,frog_prob,house_prob,key_prob,person_prob,phone_prob,rabbit_prob,scissors_prob,sheep_prob,train_prob,tree_prob
0,5558,5,house,run_v31532472921086,0.0,0.05536995738591005,0.04607765684485297,0.039945964543891245,0.03724848004028462,0.04063490259583438,0.05332107455123227,0.04538378221109132,0.040710785643773846,0.04354121405247947,0.0322061606264236,0.04977329441087839,0.056267875915418944,0.038481678093825376,0.050528479829237145,0.03863059933940804,0.05536995738591005,0.03943386667668785,0.040650418426668826,0.04214296350788913,0.03776996272175778,0.04145704718666726,0.03864856359681054,0.046119581613920956,0.04565569018505623
