,index,age,target_label,session_id,correct_or_not,target_label_prob,airplane_prob,bear_prob,bike_prob,bird_prob,boat_prob,bowl_prob,car_prob,cat_prob,chair_prob,couch_prob,cup_prob,dog_prob,fish_prob,frog_prob,house_prob,key_prob,person_prob,phone_prob,rabbit_prob,scissors_prob,sheep_prob,train_prob,tree_prob
0,560,9,bear,run_v41541975030246,0.0,0.04286963183009358,0.044556346644669786,0.04286963183009358,0.04244320516056301,0.04497922580031765,0.043311177431648,0.06019689418265183,0.03722288708732081,0.04034501722966713,0.041022890801541256,0.03617894256071423,0.04966558735405046,0.03759102594430861,0.04373559131035871,0.04124846068605721,0.03520930871069795,0.04962856200406031,0.04058553138207145,0.04607689369320149,0.05328813404355515,0.04949308226546033,0.03607030635667246,0.03681059959521368,0.04747069792510489
