,index,age,target_label,session_id,correct_or_not,target_label_prob,airplane_prob,bear_prob,bike_prob,bird_prob,boat_prob,bowl_prob,car_prob,cat_prob,chair_prob,couch_prob,cup_prob,dog_prob,fish_prob,frog_prob,house_prob,key_prob,person_prob,phone_prob,rabbit_prob,scissors_prob,sheep_prob,train_prob,tree_prob
0,4881,5,fish,run_v31534368870242,1.0,0.06269364731234814,0.05030912301634843,0.040850392584521555,0.039145307635064915,0.047079168411856255,0.04369806902948143,0.04480434055360984,0.041072584315928036,0.046098195373850015,0.04519740141881209,0.03554611782119655,0.04731180204901322,0.04453948054348605,0.06269364731234814,0.04703940219822925,0.036380446227464676,0.05299373003709766,0.04055224150698102,0.04027144554623526,0.03778185020865516,0.04928347908991819,0.036721895742643486,0.03597333319897618,0.03465654617828247
