,index,age,target_label,session_id,correct_or_not,target_label_prob,airplane_prob,bear_prob,bike_prob,bird_prob,boat_prob,bowl_prob,car_prob,cat_prob,chair_prob,couch_prob,cup_prob,dog_prob,fish_prob,frog_prob,house_prob,key_prob,person_prob,phone_prob,rabbit_prob,scissors_prob,sheep_prob,train_prob,tree_prob
0,8023,2,train,run_v41541792876508,0.0,0.05508858982455157,0.04499997405167781,0.05260475740952812,0.058394308194017815,0.04682951292973481,0.03692991059732993,0.03520712987657228,0.057152581714864696,0.047253861671232474,0.03984439125863932,0.03777400068381787,0.03655337049042768,0.04190034182554515,0.0435863053390813,0.04900945277601055,0.03266661347451409,0.03621404622130941,0.03907124083273469,0.04295313145469218,0.046460320735319756,0.040894948166249535,0.045972295583984066,0.05508858982455157,0.03263891488816486
