,index,age,target_label,session_id,correct_or_not,target_label_prob,airplane_prob,bear_prob,bike_prob,bird_prob,boat_prob,bowl_prob,car_prob,cat_prob,chair_prob,couch_prob,cup_prob,dog_prob,fish_prob,frog_prob,house_prob,key_prob,person_prob,phone_prob,rabbit_prob,scissors_prob,sheep_prob,train_prob,tree_prob
0,5987,3,key,run_v41538858546240,1.0,0.05785795200392658,0.04355711996429856,0.04669535680804867,0.03854851746155726,0.04300284098163703,0.03936623301773858,0.04148389337625841,0.043012389149433936,0.04472235241729963,0.04392627267701903,0.04220544730870326,0.04680692424905108,0.039630208250442354,0.04251397624294523,0.04387832911197746,0.041825356103684694,0.05785795200392658,0.04757008477683106,0.03921005178687601,0.039894339446777005,0.04750652005353875,0.04493695883443141,0.03917568000904568,0.04267319596847848
