,index,age,target_label,session_id,correct_or_not,target_label_prob,airplane_prob,bear_prob,bike_prob,bird_prob,boat_prob,bowl_prob,car_prob,cat_prob,chair_prob,couch_prob,cup_prob,dog_prob,fish_prob,frog_prob,house_prob,key_prob,person_prob,phone_prob,rabbit_prob,scissors_prob,sheep_prob,train_prob,tree_prob
0,5562,4,house,run_v31533832381357,0.0,0.042320736637583095,0.04466987380048691,0.038079462496098865,0.05123363758758947,0.04975726081058242,0.04400751452286917,0.03948583728300342,0.044076975377631826,0.04549387180330706,0.037804524614000495,0.03842783282538652,0.03746628137949558,0.05203091010525406,0.050821839966701414,0.04753231382660415,0.042320736637583095,0.04367099732137841,0.03942568803871574,0.03523508355839578,0.038953855604862385,0.042655208540371366,0.05064962196489884,0.04794697331412255,0.03825369862066041
