,index,age,target_label,session_id,correct_or_not,target_label_prob,airplane_prob,bear_prob,bike_prob,bird_prob,boat_prob,bowl_prob,car_prob,cat_prob,chair_prob,couch_prob,cup_prob,dog_prob,fish_prob,frog_prob,house_prob,key_prob,person_prob,phone_prob,rabbit_prob,scissors_prob,sheep_prob,train_prob,tree_prob
0,1296,7,bird,run_v31531954185970,0.0,0.04515725188649699,0.05812892591236471,0.04175243701756772,0.03803710539688737,0.04515725188649699,0.05567865620485878,0.03436226778655376,0.04203252132323807,0.04024791829772084,0.046067793303637646,0.04497284256031679,0.038856538420878724,0.043157461521455734,0.041115821182770615,0.04382915593876902,0.03919643068082098,0.038339262911392884,0.03998910160838979,0.038591870782505464,0.04313384704151548,0.04277647982154178,0.045872684947000246,0.044967903750037064,0.05373572170327951
