,index,age,target_label,session_id,correct_or_not,target_label_prob,airplane_prob,bear_prob,bike_prob,bird_prob,boat_prob,bowl_prob,car_prob,cat_prob,chair_prob,couch_prob,cup_prob,dog_prob,fish_prob,frog_prob,house_prob,key_prob,person_prob,phone_prob,rabbit_prob,scissors_prob,sheep_prob,train_prob,tree_prob
0,974,5,bike,run_v31531868519222,1.0,0.07127476690653496,0.05464048618104226,0.03916904546272654,0.07127476690653496,0.03440853682331355,0.04320655300540777,0.029395837678457763,0.0694493257588707,0.04521720235301016,0.035907716410810905,0.04174505973100687,0.03500538563606218,0.04044366729686432,0.04718188890655122,0.03841517835895239,0.03417469708598309,0.0392008528680877,0.03659423281126675,0.04036857435882322,0.03385638083884378,0.04651930371457194,0.04322778432859807,0.06648395833888801,0.03411356514532579
