,index,age,target_label,session_id,correct_or_not,target_label_prob,airplane_prob,bear_prob,bike_prob,bird_prob,boat_prob,bowl_prob,car_prob,cat_prob,chair_prob,couch_prob,cup_prob,dog_prob,fish_prob,frog_prob,house_prob,key_prob,person_prob,phone_prob,rabbit_prob,scissors_prob,sheep_prob,train_prob,tree_prob
0,6737,3,phone,run_v31531774926854,1.0,0.05987214765704023,0.04199063247965089,0.04099805419411023,0.03683761214650957,0.03703614468270108,0.05152348084558346,0.04339252722025131,0.04200212334448091,0.04104708523320072,0.043837907811432826,0.0468271488672032,0.0466448420023956,0.03847990823875103,0.04341267462947691,0.04441072114377116,0.04760664897207467,0.04533696534029733,0.04828158006803283,0.05987214765704023,0.04110523887414636,0.03784138369844266,0.041109413399277206,0.03585032872732721,0.0445554304238425
