,index,age,target_label,session_id,correct_or_not,target_label_prob,airplane_prob,bear_prob,bike_prob,bird_prob,boat_prob,bowl_prob,car_prob,cat_prob,chair_prob,couch_prob,cup_prob,dog_prob,fish_prob,frog_prob,house_prob,key_prob,person_prob,phone_prob,rabbit_prob,scissors_prob,sheep_prob,train_prob,tree_prob
0,1654,3,boat,run_v31533769481903,0.0,0.051274746392287004,0.04071993769380247,0.045278761672765615,0.03462776505717315,0.05007540833321532,0.051274746392287004,0.03695635024174203,0.04287717648220226,0.03521157827267661,0.042063898668462676,0.04332940892251315,0.04097256351378144,0.04454279943377022,0.049094119323528786,0.04074041534350491,0.03591344389532769,0.05496082556801557,0.03668509805268344,0.03772978691674049,0.04191586102115873,0.050542724785823646,0.056604832547635035,0.04400161717261371,0.04388088068857613
