,index,age,target_label,session_id,correct_or_not,target_label_prob,airplane_prob,bear_prob,bike_prob,bird_prob,boat_prob,bowl_prob,car_prob,cat_prob,chair_prob,couch_prob,cup_prob,dog_prob,fish_prob,frog_prob,house_prob,key_prob,person_prob,phone_prob,rabbit_prob,scissors_prob,sheep_prob,train_prob,tree_prob
0,223,7,airplane,run_v31531692832204,1.0,0.05735751334571449,0.05735751334571449,0.0371022767464123,0.03674198817704113,0.03984797294666043,0.05384255580587267,0.03664751494883197,0.04785104205315615,0.04127125478430575,0.044479560606053424,0.0503215940751678,0.03678419979542587,0.0389091090691593,0.051400295485332266,0.037236779546502195,0.045399101307067716,0.04289092626185425,0.046325874066732796,0.04385112413149234,0.034996228809969165,0.03882428360318722,0.03887809730812547,0.0531841340074802,0.04585657311845524
