,index,age,target_label,session_id,correct_or_not,target_label_prob,airplane_prob,bear_prob,bike_prob,bird_prob,boat_prob,bowl_prob,car_prob,cat_prob,chair_prob,couch_prob,cup_prob,dog_prob,fish_prob,frog_prob,house_prob,key_prob,person_prob,phone_prob,rabbit_prob,scissors_prob,sheep_prob,train_prob,tree_prob
0,2088,10,bowl,run_v31529090422243,1.0,0.06103833066827113,0.05384472771740122,0.03791584902317799,0.048772620851560436,0.038432768770555605,0.05950505712151345,0.06103833066827113,0.044704976676807194,0.03478180927840979,0.031566439138284066,0.047096368235907356,0.0415856214143259,0.04093308348481223,0.053645846136543364,0.03946521366315128,0.03844586968376116,0.038043230485760034,0.03702558878252549,0.04957396463000858,0.037225886994483925,0.04246299766039554,0.03989189979824846,0.04530953831465058,0.03873231146944543
