,index,age,target_label,session_id,correct_or_not,target_label_prob,airplane_prob,bear_prob,bike_prob,bird_prob,boat_prob,bowl_prob,car_prob,cat_prob,chair_prob,couch_prob,cup_prob,dog_prob,fish_prob,frog_prob,house_prob,key_prob,person_prob,phone_prob,rabbit_prob,scissors_prob,sheep_prob,train_prob,tree_prob
0,6204,4,person,run_v31533676898644,1.0,0.06862632091844154,0.04012752756898255,0.03668701389919231,0.035035919423561074,0.03639412875014654,0.04221963125533518,0.043177087594712636,0.046461081213473435,0.03757162173888086,0.04498825214442814,0.03959265768912968,0.03411174003969863,0.04967701804181181,0.04439379784336675,0.0404517252718831,0.054776351760318066,0.03506964887411707,0.06862632091844154,0.03921862539674388,0.047530505704315724,0.05154612049063069,0.03892283170181497,0.0380094095500885,0.055410983128926734
