,index,age,target_label,session_id,correct_or_not,target_label_prob,airplane_prob,bear_prob,bike_prob,bird_prob,boat_prob,bowl_prob,car_prob,cat_prob,chair_prob,couch_prob,cup_prob,dog_prob,fish_prob,frog_prob,house_prob,key_prob,person_prob,phone_prob,rabbit_prob,scissors_prob,sheep_prob,train_prob,tree_prob
0,7060,4,rabbit,run_v31527969790348,1.0,0.057227073940775475,0.04279547697259355,0.055813815304241746,0.04107602319883134,0.040813738224674975,0.039052867926018725,0.037835312825121745,0.056558163710414694,0.04534566650795308,0.03836827843139841,0.03357806552282779,0.03363121428834534,0.04289361882738539,0.03585893769751888,0.048597514868805584,0.03875349852973663,0.03957489611737981,0.04498473828644379,0.0371953007879494,0.057227073940775475,0.04543966021063775,0.05314674348181881,0.04367181633861008,0.04778757800051713
