,index,age,target_label,session_id,correct_or_not,target_label_prob,airplane_prob,bear_prob,bike_prob,bird_prob,boat_prob,bowl_prob,car_prob,cat_prob,chair_prob,couch_prob,cup_prob,dog_prob,fish_prob,frog_prob,house_prob,key_prob,person_prob,phone_prob,rabbit_prob,scissors_prob,sheep_prob,train_prob,tree_prob
0,6462,7,phone,run_v31532117429606,0.0,0.05496285058836307,0.03923199506535458,0.037491035897243834,0.04626772716731619,0.044474428958162365,0.037860825914200986,0.03760919803603529,0.04651088344851922,0.039934476803848575,0.06021815823035258,0.0650465914351611,0.05437513307848846,0.04077691894988793,0.04011043797382703,0.038545278787888076,0.03646065722154094,0.03793286613814849,0.03563212803116721,0.05496285058836307,0.03869466093437451,0.04000460749208153,0.039091855889806126,0.04592653564259316,0.042840748315638666
