,index,age,target_label,session_id,correct_or_not,target_label_prob,airplane_prob,bear_prob,bike_prob,bird_prob,boat_prob,bowl_prob,car_prob,cat_prob,chair_prob,couch_prob,cup_prob,dog_prob,fish_prob,frog_prob,house_prob,key_prob,person_prob,phone_prob,rabbit_prob,scissors_prob,sheep_prob,train_prob,tree_prob
0,2954,4,cat,run_v41541895257111,0.0,0.04409598294917625,0.03943285016577284,0.048792229720313496,0.03512591545390136,0.040261279787400225,0.04665565585093111,0.037790403907844064,0.04073107646826453,0.04409598294917625,0.04190649691701792,0.03974574783792326,0.03328583578347899,0.043091880355554155,0.046629586168831394,0.05122991829585375,0.04439622691443969,0.04620382431184569,0.05418773179195275,0.06506537058296046,0.04474830894102605,0.03576054186548733,0.03847581764142786,0.03692849018376182,0.045458828104834884
