,index,age,target_label,session_id,correct_or_not,target_label_prob,airplane_prob,bear_prob,bike_prob,bird_prob,boat_prob,bowl_prob,car_prob,cat_prob,chair_prob,couch_prob,cup_prob,dog_prob,fish_prob,frog_prob,house_prob,key_prob,person_prob,phone_prob,rabbit_prob,scissors_prob,sheep_prob,train_prob,tree_prob
0,4708,9,fish,run_v31532805040363,1.0,0.05807100454587469,0.05586495226358165,0.04060083273794415,0.04013369933213688,0.04548609008491416,0.04002052221305479,0.03735102182346874,0.0453397856120088,0.049424418429770016,0.0338599005672157,0.03977338745965847,0.03728316262971626,0.04274048705408645,0.05807100454587469,0.0423223449777696,0.036793094143132955,0.03565947286245203,0.051492695041369344,0.03501725406882335,0.04129348235234458,0.04721163354408839,0.05581095576531244,0.04277614222483778,0.04567366026643893
