,index,age,target_label,session_id,correct_or_not,target_label_prob,airplane_prob,bear_prob,bike_prob,bird_prob,boat_prob,bowl_prob,car_prob,cat_prob,chair_prob,couch_prob,cup_prob,dog_prob,fish_prob,frog_prob,house_prob,key_prob,person_prob,phone_prob,rabbit_prob,scissors_prob,sheep_prob,train_prob,tree_prob
0,3729,4,couch,run_v31530398644776,0.0,0.05775379620845902,0.0374303551015555,0.04037844535299595,0.03843371259849548,0.03313721435380965,0.03891892314797539,0.03770513676915866,0.043897927006868655,0.040823632965354774,0.045867599220215084,0.05775379620845902,0.055566310932694776,0.037883665513740165,0.039496855611389145,0.04338882585173354,0.05117712977848797,0.03849080662389886,0.04046684213606347,0.06250879376456518,0.040159348016571166,0.042790127987368164,0.040803089742997185,0.048869411998389733,0.04405204931721218
