,index,age,target_label,session_id,correct_or_not,target_label_prob,airplane_prob,bear_prob,bike_prob,bird_prob,boat_prob,bowl_prob,car_prob,cat_prob,chair_prob,couch_prob,cup_prob,dog_prob,fish_prob,frog_prob,house_prob,key_prob,person_prob,phone_prob,rabbit_prob,scissors_prob,sheep_prob,train_prob,tree_prob
0,2569,2,car,run_v31533507207256,1.0,0.05411035510011547,0.04155060413173378,0.04841372625722286,0.03854504670774977,0.04200863924799829,0.038479490993115734,0.050180739434770784,0.05411035510011547,0.04253562587188449,0.042676239509887866,0.04001278358141572,0.039687840575927315,0.04144956398806639,0.04330786897674085,0.04484541814502707,0.038524643676226,0.03820480212110968,0.03914635234158945,0.042908200664195255,0.0463152059209662,0.048375821265269944,0.043392624762453695,0.046219031479085154,0.049109375247448295
