,index,age,target_label,session_id,correct_or_not,target_label_prob,airplane_prob,bear_prob,bike_prob,bird_prob,boat_prob,bowl_prob,car_prob,cat_prob,chair_prob,couch_prob,cup_prob,dog_prob,fish_prob,frog_prob,house_prob,key_prob,person_prob,phone_prob,rabbit_prob,scissors_prob,sheep_prob,train_prob,tree_prob
0,8312,3,train,run_v41540071870507,0.0,0.05284204371170738,0.047762180421946715,0.04302516993551297,0.062494289308439095,0.053743726291776324,0.04268682507494205,0.03614526567198378,0.04789742715992807,0.04207734934770071,0.03320408593808047,0.036098017688985365,0.03427059591621419,0.04917070889996951,0.039507396118331616,0.04205695802203558,0.042614860504855946,0.041930985560855484,0.04852708978276954,0.0364852193429417,0.039668368334885934,0.04129536670698288,0.04931017580733344,0.05284204371170738,0.03718589445182136
