,index,age,target_label,session_id,correct_or_not,target_label_prob,airplane_prob,bear_prob,bike_prob,bird_prob,boat_prob,bowl_prob,car_prob,cat_prob,chair_prob,couch_prob,cup_prob,dog_prob,fish_prob,frog_prob,house_prob,key_prob,person_prob,phone_prob,rabbit_prob,scissors_prob,sheep_prob,train_prob,tree_prob
0,7642,6,sheep,run_v41541980316905,1.0,0.058041210722712344,0.03511688937958566,0.05428109779361458,0.046191691487486926,0.04098764095020275,0.03562126804534149,0.03594592445302775,0.04055386181224793,0.04247650316423744,0.037586521217459576,0.0407805444799443,0.041458510856341654,0.04718631546038989,0.03927590735992222,0.04612215262842487,0.03713319046781495,0.04323997764637908,0.045763024744675536,0.04440007458713584,0.04722995475873478,0.038978728979618814,0.058041210722712344,0.046424303090827686,0.055204705913873865
