,index,age,target_label,session_id,correct_or_not,target_label_prob,airplane_prob,bear_prob,bike_prob,bird_prob,boat_prob,bowl_prob,car_prob,cat_prob,chair_prob,couch_prob,cup_prob,dog_prob,fish_prob,frog_prob,house_prob,key_prob,person_prob,phone_prob,rabbit_prob,scissors_prob,sheep_prob,train_prob,tree_prob
0,7776,3,sheep,run_v41536529414716,1.0,0.10441815856529185,0.03666133506442129,0.05082360370379366,0.04892090251971248,0.04181463199722311,0.03985500812454552,0.04009729405320395,0.04877427187287653,0.04425963726085619,0.03668104865569969,0.031082311407846605,0.03923416524216134,0.0426447641920011,0.03286081030477541,0.055620714696274415,0.03282191339330964,0.04083026218865782,0.03676615021158728,0.02569373043917468,0.04272250069155494,0.04504552703142184,0.10441815856529185,0.04388900587075516,0.03848225251285544
