,index,age,target_label,session_id,correct_or_not,target_label_prob,airplane_prob,bear_prob,bike_prob,bird_prob,boat_prob,bowl_prob,car_prob,cat_prob,chair_prob,couch_prob,cup_prob,dog_prob,fish_prob,frog_prob,house_prob,key_prob,person_prob,phone_prob,rabbit_prob,scissors_prob,sheep_prob,train_prob,tree_prob
0,3968,10,cup,run_v31534533494476,0.0,0.06407234430612119,0.03170734766078989,0.039520650563030224,0.044508237050590024,0.04183997618515023,0.03287207458638358,0.03762477510950471,0.05074769841117826,0.035807198967623376,0.04538245777804471,0.07653883001661832,0.06407234430612119,0.04645165501789968,0.04037283776892638,0.04023724075319198,0.033476408597884116,0.03569032191525294,0.04253911616401695,0.05382951799980991,0.03548221427357434,0.03964197022733903,0.043475670478634966,0.04604620906706326,0.042135247101371884
