,index,age,target_label,session_id,correct_or_not,target_label_prob,airplane_prob,bear_prob,bike_prob,bird_prob,boat_prob,bowl_prob,car_prob,cat_prob,chair_prob,couch_prob,cup_prob,dog_prob,fish_prob,frog_prob,house_prob,key_prob,person_prob,phone_prob,rabbit_prob,scissors_prob,sheep_prob,train_prob,tree_prob
0,8109,3,train,run_v41537386231788,1.0,0.07828698720238328,0.04383382401622093,0.0381289862927016,0.03974931815333615,0.040401713747965994,0.04099165847505895,0.03647993858736575,0.051174743426932776,0.0404598544892197,0.04880179029433595,0.05471501158453184,0.03367361639849837,0.043072474135962636,0.04482740183773853,0.037006159474812436,0.04328729823260382,0.03661815967073756,0.039119253174548285,0.04931013272699423,0.04056979098361398,0.03711155346604599,0.044344175647391515,0.07828698720238328,0.03803615798099977
