,index,age,target_label,session_id,correct_or_not,target_label_prob,airplane_prob,bear_prob,bike_prob,bird_prob,boat_prob,bowl_prob,car_prob,cat_prob,chair_prob,couch_prob,cup_prob,dog_prob,fish_prob,frog_prob,house_prob,key_prob,person_prob,phone_prob,rabbit_prob,scissors_prob,sheep_prob,train_prob,tree_prob
0,6640,10,phone,run_v31528749906104,1.0,0.06433936855169925,0.04152044992713472,0.04257582912185582,0.041967628088725444,0.03962947614819983,0.0387792870378031,0.04175707886758249,0.042356698986222775,0.04231936793909453,0.054530982219270746,0.04264926068942161,0.033476339280800405,0.04398616998681637,0.04270980777090098,0.03881262399381236,0.05448447628717382,0.040512413381158185,0.043931628807303794,0.06433936855169925,0.042682512081796575,0.042861120096605615,0.03886356005145075,0.04380779381343268,0.04144612687173825
