,index,age,target_label,session_id,correct_or_not,target_label_prob,airplane_prob,bear_prob,bike_prob,bird_prob,boat_prob,bowl_prob,car_prob,cat_prob,chair_prob,couch_prob,cup_prob,dog_prob,fish_prob,frog_prob,house_prob,key_prob,person_prob,phone_prob,rabbit_prob,scissors_prob,sheep_prob,train_prob,tree_prob
0,7290,4,scissors,run_v41541546340532,1.0,0.05600829414665713,0.04178111460713066,0.041215762905137066,0.04861051057163462,0.03877650976085239,0.0487630177683494,0.04257936248777598,0.04439323173879718,0.04661580118312634,0.03785052585786847,0.037153235156158204,0.04845866605894391,0.039556285431290465,0.04782013759270821,0.04250847712490282,0.036017035136555305,0.052779899365682933,0.037404759395546196,0.04242897873387071,0.04545538702849573,0.05600829414665713,0.03958222452832575,0.045341142298860895,0.038899641121329695
