,index,age,target_label,session_id,correct_or_not,target_label_prob,airplane_prob,bear_prob,bike_prob,bird_prob,boat_prob,bowl_prob,car_prob,cat_prob,chair_prob,couch_prob,cup_prob,dog_prob,fish_prob,frog_prob,house_prob,key_prob,person_prob,phone_prob,rabbit_prob,scissors_prob,sheep_prob,train_prob,tree_prob
0,1009,10,bike,run_v31528484187332,1.0,0.07571278630001534,0.04549540755363537,0.040089079942879594,0.07571278630001534,0.04554774778559393,0.04474963756351102,0.03953157640424128,0.04869751539144483,0.039946484238419004,0.03286787158002365,0.039483915805554076,0.044113081005047884,0.04536543289127663,0.04689496801442018,0.041167984454609514,0.043355411204430434,0.03892568812635772,0.03912366483576709,0.03816503076035461,0.03758868714910548,0.040239432683936024,0.05001923493045588,0.042828842688335596,0.04009051869058496
