,index,age,target_label,session_id,correct_or_not,target_label_prob,airplane_prob,bear_prob,bike_prob,bird_prob,boat_prob,bowl_prob,car_prob,cat_prob,chair_prob,couch_prob,cup_prob,dog_prob,fish_prob,frog_prob,house_prob,key_prob,person_prob,phone_prob,rabbit_prob,scissors_prob,sheep_prob,train_prob,tree_prob
0,495,7,bear,run_v41541272274049,0.0,0.06835132765675864,0.04241517478825197,0.06835132765675864,0.04362691371066866,0.04607485366068648,0.039377012260066416,0.03560394542724764,0.041882235127062996,0.046397425660050375,0.03939359995331442,0.041220929730389474,0.037654008936760706,0.04474811317333227,0.03801694840384882,0.044938226959981,0.03634270687990599,0.04200223698638911,0.03926734612889433,0.032203106295626505,0.06975493236751111,0.04058648122294711,0.04170778670372519,0.03855180993075504,0.04988287803582556
