,index,age,target_label,session_id,correct_or_not,target_label_prob,airplane_prob,bear_prob,bike_prob,bird_prob,boat_prob,bowl_prob,car_prob,cat_prob,chair_prob,couch_prob,cup_prob,dog_prob,fish_prob,frog_prob,house_prob,key_prob,person_prob,phone_prob,rabbit_prob,scissors_prob,sheep_prob,train_prob,tree_prob
0,2756,6,cat,run_v41539555902251,0.0,0.05325212147411258,0.045000733588298335,0.0414894277911065,0.05541601736479147,0.03433005967718456,0.040836112726209475,0.04200361160537725,0.06727622096603715,0.05325212147411258,0.03421766528962407,0.038040213557518174,0.037639806337190516,0.04249189083841285,0.05343711894914407,0.050350288825505705,0.041504133029316104,0.03458473259166126,0.03739859790176529,0.0414151344878194,0.05271161259091274,0.03765302052931166,0.042902928258445376,0.04308763394241993,0.03296091767783543
