,index,age,target_label,session_id,correct_or_not,target_label_prob,airplane_prob,bear_prob,bike_prob,bird_prob,boat_prob,bowl_prob,car_prob,cat_prob,chair_prob,couch_prob,cup_prob,dog_prob,fish_prob,frog_prob,house_prob,key_prob,person_prob,phone_prob,rabbit_prob,scissors_prob,sheep_prob,train_prob,tree_prob
0,3176,8,chair,run_v31531776164644,1.0,0.12168076055197155,0.04269096571454763,0.04153975808169142,0.04091028046331651,0.03603571315418625,0.04300507442538577,0.04116627149449033,0.03948338020861058,0.0359418045363925,0.12168076055197155,0.047437725120115085,0.057768551438660574,0.03866233159944246,0.03988513903488384,0.04386396175195661,0.03105682506666437,0.035695980704034985,0.039040454635170606,0.032302575801104995,0.03778785280098332,0.038841475365718275,0.037249688484339794,0.042923443057248385,0.03502998650908425
