,index,age,target_label,session_id,correct_or_not,target_label_prob,airplane_prob,bear_prob,bike_prob,bird_prob,boat_prob,bowl_prob,car_prob,cat_prob,chair_prob,couch_prob,cup_prob,dog_prob,fish_prob,frog_prob,house_prob,key_prob,person_prob,phone_prob,rabbit_prob,scissors_prob,sheep_prob,train_prob,tree_prob
0,7891,10,sheep,run_v41537728484903,1.0,0.08700406880855097,0.03139184793418177,0.04586833458185853,0.041551579183573766,0.04481377405545253,0.03971076815432555,0.03841857012136829,0.04071746523594039,0.04263074937179534,0.03820728339851921,0.037957834962218044,0.03879414361636037,0.04838258816195861,0.03737215955752859,0.05033860901823246,0.036249763845529234,0.060132026181864445,0.04038299359135044,0.041417778701869974,0.03711037556693735,0.034626404159338604,0.08700406880855097,0.04257787740010042,0.044343004391145156
