,index,age,target_label,session_id,correct_or_not,target_label_prob,airplane_prob,bear_prob,bike_prob,bird_prob,boat_prob,bowl_prob,car_prob,cat_prob,chair_prob,couch_prob,cup_prob,dog_prob,fish_prob,frog_prob,house_prob,key_prob,person_prob,phone_prob,rabbit_prob,scissors_prob,sheep_prob,train_prob,tree_prob
0,197,6,airplane,run_v31528062667359,0.0,0.051514981140312645,0.051514981140312645,0.043509722036256776,0.046470888384294376,0.04504367805752855,0.045033019697866786,0.035834124217030826,0.04517032881007621,0.036920880139738495,0.039583519933966305,0.042449731575529906,0.04278981641647784,0.04458855769733917,0.04131650746621844,0.046970164662699515,0.03680604392281374,0.04172510216354196,0.04317498353429799,0.03753608842569473,0.0481914900494965,0.04321070242682822,0.0427689374040008,0.04579240271265524,0.05359832912533516
