,index,age,target_label,session_id,correct_or_not,target_label_prob,airplane_prob,bear_prob,bike_prob,bird_prob,boat_prob,bowl_prob,car_prob,cat_prob,chair_prob,couch_prob,cup_prob,dog_prob,fish_prob,frog_prob,house_prob,key_prob,person_prob,phone_prob,rabbit_prob,scissors_prob,sheep_prob,train_prob,tree_prob
0,2864,6,cat,run_v41537563131629,0.0,0.04608565258571514,0.04132913526015066,0.043864365463843064,0.04401479272049715,0.04325640116436818,0.032675782235921616,0.05044099601380171,0.04234722541874019,0.04608565258571514,0.05200351092839021,0.041105373848691944,0.043635275070327106,0.057626564251349675,0.0338746366941974,0.04617615844486254,0.05362962309237832,0.03408931877464722,0.03690035975257579,0.03518668395091047,0.04547635633303376,0.03644722744257097,0.052855482204434825,0.040840923854576314,0.04613815449401596
