,index,age,target_label,session_id,correct_or_not,target_label_prob,airplane_prob,bear_prob,bike_prob,bird_prob,boat_prob,bowl_prob,car_prob,cat_prob,chair_prob,couch_prob,cup_prob,dog_prob,fish_prob,frog_prob,house_prob,key_prob,person_prob,phone_prob,rabbit_prob,scissors_prob,sheep_prob,train_prob,tree_prob
0,275,5,airplane,run_v31529442599223,1.0,0.05594456115662927,0.05594456115662927,0.05562402305065978,0.04450053962035564,0.046790035607495145,0.05119139058882573,0.040529455064846724,0.04559847254683074,0.046391079171047934,0.042131637443688946,0.04039349703302126,0.04824173162485112,0.042550353065110895,0.038557367847793386,0.04298956464940414,0.03747300403666236,0.03561264398574581,0.03132810694041177,0.038909212849396205,0.05361294517891009,0.032555794404590284,0.04083227398355233,0.047783124724015025,0.04045918542615538
