,index,age,target_label,session_id,correct_or_not,target_label_prob,airplane_prob,bear_prob,bike_prob,bird_prob,boat_prob,bowl_prob,car_prob,cat_prob,chair_prob,couch_prob,cup_prob,dog_prob,fish_prob,frog_prob,house_prob,key_prob,person_prob,phone_prob,rabbit_prob,scissors_prob,sheep_prob,train_prob,tree_prob
0,1099,5,bike,run_v31529527799264,0.0,0.045220304671746835,0.03844812592876856,0.05096924276949972,0.045220304671746835,0.04296251655642026,0.037093089460769516,0.04553556926431463,0.05025270596851679,0.04127829467791867,0.037884880613046325,0.051138512719754385,0.05080800865340908,0.048490044026836536,0.04158570442778946,0.04309171548733376,0.03459764513192798,0.04213780580662392,0.04109598136953173,0.03615191019270788,0.04772286988135337,0.04296070905209058,0.04246593566509644,0.051765849989764204,0.03634257768477946
