,index,age,target_label,session_id,correct_or_not,target_label_prob,airplane_prob,bear_prob,bike_prob,bird_prob,boat_prob,bowl_prob,car_prob,cat_prob,chair_prob,couch_prob,cup_prob,dog_prob,fish_prob,frog_prob,house_prob,key_prob,person_prob,phone_prob,rabbit_prob,scissors_prob,sheep_prob,train_prob,tree_prob
0,2925,7,cat,run_v41542052611334,0.0,0.04688216400944954,0.03996875582402372,0.0517742447658827,0.048026791363465285,0.04566471279858547,0.036881697202423215,0.03744278329392884,0.04602093936301665,0.04688216400944954,0.03806022465205154,0.03782432414711733,0.03786308456206052,0.046025908626532726,0.045745497831100865,0.03963120787760065,0.04108380478890054,0.042600726551902265,0.03784368886559566,0.048413621585918235,0.05244538973094972,0.03988442712171839,0.045851098661227885,0.04437602676608394,0.049688879610464476
