,index,age,target_label,session_id,correct_or_not,target_label_prob,airplane_prob,bear_prob,bike_prob,bird_prob,boat_prob,bowl_prob,car_prob,cat_prob,chair_prob,couch_prob,cup_prob,dog_prob,fish_prob,frog_prob,house_prob,key_prob,person_prob,phone_prob,rabbit_prob,scissors_prob,sheep_prob,train_prob,tree_prob
0,5862,3,key,run_v41536255458365,1.0,0.05791296873050526,0.03852505071370609,0.043639210050894835,0.04162841857787253,0.0476171220142626,0.03443569874961672,0.04569897058258992,0.04887345165121897,0.044054380379400744,0.03594560506884158,0.042672680912066,0.05473389127861832,0.04952162225867081,0.04551279768217937,0.044059465591497,0.03298803531343971,0.05791296873050526,0.03299435710249781,0.046858221285863075,0.039436901574560174,0.04475812737286609,0.045026293540040736,0.046475018004034925,0.03663171156475672
