,index,age,target_label,session_id,correct_or_not,target_label_prob,airplane_prob,bear_prob,bike_prob,bird_prob,boat_prob,bowl_prob,car_prob,cat_prob,chair_prob,couch_prob,cup_prob,dog_prob,fish_prob,frog_prob,house_prob,key_prob,person_prob,phone_prob,rabbit_prob,scissors_prob,sheep_prob,train_prob,tree_prob
0,7511,2,scissors,run_v41541187105124,0.0,0.062315239590329835,0.04107890838997564,0.04747514701155631,0.04735888432331329,0.03910531881420292,0.03296412417632391,0.04266109500817526,0.04150121564606636,0.045378199986028434,0.03623638464796925,0.04066166157788351,0.043726061992633534,0.042480484324212975,0.03834601481993867,0.04246644227746227,0.030743774649384173,0.057629072178039385,0.03788314266974937,0.03967412426220875,0.07445121594570384,0.062315239590329835,0.03925786518473858,0.039316368852904314,0.037289253671199465
