,index,age,target_label,session_id,correct_or_not,target_label_prob,airplane_prob,bear_prob,bike_prob,bird_prob,boat_prob,bowl_prob,car_prob,cat_prob,chair_prob,couch_prob,cup_prob,dog_prob,fish_prob,frog_prob,house_prob,key_prob,person_prob,phone_prob,rabbit_prob,scissors_prob,sheep_prob,train_prob,tree_prob
0,2898,9,cat,run_v41536527994140,0.0,0.046537357060536653,0.04727745105919869,0.0477537181443044,0.04640052830180257,0.03711341629606293,0.03994736708882304,0.0399611465165083,0.03506975601808236,0.046537357060536653,0.03930828045936306,0.04379414205440073,0.04018609899048081,0.04642237288019426,0.04176054521676743,0.04055698214607508,0.038750934529968306,0.04297752489507927,0.038186453681975235,0.04519041363323168,0.052168508664596186,0.048263633687937034,0.04282088271756896,0.04597170352285462,0.05358078243418837
