,index,age,target_label,session_id,correct_or_not,target_label_prob,airplane_prob,bear_prob,bike_prob,bird_prob,boat_prob,bowl_prob,car_prob,cat_prob,chair_prob,couch_prob,cup_prob,dog_prob,fish_prob,frog_prob,house_prob,key_prob,person_prob,phone_prob,rabbit_prob,scissors_prob,sheep_prob,train_prob,tree_prob
0,5042,4,frog,run_v41539985570761,0.0,0.042188296624906224,0.04280072934365002,0.05057981187020605,0.05386776216626769,0.04115133732615614,0.03659018198002176,0.039642912758195654,0.03827147777567054,0.04606264999249586,0.041291643856309415,0.035432109067436976,0.04307422766528808,0.04256383138589783,0.035650578073007366,0.042188296624906224,0.041844839406778626,0.04447888126031442,0.04157198469076727,0.04417334643469432,0.05102331568282649,0.04890954107477644,0.04696233238161804,0.0442930339388125,0.047575175243902396
