,index,age,target_label,session_id,correct_or_not,target_label_prob,airplane_prob,bear_prob,bike_prob,bird_prob,boat_prob,bowl_prob,car_prob,cat_prob,chair_prob,couch_prob,cup_prob,dog_prob,fish_prob,frog_prob,house_prob,key_prob,person_prob,phone_prob,rabbit_prob,scissors_prob,sheep_prob,train_prob,tree_prob
0,484,6,bear,run_v41542063198648,0.0,0.03728701944859248,0.03960083162084905,0.03728701944859248,0.03621507199134615,0.04231300918083546,0.04544790156917862,0.06868468775728157,0.035000964814246686,0.04201372563001033,0.035826375129683105,0.03531227175977408,0.04427161277636636,0.038340310733090195,0.04773587876597215,0.04221634209991145,0.03959514995551053,0.055827678758973376,0.04641323592831796,0.04672463062016187,0.04254698931502488,0.05717525184214374,0.043944333795150683,0.03501271913828526,0.04249400736929394
