,index,age,target_label,session_id,correct_or_not,target_label_prob,airplane_prob,bear_prob,bike_prob,bird_prob,boat_prob,bowl_prob,car_prob,cat_prob,chair_prob,couch_prob,cup_prob,dog_prob,fish_prob,frog_prob,house_prob,key_prob,person_prob,phone_prob,rabbit_prob,scissors_prob,sheep_prob,train_prob,tree_prob
0,8001,4,train,run_v41541876612699,0.0,0.043954730580023346,0.04080363357455934,0.045841933533605835,0.061853146188813476,0.05077769666361511,0.04407457817367894,0.04162859418764499,0.03959867438235528,0.05042372574163732,0.0403943359686972,0.0343168651477502,0.04039609081122236,0.045699086141746274,0.04159764140948617,0.05103925193287206,0.042343735600143845,0.03953241955051401,0.05145006073271364,0.03313209681019792,0.044433250321892236,0.0381351683333069,0.04029338121275425,0.043954730580023346,0.03827990300076916
