,index,age,target_label,session_id,correct_or_not,target_label_prob,airplane_prob,bear_prob,bike_prob,bird_prob,boat_prob,bowl_prob,car_prob,cat_prob,chair_prob,couch_prob,cup_prob,dog_prob,fish_prob,frog_prob,house_prob,key_prob,person_prob,phone_prob,rabbit_prob,scissors_prob,sheep_prob,train_prob,tree_prob
0,4983,3,frog,run_v41541271796834,0.0,0.039355976753494115,0.0406194418943402,0.04378490866567564,0.0439008048438472,0.036251673958534424,0.037742194867283266,0.04002214322790738,0.03996600930951717,0.040058188478716825,0.04735182128355808,0.038531906101306114,0.04554327080891907,0.03686898411528714,0.03962392199170681,0.039355976753494115,0.03106524705030318,0.04746456869687226,0.05233393163161219,0.05856183549591875,0.050603306834957056,0.047220375096815016,0.04253510088432987,0.04516032367083811,0.055434064338260106
