,index,age,target_label,session_id,correct_or_not,target_label_prob,airplane_prob,bear_prob,bike_prob,bird_prob,boat_prob,bowl_prob,car_prob,cat_prob,chair_prob,couch_prob,cup_prob,dog_prob,fish_prob,frog_prob,house_prob,key_prob,person_prob,phone_prob,rabbit_prob,scissors_prob,sheep_prob,train_prob,tree_prob
0,6608,3,phone,run_v41541890328331,0.0,0.03173753242594576,0.049078039259219726,0.03736444366813854,0.04444186916767979,0.04142396382872427,0.04297109292685877,0.045671287476915894,0.04054304840610134,0.039532470499788155,0.0468100820447188,0.03698549598545159,0.05723557423728871,0.039694491162676655,0.05368528683843943,0.04166561052156981,0.07092293956641085,0.03890934968127375,0.03867148997202154,0.03173753242594576,0.04061342844548821,0.04072108258681176,0.039606079826212844,0.044357748359977335,0.037357593112286314
