,index,age,target_label,session_id,correct_or_not,target_label_prob,airplane_prob,bear_prob,bike_prob,bird_prob,boat_prob,bowl_prob,car_prob,cat_prob,chair_prob,couch_prob,cup_prob,dog_prob,fish_prob,frog_prob,house_prob,key_prob,person_prob,phone_prob,rabbit_prob,scissors_prob,sheep_prob,train_prob,tree_prob
0,309,8,airplane,run_v31528578599110,1.0,0.07271466133927888,0.07271466133927888,0.038043795409154424,0.04565228621944433,0.04639541421343232,0.04322514247054768,0.03205592037531434,0.04689131614964583,0.044933015112469395,0.034743005521041384,0.04138467468953731,0.037476624794264356,0.04730022241005975,0.04593073477092771,0.04127794923802512,0.036184798567907975,0.04347375279032881,0.04550139495580156,0.03428402723451826,0.05295238034189378,0.044286227566851646,0.04211290931475828,0.044214266366642094,0.03896548014815463
