,index,age,target_label,session_id,correct_or_not,target_label_prob,airplane_prob,bear_prob,bike_prob,bird_prob,boat_prob,bowl_prob,car_prob,cat_prob,chair_prob,couch_prob,cup_prob,dog_prob,fish_prob,frog_prob,house_prob,key_prob,person_prob,phone_prob,rabbit_prob,scissors_prob,sheep_prob,train_prob,tree_prob
0,5845,3,key,run_v41541886207212,0.0,0.046113904494448396,0.04604129912495454,0.034163676070540175,0.04745701032416606,0.04018366812698331,0.04227406566930538,0.04734629285259136,0.055216250791165655,0.03737708135035318,0.04425345075338112,0.04353050355865068,0.04447887157120641,0.04338348993291063,0.05015587032442469,0.04131861783752806,0.04043909603143271,0.046113904494448396,0.03853337898083559,0.04653109428492289,0.04446412297640269,0.03942192953137148,0.040931588388338054,0.04658189705367885,0.03980283997040797
