,index,age,target_label,session_id,correct_or_not,target_label_prob,airplane_prob,bear_prob,bike_prob,bird_prob,boat_prob,bowl_prob,car_prob,cat_prob,chair_prob,couch_prob,cup_prob,dog_prob,fish_prob,frog_prob,house_prob,key_prob,person_prob,phone_prob,rabbit_prob,scissors_prob,sheep_prob,train_prob,tree_prob
0,1517,10,boat,run_v31534190928374,1.0,0.08381816701192171,0.05214785503375941,0.03668617501555564,0.03626166966124421,0.038977840655001025,0.08381816701192171,0.06509685734729531,0.03316783613471662,0.04598506467397611,0.038091613301763555,0.04175963620065298,0.0451493668332856,0.03708718474992866,0.04639871384447502,0.036523178195810746,0.0417485429402555,0.04176547059533263,0.036665081467492616,0.03775494344158719,0.038943263901349986,0.041847444484829355,0.03859958945939621,0.04631443335367978,0.03921007169669027
