,index,age,target_label,session_id,correct_or_not,target_label_prob,airplane_prob,bear_prob,bike_prob,bird_prob,boat_prob,bowl_prob,car_prob,cat_prob,chair_prob,couch_prob,cup_prob,dog_prob,fish_prob,frog_prob,house_prob,key_prob,person_prob,phone_prob,rabbit_prob,scissors_prob,sheep_prob,train_prob,tree_prob
0,4002,6,cup,run_v31526665751276,1.0,0.062076747089009655,0.04195599699642591,0.03992280428605486,0.04002938689134572,0.040094267963059094,0.0483517461987,0.05424311922144838,0.03883973810879372,0.04022528222728927,0.04656710957277674,0.0429796461322755,0.062076747089009655,0.041340290847645275,0.04771086037586572,0.03997591637298442,0.04422237901635323,0.041503988739950974,0.03698941422819929,0.04067627701390236,0.03746309236979699,0.04626165667549438,0.04203683969719153,0.04449759260587731,0.04203584736955973
