,index,age,target_label,session_id,correct_or_not,target_label_prob,airplane_prob,bear_prob,bike_prob,bird_prob,boat_prob,bowl_prob,car_prob,cat_prob,chair_prob,couch_prob,cup_prob,dog_prob,fish_prob,frog_prob,house_prob,key_prob,person_prob,phone_prob,rabbit_prob,scissors_prob,sheep_prob,train_prob,tree_prob
0,1587,9,boat,run_v31533241251666,1.0,0.07137596243850751,0.03758715594797662,0.037395321220992435,0.04025963450901981,0.04054745128707537,0.07137596243850751,0.06034977215143931,0.04559211383498508,0.03661558741076404,0.05272430603360487,0.0481204662706648,0.04667273099306205,0.036140905161322005,0.03808290844023353,0.039060606676579665,0.05128079765098264,0.04655796275992301,0.03995610445259601,0.049847685101019217,0.03679438569567385,0.033924680464180165,0.039678994882322204,0.0358562894728195,0.03557817714425646
