,index,age,target_label,session_id,correct_or_not,target_label_prob,airplane_prob,bear_prob,bike_prob,bird_prob,boat_prob,bowl_prob,car_prob,cat_prob,chair_prob,couch_prob,cup_prob,dog_prob,fish_prob,frog_prob,house_prob,key_prob,person_prob,phone_prob,rabbit_prob,scissors_prob,sheep_prob,train_prob,tree_prob
0,6196,7,person,run_v31532808536853,1.0,0.060582595951583926,0.045404814212018585,0.042079764849155266,0.034860027745585664,0.044725947489751304,0.04042248459675507,0.04301115496367281,0.03842765963894473,0.04606022305418423,0.0417552566954312,0.033091858696533215,0.04209358604479361,0.04098528164464095,0.05028501770118642,0.04601803339107508,0.03723018622966262,0.05011480650087544,0.060582595951583926,0.04002000734543619,0.04855858700725679,0.051162084192531064,0.04057376865124757,0.037677850682715966,0.04485900271496221
