,index,age,target_label,session_id,correct_or_not,target_label_prob,airplane_prob,bear_prob,bike_prob,bird_prob,boat_prob,bowl_prob,car_prob,cat_prob,chair_prob,couch_prob,cup_prob,dog_prob,fish_prob,frog_prob,house_prob,key_prob,person_prob,phone_prob,rabbit_prob,scissors_prob,sheep_prob,train_prob,tree_prob
0,7699,4,sheep,run_v41541182991485,0.0,0.05009087544778773,0.04182341188784599,0.044360082506478035,0.04828886750789197,0.043901038224835195,0.037419699101660715,0.038149054321890155,0.04791471172066778,0.04420932055368381,0.0393304820914084,0.0420141357195322,0.0401547657915402,0.04761747710487431,0.05032198388780626,0.05160048490776721,0.036809911534975426,0.038395985407207414,0.0511856942005643,0.037066688070585684,0.04702499514810845,0.0331820773569457,0.05009087544778773,0.04784385988375529,0.041294397622187874
