,index,age,target_label,session_id,correct_or_not,target_label_prob,airplane_prob,bear_prob,bike_prob,bird_prob,boat_prob,bowl_prob,car_prob,cat_prob,chair_prob,couch_prob,cup_prob,dog_prob,fish_prob,frog_prob,house_prob,key_prob,person_prob,phone_prob,rabbit_prob,scissors_prob,sheep_prob,train_prob,tree_prob
0,3207,5,chair,run_v31528136180481,1.0,0.09430456294650014,0.03962815182125037,0.040384769528783275,0.04264691363840749,0.03570430461086238,0.044043737653660875,0.040018367421277005,0.03550050095889113,0.041008785136396185,0.09430456294650014,0.05171079862689045,0.0377529445625114,0.04293137744846454,0.043910986727198294,0.03845866191960273,0.034781780075063946,0.038928537606950114,0.03929681700570018,0.03836123872385204,0.042846298854482184,0.04552529849192007,0.042831098113456936,0.04551011618256937,0.04391395194530873
