,index,age,target_label,session_id,correct_or_not,target_label_prob,airplane_prob,bear_prob,bike_prob,bird_prob,boat_prob,bowl_prob,car_prob,cat_prob,chair_prob,couch_prob,cup_prob,dog_prob,fish_prob,frog_prob,house_prob,key_prob,person_prob,phone_prob,rabbit_prob,scissors_prob,sheep_prob,train_prob,tree_prob
0,877,4,bike,run_v31532042260290,1.0,0.07197326767239118,0.03758621575109575,0.04498277887964114,0.07197326767239118,0.04035796251709011,0.036497948545437094,0.036211662261941266,0.0433653087070149,0.05408632920949076,0.040473839605611205,0.03729829141174463,0.04308615194226944,0.04717417663631234,0.047572289545896124,0.049456204044548265,0.03775496453651098,0.034959979178436754,0.0390184636925621,0.04134441114954606,0.03963296359360541,0.044613275216236495,0.0564838024241468,0.04349513400155597,0.03257457947691523
