,index,age,target_label,session_id,correct_or_not,target_label_prob,airplane_prob,bear_prob,bike_prob,bird_prob,boat_prob,bowl_prob,car_prob,cat_prob,chair_prob,couch_prob,cup_prob,dog_prob,fish_prob,frog_prob,house_prob,key_prob,person_prob,phone_prob,rabbit_prob,scissors_prob,sheep_prob,train_prob,tree_prob
0,1402,3,bird,run_v31532030296293,0.0,0.04537683325555835,0.04950900458672337,0.043284830763063296,0.037883956671862444,0.04537683325555835,0.03727759487662195,0.04181306903531856,0.04176671522600774,0.03784183030244462,0.03852107306707323,0.05087939526045906,0.048449159534513835,0.04700571588547507,0.0494698640947448,0.05005998718527129,0.03980989610673925,0.03858462602078849,0.043360727621804734,0.03818842153916595,0.04260718203246419,0.05181872423708012,0.04559990567752767,0.03960670241246107,0.04128478460683072
