,index,age,target_label,session_id,correct_or_not,target_label_prob,airplane_prob,bear_prob,bike_prob,bird_prob,boat_prob,bowl_prob,car_prob,cat_prob,chair_prob,couch_prob,cup_prob,dog_prob,fish_prob,frog_prob,house_prob,key_prob,person_prob,phone_prob,rabbit_prob,scissors_prob,sheep_prob,train_prob,tree_prob
0,3723,5,couch,run_v31528919741705,0.0,0.12723971708871887,0.027019420359947526,0.039911935742186,0.029935321895508245,0.02821102159114085,0.030433226718942396,0.036655420955081036,0.04348089207651518,0.03139918153676037,0.13033487547414643,0.12723971708871887,0.051793872644634836,0.03322744027848257,0.030393211371284628,0.037150423886799004,0.05323860764829632,0.031107572756036938,0.03333402678257731,0.021657061491068455,0.03970464034608036,0.03274238016017059,0.035191395151988505,0.040394694452198725,0.035443659591434834
