,index,age,target_label,session_id,correct_or_not,target_label_prob,airplane_prob,bear_prob,bike_prob,bird_prob,boat_prob,bowl_prob,car_prob,cat_prob,chair_prob,couch_prob,cup_prob,dog_prob,fish_prob,frog_prob,house_prob,key_prob,person_prob,phone_prob,rabbit_prob,scissors_prob,sheep_prob,train_prob,tree_prob
0,8498,2,tree,run_v31535558399646,0.0,0.05359846832707335,0.0412082166200446,0.040427223738323394,0.03978112283631994,0.04394688205257884,0.037838710194073685,0.03872980251377327,0.04248596939277071,0.03875875917036608,0.07566312220897048,0.03505888248130645,0.04951669582596679,0.04128970245211073,0.036125793032884546,0.03996932779391781,0.03670358942458486,0.058367888939304134,0.04052219805211909,0.03924941059647981,0.03925641295418388,0.04716330353251918,0.044525244711904395,0.03981327314842394,0.05359846832707335
