,index,age,target_label,session_id,correct_or_not,target_label_prob,airplane_prob,bear_prob,bike_prob,bird_prob,boat_prob,bowl_prob,car_prob,cat_prob,chair_prob,couch_prob,cup_prob,dog_prob,fish_prob,frog_prob,house_prob,key_prob,person_prob,phone_prob,rabbit_prob,scissors_prob,sheep_prob,train_prob,tree_prob
0,6388,2,person,run_v31534020207694,0.0,0.03759997781782114,0.0375860055879866,0.038515506896531486,0.03742308970570673,0.04014938204173799,0.04363052635713619,0.03387321563434165,0.039882752161160794,0.03824193237017372,0.0873769068760084,0.03918773431603348,0.044114872502519595,0.03968254835321249,0.040984588660262375,0.038936982061588056,0.06555113750372694,0.039256706394078564,0.03759997781782114,0.052757289380440574,0.039484968129998535,0.03975091143053179,0.03761333009453586,0.04507132902326018,0.04332830670120656
