,index,age,target_label,session_id,correct_or_not,target_label_prob,airplane_prob,bear_prob,bike_prob,bird_prob,boat_prob,bowl_prob,car_prob,cat_prob,chair_prob,couch_prob,cup_prob,dog_prob,fish_prob,frog_prob,house_prob,key_prob,person_prob,phone_prob,rabbit_prob,scissors_prob,sheep_prob,train_prob,tree_prob
0,2181,8,bowl,run_v31529176199275,0.0,0.057300047366789314,0.04302320058153422,0.03848824992628279,0.03837958867012356,0.04073430910249482,0.08169646824270622,0.057300047366789314,0.040438721248039704,0.03631014541278486,0.03647322030979661,0.036901819278830975,0.051168138449976225,0.037065309296456725,0.042309406191455616,0.03609742691397487,0.040069362830346046,0.04422734333085981,0.04607985757685779,0.04376329299000835,0.036644873357286945,0.05343772350421625,0.03986702326150288,0.03748839551683711,0.042036076640838166
