,index,age,target_label,session_id,correct_or_not,target_label_prob,airplane_prob,bear_prob,bike_prob,bird_prob,boat_prob,bowl_prob,car_prob,cat_prob,chair_prob,couch_prob,cup_prob,dog_prob,fish_prob,frog_prob,house_prob,key_prob,person_prob,phone_prob,rabbit_prob,scissors_prob,sheep_prob,train_prob,tree_prob
0,2053,6,bowl,run_v31528570881368,1.0,0.08345407385888653,0.03947362042445589,0.03990932382108324,0.04104887110872461,0.03889017542986198,0.04911459013867623,0.08345407385888653,0.04090868645589756,0.03521040044361447,0.03983971884389307,0.040567393639689024,0.07407043474871815,0.03484955270828902,0.047064520754234146,0.037528303137852305,0.03480209772857873,0.047018309795061206,0.03745403098073759,0.04241783409487328,0.035471069482980476,0.043036604985813284,0.03832973846385556,0.041118103364507684,0.03842254558971596
