,index,age,target_label,session_id,correct_or_not,target_label_prob,airplane_prob,bear_prob,bike_prob,bird_prob,boat_prob,bowl_prob,car_prob,cat_prob,chair_prob,couch_prob,cup_prob,dog_prob,fish_prob,frog_prob,house_prob,key_prob,person_prob,phone_prob,rabbit_prob,scissors_prob,sheep_prob,train_prob,tree_prob
0,162,8,airplane,run_v31532043793468,0.0,0.04984137188197554,0.04984137188197554,0.04919917284199154,0.05485328954785732,0.04727949637748521,0.039721606936675966,0.040361130340835875,0.06291717087645211,0.048864523575243554,0.03672235113122584,0.03934765616032759,0.05038861562827402,0.05152457498042212,0.049903085635270274,0.03785601253282441,0.03431281013261653,0.041080520184787535,0.03546466790912531,0.031524232709025025,0.045099281108730536,0.03717633920399667,0.04052256798241549,0.044670351591720135,0.03136917073072152
