,index,age,target_label,session_id,correct_or_not,target_label_prob,airplane_prob,bear_prob,bike_prob,bird_prob,boat_prob,bowl_prob,car_prob,cat_prob,chair_prob,couch_prob,cup_prob,dog_prob,fish_prob,frog_prob,house_prob,key_prob,person_prob,phone_prob,rabbit_prob,scissors_prob,sheep_prob,train_prob,tree_prob
0,1365,5,bird,run_v31529173799299,0.0,0.04002183441159882,0.051422471071158084,0.04095294186197859,0.05244499782770182,0.04002183441159882,0.03955932141279843,0.04022700063071587,0.039246159521949216,0.03586136244788434,0.04848238629137987,0.038184181600127896,0.05057169765253396,0.0431307202113352,0.040904238799461506,0.041018448662202625,0.03530104421070756,0.05528246769787253,0.04944699791710517,0.032233466593484875,0.039997970757056855,0.0543521936274379,0.038888030204544066,0.041508221244711416,0.05096184534425323
