,index,age,target_label,session_id,correct_or_not,target_label_prob,airplane_prob,bear_prob,bike_prob,bird_prob,boat_prob,bowl_prob,car_prob,cat_prob,chair_prob,couch_prob,cup_prob,dog_prob,fish_prob,frog_prob,house_prob,key_prob,person_prob,phone_prob,rabbit_prob,scissors_prob,sheep_prob,train_prob,tree_prob
0,3098,5,chair,run_v31528152599102,1.0,0.11001576174530078,0.032044983523226614,0.04017529799505323,0.0356396250428842,0.037926007305581974,0.03399580247675726,0.0443209027190343,0.03497001749791268,0.03948141981112307,0.11001576174530078,0.038915216952279355,0.06518599029803468,0.039292147689234586,0.04046532277168498,0.032772320159345426,0.03929478314399355,0.04313729767611622,0.036568393249932385,0.046694668931245964,0.0344214092796314,0.041395662346282995,0.03834701395660547,0.04289917755507186,0.052040777873667024
