,index,age,target_label,session_id,correct_or_not,target_label_prob,airplane_prob,bear_prob,bike_prob,bird_prob,boat_prob,bowl_prob,car_prob,cat_prob,chair_prob,couch_prob,cup_prob,dog_prob,fish_prob,frog_prob,house_prob,key_prob,person_prob,phone_prob,rabbit_prob,scissors_prob,sheep_prob,train_prob,tree_prob
0,6121,7,person,run_v31533239668735,1.0,0.07121948006187356,0.03400828653543442,0.045735048746730136,0.051876394372923434,0.050413225256508175,0.0398268133832552,0.03733714847254529,0.03876319194482478,0.048282428953456816,0.0354872394692662,0.038488776761626715,0.03761572518599941,0.040713498770644056,0.03494291500785421,0.049503775869090515,0.033140819520255306,0.05576733624784273,0.07121948006187356,0.03291504537116379,0.04165883979432087,0.05213198459399424,0.043274948483394346,0.04800026828528384,0.03889680891171197
