,index,age,target_label,session_id,correct_or_not,target_label_prob,airplane_prob,bear_prob,bike_prob,bird_prob,boat_prob,bowl_prob,car_prob,cat_prob,chair_prob,couch_prob,cup_prob,dog_prob,fish_prob,frog_prob,house_prob,key_prob,person_prob,phone_prob,rabbit_prob,scissors_prob,sheep_prob,train_prob,tree_prob
0,2803,6,cat,run_v41539813089852,0.0,0.04687899364719297,0.04413257815948931,0.04093948501602267,0.044186715233302906,0.048030988189866626,0.0429754491660388,0.03976313914298591,0.04277380697484185,0.04687899364719297,0.045314687129733494,0.042626460644539683,0.03569240831344405,0.04731182096427897,0.042141481005707776,0.05539027324238191,0.04081758678354801,0.042986967519593355,0.04306158274575785,0.03353951329959862,0.03715783109977182,0.04339697265189165,0.05649443987668715,0.048644850733094894,0.0357419684602297
