,index,age,target_label,session_id,correct_or_not,target_label_prob,airplane_prob,bear_prob,bike_prob,bird_prob,boat_prob,bowl_prob,car_prob,cat_prob,chair_prob,couch_prob,cup_prob,dog_prob,fish_prob,frog_prob,house_prob,key_prob,person_prob,phone_prob,rabbit_prob,scissors_prob,sheep_prob,train_prob,tree_prob
0,7692,6,sheep,run_v41539987007263,0.0,0.04269195722440096,0.044368040233932655,0.0395258732857218,0.05142150785481671,0.04809881713222858,0.035545446679113295,0.04622560048248992,0.05030915832984978,0.044089896903031466,0.044096220937389526,0.04211597358782847,0.0504988012554074,0.04823643785956518,0.05772739814986915,0.04316451012493825,0.034506146881448964,0.0389932218706777,0.03506746297629089,0.037899043241003974,0.03713977500145384,0.04681966049810644,0.04269195722440096,0.04421979664931205,0.03723925284112279
