,index,age,target_label,session_id,correct_or_not,target_label_prob,airplane_prob,bear_prob,bike_prob,bird_prob,boat_prob,bowl_prob,car_prob,cat_prob,chair_prob,couch_prob,cup_prob,dog_prob,fish_prob,frog_prob,house_prob,key_prob,person_prob,phone_prob,rabbit_prob,scissors_prob,sheep_prob,train_prob,tree_prob
0,2291,5,car,run_v31532810666315,0.0,0.052774185358209824,0.04600726492118847,0.03814666062293239,0.04676530423145853,0.03844810828965613,0.047764136429441016,0.040605665020684974,0.052774185358209824,0.04294110539475893,0.04802936874195189,0.05562969125785872,0.06338695197235934,0.03907438117263091,0.035685008484076984,0.038176616263037824,0.04532310923021817,0.040315950648174184,0.03272131790677595,0.036616533798214106,0.049282320161195284,0.0413951365831768,0.04143752586099947,0.04641636418527277,0.033057293465727264
