,index,age,target_label,session_id,correct_or_not,target_label_prob,airplane_prob,bear_prob,bike_prob,bird_prob,boat_prob,bowl_prob,car_prob,cat_prob,chair_prob,couch_prob,cup_prob,dog_prob,fish_prob,frog_prob,house_prob,key_prob,person_prob,phone_prob,rabbit_prob,scissors_prob,sheep_prob,train_prob,tree_prob
0,6075,3,person,run_v31526681102427,0.0,0.03894261133507825,0.058501772623975656,0.039378494317961366,0.05622211898650749,0.04250052455287181,0.058164225602260596,0.03546809694905824,0.0400035707860536,0.03923644991891072,0.03873444840896698,0.04228685807380728,0.03952820834984167,0.03797743493292892,0.04120133034495101,0.04052096919856766,0.038428209015989284,0.040224250653218836,0.03894261133507825,0.043810947040477895,0.03924786117183253,0.0456719149629574,0.0395212946918375,0.04866976782649152,0.055758640255453844
