,index,age,target_label,session_id,correct_or_not,target_label_prob,airplane_prob,bear_prob,bike_prob,bird_prob,boat_prob,bowl_prob,car_prob,cat_prob,chair_prob,couch_prob,cup_prob,dog_prob,fish_prob,frog_prob,house_prob,key_prob,person_prob,phone_prob,rabbit_prob,scissors_prob,sheep_prob,train_prob,tree_prob
0,7131,2,rabbit,run_v31528830599187,0.0,0.05881021282565234,0.047686966606012994,0.03985432781297072,0.05021313212970608,0.04413734761947993,0.04750003182731563,0.035305283960984465,0.048384004166387204,0.04194660120343336,0.03796121004647315,0.03234583749249714,0.03556520919227718,0.03816749822597345,0.03634427934304615,0.04249701630838148,0.049085171207872015,0.04942261347340841,0.04519123013471305,0.03768753023148039,0.05881021282565234,0.06130469977848161,0.04175179102625912,0.04169799626048269,0.03714000912671142
