,index,age,target_label,session_id,correct_or_not,target_label_prob,airplane_prob,bear_prob,bike_prob,bird_prob,boat_prob,bowl_prob,car_prob,cat_prob,chair_prob,couch_prob,cup_prob,dog_prob,fish_prob,frog_prob,house_prob,key_prob,person_prob,phone_prob,rabbit_prob,scissors_prob,sheep_prob,train_prob,tree_prob
0,5289,10,frog,run_v41541797008950,0.0,0.0577827709927802,0.0389288035073023,0.055390688739829635,0.04068400009533217,0.0539311873319049,0.037798767031628204,0.035349210356064566,0.02758976832243945,0.06412886734124108,0.04187599159594663,0.036816340605071184,0.03709630359761193,0.05612305768932532,0.04499375807250553,0.0577827709927802,0.038712966066269026,0.03614077132808905,0.038670936027239616,0.03294958025190532,0.04537517732295977,0.04135463694606072,0.06708286063607494,0.03485966919229468,0.03636388695012375
