,index,age,target_label,session_id,correct_or_not,target_label_prob,airplane_prob,bear_prob,bike_prob,bird_prob,boat_prob,bowl_prob,car_prob,cat_prob,chair_prob,couch_prob,cup_prob,dog_prob,fish_prob,frog_prob,house_prob,key_prob,person_prob,phone_prob,rabbit_prob,scissors_prob,sheep_prob,train_prob,tree_prob
0,5201,6,frog,run_v41542061524668,0.0,0.03678932068161215,0.044817744421250506,0.042867989882219806,0.04247645721385398,0.044170727406226074,0.047321233964647436,0.039868787743107204,0.03953801040925499,0.04402374995860056,0.03922511024134391,0.03965592730386366,0.054937589790714794,0.041008818673255114,0.04451500332572243,0.03678932068161215,0.042949832238945475,0.04280358985154152,0.04120407340710674,0.04086119052476779,0.04155746491981502,0.04221386450969065,0.04503779611446635,0.0470008987236887,0.05515481869430513
