,index,age,target_label,session_id,correct_or_not,target_label_prob,airplane_prob,bear_prob,bike_prob,bird_prob,boat_prob,bowl_prob,car_prob,cat_prob,chair_prob,couch_prob,cup_prob,dog_prob,fish_prob,frog_prob,house_prob,key_prob,person_prob,phone_prob,rabbit_prob,scissors_prob,sheep_prob,train_prob,tree_prob
0,7156,6,rabbit,run_v31530559902290,0.0,0.04827494736608909,0.045096017532940826,0.048926960541400145,0.049596531981730176,0.039717996145255514,0.03870304790151349,0.035473712530229566,0.04962120755744647,0.039366638119376456,0.04909347466733733,0.049789570422289035,0.040753991799010195,0.03889052137959207,0.035298579206132365,0.0399515459562647,0.05278552569891644,0.04166322186838128,0.043833271510986545,0.04176596132574904,0.04827494736608909,0.04048961662424634,0.03769034719823655,0.04711341827595391,0.0461038943909224
