,index,age,target_label,session_id,correct_or_not,target_label_prob,airplane_prob,bear_prob,bike_prob,bird_prob,boat_prob,bowl_prob,car_prob,cat_prob,chair_prob,couch_prob,cup_prob,dog_prob,fish_prob,frog_prob,house_prob,key_prob,person_prob,phone_prob,rabbit_prob,scissors_prob,sheep_prob,train_prob,tree_prob
0,1640,4,boat,run_v31533580208532,0.0,0.03723584713595241,0.04703922697051468,0.04334023938762218,0.04527441323004195,0.04268588341723457,0.03723584713595241,0.03988564721946689,0.06696219701785436,0.041131499499508284,0.03851518088814601,0.05179867994261654,0.04094614963428539,0.04329367285679478,0.04005252847342698,0.03971497814797099,0.04178033937964126,0.03496511175418305,0.03888855304570185,0.03708552785851767,0.052862027247572316,0.049776113464902356,0.0433792043878633,0.04673869264433383,0.03664828639584835
