,index,age,target_label,session_id,correct_or_not,target_label_prob,airplane_prob,bear_prob,bike_prob,bird_prob,boat_prob,bowl_prob,car_prob,cat_prob,chair_prob,couch_prob,cup_prob,dog_prob,fish_prob,frog_prob,house_prob,key_prob,person_prob,phone_prob,rabbit_prob,scissors_prob,sheep_prob,train_prob,tree_prob
0,6378,10,person,run_v31535924822223,1.0,0.06217219016862883,0.04425917464469134,0.04241681327501279,0.04724655023686828,0.03853708321610629,0.04308432321509997,0.037900750900622684,0.038060838285868655,0.04134937039261113,0.052059565394768005,0.03536267769612088,0.044057444785246765,0.041225215697059336,0.04149276315431431,0.04185517062854078,0.04022329547285987,0.04412324528412041,0.06217219016862883,0.0395989217617668,0.04194442381411048,0.04585346433836224,0.0400799444834265,0.0411880365375364,0.055908736616257365
