,index,age,target_label,session_id,correct_or_not,target_label_prob,airplane_prob,bear_prob,bike_prob,bird_prob,boat_prob,bowl_prob,car_prob,cat_prob,chair_prob,couch_prob,cup_prob,dog_prob,fish_prob,frog_prob,house_prob,key_prob,person_prob,phone_prob,rabbit_prob,scissors_prob,sheep_prob,train_prob,tree_prob
0,5152,6,frog,run_v41539813089852,0.0,0.054896635937460254,0.03804118080853856,0.03556868567631793,0.036424135596465394,0.04664359156556029,0.04811974541040425,0.03513029819417937,0.04010862317136958,0.044438328704643405,0.045468876322740964,0.04300443773063172,0.03725017443676984,0.04949767191080186,0.04237438862274585,0.054896635937460254,0.04357923988081002,0.049608693655615495,0.02766903291912421,0.031834264681669354,0.04389096984492061,0.04370394920500898,0.06477784209721968,0.060869243303907354,0.03709999032309509
