,index,age,target_label,session_id,correct_or_not,target_label_prob,airplane_prob,bear_prob,bike_prob,bird_prob,boat_prob,bowl_prob,car_prob,cat_prob,chair_prob,couch_prob,cup_prob,dog_prob,fish_prob,frog_prob,house_prob,key_prob,person_prob,phone_prob,rabbit_prob,scissors_prob,sheep_prob,train_prob,tree_prob
0,2276,9,car,run_v31533935389277,1.0,0.08171249394206959,0.061971515856604695,0.03878935778964728,0.04162364418929518,0.037495158137734914,0.041726446220833435,0.026157407064389245,0.08171249394206959,0.03899984506211772,0.03782647922208679,0.0609108279856023,0.04287781141163666,0.04102331389972482,0.0488735581711306,0.02700762292103352,0.042213113819192204,0.03803995368386002,0.03490514931701112,0.03967295331989263,0.04599103844267105,0.032644202564563074,0.03754180859794033,0.06376529748093974,0.03823100090002316
