,index,age,target_label,session_id,correct_or_not,target_label_prob,airplane_prob,bear_prob,bike_prob,bird_prob,boat_prob,bowl_prob,car_prob,cat_prob,chair_prob,couch_prob,cup_prob,dog_prob,fish_prob,frog_prob,house_prob,key_prob,person_prob,phone_prob,rabbit_prob,scissors_prob,sheep_prob,train_prob,tree_prob
0,1062,5,bike,run_v31527981599050,1.0,0.09617332184868231,0.033945961297231,0.046595076492841066,0.09617332184868231,0.03487655956447021,0.03911377409214475,0.039843921959261425,0.04750527064235782,0.040979727164166244,0.038099559635388414,0.03364286483393791,0.03832522196616063,0.03817160298188953,0.03690082167176117,0.041414230091905306,0.038185492103865425,0.03414318571883404,0.050826027778815376,0.03906578349902096,0.053601495958201885,0.03574397584340164,0.04618564801585954,0.0554591409289794,0.04120133591082408
