,index,age,target_label,session_id,correct_or_not,target_label_prob,airplane_prob,bear_prob,bike_prob,bird_prob,boat_prob,bowl_prob,car_prob,cat_prob,chair_prob,couch_prob,cup_prob,dog_prob,fish_prob,frog_prob,house_prob,key_prob,person_prob,phone_prob,rabbit_prob,scissors_prob,sheep_prob,train_prob,tree_prob
0,6420,8,person,run_v31533241608392,1.0,0.07928872292250512,0.037719648377281895,0.04970824773014167,0.03878456427264464,0.04811145224133734,0.038687298231007604,0.04109771645333682,0.036117971529850114,0.04387353611309289,0.037890740140084325,0.03710026245631962,0.0411680393913037,0.041609613537727866,0.04839631776984791,0.048403361929473546,0.03590782249115258,0.050881789556227935,0.07928872292250512,0.034113824610267886,0.03887697160180774,0.04772764194818462,0.03960207908287946,0.038034446413223295,0.04689793120030113
