,index,age,target_label,session_id,correct_or_not,target_label_prob,airplane_prob,bear_prob,bike_prob,bird_prob,boat_prob,bowl_prob,car_prob,cat_prob,chair_prob,couch_prob,cup_prob,dog_prob,fish_prob,frog_prob,house_prob,key_prob,person_prob,phone_prob,rabbit_prob,scissors_prob,sheep_prob,train_prob,tree_prob
0,6993,3,rabbit,run_v31531507537372,0.0,0.04090471130479115,0.04172516293115186,0.04501156887514979,0.05818111657873901,0.05211481345872934,0.0427583996361268,0.04272979377584602,0.06112137554451098,0.04369024163776003,0.032597470413435664,0.03160480058086742,0.04735364432412162,0.05067332243213264,0.052911056141498686,0.040405012174427025,0.03586519731089932,0.041961366839820866,0.040426274953727664,0.03241723287208435,0.04090471130479115,0.04234493030239188,0.04060825457529614,0.04833367290146968,0.03426058043502212
