,index,age,target_label,session_id,correct_or_not,target_label_prob,airplane_prob,bear_prob,bike_prob,bird_prob,boat_prob,bowl_prob,car_prob,cat_prob,chair_prob,couch_prob,cup_prob,dog_prob,fish_prob,frog_prob,house_prob,key_prob,person_prob,phone_prob,rabbit_prob,scissors_prob,sheep_prob,train_prob,tree_prob
0,8341,5,tree,run_v31532979795589,1.0,0.059610562379202085,0.03969418214229082,0.05218358754285365,0.04427949271124102,0.0405954450627709,0.03934176580784918,0.03935663403217856,0.03820958347781516,0.04365977707790416,0.04459236916344788,0.04497959615325979,0.038213514823299856,0.042594007955031404,0.03568120222595531,0.04222256429028949,0.0387277473310272,0.04159334164194088,0.057377420207986786,0.04295228230948273,0.04646965368296096,0.04206710051990907,0.039339102457362836,0.046259067003940224,0.059610562379202085
