,index,age,target_label,session_id,correct_or_not,target_label_prob,airplane_prob,bear_prob,bike_prob,bird_prob,boat_prob,bowl_prob,car_prob,cat_prob,chair_prob,couch_prob,cup_prob,dog_prob,fish_prob,frog_prob,house_prob,key_prob,person_prob,phone_prob,rabbit_prob,scissors_prob,sheep_prob,train_prob,tree_prob
0,7664,2,sheep,run_v41541897849530,0.0,0.0534607165502377,0.03394403580726906,0.03751784003236193,0.03551278015153353,0.04223519202273487,0.04439762977857148,0.03681197662348141,0.044228969056338545,0.03944113213186441,0.04031613214330214,0.044175990747123244,0.03517415322732596,0.039050946467556434,0.038991137473416475,0.04423584261731476,0.0464224805672528,0.05058736938218371,0.03951851509904618,0.046700757534129965,0.042247944517182445,0.06352456819143104,0.0534607165502377,0.05514064655066271,0.04636324332767926
