,index,age,target_label,session_id,correct_or_not,target_label_prob,airplane_prob,bear_prob,bike_prob,bird_prob,boat_prob,bowl_prob,car_prob,cat_prob,chair_prob,couch_prob,cup_prob,dog_prob,fish_prob,frog_prob,house_prob,key_prob,person_prob,phone_prob,rabbit_prob,scissors_prob,sheep_prob,train_prob,tree_prob
0,3264,9,chair,run_v31531339927175,1.0,0.10390110189837837,0.041250645103632314,0.038030822793287476,0.036471176451801986,0.040951299581828776,0.04042448965828499,0.04083313949505382,0.04108365844074268,0.036788491559246864,0.10390110189837837,0.03504216289558789,0.03963830542378198,0.03924672353770492,0.038541268938076134,0.04394246171443546,0.04278893586017394,0.04180369480308078,0.04615018715999186,0.055948337788587245,0.03882949361776191,0.03573962265418822,0.03924612402458826,0.03625924994225905,0.04708860665752513
