,index,age,target_label,session_id,correct_or_not,target_label_prob,airplane_prob,bear_prob,bike_prob,bird_prob,boat_prob,bowl_prob,car_prob,cat_prob,chair_prob,couch_prob,cup_prob,dog_prob,fish_prob,frog_prob,house_prob,key_prob,person_prob,phone_prob,rabbit_prob,scissors_prob,sheep_prob,train_prob,tree_prob
0,7155,2,rabbit,run_v31529101199164,0.0,0.04040493408325321,0.052529233916770134,0.03397681233788761,0.04448086531903057,0.03955747100746486,0.05299515549172276,0.04248111883238206,0.045582787373709556,0.03889829684097065,0.04806452406557021,0.042136630373959726,0.05371345818661124,0.03788251890401279,0.05068634007663414,0.03832697456316068,0.04927313079147898,0.04019081062321027,0.0418953239813985,0.05215003509623574,0.04040493408325321,0.042360400713282426,0.03483393711515927,0.03872947470127594,0.03884976560481882
