,index,age,target_label,session_id,correct_or_not,target_label_prob,airplane_prob,bear_prob,bike_prob,bird_prob,boat_prob,bowl_prob,car_prob,cat_prob,chair_prob,couch_prob,cup_prob,dog_prob,fish_prob,frog_prob,house_prob,key_prob,person_prob,phone_prob,rabbit_prob,scissors_prob,sheep_prob,train_prob,tree_prob
0,2528,6,car,run_v31534447983969,1.0,0.07508723708810067,0.04768038390290238,0.04349703015736093,0.05580415329097982,0.042006045373694886,0.04353778128053008,0.04461987711496581,0.07508723708810067,0.04390291923705772,0.04216979974316564,0.040640833760553205,0.04779803584498915,0.042543946246005736,0.04330641705093666,0.0367488724185014,0.03564742458630206,0.043276890537487234,0.02734097503819674,0.043444591347577374,0.033676128396635946,0.039461775445283696,0.03896310444953232,0.049800208491296724,0.03904556919794396
