,index,age,target_label,session_id,correct_or_not,target_label_prob,airplane_prob,bear_prob,bike_prob,bird_prob,boat_prob,bowl_prob,car_prob,cat_prob,chair_prob,couch_prob,cup_prob,dog_prob,fish_prob,frog_prob,house_prob,key_prob,person_prob,phone_prob,rabbit_prob,scissors_prob,sheep_prob,train_prob,tree_prob
0,3397,4,chair,run_v31530381861744,1.0,0.08097934666006941,0.04070810741642475,0.041181078545925516,0.04098392159141283,0.03894741842619244,0.040927206985619004,0.044786732068156906,0.043523916748173755,0.03748486145248448,0.08097934666006941,0.04362714065629629,0.05146988354116742,0.03815384157068468,0.03863915297903545,0.0351454531864436,0.04527807045136995,0.03708903921536791,0.047051336908233946,0.05220760594023322,0.03674310113771886,0.035803754518866554,0.03864775078409804,0.038517276608535905,0.05210400260748901
