,index,age,target_label,session_id,correct_or_not,target_label_prob,airplane_prob,bear_prob,bike_prob,bird_prob,boat_prob,bowl_prob,car_prob,cat_prob,chair_prob,couch_prob,cup_prob,dog_prob,fish_prob,frog_prob,house_prob,key_prob,person_prob,phone_prob,rabbit_prob,scissors_prob,sheep_prob,train_prob,tree_prob
0,3783,3,cup,run_v31526757398790,0.0,0.04767921930938836,0.039840993559880335,0.039699383094519966,0.039779517709902165,0.04434918221921696,0.04996715935549282,0.0722447202707265,0.04658345352321522,0.03643004747514011,0.04467989351727742,0.04257157992372506,0.04767921930938836,0.037301158965640145,0.04195001332689124,0.03980760385790489,0.04600988993162808,0.040506408908065464,0.043887578242437116,0.03359014110803822,0.0409133116109977,0.044139242516167514,0.04221485660168808,0.04245930604702864,0.043395338925028205
