,index,age,target_label,session_id,correct_or_not,target_label_prob,airplane_prob,bear_prob,bike_prob,bird_prob,boat_prob,bowl_prob,car_prob,cat_prob,chair_prob,couch_prob,cup_prob,dog_prob,fish_prob,frog_prob,house_prob,key_prob,person_prob,phone_prob,rabbit_prob,scissors_prob,sheep_prob,train_prob,tree_prob
0,8138,6,train,run_v41537034436644,0.0,0.05400774560618018,0.05003594636756114,0.043817898245090345,0.05547621945320367,0.04190734100753991,0.045019978991901625,0.03910988819595405,0.04586766226148068,0.03847473395900432,0.04809832740675899,0.058862230079923916,0.03416566384273937,0.04539011439165674,0.04021973965202081,0.03960830913048969,0.026701380432073502,0.042732092125744,0.04729313195873036,0.03474168393368205,0.0434904412210148,0.04875994354151715,0.0376670462012099,0.05400774560618018,0.03855248199452286
