,index,age,target_label,session_id,correct_or_not,target_label_prob,airplane_prob,bear_prob,bike_prob,bird_prob,boat_prob,bowl_prob,car_prob,cat_prob,chair_prob,couch_prob,cup_prob,dog_prob,fish_prob,frog_prob,house_prob,key_prob,person_prob,phone_prob,rabbit_prob,scissors_prob,sheep_prob,train_prob,tree_prob
0,6153,7,person,run_v31526252692974,0.0,0.05166910126167995,0.043395191195192695,0.0565748155694784,0.040495011719405664,0.04734575231219882,0.0359456331294638,0.03797777787474121,0.03882208016738105,0.04795064887841202,0.03518753376137581,0.03707062576082187,0.03961544399907864,0.04810550885915925,0.04133350342149828,0.0485338530898743,0.03824714723022537,0.04555619239373417,0.05166910126167995,0.04307471439441685,0.04915262843127035,0.04183106338730461,0.0477439937541976,0.039635859419390594,0.044735919989698884
