,index,age,target_label,session_id,correct_or_not,target_label_prob,airplane_prob,bear_prob,bike_prob,bird_prob,boat_prob,bowl_prob,car_prob,cat_prob,chair_prob,couch_prob,cup_prob,dog_prob,fish_prob,frog_prob,house_prob,key_prob,person_prob,phone_prob,rabbit_prob,scissors_prob,sheep_prob,train_prob,tree_prob
0,5816,3,key,run_v41541800235680,0.0,0.05504017922859993,0.034394163096470635,0.040455149570655394,0.04334984549794597,0.04028774129972455,0.04358530909183452,0.04518899463643103,0.0452663843845035,0.038471087904161816,0.06297509272860406,0.04409087170899528,0.041283074179396216,0.03976126782649469,0.0403523090032868,0.039269662336941756,0.03775512094961661,0.05504017922859993,0.039603534688340956,0.04824900098845108,0.04089693021206165,0.0474715675944856,0.040580636413180375,0.045864239985069534,0.04580783667474811
