,index,age,target_label,session_id,correct_or_not,target_label_prob,airplane_prob,bear_prob,bike_prob,bird_prob,boat_prob,bowl_prob,car_prob,cat_prob,chair_prob,couch_prob,cup_prob,dog_prob,fish_prob,frog_prob,house_prob,key_prob,person_prob,phone_prob,rabbit_prob,scissors_prob,sheep_prob,train_prob,tree_prob
0,7161,6,rabbit,run_v31530654749203,0.0,0.04397505890283103,0.05169411293280346,0.03961446117121288,0.04049093684197224,0.04283691067862751,0.06823336284202898,0.035244238313628995,0.04023678548169653,0.04208634992145681,0.04584202918557768,0.040830744853122554,0.038492442093431126,0.03989001405369554,0.04019633897894953,0.04248368196859033,0.05554401260215945,0.04056794634536264,0.04182873567117455,0.036700170389949355,0.04397505890283103,0.04558950419352933,0.0424433548083228,0.04539831292457224,0.03978049484530436
