,index,age,target_label,session_id,correct_or_not,target_label_prob,airplane_prob,bear_prob,bike_prob,bird_prob,boat_prob,bowl_prob,car_prob,cat_prob,chair_prob,couch_prob,cup_prob,dog_prob,fish_prob,frog_prob,house_prob,key_prob,person_prob,phone_prob,rabbit_prob,scissors_prob,sheep_prob,train_prob,tree_prob
0,7385,6,scissors,run_v41539981077129,1.0,0.07557485530340237,0.05144836779813921,0.037885160948886554,0.04446259423372275,0.040997228265621445,0.03863999985244273,0.03843667569392429,0.042623144870891264,0.05441908982768929,0.03947072316956675,0.040263624674473524,0.04182485906186543,0.035049456216135366,0.03773216501527603,0.03904832212875054,0.03510895911590212,0.043868517353027756,0.03470846674226121,0.043169556783938835,0.04967354621935913,0.07557485530340237,0.04543037662760866,0.051075899931763605,0.039088410165351035
