,index,age,target_label,session_id,correct_or_not,target_label_prob,airplane_prob,bear_prob,bike_prob,bird_prob,boat_prob,bowl_prob,car_prob,cat_prob,chair_prob,couch_prob,cup_prob,dog_prob,fish_prob,frog_prob,house_prob,key_prob,person_prob,phone_prob,rabbit_prob,scissors_prob,sheep_prob,train_prob,tree_prob
0,880,8,bike,run_v31532037422524,0.0,0.055790446118965935,0.04344007686982364,0.04639343845224512,0.055790446118965935,0.03913882279517707,0.03773008695215775,0.037445916361420986,0.059560492369400385,0.040904834224568136,0.039477346199302224,0.041928587192926046,0.04015298668194043,0.04795309517558642,0.03952214407232831,0.03970258871362386,0.03592059571166445,0.0395166663636713,0.034032533357256284,0.040564533499375215,0.03918603891022713,0.04090660262318981,0.05470768790468911,0.06850287412888861,0.03752160532157177
