,index,age,target_label,session_id,correct_or_not,target_label_prob,airplane_prob,bear_prob,bike_prob,bird_prob,boat_prob,bowl_prob,car_prob,cat_prob,chair_prob,couch_prob,cup_prob,dog_prob,fish_prob,frog_prob,house_prob,key_prob,person_prob,phone_prob,rabbit_prob,scissors_prob,sheep_prob,train_prob,tree_prob
0,8270,2,train,run_v41537049634799,0.0,0.04267148696772855,0.044249629437375725,0.03822661180364521,0.040683868021879926,0.04582252677814506,0.05070391419623628,0.03877927533484415,0.046374587050638155,0.04126388240113694,0.05462144471849876,0.04131777883018986,0.04017331951158228,0.04402479874177037,0.04475513606826718,0.04592616859270859,0.04675668233798954,0.03761202642145744,0.03806522000874867,0.040543080932676986,0.040081782101461176,0.043746898990366226,0.04180644816984404,0.04267148696772855,0.051793432582808795
