,index,age,target_label,session_id,correct_or_not,target_label_prob,airplane_prob,bear_prob,bike_prob,bird_prob,boat_prob,bowl_prob,car_prob,cat_prob,chair_prob,couch_prob,cup_prob,dog_prob,fish_prob,frog_prob,house_prob,key_prob,person_prob,phone_prob,rabbit_prob,scissors_prob,sheep_prob,train_prob,tree_prob
0,6768,4,phone,run_v41541802235045,0.0,0.04527943598601215,0.04574436958718155,0.041571726061499906,0.03901130974720214,0.0381908846002044,0.04977323354603698,0.03549700522629504,0.04392732997408798,0.04510761126329237,0.03839976397513585,0.045659226872298,0.048758825683299305,0.045874543209352685,0.04487209666287606,0.04008499225737511,0.05401634161690126,0.03677486117074846,0.04382266196321392,0.04527943598601215,0.041957806617207896,0.04020691327456122,0.04319251331243287,0.04414935241585544,0.048127194976929494
