,index,age,target_label,session_id,correct_or_not,target_label_prob,airplane_prob,bear_prob,bike_prob,bird_prob,boat_prob,bowl_prob,car_prob,cat_prob,chair_prob,couch_prob,cup_prob,dog_prob,fish_prob,frog_prob,house_prob,key_prob,person_prob,phone_prob,rabbit_prob,scissors_prob,sheep_prob,train_prob,tree_prob
0,6477,10,phone,run_v41541189525591,0.0,0.05439684834743485,0.03727692467233702,0.054489114039878814,0.037804998523750584,0.03869354247582426,0.041305677295555156,0.04973264980371157,0.041245293372646895,0.04121701781936119,0.035879513321517745,0.04696631102904907,0.0484117882142557,0.04342533416196087,0.040980389000839446,0.04327974500766236,0.03697683935862235,0.04235207646510635,0.0371051169435002,0.05439684834743485,0.050200828472742334,0.03722262509608002,0.04199557430592259,0.043391212766022896,0.05565057950621787
