,index,age,target_label,session_id,correct_or_not,target_label_prob,airplane_prob,bear_prob,bike_prob,bird_prob,boat_prob,bowl_prob,car_prob,cat_prob,chair_prob,couch_prob,cup_prob,dog_prob,fish_prob,frog_prob,house_prob,key_prob,person_prob,phone_prob,rabbit_prob,scissors_prob,sheep_prob,train_prob,tree_prob
0,3156,4,chair,run_v31532119480468,1.0,0.05728317695616926,0.040374678982928784,0.04088807809066172,0.036610159237305095,0.04285896946838334,0.03668940828722412,0.04341633289448776,0.032029466265533935,0.0474244967051604,0.05728317695616926,0.034713829689525424,0.04284666923022143,0.046212749895559575,0.04269728651895698,0.04297430928674701,0.04263867252007332,0.055970044440866694,0.052352635717578505,0.039638885840693174,0.03906604878002709,0.04838036517292855,0.04644285947338699,0.041499757842554066,0.046991118703026795
