,index,age,target_label,session_id,correct_or_not,target_label_prob,airplane_prob,bear_prob,bike_prob,bird_prob,boat_prob,bowl_prob,car_prob,cat_prob,chair_prob,couch_prob,cup_prob,dog_prob,fish_prob,frog_prob,house_prob,key_prob,person_prob,phone_prob,rabbit_prob,scissors_prob,sheep_prob,train_prob,tree_prob
0,7659,4,sheep,run_v41541193373691,0.0,0.05364507040133467,0.035745878220670456,0.05601756339687569,0.04323769116388282,0.04848803954129253,0.04398833580608735,0.03801092207113024,0.039683097283132795,0.04876850162448722,0.03815654966736837,0.03772424020960217,0.03678360554267965,0.04721978984248189,0.03663719169506616,0.05879944031683686,0.03934168836574893,0.03822899389691514,0.05116518275976242,0.035639927789686325,0.05340700497681524,0.03889689292506509,0.05364507040133467,0.04212685818381279,0.03828753431926524
