,index,age,target_label,session_id,correct_or_not,target_label_prob,airplane_prob,bear_prob,bike_prob,bird_prob,boat_prob,bowl_prob,car_prob,cat_prob,chair_prob,couch_prob,cup_prob,dog_prob,fish_prob,frog_prob,house_prob,key_prob,person_prob,phone_prob,rabbit_prob,scissors_prob,sheep_prob,train_prob,tree_prob
0,1905,5,bowl,run_v31528916699725,1.0,0.05903866249712772,0.038370319019827924,0.049128041884145913,0.0359567478547873,0.04150989705604936,0.04794888798174013,0.05903866249712772,0.04590401606002737,0.04339474310632903,0.03759160555676243,0.039580387662255787,0.03990406322250204,0.038018972873642976,0.04857079967984095,0.04896210909693614,0.03637186314685905,0.04714357374302144,0.04934260830400391,0.040916788699736174,0.04910589111322977,0.04435587271829799,0.03974005275695729,0.03409514172545687,0.045048954240462374
