,index,age,target_label,session_id,correct_or_not,target_label_prob,airplane_prob,bear_prob,bike_prob,bird_prob,boat_prob,bowl_prob,car_prob,cat_prob,chair_prob,couch_prob,cup_prob,dog_prob,fish_prob,frog_prob,house_prob,key_prob,person_prob,phone_prob,rabbit_prob,scissors_prob,sheep_prob,train_prob,tree_prob
0,6109,8,person,run_v31533413889227,0.0,0.0627053105055299,0.03484658133706232,0.05001349974436537,0.03769542215946007,0.03956550451578541,0.042638236469101594,0.037873664989522035,0.041429180116338823,0.04418021327870655,0.034271115306299726,0.03490886384370718,0.039106428547126044,0.04171279316965382,0.04010548523093578,0.035903032374867534,0.05167870536851089,0.04918368612270909,0.0627053105055299,0.04907942813811931,0.05213490608548307,0.03608770394643591,0.038178959802805786,0.04144388512220846,0.0652573938252652
