,index,age,target_label,session_id,correct_or_not,target_label_prob,airplane_prob,bear_prob,bike_prob,bird_prob,boat_prob,bowl_prob,car_prob,cat_prob,chair_prob,couch_prob,cup_prob,dog_prob,fish_prob,frog_prob,house_prob,key_prob,person_prob,phone_prob,rabbit_prob,scissors_prob,sheep_prob,train_prob,tree_prob
0,6088,8,person,run_v31533750663590,0.0,0.04654428420021935,0.04934930784962496,0.046299613263547916,0.03490423206196456,0.04111309702409043,0.05444637958725351,0.037928290538934865,0.03703288794520282,0.04388679888356029,0.040075824263328896,0.04316052615791027,0.0339859832795367,0.044698217522297135,0.03885890120577267,0.0417355205331097,0.03534422520750625,0.03705165705485371,0.04654428420021935,0.04204942194576508,0.041584147186128774,0.05514134120044172,0.05232916693318867,0.04328693972632544,0.059193236429436406
