,index,age,target_label,session_id,correct_or_not,target_label_prob,airplane_prob,bear_prob,bike_prob,bird_prob,boat_prob,bowl_prob,car_prob,cat_prob,chair_prob,couch_prob,cup_prob,dog_prob,fish_prob,frog_prob,house_prob,key_prob,person_prob,phone_prob,rabbit_prob,scissors_prob,sheep_prob,train_prob,tree_prob
0,4722,7,fish,run_v31533678925659,1.0,0.059169212561184764,0.04634111828807889,0.043072978655018315,0.05858666910099021,0.045191995301604435,0.04448080766237881,0.0388475204031118,0.04708778533955657,0.04540294238180072,0.03916356992083159,0.0420108381010596,0.039912866726782174,0.045896091079801825,0.059169212561184764,0.043662217204284544,0.035624923136641486,0.040175205169324935,0.041691348827635026,0.03721266767385077,0.03946597390363743,0.04336479063315407,0.03820886421678432,0.04898760506201763,0.03644200865046991
