,index,age,target_label,session_id,correct_or_not,target_label_prob,airplane_prob,bear_prob,bike_prob,bird_prob,boat_prob,bowl_prob,car_prob,cat_prob,chair_prob,couch_prob,cup_prob,dog_prob,fish_prob,frog_prob,house_prob,key_prob,person_prob,phone_prob,rabbit_prob,scissors_prob,sheep_prob,train_prob,tree_prob
0,6497,4,phone,run_v41541198186708,0.0,0.04446849486617095,0.042557115017019226,0.04035110670031232,0.04044864335603912,0.04397939034297353,0.045586991100959005,0.04453153921428589,0.05095797318405591,0.03896264827579648,0.04007563699628383,0.040650499790276365,0.04159057006160008,0.0408095525278978,0.042821314370726324,0.04723464139438891,0.04614406783714688,0.04600906578484967,0.0438039873713902,0.04446849486617095,0.040316259652980434,0.03887316849996474,0.040992515104274194,0.046955699534548326,0.05187911901606012
