,index,age,target_label,session_id,correct_or_not,target_label_prob,airplane_prob,bear_prob,bike_prob,bird_prob,boat_prob,bowl_prob,car_prob,cat_prob,chair_prob,couch_prob,cup_prob,dog_prob,fish_prob,frog_prob,house_prob,key_prob,person_prob,phone_prob,rabbit_prob,scissors_prob,sheep_prob,train_prob,tree_prob
0,2814,2,cat,run_v41539982116477,0.0,0.04732490531856022,0.04103546900944051,0.060276829283224184,0.03840735318227825,0.04496858463812675,0.04340405902303607,0.0524409145104805,0.03956631485396685,0.04732490531856022,0.0440531475991231,0.0334328367071426,0.042734948369154376,0.044155194894479007,0.06812433505127387,0.059313324563411124,0.02739068920169689,0.04042373115553208,0.04444490887298025,0.03714685084322334,0.04471448974280351,0.03701480788994336,0.040782709944613645,0.03715197311055926,0.03169162223495017
