,index,age,target_label,session_id,correct_or_not,target_label_prob,airplane_prob,bear_prob,bike_prob,bird_prob,boat_prob,bowl_prob,car_prob,cat_prob,chair_prob,couch_prob,cup_prob,dog_prob,fish_prob,frog_prob,house_prob,key_prob,person_prob,phone_prob,rabbit_prob,scissors_prob,sheep_prob,train_prob,tree_prob
0,8592,3,tree,run_v31532627373931,0.0,0.06425913669690515,0.04523990090799743,0.04274399876943733,0.03396877167408876,0.048602205986755666,0.04452288925281281,0.0432379268800878,0.04032981043912856,0.039607352021491134,0.04459619757449068,0.04153414382502495,0.03934839919365992,0.0403204263888182,0.041220328768470454,0.042465612910587945,0.03923501983580398,0.040130379775504994,0.06597968136753665,0.03753757498485906,0.04022529052544638,0.04099846996088029,0.04566591790563736,0.03823056435457455,0.06425913669690515
