,index,age,target_label,session_id,correct_or_not,target_label_prob,airplane_prob,bear_prob,bike_prob,bird_prob,boat_prob,bowl_prob,car_prob,cat_prob,chair_prob,couch_prob,cup_prob,dog_prob,fish_prob,frog_prob,house_prob,key_prob,person_prob,phone_prob,rabbit_prob,scissors_prob,sheep_prob,train_prob,tree_prob
0,7014,4,rabbit,run_v31528921199246,0.0,0.050054482779648135,0.036238188117214694,0.03998435612086781,0.035584981582690564,0.03453024092293626,0.043628710584098514,0.04205618421594941,0.042420921695693635,0.045987003649447473,0.038338521257576565,0.04297063132495097,0.0424420052026668,0.040528591299488555,0.039831368841875686,0.04451842435999727,0.04530288454900055,0.04433042611075617,0.04861581093214028,0.06344377689036326,0.050054482779648135,0.04075354408334635,0.03855044382282566,0.044953257720505055,0.054935243935960415
