,index,age,target_label,session_id,correct_or_not,target_label_prob,airplane_prob,bear_prob,bike_prob,bird_prob,boat_prob,bowl_prob,car_prob,cat_prob,chair_prob,couch_prob,cup_prob,dog_prob,fish_prob,frog_prob,house_prob,key_prob,person_prob,phone_prob,rabbit_prob,scissors_prob,sheep_prob,train_prob,tree_prob
0,7276,5,scissors,run_v41540329124620,0.0,0.0450841369732783,0.0448955008172225,0.04561353595103179,0.040577540021101074,0.040372200986232294,0.04195460020173023,0.06952420120388823,0.03838394783233718,0.041172631842616714,0.04142461527811961,0.03427778394548803,0.042234606459743015,0.037798280952813776,0.048053177963757396,0.037675843023610704,0.0335838276386408,0.04370915365958682,0.04030978356194885,0.04404860396908002,0.05128717748582385,0.0450841369732783,0.046271457915757465,0.04251503646718538,0.04923235584900617
