,index,age,target_label,session_id,correct_or_not,target_label_prob,airplane_prob,bear_prob,bike_prob,bird_prob,boat_prob,bowl_prob,car_prob,cat_prob,chair_prob,couch_prob,cup_prob,dog_prob,fish_prob,frog_prob,house_prob,key_prob,person_prob,phone_prob,rabbit_prob,scissors_prob,sheep_prob,train_prob,tree_prob
0,3149,4,chair,run_v31529524328211,1.0,0.1160673817782506,0.037326612630630106,0.040632757341987104,0.040965276019410246,0.04001796331733205,0.039090769606581637,0.03615382408440769,0.04266725296621351,0.03576025226276421,0.1160673817782506,0.03189413923630562,0.061777466390128245,0.03795702989683816,0.04240348318596072,0.03965941476574174,0.027809478768429086,0.04780982923173317,0.03966224875337633,0.04349015097026377,0.03595832553459224,0.04124934135383192,0.036659475849461436,0.039568524990605286,0.045419001065155166
