,index,age,target_label,session_id,correct_or_not,target_label_prob,airplane_prob,bear_prob,bike_prob,bird_prob,boat_prob,bowl_prob,car_prob,cat_prob,chair_prob,couch_prob,cup_prob,dog_prob,fish_prob,frog_prob,house_prob,key_prob,person_prob,phone_prob,rabbit_prob,scissors_prob,sheep_prob,train_prob,tree_prob
0,2636,4,car,run_v31534457003877,1.0,0.06766068331563801,0.044414167772593174,0.044950839335185566,0.05809483971301413,0.04321770320770088,0.04177954063999778,0.041098068995325615,0.06766068331563801,0.037327819321708935,0.04042172430630091,0.04521323320179794,0.04534444493015927,0.0408375715020445,0.03560131543760916,0.03856129069564853,0.04257128398257383,0.03840188328138722,0.04236784207950315,0.04007012730955144,0.04621642878341212,0.03271241505237864,0.03946596316946599,0.04501885197413089,0.0486519619928724
