,index,age,target_label,session_id,correct_or_not,target_label_prob,airplane_prob,bear_prob,bike_prob,bird_prob,boat_prob,bowl_prob,car_prob,cat_prob,chair_prob,couch_prob,cup_prob,dog_prob,fish_prob,frog_prob,house_prob,key_prob,person_prob,phone_prob,rabbit_prob,scissors_prob,sheep_prob,train_prob,tree_prob
0,3245,4,chair,run_v31530310159455,1.0,0.09988904713427306,0.038181740614304766,0.04285605906843534,0.0412459248519886,0.038884670883884635,0.040152601808648984,0.04302924761883019,0.042835074878439704,0.04074121296345282,0.09988904713427306,0.05693021639149132,0.06411475093782172,0.04349952219075236,0.03695109936671924,0.04082127262863872,0.019968517808201153,0.03943628693012274,0.041201894786800974,0.03061444406287184,0.04079552581234093,0.04220301016546914,0.0415675526096788,0.03928162423029967,0.0347987022565334
