,index,age,target_label,session_id,correct_or_not,target_label_prob,airplane_prob,bear_prob,bike_prob,bird_prob,boat_prob,bowl_prob,car_prob,cat_prob,chair_prob,couch_prob,cup_prob,dog_prob,fish_prob,frog_prob,house_prob,key_prob,person_prob,phone_prob,rabbit_prob,scissors_prob,sheep_prob,train_prob,tree_prob
0,2411,8,car,run_v31535825120823,1.0,0.06107112588464528,0.03790908707606595,0.03583401172736295,0.05304944520555407,0.048986543730669185,0.04286017212035551,0.03403468537643208,0.06107112588464528,0.04696040053342763,0.032003699042284284,0.04047096773627062,0.04067724147289303,0.04237553322337075,0.05230710809791298,0.033497107659705226,0.044459764149989034,0.052585420366333305,0.04726355951090542,0.02126668270235155,0.041645171322838785,0.050133897822367664,0.053377003720068004,0.051518095428812416,0.035713276089384176
