,index,age,target_label,session_id,correct_or_not,target_label_prob,airplane_prob,bear_prob,bike_prob,bird_prob,boat_prob,bowl_prob,car_prob,cat_prob,chair_prob,couch_prob,cup_prob,dog_prob,fish_prob,frog_prob,house_prob,key_prob,person_prob,phone_prob,rabbit_prob,scissors_prob,sheep_prob,train_prob,tree_prob
0,732,3,bear,run_v41542136481726,0.0,0.04324958755819038,0.0439434206608749,0.04324958755819038,0.046717289622900934,0.04388193514831235,0.04847016674838365,0.042509318191928235,0.03942312268678652,0.0407704357163508,0.03991821019222801,0.04380080372668676,0.046033694507374774,0.04456262533440186,0.04750138451256956,0.04714972411794066,0.03774550285990842,0.0386381327935586,0.058442514717931965,0.03746022792394164,0.03860238500336009,0.039391303265515015,0.03917258759935858,0.04482232913999101,0.04779329797150542
