,index,age,target_label,session_id,correct_or_not,target_label_prob,airplane_prob,bear_prob,bike_prob,bird_prob,boat_prob,bowl_prob,car_prob,cat_prob,chair_prob,couch_prob,cup_prob,dog_prob,fish_prob,frog_prob,house_prob,key_prob,person_prob,phone_prob,rabbit_prob,scissors_prob,sheep_prob,train_prob,tree_prob
0,5321,6,house,run_v31534457973010,1.0,0.08099950325041887,0.04555120746687465,0.041914239350343746,0.032624582687392246,0.04858949024952857,0.042950605665255194,0.03483998743224633,0.035685845653014976,0.04063571847600159,0.04780162486398251,0.039007047291914565,0.03416067428392107,0.04394102694744054,0.04386769402973766,0.04705528127939711,0.08099950325041887,0.03682877992062548,0.04380156953380778,0.04513750235358603,0.041175648952724096,0.044008476462471725,0.042213422159730465,0.045968828578625026,0.04124124311095956
