,index,age,target_label,session_id,correct_or_not,target_label_prob,airplane_prob,bear_prob,bike_prob,bird_prob,boat_prob,bowl_prob,car_prob,cat_prob,chair_prob,couch_prob,cup_prob,dog_prob,fish_prob,frog_prob,house_prob,key_prob,person_prob,phone_prob,rabbit_prob,scissors_prob,sheep_prob,train_prob,tree_prob
0,191,8,airplane,run_v31528406399205,0.0,0.04765994272943208,0.04765994272943208,0.04905496173030894,0.040574126505322404,0.036911158662853674,0.04332016758820168,0.043845269901618876,0.05948982643868125,0.04129295220953937,0.03936040124254898,0.03920687918599602,0.04231592612432185,0.04418805040593521,0.03750672522594225,0.045706531731738685,0.04315030285011614,0.03913446324829575,0.04023076755772535,0.042127051097210724,0.043402902807703904,0.041852431224111204,0.048302682054885714,0.04444313201383842,0.04692334746367134
