,index,age,target_label,session_id,correct_or_not,target_label_prob,airplane_prob,bear_prob,bike_prob,bird_prob,boat_prob,bowl_prob,car_prob,cat_prob,chair_prob,couch_prob,cup_prob,dog_prob,fish_prob,frog_prob,house_prob,key_prob,person_prob,phone_prob,rabbit_prob,scissors_prob,sheep_prob,train_prob,tree_prob
0,5854,2,key,run_v41540576438112,0.0,0.049378094087879305,0.04090361008109091,0.04215414563815735,0.059395977586597745,0.04476088037682302,0.037146491298306356,0.035026069669156584,0.04403639219492269,0.04475222092726354,0.042877173873362706,0.043162773328842136,0.0458127900909967,0.043921831731947115,0.04896699153789096,0.04097737892077197,0.03704310919901405,0.049378094087879305,0.038311698711251806,0.04398880973598585,0.04241101930557168,0.042846203898574665,0.038852036891025545,0.05120323871249051,0.042071062202076896
