,index,age,target_label,session_id,correct_or_not,target_label_prob,airplane_prob,bear_prob,bike_prob,bird_prob,boat_prob,bowl_prob,car_prob,cat_prob,chair_prob,couch_prob,cup_prob,dog_prob,fish_prob,frog_prob,house_prob,key_prob,person_prob,phone_prob,rabbit_prob,scissors_prob,sheep_prob,train_prob,tree_prob
0,949,9,bike,run_v31528742999187,1.0,0.1037856133117172,0.03664133595553902,0.040452846625527276,0.1037856133117172,0.03351525041273692,0.0394101940237424,0.04073689436292286,0.06247384669538612,0.04252948550706339,0.03336388163626498,0.031087798650878077,0.04048169147992155,0.03892963132324259,0.03525134981240076,0.038911400458599116,0.0442545002576115,0.03130319987259124,0.045647472278464975,0.037030285365277665,0.04064405833468561,0.032010983707597813,0.0517382006307033,0.058973267753483126,0.040826811543642386
