,index,age,target_label,session_id,correct_or_not,target_label_prob,airplane_prob,bear_prob,bike_prob,bird_prob,boat_prob,bowl_prob,car_prob,cat_prob,chair_prob,couch_prob,cup_prob,dog_prob,fish_prob,frog_prob,house_prob,key_prob,person_prob,phone_prob,rabbit_prob,scissors_prob,sheep_prob,train_prob,tree_prob
0,6368,5,person,run_v31533758184476,0.0,0.05123122598052834,0.043582004826605104,0.04946711347093735,0.03246582611881413,0.03873498473677732,0.041604944121492446,0.04150447205230801,0.04309854439666899,0.04823222441055275,0.04210781496287846,0.03623594017127667,0.040710590600340824,0.042796417947467434,0.03524339013520964,0.04634174329947471,0.04418083278037608,0.03560439026736073,0.05123122598052834,0.0458638838103651,0.041135238149388846,0.041477195906035914,0.05203883424050179,0.04752771437237773,0.058814673242261604
