,index,age,target_label,session_id,correct_or_not,target_label_prob,airplane_prob,bear_prob,bike_prob,bird_prob,boat_prob,bowl_prob,car_prob,cat_prob,chair_prob,couch_prob,cup_prob,dog_prob,fish_prob,frog_prob,house_prob,key_prob,person_prob,phone_prob,rabbit_prob,scissors_prob,sheep_prob,train_prob,tree_prob
0,5859,3,key,run_v41541804906496,0.0,0.04786412016272786,0.044213113939543504,0.04193297594807107,0.039771488091657425,0.042455866281992695,0.045671692177861344,0.04614169464814664,0.03967499425495219,0.04225162332670557,0.03743067299196729,0.03864177283720051,0.04961832886611497,0.03846406415121463,0.03857585427213068,0.042204134702958515,0.05045783563695709,0.04786412016272786,0.04250886727333211,0.043286067389627716,0.052797414561692596,0.05037873238351061,0.041585291413709834,0.04202531521905374,0.04204807946887149
