,index,age,target_label,session_id,correct_or_not,target_label_prob,airplane_prob,bear_prob,bike_prob,bird_prob,boat_prob,bowl_prob,car_prob,cat_prob,chair_prob,couch_prob,cup_prob,dog_prob,fish_prob,frog_prob,house_prob,key_prob,person_prob,phone_prob,rabbit_prob,scissors_prob,sheep_prob,train_prob,tree_prob
0,827,6,bike,run_v31531417577259,0.0,0.054729119371123944,0.047465899002490604,0.05261331624479151,0.054729119371123944,0.03977770857370004,0.039221364394715144,0.03544785902095716,0.048089157383130576,0.04146419305366433,0.042045811573271225,0.040314527554962794,0.041849783812736546,0.04614376510477605,0.0352093263814942,0.041745644522459525,0.03891838896955386,0.03698397342568056,0.03841150912689238,0.040606707420168836,0.06089412040785147,0.04509547258654377,0.04276765924086011,0.04397252944531683,0.04623216338285868
