,index,age,target_label,session_id,correct_or_not,target_label_prob,airplane_prob,bear_prob,bike_prob,bird_prob,boat_prob,bowl_prob,car_prob,cat_prob,chair_prob,couch_prob,cup_prob,dog_prob,fish_prob,frog_prob,house_prob,key_prob,person_prob,phone_prob,rabbit_prob,scissors_prob,sheep_prob,train_prob,tree_prob
0,889,10,bike,run_v31529446827103,1.0,0.08282178805936949,0.03896132881639858,0.047172089420793546,0.08282178805936949,0.045438235430335976,0.03900536457249459,0.035235215082641165,0.05415132178070254,0.04644147020490711,0.03927951139415165,0.03200079022505962,0.035340708393809143,0.048928181062709075,0.043267057187602584,0.04739172958673944,0.0398197600346625,0.03547712671281751,0.042829665236977836,0.034198920931838614,0.04103623041825947,0.039033484741347144,0.050616929442860885,0.04677800893176802,0.03477508233175355
