,index,age,target_label,session_id,correct_or_not,target_label_prob,airplane_prob,bear_prob,bike_prob,bird_prob,boat_prob,bowl_prob,car_prob,cat_prob,chair_prob,couch_prob,cup_prob,dog_prob,fish_prob,frog_prob,house_prob,key_prob,person_prob,phone_prob,rabbit_prob,scissors_prob,sheep_prob,train_prob,tree_prob
0,3529,3,couch,run_v31529703215425,0.0,0.04032835122586162,0.03777028953397088,0.03940651801373081,0.031212060858375093,0.04064591862157864,0.04190788232761837,0.04689962634940361,0.040439734994919256,0.04141288483200114,0.053356049632411785,0.04032835122586162,0.05159026055914782,0.03681190095796799,0.03889828828630124,0.04321285499726426,0.03668905120266262,0.06788937392816893,0.03894428507707941,0.046687771993433276,0.03594705552679253,0.061595629859405455,0.0416828721212305,0.044791484525615835,0.041879854575058745
