,index,age,target_label,session_id,correct_or_not,target_label_prob,airplane_prob,bear_prob,bike_prob,bird_prob,boat_prob,bowl_prob,car_prob,cat_prob,chair_prob,couch_prob,cup_prob,dog_prob,fish_prob,frog_prob,house_prob,key_prob,person_prob,phone_prob,rabbit_prob,scissors_prob,sheep_prob,train_prob,tree_prob
0,8623,9,tree,run_v31533506237294,0.0,0.05160201119221947,0.03777409756200987,0.0520050878787614,0.047742117396272946,0.04419077230287625,0.04465022237590843,0.038164523735425254,0.04203088405499288,0.04145059733419881,0.03954447434872066,0.041028839282950195,0.03520763322579986,0.04164825918413589,0.036983576749563,0.04196809033837093,0.03854120232475468,0.03570290878654413,0.06223736813253166,0.04451904720622896,0.048165597239051165,0.04110515054634573,0.0445729183360831,0.04916462046625471,0.05160201119221947
