,index,age,target_label,session_id,correct_or_not,target_label_prob,airplane_prob,bear_prob,bike_prob,bird_prob,boat_prob,bowl_prob,car_prob,cat_prob,chair_prob,couch_prob,cup_prob,dog_prob,fish_prob,frog_prob,house_prob,key_prob,person_prob,phone_prob,rabbit_prob,scissors_prob,sheep_prob,train_prob,tree_prob
0,6428,4,phone,run_v41538852792832,1.0,0.05299960797039148,0.03591419604355333,0.04111646181843621,0.04155576768521826,0.04128068359024236,0.04364454974919697,0.03523201733621166,0.046968034949242905,0.041295218038021386,0.0482912160474493,0.045143965452224016,0.0456717929735094,0.04356821638185419,0.049782570418197225,0.04527974662691974,0.04869005746848018,0.04036314763385272,0.04079204326073655,0.05299960797039148,0.03975826085158227,0.03929900542385104,0.043222521612544425,0.04629308232413147,0.043837836344152815
