,index,age,target_label,session_id,correct_or_not,target_label_prob,airplane_prob,bear_prob,bike_prob,bird_prob,boat_prob,bowl_prob,car_prob,cat_prob,chair_prob,couch_prob,cup_prob,dog_prob,fish_prob,frog_prob,house_prob,key_prob,person_prob,phone_prob,rabbit_prob,scissors_prob,sheep_prob,train_prob,tree_prob
0,4369,3,dog,run_v31535831577854,0.0,0.04685336443804043,0.043429809296317165,0.04444166857290279,0.04226779550877174,0.044299211632932496,0.047621140502252066,0.035754079866148654,0.04047910025215904,0.045517784513283484,0.038992919721452995,0.037885667616234714,0.03797258162177981,0.04685336443804043,0.046455718338399864,0.04725743078942289,0.0402718789912535,0.04077953844298155,0.04598787161008908,0.03792711130949749,0.044308931341564155,0.049256432799424876,0.049840859696098694,0.052847317853079875,0.039551785285912786
