,index,age,target_label,session_id,correct_or_not,target_label_prob,airplane_prob,bear_prob,bike_prob,bird_prob,boat_prob,bowl_prob,car_prob,cat_prob,chair_prob,couch_prob,cup_prob,dog_prob,fish_prob,frog_prob,house_prob,key_prob,person_prob,phone_prob,rabbit_prob,scissors_prob,sheep_prob,train_prob,tree_prob
0,4912,7,fish,run_v31533422700557,1.0,0.06653270309775643,0.041549536788496697,0.0447302297019123,0.04208633194717749,0.0521316447564843,0.04475799942759833,0.04576237334855446,0.0383241297354101,0.048600251456278463,0.03466444720718271,0.03790706245650517,0.04466282595500891,0.048848724611296274,0.06653270309775643,0.04550872388799792,0.0422002340706852,0.03894510884400372,0.04536336871858793,0.03795716322849181,0.042887769484770556,0.04064336701684252,0.039612511463906555,0.0381127852612952,0.03821070753375679
