,index,age,target_label,session_id,correct_or_not,target_label_prob,airplane_prob,bear_prob,bike_prob,bird_prob,boat_prob,bowl_prob,car_prob,cat_prob,chair_prob,couch_prob,cup_prob,dog_prob,fish_prob,frog_prob,house_prob,key_prob,person_prob,phone_prob,rabbit_prob,scissors_prob,sheep_prob,train_prob,tree_prob
0,3109,7,chair,run_v31531954185970,1.0,0.07604355600812045,0.043075096999380405,0.043038923389114886,0.043894973956270185,0.041804946275874354,0.043054400176658826,0.03652838211017456,0.04244163596116338,0.03706966166766398,0.07604355600812045,0.03874702577988663,0.036841001947390456,0.043947010202502496,0.036769167622384524,0.041761523657655425,0.04477238595402479,0.04477547824858306,0.04896004277504127,0.04226458855645649,0.0405609911721543,0.039110767304726735,0.04065859593116815,0.0433538770361019,0.050525967267502685
