,index,age,target_label,session_id,correct_or_not,target_label_prob,airplane_prob,bear_prob,bike_prob,bird_prob,boat_prob,bowl_prob,car_prob,cat_prob,chair_prob,couch_prob,cup_prob,dog_prob,fish_prob,frog_prob,house_prob,key_prob,person_prob,phone_prob,rabbit_prob,scissors_prob,sheep_prob,train_prob,tree_prob
0,5454,8,house,run_v31532469229565,1.0,0.04439892648786073,0.04400383588205864,0.04329595376969923,0.04313216212412549,0.04390361789654733,0.043124713327033576,0.04302538380904049,0.043465547529142175,0.04384868182263177,0.04333732229919461,0.04365388217141791,0.04279577397918576,0.04390296031375425,0.04240692950274234,0.04375635409165363,0.04439892648786073,0.04343800615546784,0.043324217458981525,0.04439045512285778,0.04364468427018838,0.04369360033865593,0.04372502512822094,0.04231173960766328,0.043420226911876386
