,index,age,target_label,session_id,correct_or_not,target_label_prob,airplane_prob,bear_prob,bike_prob,bird_prob,boat_prob,bowl_prob,car_prob,cat_prob,chair_prob,couch_prob,cup_prob,dog_prob,fish_prob,frog_prob,house_prob,key_prob,person_prob,phone_prob,rabbit_prob,scissors_prob,sheep_prob,train_prob,tree_prob
0,4080,4,cup,run_v31535740915288,0.0,0.06277287545521662,0.0433368452236221,0.03978284328425112,0.03627083023442283,0.04091019980245092,0.036804743187186004,0.04037427705152057,0.03593554655120935,0.03995946228054569,0.07171645328924917,0.045322603488497114,0.06277287545521662,0.037140016693183314,0.040878978878114515,0.04035818201019054,0.030048683447903148,0.051760943440826206,0.03805949767512376,0.060032650262932495,0.04261693329060443,0.043346891176453975,0.03943581308129727,0.03698510660095783,0.04614962359424116
