,index,age,target_label,session_id,correct_or_not,target_label_prob,airplane_prob,bear_prob,bike_prob,bird_prob,boat_prob,bowl_prob,car_prob,cat_prob,chair_prob,couch_prob,cup_prob,dog_prob,fish_prob,frog_prob,house_prob,key_prob,person_prob,phone_prob,rabbit_prob,scissors_prob,sheep_prob,train_prob,tree_prob
0,4441,10,dog,run_v31533940808652,0.0,0.0488197946907593,0.051211131267113075,0.041792296406858324,0.039513103376855374,0.04301681113948598,0.030465196950464155,0.03474324755946928,0.04143231554071104,0.04018381239581501,0.05761979846919209,0.05922514663176322,0.04754974135884195,0.0488197946907593,0.043716433821965404,0.04287580291194266,0.04075602230781597,0.040289917486311125,0.03893955206177334,0.03818403590900541,0.04283838706860665,0.04153217564496096,0.048745998677089515,0.032645982639521336,0.0539032956836789
