,index,age,target_label,session_id,correct_or_not,target_label_prob,airplane_prob,bear_prob,bike_prob,bird_prob,boat_prob,bowl_prob,car_prob,cat_prob,chair_prob,couch_prob,cup_prob,dog_prob,fish_prob,frog_prob,house_prob,key_prob,person_prob,phone_prob,rabbit_prob,scissors_prob,sheep_prob,train_prob,tree_prob
0,4802,3,fish,run_v31536011517869,1.0,0.057606659542738005,0.04474764827053144,0.039559913220380966,0.0419263669700775,0.044546585796062056,0.04582808709495774,0.04807347954317217,0.044104791803163776,0.04358189828242547,0.0391146764978829,0.04248659983019792,0.04759759011695211,0.045583034709013925,0.057606659542738005,0.04479211038681704,0.04077027309301882,0.04632865450835986,0.038389867607102356,0.03905214984455052,0.03701880759075445,0.04464161600210562,0.0433409961206843,0.047351470045086975,0.03355672312396423
