,index,age,target_label,session_id,correct_or_not,target_label_prob,airplane_prob,bear_prob,bike_prob,bird_prob,boat_prob,bowl_prob,car_prob,cat_prob,chair_prob,couch_prob,cup_prob,dog_prob,fish_prob,frog_prob,house_prob,key_prob,person_prob,phone_prob,rabbit_prob,scissors_prob,sheep_prob,train_prob,tree_prob
0,4286,4,dog,run_v31526239192649,0.0,0.04239417557648352,0.043683794366672885,0.0466344386763543,0.03873550829706411,0.04073157558913569,0.04015794179062507,0.04046061450401466,0.043047785606534286,0.042342051036859285,0.04104908626296433,0.03859742235967657,0.04358417932850189,0.04239417557648352,0.044223132785980404,0.04505262007341153,0.03987151065495779,0.047153912184257615,0.041040974844741306,0.041955634677559236,0.04672784704256041,0.05288082990851702,0.04741552852069126,0.04573219674551613,0.046527239166920455
