,index,age,target_label,session_id,correct_or_not,target_label_prob,airplane_prob,bear_prob,bike_prob,bird_prob,boat_prob,bowl_prob,car_prob,cat_prob,chair_prob,couch_prob,cup_prob,dog_prob,fish_prob,frog_prob,house_prob,key_prob,person_prob,phone_prob,rabbit_prob,scissors_prob,sheep_prob,train_prob,tree_prob
0,1875,5,boat,run_v31536008079993,0.0,0.052602598131904627,0.04588392436583291,0.04416447174557206,0.04044530513745482,0.04140960061997691,0.052602598131904627,0.05270905695206145,0.04830687708121864,0.04034450289457579,0.04438800620355693,0.040262759014985584,0.038522487091647795,0.038923581030815356,0.05919477863678107,0.044648864463832844,0.041502494900774005,0.04106482689560025,0.04280082503557232,0.04978689064721142,0.03663840382272207,0.033599631405806775,0.039593112782633375,0.04607137610759894,0.03713562503186409
