,index,age,target_label,session_id,correct_or_not,target_label_prob,airplane_prob,bear_prob,bike_prob,bird_prob,boat_prob,bowl_prob,car_prob,cat_prob,chair_prob,couch_prob,cup_prob,dog_prob,fish_prob,frog_prob,house_prob,key_prob,person_prob,phone_prob,rabbit_prob,scissors_prob,sheep_prob,train_prob,tree_prob
0,8668,8,tree,run_v31533848585176,1.0,0.06952266989323991,0.037408898328948434,0.05890805123291384,0.04305769678401259,0.04642277948020507,0.0401240371702261,0.04003638531971194,0.03966395525082406,0.04203675857809364,0.037643372109255696,0.04051123017894788,0.042800918240076834,0.04494686599311572,0.03927910388206953,0.04282475410598182,0.03847955847924024,0.04462167164096366,0.03795656637720356,0.04002526242973372,0.04814878636053261,0.03823405557698705,0.04780437030729928,0.03954225228041678,0.06952266989323991
