,index,age,target_label,session_id,correct_or_not,target_label_prob,airplane_prob,bear_prob,bike_prob,bird_prob,boat_prob,bowl_prob,car_prob,cat_prob,chair_prob,couch_prob,cup_prob,dog_prob,fish_prob,frog_prob,house_prob,key_prob,person_prob,phone_prob,rabbit_prob,scissors_prob,sheep_prob,train_prob,tree_prob
0,6853,7,rabbit,run_v31530644143472,1.0,0.0739363184769347,0.051286438213079724,0.05650916864832725,0.04551964346092482,0.038536446625581706,0.033042429095328625,0.03627352612775915,0.03751161347364724,0.04318849602040133,0.03195636650704432,0.04294144640849098,0.038128896428896324,0.04164104436271401,0.032075994652010394,0.0409166510115572,0.03800651208047303,0.05011258256050655,0.04459665619178631,0.039733547937886325,0.0739363184769347,0.04618507201616124,0.04457233051782384,0.046765009256407274,0.046563809926257416
