,index,age,target_label,session_id,correct_or_not,target_label_prob,airplane_prob,bear_prob,bike_prob,bird_prob,boat_prob,bowl_prob,car_prob,cat_prob,chair_prob,couch_prob,cup_prob,dog_prob,fish_prob,frog_prob,house_prob,key_prob,person_prob,phone_prob,rabbit_prob,scissors_prob,sheep_prob,train_prob,tree_prob
0,5687,5,key,run_v41536523040650,1.0,0.06392173641456021,0.03609587998093137,0.04373526319386816,0.04109418749359535,0.044924536724099844,0.03780597618859594,0.038642837129130976,0.039154444377405805,0.04889934112805668,0.03874146126851954,0.037651032014289064,0.03958690993709812,0.04631071467777439,0.04673836077800045,0.05120139712068725,0.03827406473598948,0.06392173641456021,0.05391090579077253,0.04566069527016098,0.03729945636107206,0.04886099639894427,0.04234159946665414,0.039718519380099966,0.039429684169693405
