,index,age,target_label,session_id,correct_or_not,target_label_prob,airplane_prob,bear_prob,bike_prob,bird_prob,boat_prob,bowl_prob,car_prob,cat_prob,chair_prob,couch_prob,cup_prob,dog_prob,fish_prob,frog_prob,house_prob,key_prob,person_prob,phone_prob,rabbit_prob,scissors_prob,sheep_prob,train_prob,tree_prob
0,1713,3,boat,run_v31532643083491,1.0,0.085481865702305,0.05292253604782568,0.038557460839632046,0.039531055572605514,0.03953183288123528,0.085481865702305,0.068731821182081,0.0397444498652139,0.03592881679059188,0.03568672450071739,0.043302415783874726,0.050350303218935535,0.03959320402180264,0.04089726210340751,0.03977424057472054,0.03859627951734746,0.043334183207454934,0.0420584969936405,0.03385273087008371,0.03688913969038204,0.035265469398193,0.04245536657796815,0.03505984129652516,0.042454503363456374
