,index,age,target_label,session_id,correct_or_not,target_label_prob,airplane_prob,bear_prob,bike_prob,bird_prob,boat_prob,bowl_prob,car_prob,cat_prob,chair_prob,couch_prob,cup_prob,dog_prob,fish_prob,frog_prob,house_prob,key_prob,person_prob,phone_prob,rabbit_prob,scissors_prob,sheep_prob,train_prob,tree_prob
0,2379,6,car,run_v31534365370913,1.0,0.05712292663164184,0.04863469669419748,0.04967132079767799,0.05582362698499559,0.03872469642565637,0.03825467574833102,0.04035134718697427,0.05712292663164184,0.03652389219906619,0.0425761342710717,0.039839449412251204,0.04469407966073878,0.04842614485302474,0.03994383026076017,0.0474104955680828,0.03849155123587313,0.04120124920568072,0.0359277933600325,0.03915935783915421,0.05178125677179604,0.037330806785184065,0.04194789683023704,0.04647666499268847,0.03968610628488354
