,index,age,target_label,session_id,correct_or_not,target_label_prob,airplane_prob,bear_prob,bike_prob,bird_prob,boat_prob,bowl_prob,car_prob,cat_prob,chair_prob,couch_prob,cup_prob,dog_prob,fish_prob,frog_prob,house_prob,key_prob,person_prob,phone_prob,rabbit_prob,scissors_prob,sheep_prob,train_prob,tree_prob
0,7484,3,scissors,run_v41537132863659,0.0,0.048986451665148645,0.03312841670406972,0.04891766840487085,0.03901020760070526,0.03493178676852395,0.03949878257946043,0.05286253494504267,0.05092652293890242,0.041403076572753245,0.04084590982569893,0.04251470073155405,0.04161310415794849,0.040281979424057805,0.04655872143236469,0.04133511568774004,0.04560114590481288,0.0457636488806916,0.04297644549707151,0.04849089281007714,0.0467850052600817,0.048986451665148645,0.04097356537915398,0.04859947501296718,0.037994841816302825
