,index,age,target_label,session_id,correct_or_not,target_label_prob,airplane_prob,bear_prob,bike_prob,bird_prob,boat_prob,bowl_prob,car_prob,cat_prob,chair_prob,couch_prob,cup_prob,dog_prob,fish_prob,frog_prob,house_prob,key_prob,person_prob,phone_prob,rabbit_prob,scissors_prob,sheep_prob,train_prob,tree_prob
0,4979,3,frog,run_v41541194883000,0.0,0.04211672437532356,0.05039964438611657,0.03886426648045876,0.06170628453646981,0.04040449190259848,0.05266694391697003,0.041804580982316,0.04831145065160857,0.04131852998487248,0.043967718676964036,0.04569196166369429,0.03946198492774361,0.04129452659838876,0.041765481738999424,0.04211672437532356,0.03824156297966851,0.037263580417674885,0.04400517088178078,0.03417601369974122,0.03882404761453697,0.04173290519930288,0.03747961125934306,0.05954503439800772,0.03895748272741961
