,index,age,target_label,session_id,correct_or_not,target_label_prob,airplane_prob,bear_prob,bike_prob,bird_prob,boat_prob,bowl_prob,car_prob,cat_prob,chair_prob,couch_prob,cup_prob,dog_prob,fish_prob,frog_prob,house_prob,key_prob,person_prob,phone_prob,rabbit_prob,scissors_prob,sheep_prob,train_prob,tree_prob
0,14,5,airplane,run_v31532128649317,0.0,0.05668970189404993,0.05668970189404993,0.04133464305729871,0.06608538629316273,0.04934135371416672,0.04476691802221745,0.036733387154498816,0.052374215931865406,0.040704597832879816,0.04392971936510875,0.0385163460262386,0.03919798638906522,0.04207718123005681,0.05613823459949527,0.038806920645553925,0.03244886889138335,0.04248611603703832,0.03640966928671478,0.03349962877814322,0.04530896068923427,0.050140074578764335,0.03839065525290028,0.04172001620112738,0.03289941812903564
