,index,age,target_label,session_id,correct_or_not,target_label_prob,airplane_prob,bear_prob,bike_prob,bird_prob,boat_prob,bowl_prob,car_prob,cat_prob,chair_prob,couch_prob,cup_prob,dog_prob,fish_prob,frog_prob,house_prob,key_prob,person_prob,phone_prob,rabbit_prob,scissors_prob,sheep_prob,train_prob,tree_prob
0,1609,9,boat,run_v31532805040363,1.0,0.07605959630553197,0.059026101105211524,0.03923581414088168,0.05187350931143795,0.03701748947233563,0.07605959630553197,0.03350225802532244,0.04564546304497709,0.04113816649878322,0.04234245506850102,0.03967296205336281,0.03932201954130335,0.03742359648513343,0.04231433640841605,0.03753842803974939,0.046748262859885835,0.0449988586075065,0.03659977196687526,0.03696109379695867,0.03836373525738122,0.04309502544037179,0.038499699154373346,0.050332054063868335,0.04228930335183169
