,index,age,target_label,session_id,correct_or_not,target_label_prob,airplane_prob,bear_prob,bike_prob,bird_prob,boat_prob,bowl_prob,car_prob,cat_prob,chair_prob,couch_prob,cup_prob,dog_prob,fish_prob,frog_prob,house_prob,key_prob,person_prob,phone_prob,rabbit_prob,scissors_prob,sheep_prob,train_prob,tree_prob
0,6188,2,person,run_v31534797060880,1.0,0.0641123638455423,0.06156259570855424,0.04062527207261349,0.044181278606642484,0.04898126375683205,0.04848497488266819,0.0374740609759711,0.039537957486029916,0.03738926183262828,0.039498084970213676,0.04223301975108208,0.03850137132627383,0.04524658558498206,0.03940148756003153,0.03987093956499938,0.043752792299968056,0.041557981570702854,0.0641123638455423,0.032420826507924036,0.041529930507661454,0.040683090452688274,0.04388919602405342,0.0340399855234828,0.05502567918845436
