,index,age,target_label,session_id,correct_or_not,target_label_prob,airplane_prob,bear_prob,bike_prob,bird_prob,boat_prob,bowl_prob,car_prob,cat_prob,chair_prob,couch_prob,cup_prob,dog_prob,fish_prob,frog_prob,house_prob,key_prob,person_prob,phone_prob,rabbit_prob,scissors_prob,sheep_prob,train_prob,tree_prob
0,5435,3,house,run_v31534622787441,0.0,0.03934136465246579,0.05625853830495851,0.0390410958974833,0.050823910709643164,0.04369071467503609,0.048974087901158585,0.03715053303384986,0.04226605056774206,0.039573645551866404,0.04498665159743335,0.03999836222812168,0.047253520352150316,0.039704891489595294,0.04430412549880878,0.037585462716687355,0.03934136465246579,0.04977920832157858,0.04569074960382756,0.0379239008946192,0.039726036410116565,0.05261221305390191,0.04091815248687984,0.036797756280206546,0.045599027771869194
