,index,age,target_label,session_id,correct_or_not,target_label_prob,airplane_prob,bear_prob,bike_prob,bird_prob,boat_prob,bowl_prob,car_prob,cat_prob,chair_prob,couch_prob,cup_prob,dog_prob,fish_prob,frog_prob,house_prob,key_prob,person_prob,phone_prob,rabbit_prob,scissors_prob,sheep_prob,train_prob,tree_prob
0,3636,8,couch,run_v31530553622585,1.0,0.06488488418666472,0.04056132471239918,0.04044275060193508,0.035464405033480965,0.03912341787199807,0.04251777838483577,0.057174570211736775,0.05775952643780544,0.04243381270582717,0.03272159855923022,0.06488488418666472,0.053682997210166346,0.042358596625575826,0.05224233523610034,0.03522484732130975,0.0341349407327822,0.04848087340233036,0.032869118466479476,0.041903686987755664,0.03545288935266312,0.043349725768052155,0.03920489469211758,0.05197648425085151,0.03603454124790223
