,index,age,target_label,session_id,correct_or_not,target_label_prob,airplane_prob,bear_prob,bike_prob,bird_prob,boat_prob,bowl_prob,car_prob,cat_prob,chair_prob,couch_prob,cup_prob,dog_prob,fish_prob,frog_prob,house_prob,key_prob,person_prob,phone_prob,rabbit_prob,scissors_prob,sheep_prob,train_prob,tree_prob
0,6567,4,phone,run_v31530309361085,1.0,0.05380230976874507,0.04069156061520304,0.04259891238337747,0.04013239438636189,0.040357855008503814,0.04223446408306312,0.04183044341297357,0.03988457992901068,0.04883681863474009,0.04024060262984336,0.04767744396166285,0.04444104639648686,0.04559353318539437,0.04044290989089782,0.04318265401407316,0.052086126788992465,0.040363740694648494,0.04335020206596135,0.05380230976874507,0.04707392072099936,0.04093123226157686,0.042861719568005135,0.03786860054116937,0.0435169290583097
