,index,age,target_label,session_id,correct_or_not,target_label_prob,airplane_prob,bear_prob,bike_prob,bird_prob,boat_prob,bowl_prob,car_prob,cat_prob,chair_prob,couch_prob,cup_prob,dog_prob,fish_prob,frog_prob,house_prob,key_prob,person_prob,phone_prob,rabbit_prob,scissors_prob,sheep_prob,train_prob,tree_prob
0,6506,2,phone,run_v31530480824568,0.0,0.03923322445271722,0.04861083325345109,0.039664316716252125,0.04317877284247454,0.040276040576696856,0.050643276245794455,0.039842691573246734,0.03892509508842478,0.03720291996186586,0.042501619699056734,0.03950965884921698,0.04129799951556602,0.041218837399476994,0.03690894151546176,0.040544193664808485,0.03490033352017587,0.04898738483321845,0.04299051644101755,0.03923322445271722,0.048580745275436904,0.06426697610235237,0.04590713145970499,0.04333428030187393,0.051474210711709274
