,index,age,target_label,session_id,correct_or_not,target_label_prob,airplane_prob,bear_prob,bike_prob,bird_prob,boat_prob,bowl_prob,car_prob,cat_prob,chair_prob,couch_prob,cup_prob,dog_prob,fish_prob,frog_prob,house_prob,key_prob,person_prob,phone_prob,rabbit_prob,scissors_prob,sheep_prob,train_prob,tree_prob
0,1544,10,boat,run_v31533840328937,1.0,0.05178633059099649,0.04666027161423178,0.039951426533980615,0.041481651821648265,0.04171603907458654,0.05178633059099649,0.04209667707749462,0.04368682332508593,0.03722770034044622,0.038739764248561806,0.04970694380469904,0.04541050977709586,0.04217722325052463,0.0446626837860246,0.04258285373634462,0.038061582602882844,0.039455068323546005,0.042079251101805784,0.04194182486322206,0.04676758729460298,0.043280232254048215,0.042015283642652286,0.04936562513290844,0.04914664580261022
