,index,age,target_label,session_id,correct_or_not,target_label_prob,airplane_prob,bear_prob,bike_prob,bird_prob,boat_prob,bowl_prob,car_prob,cat_prob,chair_prob,couch_prob,cup_prob,dog_prob,fish_prob,frog_prob,house_prob,key_prob,person_prob,phone_prob,rabbit_prob,scissors_prob,sheep_prob,train_prob,tree_prob
0,6197,6,person,run_v31534274873024,0.0,0.05270499594212972,0.04871888888655412,0.04309428333850305,0.039753064728387376,0.0505508080222329,0.03488935742746273,0.04346211116540056,0.03649326207819414,0.04427665928789886,0.03671831477434817,0.03782789582919165,0.05292528729408393,0.04249023305265135,0.04933202495290876,0.04708728293606512,0.04119507671412929,0.055014694761121787,0.05270499594212972,0.041710120226648405,0.04738566056066292,0.04562714910977375,0.04326507784800403,0.03067775033444384,0.034800000729203605
