,index,age,target_label,session_id,correct_or_not,target_label_prob,airplane_prob,bear_prob,bike_prob,bird_prob,boat_prob,bowl_prob,car_prob,cat_prob,chair_prob,couch_prob,cup_prob,dog_prob,fish_prob,frog_prob,house_prob,key_prob,person_prob,phone_prob,rabbit_prob,scissors_prob,sheep_prob,train_prob,tree_prob
0,3896,4,cup,run_v31533755364261,0.0,0.05848355166684747,0.03825621896341486,0.03987806215714465,0.042184240720308464,0.043403204802758555,0.041783855375611884,0.0606342919778408,0.04881112608997728,0.03859416174616569,0.03961922655632818,0.0430598719022661,0.05848355166684747,0.04137989122211975,0.05096874613889931,0.04265326928810454,0.040217798987221214,0.04831016202155003,0.040694181799238095,0.0374952665035328,0.042207374787143224,0.044242681159777766,0.03631132019650055,0.041593887247521034,0.03921760868972776
