,index,age,target_label,session_id,correct_or_not,target_label_prob,airplane_prob,bear_prob,bike_prob,bird_prob,boat_prob,bowl_prob,car_prob,cat_prob,chair_prob,couch_prob,cup_prob,dog_prob,fish_prob,frog_prob,house_prob,key_prob,person_prob,phone_prob,rabbit_prob,scissors_prob,sheep_prob,train_prob,tree_prob
0,4951,3,frog,run_v41536698997934,0.0,0.04062260524147609,0.03107309686313234,0.040361163850774685,0.04204475275324185,0.04288797113547962,0.035066851475807535,0.09041786735077587,0.05284047484797757,0.03752550202620026,0.05088587607359075,0.035836965252263334,0.045764512750808214,0.03672055903521712,0.04072849681072545,0.04062260524147609,0.03436627326128175,0.04898251091562597,0.045141385622441944,0.04737068447711571,0.04162729417115005,0.04193634914096808,0.0401635145288253,0.04054337853191903,0.037091913883201336
