,index,age,target_label,session_id,correct_or_not,target_label_prob,airplane_prob,bear_prob,bike_prob,bird_prob,boat_prob,bowl_prob,car_prob,cat_prob,chair_prob,couch_prob,cup_prob,dog_prob,fish_prob,frog_prob,house_prob,key_prob,person_prob,phone_prob,rabbit_prob,scissors_prob,sheep_prob,train_prob,tree_prob
0,1396,7,bird,run_v31531511825717,1.0,0.05411070614519496,0.04043351246328401,0.05346720507787679,0.03904135553296634,0.05411070614519496,0.0433195438624646,0.036486519777896145,0.04378847783229702,0.043692758633860115,0.036854892522295575,0.039336523249648286,0.03809333508622159,0.04514069966861477,0.041646019164881906,0.053843306865765016,0.03975163378096916,0.04064272252650266,0.04754292504975838,0.03645397027740086,0.043966753925817205,0.04023127629774079,0.049447013543030924,0.04272306328533261,0.04998578543018012
