,index,age,target_label,session_id,correct_or_not,target_label_prob,airplane_prob,bear_prob,bike_prob,bird_prob,boat_prob,bowl_prob,car_prob,cat_prob,chair_prob,couch_prob,cup_prob,dog_prob,fish_prob,frog_prob,house_prob,key_prob,person_prob,phone_prob,rabbit_prob,scissors_prob,sheep_prob,train_prob,tree_prob
0,5429,10,house,run_v31534877448781,1.0,0.07974994898309404,0.03619176432425769,0.0417568318145525,0.04077127432679034,0.04060388112142449,0.04364492899282996,0.03513054331445292,0.04162582260096122,0.039341746607699915,0.05134876931910468,0.04220434831686882,0.03826030558043098,0.04166050796546979,0.035509333184977857,0.04072273824596702,0.07974994898309404,0.04191465453473123,0.053961417775148124,0.04757888090766064,0.039432391469372795,0.04385708300769418,0.036931969065449786,0.036066290317139996,0.05173456822392102
