,index,age,target_label,session_id,correct_or_not,target_label_prob,airplane_prob,bear_prob,bike_prob,bird_prob,boat_prob,bowl_prob,car_prob,cat_prob,chair_prob,couch_prob,cup_prob,dog_prob,fish_prob,frog_prob,house_prob,key_prob,person_prob,phone_prob,rabbit_prob,scissors_prob,sheep_prob,train_prob,tree_prob
0,2888,5,cat,run_v41542054080714,0.0,0.048293516999968325,0.042520662418913814,0.04516159658888888,0.04362375984281169,0.04627797323457255,0.04131055490545508,0.03759577871561051,0.04536683665996604,0.048293516999968325,0.03746943363158717,0.04008942924067328,0.03545082509618884,0.045776508393825674,0.04550701316583286,0.044611615735167295,0.04356487548347824,0.037597118137130056,0.05125958707210278,0.043544093942646696,0.05823385441468153,0.039909839893903926,0.041058590860328335,0.04532431419374662,0.04045222137251987
