,index,age,target_label,session_id,correct_or_not,target_label_prob,airplane_prob,bear_prob,bike_prob,bird_prob,boat_prob,bowl_prob,car_prob,cat_prob,chair_prob,couch_prob,cup_prob,dog_prob,fish_prob,frog_prob,house_prob,key_prob,person_prob,phone_prob,rabbit_prob,scissors_prob,sheep_prob,train_prob,tree_prob
0,5217,7,frog,run_v41540148092648,0.0,0.045086069929413455,0.045799335614573854,0.04631344944431351,0.041909878908008645,0.05255799526734108,0.03780898668935256,0.03463310329914458,0.0519234312387929,0.04803380291357655,0.042917492583477275,0.040503144922263805,0.03610817587106248,0.04920479722852931,0.04936633845466826,0.045086069929413455,0.04477612519936946,0.03489842455215549,0.0429377278106999,0.037390970909565405,0.037401226655265275,0.04033897825866641,0.04948479527797217,0.043871199729674966,0.04673454924211251
