,index,age,target_label,session_id,correct_or_not,target_label_prob,airplane_prob,bear_prob,bike_prob,bird_prob,boat_prob,bowl_prob,car_prob,cat_prob,chair_prob,couch_prob,cup_prob,dog_prob,fish_prob,frog_prob,house_prob,key_prob,person_prob,phone_prob,rabbit_prob,scissors_prob,sheep_prob,train_prob,tree_prob
0,5010,3,frog,run_v41542066236605,0.0,0.05857127707418035,0.04394277288284624,0.04775934840432411,0.03919277046490361,0.04492512788049636,0.04163555258531195,0.050099285339270605,0.0352740852728574,0.037634867034699905,0.03887079866757504,0.03639902341918191,0.04282580501495903,0.04145710087716601,0.05525681835772338,0.05857127707418035,0.037792041647821906,0.061912231801673656,0.04183287624663804,0.04538360743534155,0.04090966442163469,0.044803846533958004,0.03950108647804249,0.034542506037377234,0.039477506122016545
