,index,age,target_label,session_id,correct_or_not,target_label_prob,airplane_prob,bear_prob,bike_prob,bird_prob,boat_prob,bowl_prob,car_prob,cat_prob,chair_prob,couch_prob,cup_prob,dog_prob,fish_prob,frog_prob,house_prob,key_prob,person_prob,phone_prob,rabbit_prob,scissors_prob,sheep_prob,train_prob,tree_prob
0,7212,4,scissors,run_v41538847806009,0.0,0.05481383248519934,0.03584631174052017,0.04696496951250301,0.03584713191057106,0.04242713821966343,0.03532760423120097,0.0387004762163776,0.03926127238561959,0.03894804742201216,0.043624391323616396,0.03899621057681359,0.04538997073975411,0.046548679896599464,0.0378906893175143,0.044266691015194565,0.032995878665694284,0.052050484992278025,0.057230094887676615,0.038332539927158286,0.041813585184263764,0.05481383248519934,0.04676805833161652,0.03892168664044306,0.06703425437770966
