,index,age,target_label,session_id,correct_or_not,target_label_prob,airplane_prob,bear_prob,bike_prob,bird_prob,boat_prob,bowl_prob,car_prob,cat_prob,chair_prob,couch_prob,cup_prob,dog_prob,fish_prob,frog_prob,house_prob,key_prob,person_prob,phone_prob,rabbit_prob,scissors_prob,sheep_prob,train_prob,tree_prob
0,834,8,bike,run_v31529176355431,1.0,0.07132838677125837,0.03988800241702388,0.03983807564213728,0.07132838677125837,0.05061433659479135,0.04490371659596951,0.04266450673322342,0.036379738551974024,0.03934544515418144,0.03749672060392895,0.03488858139128817,0.041662236859483545,0.046785354209782026,0.04395255768963826,0.048200740074061055,0.03632453740444043,0.037180579451515317,0.060280150958603396,0.03298449472853412,0.03786848755949629,0.04221758711004191,0.0438083032010655,0.05167641292366377,0.03971104737389786
