,index,age,target_label,session_id,correct_or_not,target_label_prob,airplane_prob,bear_prob,bike_prob,bird_prob,boat_prob,bowl_prob,car_prob,cat_prob,chair_prob,couch_prob,cup_prob,dog_prob,fish_prob,frog_prob,house_prob,key_prob,person_prob,phone_prob,rabbit_prob,scissors_prob,sheep_prob,train_prob,tree_prob
0,6222,6,person,run_v31535833177598,1.0,0.08225864184338906,0.04437222822922923,0.04710979987137893,0.04261568926968689,0.04130759855847487,0.04048796054350695,0.04406472880562881,0.03935708427226707,0.03693093802016317,0.056097490611683766,0.034302742215894605,0.042491535056904964,0.042124605623477744,0.03666315224898093,0.04238548009593264,0.03373831009427479,0.04759428722665703,0.08225864184338906,0.030272745977671153,0.040944873793440216,0.042156119928500435,0.04235031393695467,0.03517462936491461,0.055199044410987434
