,index,age,target_label,session_id,correct_or_not,target_label_prob,airplane_prob,bear_prob,bike_prob,bird_prob,boat_prob,bowl_prob,car_prob,cat_prob,chair_prob,couch_prob,cup_prob,dog_prob,fish_prob,frog_prob,house_prob,key_prob,person_prob,phone_prob,rabbit_prob,scissors_prob,sheep_prob,train_prob,tree_prob
0,2673,3,cat,run_v41540581047662,0.0,0.0543278340601977,0.039728229797548795,0.05356965457356183,0.05745421947726646,0.049796989260990084,0.04111593284552117,0.03828182068602922,0.03746071683316614,0.0543278340601977,0.03894378018781197,0.035576258727098006,0.04236415664017226,0.04423989074688021,0.04339777853381831,0.053615525024240926,0.04062558268558827,0.03794125428104503,0.04834741451967989,0.03645829436309113,0.04657515052929858,0.038338300291690684,0.046065585243665504,0.03794769633056499,0.03782793436107289
