,index,age,target_label,session_id,correct_or_not,target_label_prob,airplane_prob,bear_prob,bike_prob,bird_prob,boat_prob,bowl_prob,car_prob,cat_prob,chair_prob,couch_prob,cup_prob,dog_prob,fish_prob,frog_prob,house_prob,key_prob,person_prob,phone_prob,rabbit_prob,scissors_prob,sheep_prob,train_prob,tree_prob
0,7291,2,scissors,run_v41537126055817,1.0,0.0666147627181005,0.0462571877412695,0.04201860000982202,0.056236956230317395,0.03716614997161282,0.04232099764916977,0.04361488668197684,0.04381080813954905,0.0427600284448854,0.04059971537920654,0.038384403650267816,0.040479123823788765,0.03880475725207206,0.04035535016770824,0.04137463583248011,0.029960287718911776,0.06231185752475008,0.03433701932529622,0.0463821637814391,0.05366163862458534,0.0666147627181005,0.03604830593262175,0.0392061851506187,0.037294178249550225
