,index,age,target_label,session_id,correct_or_not,target_label_prob,airplane_prob,bear_prob,bike_prob,bird_prob,boat_prob,bowl_prob,car_prob,cat_prob,chair_prob,couch_prob,cup_prob,dog_prob,fish_prob,frog_prob,house_prob,key_prob,person_prob,phone_prob,rabbit_prob,scissors_prob,sheep_prob,train_prob,tree_prob
0,3545,6,couch,run_v31531417799244,0.0,0.05203114485916896,0.04440086396154524,0.03852824034077813,0.04224442498522943,0.03874306953693163,0.03951582492760165,0.037523191512067934,0.0492206585981325,0.042310873748747084,0.0716292210155008,0.05203114485916896,0.060045085896923894,0.03974830983674301,0.03920863948412881,0.03877077102586785,0.037356495522341514,0.03997194097812331,0.03365550010688921,0.051163552090080146,0.043475471823160326,0.04401586730061668,0.040291181442116075,0.042216815846113705,0.033932855161191926
