,index,age,target_label,session_id,correct_or_not,target_label_prob,airplane_prob,bear_prob,bike_prob,bird_prob,boat_prob,bowl_prob,car_prob,cat_prob,chair_prob,couch_prob,cup_prob,dog_prob,fish_prob,frog_prob,house_prob,key_prob,person_prob,phone_prob,rabbit_prob,scissors_prob,sheep_prob,train_prob,tree_prob
0,7739,2,sheep,run_v41539976589709,1.0,0.0628870960426565,0.04396114635551866,0.03629096719191461,0.03873218026976977,0.040613865104767694,0.05383439253911991,0.05153328388192027,0.037273651069947,0.03906742468313189,0.04006475613949041,0.036316855875348726,0.035006651495429766,0.042998731988441445,0.038576067289189074,0.039347663256743756,0.0361741035766152,0.04209386940960857,0.04234815984607736,0.037848533188823974,0.03840853883080772,0.06203822414382204,0.0628870960426565,0.047157394461278035,0.05742644335957771
