,index,age,target_label,session_id,correct_or_not,target_label_prob,airplane_prob,bear_prob,bike_prob,bird_prob,boat_prob,bowl_prob,car_prob,cat_prob,chair_prob,couch_prob,cup_prob,dog_prob,fish_prob,frog_prob,house_prob,key_prob,person_prob,phone_prob,rabbit_prob,scissors_prob,sheep_prob,train_prob,tree_prob
0,4121,5,cup,run_v31534719241030,1.0,0.05242197642955827,0.042498415430766684,0.04378305734792001,0.03704921960650764,0.04357536275573531,0.04623176608543025,0.05068015552691191,0.04519938485741304,0.04065283990353951,0.04141590914496522,0.04423369417178544,0.05242197642955827,0.04292882310528425,0.048107877448326876,0.04521147878383483,0.038700658216862034,0.044806456959677964,0.04158054304705943,0.03869555892085091,0.03955680538641104,0.04224969847429389,0.04197902364503141,0.0425580779108157,0.04588321684101842
