,index,age,target_label,session_id,correct_or_not,target_label_prob,airplane_prob,bear_prob,bike_prob,bird_prob,boat_prob,bowl_prob,car_prob,cat_prob,chair_prob,couch_prob,cup_prob,dog_prob,fish_prob,frog_prob,house_prob,key_prob,person_prob,phone_prob,rabbit_prob,scissors_prob,sheep_prob,train_prob,tree_prob
0,652,8,bear,run_v41541892835344,0.0,0.047616834099451694,0.043388861565733676,0.047616834099451694,0.04412437647751626,0.05537729550767567,0.035286894435274455,0.04062189702343168,0.03614785403566702,0.04438609193599517,0.046338200352271555,0.04070747513083616,0.04068091005369721,0.055892028344182755,0.043567190338724596,0.04563919768452571,0.03500501301748947,0.03844194606697621,0.05259831689433312,0.03440849632226258,0.03428217563434483,0.041191794303045315,0.0540638773719318,0.038119770139040526,0.05211350326559236
