,index,age,target_label,session_id,correct_or_not,target_label_prob,airplane_prob,bear_prob,bike_prob,bird_prob,boat_prob,bowl_prob,car_prob,cat_prob,chair_prob,couch_prob,cup_prob,dog_prob,fish_prob,frog_prob,house_prob,key_prob,person_prob,phone_prob,rabbit_prob,scissors_prob,sheep_prob,train_prob,tree_prob
0,2167,7,bowl,run_v31531338246387,1.0,0.08799748463371398,0.042839659748271385,0.035160237471553835,0.03987212227383039,0.042544170350906296,0.06667989758492632,0.08799748463371398,0.04244508287903237,0.034321311207727453,0.039457805678252855,0.04965682077943386,0.06184967069837002,0.03754617002244313,0.047995766380152904,0.03915666248125853,0.03532481044834621,0.04005786192237283,0.03697403225756105,0.03558904852422688,0.033785208744365886,0.036441778831798624,0.036929350561744165,0.03780203488588524,0.039573011633825955
