,index,age,target_label,session_id,correct_or_not,target_label_prob,airplane_prob,bear_prob,bike_prob,bird_prob,boat_prob,bowl_prob,car_prob,cat_prob,chair_prob,couch_prob,cup_prob,dog_prob,fish_prob,frog_prob,house_prob,key_prob,person_prob,phone_prob,rabbit_prob,scissors_prob,sheep_prob,train_prob,tree_prob
0,5299,2,house,run_v31525990258467,1.0,0.07693778109706108,0.04659548374833695,0.03803157514055923,0.046346910742704486,0.03754185985962001,0.055045659576523,0.030551183106730398,0.045416306355124246,0.040994872473332375,0.04500069382557352,0.05103330831709184,0.04085192552549864,0.037905256239216874,0.03754171304432672,0.038893362619401246,0.07693778109706108,0.041211096614941024,0.04017688267086523,0.03815054559252905,0.04286174961017911,0.04145531977317053,0.04382696879686461,0.04368848019450586,0.03994106507584394
