,index,age,target_label,session_id,correct_or_not,target_label_prob,airplane_prob,bear_prob,bike_prob,bird_prob,boat_prob,bowl_prob,car_prob,cat_prob,chair_prob,couch_prob,cup_prob,dog_prob,fish_prob,frog_prob,house_prob,key_prob,person_prob,phone_prob,rabbit_prob,scissors_prob,sheep_prob,train_prob,tree_prob
0,976,6,bike,run_v31530559902290,1.0,0.06756461490235238,0.05142787869050969,0.04059674371338058,0.06756461490235238,0.039341705609843375,0.042458025094770487,0.0376671916540312,0.050874240210566656,0.035736998965011535,0.042669264073471526,0.04084913403074567,0.04803069755277372,0.04507990571192448,0.04171947506387398,0.04416830616192121,0.04225978364088737,0.03569215389663158,0.040549382677507184,0.03351077110051851,0.046306941911674865,0.0433286413104144,0.05109829003949866,0.04460672736786355,0.03446312661982726
