,index,age,target_label,session_id,correct_or_not,target_label_prob,airplane_prob,bear_prob,bike_prob,bird_prob,boat_prob,bowl_prob,car_prob,cat_prob,chair_prob,couch_prob,cup_prob,dog_prob,fish_prob,frog_prob,house_prob,key_prob,person_prob,phone_prob,rabbit_prob,scissors_prob,sheep_prob,train_prob,tree_prob
0,965,7,bike,run_v31531954185970,1.0,0.0794863433949228,0.053062184777551355,0.038303044985132186,0.0794863433949228,0.036192597740168475,0.06048732923264708,0.040568076927193934,0.04137130783446309,0.043203337658687016,0.04398005266627134,0.037406850073427846,0.04717984760619407,0.042619593595336576,0.04598202752258936,0.04085025842391677,0.032343241278902576,0.04459891602444096,0.03293953427964448,0.03998649734233098,0.040387011850383125,0.04353874790493961,0.039827432759401996,0.04401348107895724,0.03167228504249709
