,index,age,target_label,session_id,correct_or_not,target_label_prob,airplane_prob,bear_prob,bike_prob,bird_prob,boat_prob,bowl_prob,car_prob,cat_prob,chair_prob,couch_prob,cup_prob,dog_prob,fish_prob,frog_prob,house_prob,key_prob,person_prob,phone_prob,rabbit_prob,scissors_prob,sheep_prob,train_prob,tree_prob
0,6871,4,rabbit,run_v31530659023821,0.0,0.038805382238300934,0.042622161265656086,0.04100239768127301,0.047936320576731854,0.054018771685168096,0.041074943017181405,0.03961365252934865,0.05161010718005118,0.04249234131530622,0.037616704849495336,0.040697990342519155,0.040189594203314596,0.05350932550879051,0.052644860949669824,0.04493794725382303,0.037843114126968745,0.04513820603637902,0.03740120241877746,0.03300127497166884,0.038805382238300934,0.03943901237781473,0.05128365620621967,0.04442359818199176,0.04269743508354985
