,index,age,target_label,session_id,correct_or_not,target_label_prob,airplane_prob,bear_prob,bike_prob,bird_prob,boat_prob,bowl_prob,car_prob,cat_prob,chair_prob,couch_prob,cup_prob,dog_prob,fish_prob,frog_prob,house_prob,key_prob,person_prob,phone_prob,rabbit_prob,scissors_prob,sheep_prob,train_prob,tree_prob
0,1991,4,bowl,run_v31528835136686,1.0,0.07866627220094642,0.04186832641932333,0.03845466292164699,0.039263863843551294,0.042356190505095384,0.052112845052494916,0.07866627220094642,0.044934176184274345,0.038642381292977014,0.03937342103922795,0.04742394283787425,0.06496565857297308,0.041384608303023325,0.04440994829490906,0.039141218061165196,0.03488258645601965,0.03833015081834243,0.04103248438135175,0.036444136365758474,0.036938925108471785,0.03940787091858909,0.03768466599871548,0.04759133228674903,0.03469033213651973
