,index,age,target_label,session_id,correct_or_not,target_label_prob,airplane_prob,bear_prob,bike_prob,bird_prob,boat_prob,bowl_prob,car_prob,cat_prob,chair_prob,couch_prob,cup_prob,dog_prob,fish_prob,frog_prob,house_prob,key_prob,person_prob,phone_prob,rabbit_prob,scissors_prob,sheep_prob,train_prob,tree_prob
0,3362,5,chair,run_v31531600409143,0.0,0.050945416304227685,0.03721900395015321,0.039857840420282675,0.04958933140900065,0.04675853648938378,0.034548308038396015,0.035044970227252684,0.047056301565016466,0.04033551045025741,0.050945416304227685,0.06660990601989936,0.0477830628500904,0.04698116842906725,0.0432306991916207,0.03886819966096302,0.0339710320223701,0.04093029017635748,0.037925205437985894,0.03971886338218937,0.03981569938047409,0.039778877703546246,0.04842370462264321,0.04114831842518832,0.05345975384363406
