,index,age,target_label,session_id,correct_or_not,target_label_prob,airplane_prob,bear_prob,bike_prob,bird_prob,boat_prob,bowl_prob,car_prob,cat_prob,chair_prob,couch_prob,cup_prob,dog_prob,fish_prob,frog_prob,house_prob,key_prob,person_prob,phone_prob,rabbit_prob,scissors_prob,sheep_prob,train_prob,tree_prob
0,5769,3,key,run_v41539117499957,0.0,0.038997267522662415,0.039197019862524635,0.042247964888872086,0.042798569213571884,0.03969079347897159,0.05155274465023601,0.07057715649485005,0.04612949025238947,0.036551107996087094,0.04288088864225925,0.04123587184418173,0.04904642496799447,0.03599908242124472,0.04458557434763729,0.04138866508995887,0.03957360816226473,0.038997267522662415,0.042109908601391244,0.05211367056744936,0.03818277476805349,0.037172566984632824,0.04080045585071266,0.04225463088004322,0.044913762512010756
