,index,age,target_label,session_id,correct_or_not,target_label_prob,airplane_prob,bear_prob,bike_prob,bird_prob,boat_prob,bowl_prob,car_prob,cat_prob,chair_prob,couch_prob,cup_prob,dog_prob,fish_prob,frog_prob,house_prob,key_prob,person_prob,phone_prob,rabbit_prob,scissors_prob,sheep_prob,train_prob,tree_prob
0,7663,4,sheep,run_v41540147652298,0.0,0.04685393624810121,0.04542957133203948,0.03874028550216596,0.02995093173419292,0.04430049508368029,0.04580244641817201,0.03803185634005476,0.03773795793510327,0.04423002428801171,0.04200713846789947,0.045806410822564037,0.0356784530075386,0.04064288949160431,0.028953838244888404,0.04457672889290605,0.040232889009067255,0.05285586823220463,0.043877665620907426,0.04600842026732284,0.05698055715618981,0.056205845369647574,0.04685393624810121,0.048032587225169204,0.04706320331056896
