,index,age,target_label,session_id,correct_or_not,target_label_prob,airplane_prob,bear_prob,bike_prob,bird_prob,boat_prob,bowl_prob,car_prob,cat_prob,chair_prob,couch_prob,cup_prob,dog_prob,fish_prob,frog_prob,house_prob,key_prob,person_prob,phone_prob,rabbit_prob,scissors_prob,sheep_prob,train_prob,tree_prob
0,3250,3,chair,run_v31531423486313,1.0,0.09673559472343371,0.036816994616979085,0.03740231738634244,0.04879747272692663,0.03725721361375265,0.04514842519845517,0.03744560217517795,0.03723782458403643,0.03884232270729242,0.09673559472343371,0.042449755827161206,0.03513862845661766,0.03552847118318993,0.042819626702652394,0.03500341973337326,0.07678951086830031,0.038029853711726194,0.047483384590398636,0.052828815647122634,0.03672654391311893,0.03132372605693884,0.034171124206632486,0.04256900120680509,0.03345437016356598
