,index,age,target_label,session_id,correct_or_not,target_label_prob,airplane_prob,bear_prob,bike_prob,bird_prob,boat_prob,bowl_prob,car_prob,cat_prob,chair_prob,couch_prob,cup_prob,dog_prob,fish_prob,frog_prob,house_prob,key_prob,person_prob,phone_prob,rabbit_prob,scissors_prob,sheep_prob,train_prob,tree_prob
0,2973,6,cat,run_v41541797726206,0.0,0.052647046058618606,0.04364912504195155,0.05255089435694376,0.04805237460116052,0.053175535952581204,0.0379592506613599,0.03792875208594425,0.04148023686317427,0.052647046058618606,0.038217468344580986,0.0344628702862639,0.040352605421776225,0.05434995862001198,0.04742706117125391,0.03749650036492063,0.038883002708045906,0.04576494778307755,0.043272999079630003,0.03032880627985625,0.0487500241468324,0.045593332380260115,0.043613417149393735,0.047910920495341486,0.036132870147020886
