,index,age,target_label,session_id,correct_or_not,target_label_prob,airplane_prob,bear_prob,bike_prob,bird_prob,boat_prob,bowl_prob,car_prob,cat_prob,chair_prob,couch_prob,cup_prob,dog_prob,fish_prob,frog_prob,house_prob,key_prob,person_prob,phone_prob,rabbit_prob,scissors_prob,sheep_prob,train_prob,tree_prob
0,885,2,bike,run_v31530383494535,1.0,0.06794830300442625,0.04056904095414784,0.03932215433767629,0.06794830300442625,0.04635185179508659,0.04086104865818229,0.038047278942134506,0.058741641933488756,0.0385789919916672,0.041164260331639176,0.046583785221360176,0.04034642052294897,0.04292068319407275,0.043339219532594744,0.04091003610149968,0.03497918196264411,0.04562367687411357,0.03989620656503752,0.03754192244014668,0.04083636619065423,0.039169498613935864,0.043838603465716844,0.048970619260182924,0.043459208106643145
