,index,age,target_label,session_id,correct_or_not,target_label_prob,airplane_prob,bear_prob,bike_prob,bird_prob,boat_prob,bowl_prob,car_prob,cat_prob,chair_prob,couch_prob,cup_prob,dog_prob,fish_prob,frog_prob,house_prob,key_prob,person_prob,phone_prob,rabbit_prob,scissors_prob,sheep_prob,train_prob,tree_prob
0,6783,6,phone,run_v31531433304716,0.0,0.04152884235233088,0.04869407655594962,0.04222422341982554,0.04472559626144539,0.04543124114390263,0.05041972968899929,0.03811999285411161,0.03990323868085938,0.04226553531925724,0.04142237523214881,0.0403030957400752,0.04075417516174403,0.042303767443339996,0.04529110911478049,0.03761898108319372,0.04117654994086898,0.042521403568522416,0.047997036175606786,0.04152884235233088,0.04232673770129541,0.037447045405569014,0.041451691513770476,0.04903882281973854,0.05703473282266459
