,index,age,target_label,session_id,correct_or_not,target_label_prob,airplane_prob,bear_prob,bike_prob,bird_prob,boat_prob,bowl_prob,car_prob,cat_prob,chair_prob,couch_prob,cup_prob,dog_prob,fish_prob,frog_prob,house_prob,key_prob,person_prob,phone_prob,rabbit_prob,scissors_prob,sheep_prob,train_prob,tree_prob
0,3661,10,couch,run_v31531592466997,1.0,0.0821018387694449,0.04026979649566571,0.036217830107751633,0.050599565310484595,0.03681582727780996,0.04595049274697447,0.039434853496586986,0.05032204449043019,0.03580913141144584,0.0503430801700201,0.0821018387694449,0.04660927525927949,0.034530641129569814,0.037995019491338655,0.03808912614026784,0.038536085165273876,0.041236556822182836,0.03783686280888879,0.037141273242981464,0.04099258279635389,0.03703690076686241,0.038982308802192375,0.058569862359916396,0.04457904493827766
