,index,age,target_label,session_id,correct_or_not,target_label_prob,airplane_prob,bear_prob,bike_prob,bird_prob,boat_prob,bowl_prob,car_prob,cat_prob,chair_prob,couch_prob,cup_prob,dog_prob,fish_prob,frog_prob,house_prob,key_prob,person_prob,phone_prob,rabbit_prob,scissors_prob,sheep_prob,train_prob,tree_prob
0,7956,7,train,run_v41541272274049,0.0,0.05873497211275115,0.04213179063650581,0.03625903484086536,0.09989421493740253,0.03814839265939409,0.04813618223114675,0.04200571780739139,0.047922346080897335,0.04094030554721681,0.031040340985568144,0.033613271215461545,0.04166917126177802,0.030155378027804228,0.03368340134174802,0.03410014299388358,0.03745867028983545,0.05378310783888057,0.038462564439392576,0.05092614197201499,0.0493357818544377,0.04119913145727383,0.029930254314917346,0.05873497211275115,0.040469685153433105
