,index,age,target_label,session_id,correct_or_not,target_label_prob,airplane_prob,bear_prob,bike_prob,bird_prob,boat_prob,bowl_prob,car_prob,cat_prob,chair_prob,couch_prob,cup_prob,dog_prob,fish_prob,frog_prob,house_prob,key_prob,person_prob,phone_prob,rabbit_prob,scissors_prob,sheep_prob,train_prob,tree_prob
0,4274,5,dog,run_v31532560470628,0.0,0.05386823497097309,0.04107290479924065,0.04461284978302434,0.04090302715855937,0.05598806583596132,0.038005919484136334,0.03763095650153032,0.035907628955685625,0.04713161553017387,0.03665017584842599,0.03769743223386087,0.04018432655040352,0.05386823497097309,0.048115415653337226,0.04756410156859562,0.03488167825642133,0.0352029350208248,0.05278424237729214,0.03723181292548891,0.04477013866219485,0.036777205175721334,0.05483057534507307,0.03794268956145457,0.060246067801620874
