,index,age,target_label,session_id,correct_or_not,target_label_prob,airplane_prob,bear_prob,bike_prob,bird_prob,boat_prob,bowl_prob,car_prob,cat_prob,chair_prob,couch_prob,cup_prob,dog_prob,fish_prob,frog_prob,house_prob,key_prob,person_prob,phone_prob,rabbit_prob,scissors_prob,sheep_prob,train_prob,tree_prob
0,2791,7,cat,run_v41537138613105,0.0,0.05315968522933446,0.04194499662132914,0.044786467938729035,0.04552402639038939,0.04784750464357919,0.045050100577771146,0.04364889414012855,0.02848843330581684,0.05315968522933446,0.04106222513731233,0.040700541444648713,0.04065085956303906,0.04668947445375456,0.04108713116845273,0.047720372766356836,0.041930282674018424,0.03949052683813143,0.051020157636929346,0.03644195707991558,0.050421767732127684,0.05668234686908035,0.044415012499749974,0.03669528244262514,0.0345419528467802
