,index,age,target_label,session_id,correct_or_not,target_label_prob,airplane_prob,bear_prob,bike_prob,bird_prob,boat_prob,bowl_prob,car_prob,cat_prob,chair_prob,couch_prob,cup_prob,dog_prob,fish_prob,frog_prob,house_prob,key_prob,person_prob,phone_prob,rabbit_prob,scissors_prob,sheep_prob,train_prob,tree_prob
0,6020,8,key,run_v41541892835344,0.0,0.05081377178277154,0.03995103234899703,0.042052450076832205,0.03802396292242819,0.04224679722213436,0.05299180222097759,0.044039316734080666,0.04523653919574911,0.037882145654844934,0.04336779953152056,0.04099395123477388,0.03859505524161024,0.03977722014737429,0.042494812622533344,0.039348436637667336,0.04343456193043313,0.05081377178277154,0.06782418152150578,0.03552949222050077,0.04419768020612075,0.04322165650018892,0.03794989724966733,0.04077853408457123,0.04924890271271662
