,index,age,target_label,session_id,correct_or_not,target_label_prob,airplane_prob,bear_prob,bike_prob,bird_prob,boat_prob,bowl_prob,car_prob,cat_prob,chair_prob,couch_prob,cup_prob,dog_prob,fish_prob,frog_prob,house_prob,key_prob,person_prob,phone_prob,rabbit_prob,scissors_prob,sheep_prob,train_prob,tree_prob
0,7839,2,sheep,run_v41541377199582,0.0,0.050325997089489226,0.06214284851547986,0.05341585875513059,0.03403392270442336,0.04438480076270473,0.046219798099020125,0.03437968971153768,0.03679305232035015,0.04876646556864276,0.03374321985705113,0.037968202658879645,0.045396499431431106,0.03921694637604095,0.0404730482797832,0.04088980779063218,0.039687423093669204,0.041195653896815856,0.045183141744561624,0.03353480472154914,0.04264586879612215,0.06255936187464367,0.050325997089489226,0.03734229648420359,0.04970129146783807
