,index,age,target_label,session_id,correct_or_not,target_label_prob,airplane_prob,bear_prob,bike_prob,bird_prob,boat_prob,bowl_prob,car_prob,cat_prob,chair_prob,couch_prob,cup_prob,dog_prob,fish_prob,frog_prob,house_prob,key_prob,person_prob,phone_prob,rabbit_prob,scissors_prob,sheep_prob,train_prob,tree_prob
0,5595,5,house,run_v31534186487075,1.0,0.07040765975535908,0.04750291425573263,0.03749598997009731,0.040014996681697945,0.03505537067629584,0.04146179733511259,0.03347293577583892,0.05050873562285973,0.03836874533994958,0.04619789817707515,0.051323462355223455,0.04170874808025553,0.0407927002888798,0.047122866639203724,0.039962347432690205,0.07040765975535908,0.03703779381434827,0.037706812182222445,0.06223525509348737,0.03705579982579826,0.03843926926449137,0.0420350049617917,0.045655378777807676,0.03843751769378149
