,index,age,target_label,session_id,correct_or_not,target_label_prob,airplane_prob,bear_prob,bike_prob,bird_prob,boat_prob,bowl_prob,car_prob,cat_prob,chair_prob,couch_prob,cup_prob,dog_prob,fish_prob,frog_prob,house_prob,key_prob,person_prob,phone_prob,rabbit_prob,scissors_prob,sheep_prob,train_prob,tree_prob
0,2631,6,car,run_v31533670742603,0.0,0.0581592374082277,0.0443148957761309,0.052850098045171476,0.04869807021968484,0.039101871441525035,0.03989420779165327,0.04171688166193891,0.0581592374082277,0.04107239599851451,0.04162740912866846,0.03499091178935038,0.037458080184855955,0.044403323123069736,0.03524771787890405,0.04367864366346587,0.03651118931578039,0.04357826258075811,0.03739047007125284,0.04004595601945299,0.061314821272217414,0.04445515557146109,0.04379662156928286,0.04418382826322415,0.04550995122540905
