,index,age,target_label,session_id,correct_or_not,target_label_prob,airplane_prob,bear_prob,bike_prob,bird_prob,boat_prob,bowl_prob,car_prob,cat_prob,chair_prob,couch_prob,cup_prob,dog_prob,fish_prob,frog_prob,house_prob,key_prob,person_prob,phone_prob,rabbit_prob,scissors_prob,sheep_prob,train_prob,tree_prob
0,7105,4,rabbit,run_v31530478539938,0.0,0.04083953462520302,0.053359280004845376,0.03934618425649703,0.030131987036430056,0.043238214838375554,0.03899432316861787,0.04270769350992924,0.036835134678110705,0.04359614140925762,0.03632220343978374,0.04683887109001285,0.034041297405082174,0.04279113972531603,0.04978972912230681,0.04024546492716041,0.04165161180553654,0.042236605309885177,0.04793704011754428,0.04397173411299152,0.04083953462520302,0.052667569013053354,0.051058316527738484,0.04531674569527273,0.05608317818104942
