,index,age,target_label,session_id,correct_or_not,target_label_prob,airplane_prob,bear_prob,bike_prob,bird_prob,boat_prob,bowl_prob,car_prob,cat_prob,chair_prob,couch_prob,cup_prob,dog_prob,fish_prob,frog_prob,house_prob,key_prob,person_prob,phone_prob,rabbit_prob,scissors_prob,sheep_prob,train_prob,tree_prob
0,4855,10,fish,run_v31535325523602,1.0,0.06282206297961085,0.046670335932905385,0.03966336958276309,0.04749021167633573,0.04036628071438169,0.04783636963087279,0.05450637020129008,0.04387228382265418,0.04118835587510557,0.0372371968735579,0.04345686254536268,0.05632941242917128,0.043005467502038444,0.06282206297961085,0.03853964013470767,0.03892800911186115,0.04746948567170926,0.03776169695247144,0.03378897336667338,0.038549876271633164,0.04528369159468491,0.0384021293478776,0.04202799903629696,0.034803918746034945
