,index,age,target_label,session_id,correct_or_not,target_label_prob,airplane_prob,bear_prob,bike_prob,bird_prob,boat_prob,bowl_prob,car_prob,cat_prob,chair_prob,couch_prob,cup_prob,dog_prob,fish_prob,frog_prob,house_prob,key_prob,person_prob,phone_prob,rabbit_prob,scissors_prob,sheep_prob,train_prob,tree_prob
0,188,5,airplane,run_v31531521447859,1.0,0.06696095439531828,0.06696095439531828,0.04523028166550416,0.03455737945021216,0.04249165826749159,0.06388117256324366,0.03602060917282577,0.03675101212939059,0.0462614262433025,0.05072570624025434,0.04489910933424189,0.03746588723022972,0.039279812471628456,0.03892670286105414,0.03914577562217018,0.042518043260609165,0.042204758742806825,0.03474748281580451,0.03488876840412259,0.03980782697678361,0.04433968424322103,0.04415498861426554,0.043919708993872764,0.05082125030164649
