,index,age,target_label,session_id,correct_or_not,target_label_prob,airplane_prob,bear_prob,bike_prob,bird_prob,boat_prob,bowl_prob,car_prob,cat_prob,chair_prob,couch_prob,cup_prob,dog_prob,fish_prob,frog_prob,house_prob,key_prob,person_prob,phone_prob,rabbit_prob,scissors_prob,sheep_prob,train_prob,tree_prob
0,4695,7,fish,run_v31533766098847,0.0,0.050048458161937426,0.038824300280837776,0.045672856761684796,0.040593164350740826,0.039174961094666304,0.04197914881169553,0.054941215895431786,0.04216229041064063,0.04010996071971921,0.04481665578375223,0.04071922464640222,0.04434555983250742,0.0445976669628547,0.050048458161937426,0.05260541019729809,0.03739901387775913,0.0582511382933207,0.03622714766108268,0.041539357891590536,0.04268935737847686,0.04544446377762826,0.04109512711354249,0.04234236206060248,0.03442115803582811
