,index,age,target_label,session_id,correct_or_not,target_label_prob,airplane_prob,bear_prob,bike_prob,bird_prob,boat_prob,bowl_prob,car_prob,cat_prob,chair_prob,couch_prob,cup_prob,dog_prob,fish_prob,frog_prob,house_prob,key_prob,person_prob,phone_prob,rabbit_prob,scissors_prob,sheep_prob,train_prob,tree_prob
0,609,8,bear,run_v41541970057187,0.0,0.04500153078576967,0.04166945457848831,0.04500153078576967,0.04276396550142669,0.047014525125797416,0.0409440249678417,0.041588463966490456,0.04188789489416899,0.04889692887160408,0.04051681888449132,0.0422772119238709,0.039525900648121934,0.046757495992661366,0.045721272190788066,0.04553073708118498,0.03859601853004064,0.042868143226617465,0.04464415316491634,0.03929167040592026,0.03864509716893543,0.03708815565250548,0.04976095786054811,0.049312969887286076,0.04969660869052436
