,index,age,target_label,session_id,correct_or_not,target_label_prob,airplane_prob,bear_prob,bike_prob,bird_prob,boat_prob,bowl_prob,car_prob,cat_prob,chair_prob,couch_prob,cup_prob,dog_prob,fish_prob,frog_prob,house_prob,key_prob,person_prob,phone_prob,rabbit_prob,scissors_prob,sheep_prob,train_prob,tree_prob
0,2534,3,car,run_v31526154337782,0.0,0.04674191181410577,0.03567583667284015,0.046738342770898826,0.03657558958173905,0.038693789761482335,0.04152625069501147,0.041057421683727634,0.04674191181410577,0.04508795428833673,0.03758025823710318,0.04118912909862263,0.038937682931716414,0.04420257373592607,0.039280047301384576,0.04451476543153907,0.04621705110725555,0.046519199437180844,0.03645729274913362,0.050659878750483826,0.05812425063531376,0.04658548466539443,0.04253798224498774,0.04083913643555351,0.05425816997026291
