,index,age,target_label,session_id,correct_or_not,target_label_prob,airplane_prob,bear_prob,bike_prob,bird_prob,boat_prob,bowl_prob,car_prob,cat_prob,chair_prob,couch_prob,cup_prob,dog_prob,fish_prob,frog_prob,house_prob,key_prob,person_prob,phone_prob,rabbit_prob,scissors_prob,sheep_prob,train_prob,tree_prob
0,3871,5,cup,run_v31534268537168,0.0,0.0469717518835202,0.03903689438461374,0.039947639044862676,0.030587605032025525,0.038147139514323594,0.04332723390566603,0.051099385180103665,0.03533836633466879,0.046496299993951704,0.04740432010372225,0.057106033958789694,0.0469717518835202,0.043612694278219045,0.0401393078493572,0.05170394067167424,0.0432722395892554,0.041704148176429374,0.031347854597387634,0.05445412368091139,0.03974114996238948,0.05066118297493234,0.04427196303004426,0.04541860517819329,0.03821012067495843
