,index,age,target_label,session_id,correct_or_not,target_label_prob,airplane_prob,bear_prob,bike_prob,bird_prob,boat_prob,bowl_prob,car_prob,cat_prob,chair_prob,couch_prob,cup_prob,dog_prob,fish_prob,frog_prob,house_prob,key_prob,person_prob,phone_prob,rabbit_prob,scissors_prob,sheep_prob,train_prob,tree_prob
0,4588,4,fish,run_v31534875113287,1.0,0.05756619388980506,0.047318926225709046,0.04161309846029152,0.05049788754301955,0.046677529382451156,0.043127160984795826,0.04426764729598493,0.04465360428108393,0.0456363339030949,0.034689888395564444,0.03539765001356229,0.04969214819019315,0.0448593527349722,0.05756619388980506,0.04391652532804683,0.03374938336908255,0.052115442804620354,0.04307293687115972,0.032825533450010554,0.03816793693785441,0.055010636848061234,0.03616525370195746,0.04388505542388925,0.03509387396478979
