,index,age,target_label,session_id,correct_or_not,target_label_prob,airplane_prob,bear_prob,bike_prob,bird_prob,boat_prob,bowl_prob,car_prob,cat_prob,chair_prob,couch_prob,cup_prob,dog_prob,fish_prob,frog_prob,house_prob,key_prob,person_prob,phone_prob,rabbit_prob,scissors_prob,sheep_prob,train_prob,tree_prob
0,1966,4,bowl,run_v31531609488118,1.0,0.05917851946610287,0.04122713575821512,0.04032421548969652,0.03845952182595526,0.042119140314094874,0.038976823739191466,0.05917851946610287,0.05492656660476255,0.03703723152492469,0.041457519302218665,0.04273909740131991,0.05320723899044016,0.04241141162772501,0.05018516722588406,0.041981305033818715,0.03775610762889089,0.047770831764880346,0.038258119601037054,0.04559128520227222,0.0383960036197984,0.045749689436806226,0.0387788138845314,0.043247892141663975,0.04022036241576959
