,index,age,target_label,session_id,correct_or_not,target_label_prob,airplane_prob,bear_prob,bike_prob,bird_prob,boat_prob,bowl_prob,car_prob,cat_prob,chair_prob,couch_prob,cup_prob,dog_prob,fish_prob,frog_prob,house_prob,key_prob,person_prob,phone_prob,rabbit_prob,scissors_prob,sheep_prob,train_prob,tree_prob
0,1787,10,boat,run_v31533940808652,1.0,0.08365969155628473,0.05480100920931474,0.03845909388386177,0.03867539944423831,0.04323618619359225,0.08365969155628473,0.059923194418073436,0.03761150622101793,0.0403901365543377,0.04625146148224184,0.035760803352547825,0.04383383486188506,0.038652640583554686,0.04449724502862178,0.03804241491963178,0.04561009541916555,0.0409772776230235,0.04195328237509807,0.03420579775042283,0.037272472356188135,0.03968664610890213,0.04286405016052627,0.03667223107589129,0.036963529421578274
