,index,age,target_label,session_id,correct_or_not,target_label_prob,airplane_prob,bear_prob,bike_prob,bird_prob,boat_prob,bowl_prob,car_prob,cat_prob,chair_prob,couch_prob,cup_prob,dog_prob,fish_prob,frog_prob,house_prob,key_prob,person_prob,phone_prob,rabbit_prob,scissors_prob,sheep_prob,train_prob,tree_prob
0,5619,8,house,run_v31533422134475,0.0,0.05786156343145252,0.03827784443134271,0.038437648191106205,0.056328414149467806,0.03674780632066792,0.05979501842018255,0.03648830318745953,0.04052122551662779,0.03825209753855209,0.0757351956850784,0.052779665478186626,0.033861587561675545,0.04192200787060176,0.034689183400607684,0.03926316097880828,0.05786156343145252,0.039956246373794954,0.04151938318385716,0.0362506102425334,0.03664564693238651,0.03375648651840421,0.03756388767777438,0.05522717424291372,0.03811984266651817
