,index,age,target_label,session_id,correct_or_not,target_label_prob,airplane_prob,bear_prob,bike_prob,bird_prob,boat_prob,bowl_prob,car_prob,cat_prob,chair_prob,couch_prob,cup_prob,dog_prob,fish_prob,frog_prob,house_prob,key_prob,person_prob,phone_prob,rabbit_prob,scissors_prob,sheep_prob,train_prob,tree_prob
0,4294,3,dog,run_v31533147248561,0.0,0.036486416099546885,0.03842603882489662,0.040968332681677336,0.0489735381382019,0.040098813417308754,0.03999857855645191,0.04697733521828673,0.050729362560307044,0.038232480916229925,0.0234069268122569,0.033057641365285204,0.046363828018360385,0.036486416099546885,0.04602930805614929,0.04217124303949576,0.06271174961130567,0.04790903998505463,0.03855161198816291,0.05836812201967702,0.03871165959718459,0.055639964698384684,0.03610676670580838,0.047244532261817115,0.042836709428150245
