,index,age,target_label,session_id,correct_or_not,target_label_prob,airplane_prob,bear_prob,bike_prob,bird_prob,boat_prob,bowl_prob,car_prob,cat_prob,chair_prob,couch_prob,cup_prob,dog_prob,fish_prob,frog_prob,house_prob,key_prob,person_prob,phone_prob,rabbit_prob,scissors_prob,sheep_prob,train_prob,tree_prob
0,3210,5,chair,run_v31531868519222,1.0,0.08709398739560821,0.038892227199412474,0.042316256090694455,0.03772998454944727,0.032822747003810646,0.0541632817020237,0.04361348675847271,0.04159952495650614,0.03547242451249722,0.08709398739560821,0.049805639109426134,0.03936892363220004,0.03810810988149342,0.03588740180579733,0.043213158257626054,0.0379499573648306,0.045213953468683,0.0450301536629619,0.04604569007652813,0.03840923567498537,0.03524136701695429,0.040085198721831486,0.04491686502827338,0.047020426129936
