,index,age,target_label,session_id,correct_or_not,target_label_prob,airplane_prob,bear_prob,bike_prob,bird_prob,boat_prob,bowl_prob,car_prob,cat_prob,chair_prob,couch_prob,cup_prob,dog_prob,fish_prob,frog_prob,house_prob,key_prob,person_prob,phone_prob,rabbit_prob,scissors_prob,sheep_prob,train_prob,tree_prob
0,2309,4,car,run_v31535918800613,0.0,0.0614526660646832,0.04419325118865366,0.03969647351845054,0.04477614298388717,0.045137227281676774,0.03455022138081645,0.042518342285661904,0.0614526660646832,0.040265254171197175,0.0448405469798848,0.04597184199293822,0.03524584018788474,0.03917325046933174,0.03673158675439585,0.03846536769034071,0.08344586114091383,0.04317191873375825,0.039152094543933966,0.02936416760309267,0.04664622835400067,0.04168428336139295,0.04472425594532043,0.0465173039401326,0.032275873427651675
