,index,age,target_label,session_id,correct_or_not,target_label_prob,airplane_prob,bear_prob,bike_prob,bird_prob,boat_prob,bowl_prob,car_prob,cat_prob,chair_prob,couch_prob,cup_prob,dog_prob,fish_prob,frog_prob,house_prob,key_prob,person_prob,phone_prob,rabbit_prob,scissors_prob,sheep_prob,train_prob,tree_prob
0,1171,4,bird,run_v31530481705566,0.0,0.0569446416797894,0.04653898085392679,0.047517106786902366,0.046391315550385726,0.0569446416797894,0.043147157714722245,0.03828138869765525,0.03376232062645424,0.054641991325945195,0.0395446607519874,0.03378086121116095,0.037611490319841574,0.050089926745753174,0.04367861281004283,0.04839465444274129,0.03580540764671932,0.03787656753460148,0.0578439446995072,0.034077569826450854,0.05117391554866793,0.04059606550663793,0.04663816532287391,0.035798299590994884,0.039864954806238063
