,index,age,target_label,session_id,correct_or_not,target_label_prob,airplane_prob,bear_prob,bike_prob,bird_prob,boat_prob,bowl_prob,car_prob,cat_prob,chair_prob,couch_prob,cup_prob,dog_prob,fish_prob,frog_prob,house_prob,key_prob,person_prob,phone_prob,rabbit_prob,scissors_prob,sheep_prob,train_prob,tree_prob
0,2492,5,car,run_v31532639150758,1.0,0.05850432020504095,0.039898098419135844,0.04863879159613633,0.03678212094640954,0.041386922733597106,0.03719449560129522,0.04798173393376518,0.05850432020504095,0.045187923550400126,0.03699424275825356,0.041503035491467354,0.03889665293327578,0.04682131614784818,0.05089908889903331,0.044474680804237054,0.0414647548102814,0.04025749873058532,0.040323973802564674,0.039348949350736226,0.04088533124206749,0.0416954914971937,0.05234867762643871,0.040657367650186876,0.04785453127005002
