,index,age,target_label,session_id,correct_or_not,target_label_prob,airplane_prob,bear_prob,bike_prob,bird_prob,boat_prob,bowl_prob,car_prob,cat_prob,chair_prob,couch_prob,cup_prob,dog_prob,fish_prob,frog_prob,house_prob,key_prob,person_prob,phone_prob,rabbit_prob,scissors_prob,sheep_prob,train_prob,tree_prob
0,2638,2,car,run_v31532815776934,0.0,0.045422471114410216,0.048806687575495,0.04067156921362077,0.050925885267877544,0.05551603049315515,0.044647684140740905,0.03655069066811869,0.045422471114410216,0.04793269699381435,0.039832077277110814,0.04121775816924265,0.03836550966533158,0.04302856510198334,0.04373791347580384,0.04437187717721292,0.038648419708337975,0.03704095662717133,0.047773399543283676,0.03994148763962591,0.03967696922157959,0.04108085670347754,0.04244263078842276,0.04699490431081293,0.04537295912337053
