,index,age,target_label,session_id,correct_or_not,target_label_prob,airplane_prob,bear_prob,bike_prob,bird_prob,boat_prob,bowl_prob,car_prob,cat_prob,chair_prob,couch_prob,cup_prob,dog_prob,fish_prob,frog_prob,house_prob,key_prob,person_prob,phone_prob,rabbit_prob,scissors_prob,sheep_prob,train_prob,tree_prob
0,2922,6,cat,run_v41536781689732,0.0,0.05791466468289474,0.04922283593052127,0.03728101273796676,0.046241364928880244,0.04428638964624989,0.04352315852715645,0.03692527736180253,0.040018690393568764,0.05791466468289474,0.034450864560874,0.03347873621802854,0.03945371097471387,0.041483934354346275,0.041566898935346465,0.03635679653074586,0.037994880503552785,0.05391155785017317,0.03747811867898661,0.05957009615710139,0.05911785743617691,0.0500449049988138,0.03628257724092992,0.04735448570541307,0.03604118564575682
