,index,age,target_label,session_id,correct_or_not,target_label_prob,airplane_prob,bear_prob,bike_prob,bird_prob,boat_prob,bowl_prob,car_prob,cat_prob,chair_prob,couch_prob,cup_prob,dog_prob,fish_prob,frog_prob,house_prob,key_prob,person_prob,phone_prob,rabbit_prob,scissors_prob,sheep_prob,train_prob,tree_prob
0,4359,6,dog,run_v31526240601849,0.0,0.04154752204682222,0.04472178341211719,0.048762494207959514,0.04824550248640823,0.04252302046813923,0.036316902335071295,0.040956792088346225,0.06144448785714214,0.040995437671883454,0.03886489250441852,0.03276584000710332,0.038840423763960984,0.04154752204682222,0.03551892622198627,0.04289281630617305,0.04101642163079418,0.042460725673702376,0.04675685311854177,0.04049916219056729,0.04741918869788235,0.044866099762973184,0.05858890259061255,0.037551424388291704,0.046444380569103084
