,index,age,target_label,session_id,correct_or_not,target_label_prob,airplane_prob,bear_prob,bike_prob,bird_prob,boat_prob,bowl_prob,car_prob,cat_prob,chair_prob,couch_prob,cup_prob,dog_prob,fish_prob,frog_prob,house_prob,key_prob,person_prob,phone_prob,rabbit_prob,scissors_prob,sheep_prob,train_prob,tree_prob
0,2174,8,bowl,run_v31528406399205,0.0,0.05059941032899756,0.05066299012202769,0.03859198362906135,0.04324781056862203,0.04022184821544391,0.05367985496129808,0.05059941032899756,0.03896860046515309,0.03989374016976198,0.04013993586851303,0.04183954446476647,0.0527765972240541,0.04038669183199505,0.04902893062314401,0.03621584531698319,0.049344277696505415,0.03849293355629481,0.03292469559436117,0.03965460954724343,0.046478133853952296,0.044315036635922934,0.0409558055602744,0.045373649029471434,0.04620707473615252
