,index,age,target_label,session_id,correct_or_not,target_label_prob,airplane_prob,bear_prob,bike_prob,bird_prob,boat_prob,bowl_prob,car_prob,cat_prob,chair_prob,couch_prob,cup_prob,dog_prob,fish_prob,frog_prob,house_prob,key_prob,person_prob,phone_prob,rabbit_prob,scissors_prob,sheep_prob,train_prob,tree_prob
0,383,5,bear,run_v41542056011608,1.0,0.06698668152597187,0.035634846886451924,0.06698668152597187,0.04491109366394127,0.04726431605911578,0.03741986439807916,0.03536244458495593,0.03728674223162669,0.05064492441520579,0.0382951772695149,0.03707464565356099,0.03543425987747428,0.04874844647140925,0.03449985460400052,0.047189954008880805,0.03927229438141087,0.04278647136349984,0.044821696222368854,0.036307093117526515,0.05465353015948405,0.043463892966436005,0.050960488673129856,0.04215808438896129,0.048823197076993556
