,index,age,target_label,session_id,correct_or_not,target_label_prob,airplane_prob,bear_prob,bike_prob,bird_prob,boat_prob,bowl_prob,car_prob,cat_prob,chair_prob,couch_prob,cup_prob,dog_prob,fish_prob,frog_prob,house_prob,key_prob,person_prob,phone_prob,rabbit_prob,scissors_prob,sheep_prob,train_prob,tree_prob
0,196,6,airplane,run_v31531848222253,0.0,0.04356259205124806,0.04356259205124806,0.0460740736873732,0.03787969058335278,0.04038674322764108,0.05999999987404298,0.05348904156572466,0.034289755727728626,0.051833251798912454,0.04133917986343451,0.046170043877002236,0.04629698867161134,0.039351641709782004,0.05520176296978788,0.04107916509491061,0.042621829119163596,0.032786320348059395,0.03935835838610045,0.04176651286070247,0.041607404674065505,0.03302343375820872,0.040132833961286224,0.05373230266363197,0.038017073526229364
