,index,age,target_label,session_id,correct_or_not,target_label_prob,airplane_prob,bear_prob,bike_prob,bird_prob,boat_prob,bowl_prob,car_prob,cat_prob,chair_prob,couch_prob,cup_prob,dog_prob,fish_prob,frog_prob,house_prob,key_prob,person_prob,phone_prob,rabbit_prob,scissors_prob,sheep_prob,train_prob,tree_prob
0,2656,4,cat,run_v41540320464830,1.0,0.06303008282845993,0.040711374355333806,0.041451708693065255,0.0381786037993791,0.04090655601118512,0.0533645732007272,0.037863190734519624,0.03733561653844261,0.06303008282845993,0.04499345347271157,0.036257969769953144,0.03911041725561601,0.04549683135191048,0.05209262391162287,0.04493634852826032,0.0390880256839999,0.030784181217984416,0.036809048129995324,0.03323217499490419,0.05406226181427539,0.052336695815917884,0.0504093102574786,0.04995900451500501,0.03758994711925236
