,index,age,target_label,session_id,correct_or_not,target_label_prob,airplane_prob,bear_prob,bike_prob,bird_prob,boat_prob,bowl_prob,car_prob,cat_prob,chair_prob,couch_prob,cup_prob,dog_prob,fish_prob,frog_prob,house_prob,key_prob,person_prob,phone_prob,rabbit_prob,scissors_prob,sheep_prob,train_prob,tree_prob
0,7043,8,rabbit,run_v31531511496550,0.0,0.04967716924868788,0.04128564810326466,0.059244391619102374,0.04667829212274751,0.0426520546427544,0.03786889968386081,0.041487816063419586,0.03879591114685033,0.047827769869671515,0.04213627575777878,0.03618319154264033,0.04317689555879402,0.04497274157260407,0.03918539810304754,0.0483502096069613,0.03417201563891177,0.04749334143229736,0.04402527047140615,0.040583900688508076,0.04967716924868788,0.0415230340767188,0.043690490486252384,0.044901988994330004,0.04408729356939062
