,index,age,target_label,session_id,correct_or_not,target_label_prob,airplane_prob,bear_prob,bike_prob,bird_prob,boat_prob,bowl_prob,car_prob,cat_prob,chair_prob,couch_prob,cup_prob,dog_prob,fish_prob,frog_prob,house_prob,key_prob,person_prob,phone_prob,rabbit_prob,scissors_prob,sheep_prob,train_prob,tree_prob
0,5728,3,key,run_v41537641336880,1.0,0.059661413046376906,0.041986045781001416,0.04487849605476455,0.038390137510287324,0.039738266406608796,0.04147448892288529,0.04753925096188376,0.03568562605578083,0.038148916511392815,0.04652138556965657,0.039153305677534965,0.04995992968661796,0.03984850610444541,0.03386693302037284,0.04042801001703554,0.03310550236687656,0.059661413046376906,0.0457239488929339,0.051030015734465514,0.05069191422513924,0.04637147078547006,0.038843119242941086,0.03922047110468755,0.05773284632084113
