,index,age,target_label,session_id,correct_or_not,target_label_prob,airplane_prob,bear_prob,bike_prob,bird_prob,boat_prob,bowl_prob,car_prob,cat_prob,chair_prob,couch_prob,cup_prob,dog_prob,fish_prob,frog_prob,house_prob,key_prob,person_prob,phone_prob,rabbit_prob,scissors_prob,sheep_prob,train_prob,tree_prob
0,2686,6,cat,run_v41537641718492,0.0,0.05835076254266682,0.0372609171875896,0.05289702993989335,0.03651377468293435,0.04837443451718497,0.043959563762836384,0.03559245241924556,0.03557211302017923,0.05835076254266682,0.0394075264278771,0.03920186982624806,0.03684706506995121,0.051398317003734824,0.052068819511726226,0.05985873530026274,0.03823630670956978,0.03773334400564949,0.04372481999419919,0.04130003085828111,0.04639154103854091,0.03725350775202999,0.05360065603505665,0.04019564059268779,0.03426077180165477
