,index,age,target_label,session_id,correct_or_not,target_label_prob,airplane_prob,bear_prob,bike_prob,bird_prob,boat_prob,bowl_prob,car_prob,cat_prob,chair_prob,couch_prob,cup_prob,dog_prob,fish_prob,frog_prob,house_prob,key_prob,person_prob,phone_prob,rabbit_prob,scissors_prob,sheep_prob,train_prob,tree_prob
0,8652,6,tree,run_v31533243618682,1.0,0.0722413660202397,0.04174296368228433,0.04092412846445076,0.049585868314956226,0.04346439079269578,0.04118090096363169,0.0370042856252094,0.045595405516677276,0.03568324255438083,0.040032603431494854,0.04368163477101247,0.04302819754945355,0.039746498638884395,0.037457243332900375,0.04288356093793663,0.03886105223345154,0.04893471569181797,0.04456297191943596,0.04995714087548515,0.042052484351505555,0.03740894199629786,0.040983968791144465,0.042986433544653056,0.0722413660202397
