,index,age,target_label,session_id,correct_or_not,target_label_prob,airplane_prob,bear_prob,bike_prob,bird_prob,boat_prob,bowl_prob,car_prob,cat_prob,chair_prob,couch_prob,cup_prob,dog_prob,fish_prob,frog_prob,house_prob,key_prob,person_prob,phone_prob,rabbit_prob,scissors_prob,sheep_prob,train_prob,tree_prob
0,6050,5,person,run_v31533063333125,0.0,0.05933607754411658,0.03876836782000206,0.046927830235578616,0.04874416560958632,0.04653730743663809,0.04223962332436637,0.04098913160559538,0.042379997410889464,0.04300981042626725,0.043671158794882016,0.04027276792367841,0.03656560529360013,0.04724246214909768,0.04219486971432648,0.044625871776835094,0.04180445973834688,0.03874147085110238,0.05933607754411658,0.03317414523491009,0.039594992838182824,0.03449527990016436,0.04238832758200298,0.04681308472853016,0.05948319206130059
