,index,age,target_label,session_id,correct_or_not,target_label_prob,airplane_prob,bear_prob,bike_prob,bird_prob,boat_prob,bowl_prob,car_prob,cat_prob,chair_prob,couch_prob,cup_prob,dog_prob,fish_prob,frog_prob,house_prob,key_prob,person_prob,phone_prob,rabbit_prob,scissors_prob,sheep_prob,train_prob,tree_prob
0,2143,5,bowl,run_v31531943456950,1.0,0.10711406473422032,0.029453740411047806,0.042354689660441466,0.031040784040915814,0.033141275856897266,0.06718622064047597,0.10711406473422032,0.031204660661796068,0.04655074559841486,0.0344169610195997,0.0756614617752627,0.037742703295601414,0.037828501401810176,0.03338853852482625,0.033269320415878656,0.050491364057937506,0.040378745510523915,0.03685498454617275,0.027917862003055648,0.046656132463329086,0.036396761439805136,0.03835249379172305,0.045460430602474254,0.03713755754779012
