,index,age,target_label,session_id,correct_or_not,target_label_prob,airplane_prob,bear_prob,bike_prob,bird_prob,boat_prob,bowl_prob,car_prob,cat_prob,chair_prob,couch_prob,cup_prob,dog_prob,fish_prob,frog_prob,house_prob,key_prob,person_prob,phone_prob,rabbit_prob,scissors_prob,sheep_prob,train_prob,tree_prob
0,7209,2,scissors,run_v41540415660058,0.0,0.05307503360202186,0.04826852640897022,0.03837711239365887,0.06283999305095747,0.03975483170378918,0.04825789150324327,0.039269329057258724,0.05522304188261169,0.035592706138999876,0.04375587058112849,0.036829119681066357,0.03344352933538956,0.03906440445239599,0.03998819465400947,0.03299018607700131,0.04094497164149278,0.04923727355039382,0.05404764279679924,0.0427623062933999,0.03671030392638374,0.05307503360202186,0.03909540158413428,0.04687299072364235,0.04359933896125172
