,index,age,target_label,session_id,correct_or_not,target_label_prob,airplane_prob,bear_prob,bike_prob,bird_prob,boat_prob,bowl_prob,car_prob,cat_prob,chair_prob,couch_prob,cup_prob,dog_prob,fish_prob,frog_prob,house_prob,key_prob,person_prob,phone_prob,rabbit_prob,scissors_prob,sheep_prob,train_prob,tree_prob
0,4377,6,dog,run_v31533065061260,0.0,0.04922197121184455,0.043679409818000794,0.04715187132103693,0.050612545116927594,0.04227693104171709,0.04402149817634066,0.04093543612559895,0.05371097308328371,0.04612602325003684,0.0407412722498119,0.04182673453885226,0.03569682646193494,0.04922197121184455,0.0456231420158777,0.04722360019254164,0.03376626355932275,0.0411391017755664,0.038663692397632114,0.034393987435369366,0.048570789990516054,0.04867108793250458,0.04473324922097558,0.04400807832372248,0.03720551476058512
