,index,age,target_label,session_id,correct_or_not,target_label_prob,airplane_prob,bear_prob,bike_prob,bird_prob,boat_prob,bowl_prob,car_prob,cat_prob,chair_prob,couch_prob,cup_prob,dog_prob,fish_prob,frog_prob,house_prob,key_prob,person_prob,phone_prob,rabbit_prob,scissors_prob,sheep_prob,train_prob,tree_prob
0,2001,5,bowl,run_v31532212066778,1.0,0.06858265929336199,0.037959368737940063,0.03932823184251862,0.045055939843939685,0.04394691515113672,0.04761395152373932,0.06858265929336199,0.054750535724853645,0.03767606080073464,0.03836066383821257,0.04003923919641062,0.043702443413674415,0.04120621032969674,0.04835482245235685,0.04222757354480507,0.04043721479117123,0.044016113241876334,0.04416974822680938,0.04077649770828046,0.03986576149350884,0.03612582179352751,0.03916955716106135,0.04308120926886419,0.04355346062151987
