,index,age,target_label,session_id,correct_or_not,target_label_prob,airplane_prob,bear_prob,bike_prob,bird_prob,boat_prob,bowl_prob,car_prob,cat_prob,chair_prob,couch_prob,cup_prob,dog_prob,fish_prob,frog_prob,house_prob,key_prob,person_prob,phone_prob,rabbit_prob,scissors_prob,sheep_prob,train_prob,tree_prob
0,5573,5,house,run_v31534445290775,1.0,0.052972933367457876,0.04523381156159732,0.040622172549261655,0.037919714016359636,0.04121601065615371,0.04572051565766974,0.04112045308174525,0.038891378446033145,0.04399226238312518,0.04775060697350915,0.04623810471905337,0.041675114194839165,0.04120272234307126,0.04308894110309356,0.043901334659087715,0.052972933367457876,0.04072195230857283,0.036878247756446624,0.045837059153557715,0.04590900551586209,0.05174173728404869,0.044916396994009414,0.04249335750717566,0.03995616776826907
