,index,age,target_label,session_id,correct_or_not,target_label_prob,airplane_prob,bear_prob,bike_prob,bird_prob,boat_prob,bowl_prob,car_prob,cat_prob,chair_prob,couch_prob,cup_prob,dog_prob,fish_prob,frog_prob,house_prob,key_prob,person_prob,phone_prob,rabbit_prob,scissors_prob,sheep_prob,train_prob,tree_prob
0,2170,10,bowl,run_v31529617799237,1.0,0.0808284903659895,0.04145343266127764,0.04006778337829813,0.03650806600225395,0.033351233744480464,0.055954201921241495,0.0808284903659895,0.035092578670547776,0.03969896996481181,0.029476612597044594,0.0462084427927933,0.061547195034234385,0.035424243032193735,0.034852141213810604,0.04168836901649825,0.061923768372486435,0.046869132999710406,0.045183660562586235,0.03266573432714804,0.04063734844523125,0.04351982733374247,0.03911524024351411,0.03904664719488527,0.03888688012522045
