,index,age,target_label,session_id,correct_or_not,target_label_prob,airplane_prob,bear_prob,bike_prob,bird_prob,boat_prob,bowl_prob,car_prob,cat_prob,chair_prob,couch_prob,cup_prob,dog_prob,fish_prob,frog_prob,house_prob,key_prob,person_prob,phone_prob,rabbit_prob,scissors_prob,sheep_prob,train_prob,tree_prob
0,407,4,bear,run_v41536957678876,0.0,0.04400825349688091,0.04716802705918188,0.04400825349688091,0.0453481362167096,0.051420722504111525,0.039858366860240906,0.03656437519526387,0.04460404817312234,0.04344270003496636,0.05380430597103541,0.040038862685219966,0.04098862169998151,0.044131414921800914,0.045768113731714535,0.0404002801952976,0.04374588164747172,0.0383275529905348,0.04812162250211174,0.03495204183148784,0.04094568227839585,0.037377701572400106,0.04584939171187886,0.04017191462214006,0.05296198209805163
