,index,age,target_label,session_id,correct_or_not,target_label_prob,airplane_prob,bear_prob,bike_prob,bird_prob,boat_prob,bowl_prob,car_prob,cat_prob,chair_prob,couch_prob,cup_prob,dog_prob,fish_prob,frog_prob,house_prob,key_prob,person_prob,phone_prob,rabbit_prob,scissors_prob,sheep_prob,train_prob,tree_prob
0,724,5,bear,run_v41541893747477,0.0,0.05031948418815512,0.047513581196676064,0.05031948418815512,0.03588739026210777,0.04499570364548715,0.0319485617908857,0.04013257672345257,0.03686555063047593,0.046914354856250194,0.03902785038472447,0.04094725684083181,0.04774646186557084,0.04146884615262091,0.04266034209754951,0.04085125593031251,0.038854434082947,0.04466581049025049,0.0692386746242385,0.03473063009111449,0.0371114562130775,0.045979479161214525,0.0468013444305256,0.0362824194288286,0.05905653491270294
