,index,age,target_label,session_id,correct_or_not,target_label_prob,airplane_prob,bear_prob,bike_prob,bird_prob,boat_prob,bowl_prob,car_prob,cat_prob,chair_prob,couch_prob,cup_prob,dog_prob,fish_prob,frog_prob,house_prob,key_prob,person_prob,phone_prob,rabbit_prob,scissors_prob,sheep_prob,train_prob,tree_prob
0,5803,5,key,run_v41541371003607,1.0,0.05664953913064253,0.044175131590897164,0.042485500022134665,0.04162854715077281,0.04637397559953664,0.03556565901371605,0.04074240764198766,0.047143481373828046,0.04365974812698788,0.03895158929970008,0.039669793627841746,0.04753153252951185,0.04368269176911929,0.04728693242543935,0.04563291355796492,0.042099927674615234,0.05664953913064253,0.03768829034228233,0.03651969193846563,0.04312357158111347,0.055989160511781724,0.04517510001898331,0.04349689880359496,0.034727916269082504
