,index,age,target_label,session_id,correct_or_not,target_label_prob,airplane_prob,bear_prob,bike_prob,bird_prob,boat_prob,bowl_prob,car_prob,cat_prob,chair_prob,couch_prob,cup_prob,dog_prob,fish_prob,frog_prob,house_prob,key_prob,person_prob,phone_prob,rabbit_prob,scissors_prob,sheep_prob,train_prob,tree_prob
0,2986,4,cat,run_v41541174399584,0.0,0.05309821796522733,0.03852568079098482,0.04342130087068919,0.045349982686776334,0.04524210364394791,0.04239281539966817,0.036903732819685814,0.03820002362219454,0.05309821796522733,0.04002440190826495,0.041383588409672274,0.04194090389247602,0.051929891413569636,0.044579758986301614,0.05388326656521889,0.03998815792791118,0.050888763703483476,0.04513255437326268,0.03235072524742363,0.04613295937251807,0.04271128636681807,0.047107337852266444,0.04037583364404582,0.038436712537593044
