,index,age,target_label,session_id,correct_or_not,target_label_prob,airplane_prob,bear_prob,bike_prob,bird_prob,boat_prob,bowl_prob,car_prob,cat_prob,chair_prob,couch_prob,cup_prob,dog_prob,fish_prob,frog_prob,house_prob,key_prob,person_prob,phone_prob,rabbit_prob,scissors_prob,sheep_prob,train_prob,tree_prob
0,2,4,airplane,run_v31530478539938,1.0,0.06580813712129692,0.06580813712129692,0.03840785600097552,0.055107033823929,0.04427773523006451,0.06177226560649491,0.0391844837452033,0.04249580967222105,0.040976877987685685,0.046852167309682925,0.03816697454844433,0.040473193269499705,0.038213125991632034,0.038878462234237764,0.03715797154778057,0.03581391038779677,0.04845808136659477,0.041835830290851306,0.03494398227116466,0.03986735995266537,0.046123763954110636,0.03743560099629803,0.04199811184881136,0.04575126484255903
