,index,age,target_label,session_id,correct_or_not,target_label_prob,airplane_prob,bear_prob,bike_prob,bird_prob,boat_prob,bowl_prob,car_prob,cat_prob,chair_prob,couch_prob,cup_prob,dog_prob,fish_prob,frog_prob,house_prob,key_prob,person_prob,phone_prob,rabbit_prob,scissors_prob,sheep_prob,train_prob,tree_prob
0,2394,8,car,run_v31533750663590,0.0,0.05308897570779296,0.044966113401851054,0.05217743866561396,0.07708145526945251,0.04224994944900632,0.041554421419048936,0.034301742979062105,0.05308897570779296,0.038552830876491036,0.03921763572884434,0.03632761665650093,0.03797102558584686,0.04155155198122518,0.03970363419348908,0.043975056140590184,0.04480648205469834,0.03550092770264201,0.04722861219636882,0.037451351670396454,0.047423814206406484,0.03932457132492965,0.03805857532525923,0.048889364490799996,0.03859685297368379
