,index,age,target_label,session_id,correct_or_not,target_label_prob,airplane_prob,bear_prob,bike_prob,bird_prob,boat_prob,bowl_prob,car_prob,cat_prob,chair_prob,couch_prob,cup_prob,dog_prob,fish_prob,frog_prob,house_prob,key_prob,person_prob,phone_prob,rabbit_prob,scissors_prob,sheep_prob,train_prob,tree_prob
0,8131,6,train,run_v41542049900608,0.0,0.05745461816211134,0.0418254662355971,0.039840573199670874,0.06047567167761043,0.037065888894945824,0.051354376192339075,0.040688999974990446,0.04650935390227627,0.04121384993762477,0.04763482852771405,0.043289687695658836,0.04175135168107528,0.03978363263043849,0.03866985342503945,0.03575851239083463,0.04269668280288975,0.03695341009872931,0.04194046357064356,0.04348367847624101,0.0433217901061791,0.04477847266846032,0.0368704128514381,0.05745461816211134,0.046638424897491884
