,index,age,target_label,session_id,correct_or_not,target_label_prob,airplane_prob,bear_prob,bike_prob,bird_prob,boat_prob,bowl_prob,car_prob,cat_prob,chair_prob,couch_prob,cup_prob,dog_prob,fish_prob,frog_prob,house_prob,key_prob,person_prob,phone_prob,rabbit_prob,scissors_prob,sheep_prob,train_prob,tree_prob
0,5205,7,frog,run_v41537051332236,0.0,0.04113343854649883,0.05726973610177692,0.044391445725797514,0.0386396653001023,0.0428224102290997,0.06873275949720047,0.05327186327219674,0.034008304806081927,0.04217549067026182,0.03931840496925661,0.04278689109044504,0.0395882241881453,0.04381438952580628,0.051396600386390524,0.04113343854649883,0.03710072602856588,0.03707705813653042,0.0442230638876536,0.0338731500589928,0.038146233636733695,0.044849076491570584,0.04348429047384871,0.039171438886912185,0.042725338090132126
