,index,age,target_label,session_id,correct_or_not,target_label_prob,airplane_prob,bear_prob,bike_prob,bird_prob,boat_prob,bowl_prob,car_prob,cat_prob,chair_prob,couch_prob,cup_prob,dog_prob,fish_prob,frog_prob,house_prob,key_prob,person_prob,phone_prob,rabbit_prob,scissors_prob,sheep_prob,train_prob,tree_prob
0,1642,7,boat,run_v31534196323047,1.0,0.07131254150623226,0.042864940837288895,0.03952935982634804,0.03268073509948114,0.04007252973278878,0.07131254150623226,0.06655853544012702,0.051256250571815105,0.037838688282151575,0.03269918048768524,0.05216161158495247,0.04838673722290481,0.036620572089524885,0.04198810374522906,0.037488915279091775,0.05666172030068036,0.0399508923982851,0.04038792995163725,0.04394932516083428,0.03984299110541237,0.033452407128050726,0.03342868132460024,0.04235699799524942,0.03851035292962929
