,index,age,target_label,session_id,correct_or_not,target_label_prob,airplane_prob,bear_prob,bike_prob,bird_prob,boat_prob,bowl_prob,car_prob,cat_prob,chair_prob,couch_prob,cup_prob,dog_prob,fish_prob,frog_prob,house_prob,key_prob,person_prob,phone_prob,rabbit_prob,scissors_prob,sheep_prob,train_prob,tree_prob
0,8268,7,train,run_v41540407216378,0.0,0.05190864847104646,0.03651014402772283,0.0508458021654313,0.03803322280890837,0.03557427586283477,0.03948902285963829,0.037304398736012864,0.056655338900620196,0.04011533268072806,0.03996552776199988,0.060814540337449444,0.03973661565696659,0.04112545651917245,0.03394726396326863,0.045063803348000225,0.06191259489216051,0.03746136575945838,0.046089925940721324,0.040199935589392506,0.04581916895121338,0.03724860081945587,0.041804895153630936,0.05190864847104646,0.04237411879416696
