,index,age,target_label,session_id,correct_or_not,target_label_prob,airplane_prob,bear_prob,bike_prob,bird_prob,boat_prob,bowl_prob,car_prob,cat_prob,chair_prob,couch_prob,cup_prob,dog_prob,fish_prob,frog_prob,house_prob,key_prob,person_prob,phone_prob,rabbit_prob,scissors_prob,sheep_prob,train_prob,tree_prob
0,1637,3,boat,run_v31535309386112,0.0,0.03931103309501577,0.038084084502594526,0.04708402534217273,0.03951000983830093,0.043939058504883576,0.03931103309501577,0.03844040321135632,0.03028104328454146,0.04646861239031244,0.044466642182735314,0.04079619640873615,0.03791663152470501,0.04908524905737251,0.04407596343834627,0.041867155312251256,0.04243817338151641,0.04083367552770953,0.04419805562984011,0.033436360717541136,0.054675862257048694,0.04740184915162313,0.052537323884951165,0.03937232261211769,0.06378026874432764
