,index,age,target_label,session_id,correct_or_not,target_label_prob,airplane_prob,bear_prob,bike_prob,bird_prob,boat_prob,bowl_prob,car_prob,cat_prob,chair_prob,couch_prob,cup_prob,dog_prob,fish_prob,frog_prob,house_prob,key_prob,person_prob,phone_prob,rabbit_prob,scissors_prob,sheep_prob,train_prob,tree_prob
0,1753,8,boat,run_v31533241811959,1.0,0.08032419275568853,0.044579667916495105,0.03760548570482651,0.03353556345891457,0.03673238691094234,0.08032419275568853,0.07362776775591995,0.04522181694546476,0.03498605701327668,0.04278348320710404,0.047526057958378734,0.0544959475917692,0.03711358113253492,0.034139380341106154,0.038308602240738586,0.0529162720261301,0.03999567068718777,0.03913641288256342,0.031003922439263133,0.040177854016372215,0.04272533648498011,0.039853956799991506,0.037373961089517106,0.03583662264083461
