,index,age,target_label,session_id,correct_or_not,target_label_prob,airplane_prob,bear_prob,bike_prob,bird_prob,boat_prob,bowl_prob,car_prob,cat_prob,chair_prob,couch_prob,cup_prob,dog_prob,fish_prob,frog_prob,house_prob,key_prob,person_prob,phone_prob,rabbit_prob,scissors_prob,sheep_prob,train_prob,tree_prob
0,4146,4,cup,run_v31533580208532,0.0,0.05498395668549589,0.04368167819375054,0.04056995035645805,0.047081268596361775,0.04096638573637191,0.04194188151905764,0.04463386640083364,0.044180329441622944,0.04183844144882905,0.056821894592351554,0.041037759346535266,0.05498395668549589,0.03729349690824885,0.034553440429209804,0.04222234925435811,0.030920600645674024,0.04730518481568505,0.04050041486383073,0.056175082649535635,0.039086535777836814,0.045569185215854256,0.037682898238599466,0.043750772932097774,0.047202625951401234
