,index,age,target_label,session_id,correct_or_not,target_label_prob,airplane_prob,bear_prob,bike_prob,bird_prob,boat_prob,bowl_prob,car_prob,cat_prob,chair_prob,couch_prob,cup_prob,dog_prob,fish_prob,frog_prob,house_prob,key_prob,person_prob,phone_prob,rabbit_prob,scissors_prob,sheep_prob,train_prob,tree_prob
0,3701,4,couch,run_v31532122767230,1.0,0.08631590986247817,0.03629476571841808,0.04802715302939105,0.022497140702703998,0.04394938539361616,0.04223379410708004,0.04272705856541572,0.04756266555607443,0.04041258711428116,0.04279822677600503,0.08631590986247817,0.03796110096088298,0.04349845668163026,0.039219930613897565,0.038713319542695634,0.03556367957599326,0.044015409006738,0.03518365372396594,0.03863584037656836,0.044177368355683116,0.04816182137504387,0.04532388693756164,0.047862527446267004,0.0488643185776085
