,index,age,target_label,session_id,correct_or_not,target_label_prob,airplane_prob,bear_prob,bike_prob,bird_prob,boat_prob,bowl_prob,car_prob,cat_prob,chair_prob,couch_prob,cup_prob,dog_prob,fish_prob,frog_prob,house_prob,key_prob,person_prob,phone_prob,rabbit_prob,scissors_prob,sheep_prob,train_prob,tree_prob
0,4742,6,fish,run_v31533674418156,0.0,0.05391494081896448,0.04184464732385073,0.04065745701164445,0.03099674963619154,0.047967278443940164,0.04555044520881088,0.04926581803054894,0.0641453962927726,0.03994429071010568,0.04100091690920472,0.04119575399712775,0.043183308406693786,0.045656525651367005,0.05391494081896448,0.0428715780199335,0.04042162204479105,0.03933144964980605,0.04168328928246006,0.037416873074348315,0.036324079628465365,0.03898451424523936,0.04680470585072252,0.04382105651046609,0.04701730325254492
