,index,age,target_label,session_id,correct_or_not,target_label_prob,airplane_prob,bear_prob,bike_prob,bird_prob,boat_prob,bowl_prob,car_prob,cat_prob,chair_prob,couch_prob,cup_prob,dog_prob,fish_prob,frog_prob,house_prob,key_prob,person_prob,phone_prob,rabbit_prob,scissors_prob,sheep_prob,train_prob,tree_prob
0,1838,3,boat,run_v31534184431411,0.0,0.044932413250809336,0.0420609373150044,0.04169683160743275,0.04263239751195961,0.040851216249932085,0.044932413250809336,0.04889795153803081,0.041360668501064415,0.0414932475761691,0.04141935561457369,0.04328148248380635,0.03899700175237787,0.04351849258691559,0.0506769315766121,0.04711471645936817,0.040439711782247506,0.040921494209336516,0.04393116453129497,0.03886672857768349,0.041653427518122066,0.058334579909875235,0.04549336035114851,0.043681888519845564,0.03774400057638984
