,index,age,target_label,session_id,correct_or_not,target_label_prob,airplane_prob,bear_prob,bike_prob,bird_prob,boat_prob,bowl_prob,car_prob,cat_prob,chair_prob,couch_prob,cup_prob,dog_prob,fish_prob,frog_prob,house_prob,key_prob,person_prob,phone_prob,rabbit_prob,scissors_prob,sheep_prob,train_prob,tree_prob
0,6845,3,rabbit,run_v31529273248371,1.0,0.06618403280416274,0.045205595677863246,0.04801948864061686,0.04595999085529674,0.039436839858119216,0.042572775931539346,0.04037912739685283,0.042733397295967555,0.04427031986587304,0.03835941566132362,0.04065418814487047,0.04153332432294761,0.040571857441762386,0.038914674359570606,0.04453342781021623,0.03666426592592716,0.04485354107476623,0.03949745785965669,0.04657162171019272,0.06618403280416274,0.04360833762401741,0.039002988572573546,0.04088023913151123,0.049593092034372475
