,index,age,target_label,session_id,correct_or_not,target_label_prob,airplane_prob,bear_prob,bike_prob,bird_prob,boat_prob,bowl_prob,car_prob,cat_prob,chair_prob,couch_prob,cup_prob,dog_prob,fish_prob,frog_prob,house_prob,key_prob,person_prob,phone_prob,rabbit_prob,scissors_prob,sheep_prob,train_prob,tree_prob
0,5594,5,house,run_v31533578889246,0.0,0.051207471216607785,0.04223384529021302,0.043818101664661935,0.04738391368972529,0.04004371899068502,0.039854029801673616,0.030202414639671014,0.049917751568925264,0.04680465688904819,0.03490231660171942,0.04485539423396396,0.035002088460359,0.04455002485703986,0.03864692875002368,0.04352392514117106,0.051207471216607785,0.036284885226876805,0.03969305830591778,0.04949625767716663,0.04745664991366889,0.04320623590292168,0.04994783728883827,0.052257095965996786,0.04871139792312484
