,index,age,target_label,session_id,correct_or_not,target_label_prob,airplane_prob,bear_prob,bike_prob,bird_prob,boat_prob,bowl_prob,car_prob,cat_prob,chair_prob,couch_prob,cup_prob,dog_prob,fish_prob,frog_prob,house_prob,key_prob,person_prob,phone_prob,rabbit_prob,scissors_prob,sheep_prob,train_prob,tree_prob
0,3960,5,cup,run_v31533414083894,0.0,0.06613376738064612,0.040816691169386,0.04148735013708976,0.04404697354440949,0.04185379000092708,0.049867593117867176,0.07789654360360714,0.0411413452234821,0.03454785329897893,0.04272688038291396,0.040925143455584005,0.06613376738064612,0.04192286226937673,0.04859948611073478,0.03912177836485678,0.035199530040090396,0.03986734836193441,0.03387882555805617,0.03996303075123589,0.042409959641066704,0.0401149908813631,0.03916526587455263,0.04136134523889502,0.03695164559294564
