,index,age,target_label,session_id,correct_or_not,target_label_prob,airplane_prob,bear_prob,bike_prob,bird_prob,boat_prob,bowl_prob,car_prob,cat_prob,chair_prob,couch_prob,cup_prob,dog_prob,fish_prob,frog_prob,house_prob,key_prob,person_prob,phone_prob,rabbit_prob,scissors_prob,sheep_prob,train_prob,tree_prob
0,2371,6,car,run_v31534461222995,1.0,0.06687313959015814,0.05221867262931708,0.03880474700898653,0.06342515751420344,0.041457701870743484,0.04631224465338711,0.03493985109236644,0.06687313959015814,0.03497437897404852,0.031671722569183526,0.04080197844469366,0.039537071300366516,0.043560409670282504,0.04005045404702392,0.042402301196362305,0.044895209150881396,0.036782327302695414,0.047095040886609436,0.0402621806826284,0.03665260192997003,0.03538273261361467,0.046946820384754506,0.0541409524558346,0.04081230403188843
