,index,age,target_label,session_id,correct_or_not,target_label_prob,airplane_prob,bear_prob,bike_prob,bird_prob,boat_prob,bowl_prob,car_prob,cat_prob,chair_prob,couch_prob,cup_prob,dog_prob,fish_prob,frog_prob,house_prob,key_prob,person_prob,phone_prob,rabbit_prob,scissors_prob,sheep_prob,train_prob,tree_prob
0,4375,3,dog,run_v31532628744542,0.0,0.04352996538913621,0.037954698746577725,0.04497732161505164,0.06254633998541584,0.047898137341164736,0.03798188056190201,0.03648804905617906,0.037132327851403954,0.06213110068954281,0.03487193377720072,0.0333037387343286,0.036308049226866305,0.04352996538913621,0.04315790249014342,0.04276278103448296,0.03685311415386349,0.041526036008113214,0.04749709494460472,0.04120155405190839,0.06055257871797089,0.05006862267171406,0.042295478921863805,0.04101260698151578,0.03794868704904955
