,index,age,target_label,session_id,correct_or_not,target_label_prob,airplane_prob,bear_prob,bike_prob,bird_prob,boat_prob,bowl_prob,car_prob,cat_prob,chair_prob,couch_prob,cup_prob,dog_prob,fish_prob,frog_prob,house_prob,key_prob,person_prob,phone_prob,rabbit_prob,scissors_prob,sheep_prob,train_prob,tree_prob
0,2410,7,car,run_v31534615579681,1.0,0.062383334246106724,0.05022038927966778,0.04093206999280663,0.04516843293070603,0.042741158622468384,0.0381514914990089,0.03444577747340443,0.062383334246106724,0.046470005832308627,0.03294973586762681,0.0463791399066666,0.04294269423989908,0.04138373187675888,0.0490141533087779,0.03345956635127794,0.04258812753570429,0.04960538732824991,0.03574302526831652,0.040945625047255206,0.04814378694675117,0.051785152253796415,0.036391505932880396,0.05513536938510828,0.03302033887445285
