,index,age,target_label,session_id,correct_or_not,target_label_prob,airplane_prob,bear_prob,bike_prob,bird_prob,boat_prob,bowl_prob,car_prob,cat_prob,chair_prob,couch_prob,cup_prob,dog_prob,fish_prob,frog_prob,house_prob,key_prob,person_prob,phone_prob,rabbit_prob,scissors_prob,sheep_prob,train_prob,tree_prob
0,7122,6,rabbit,run_v31531853489687,0.0,0.03881591370358477,0.03946770163090722,0.047989119275692334,0.048259134409045765,0.043272803626222246,0.03716134750655081,0.03573492981363011,0.04414856580479514,0.049422328525266804,0.036773876296006085,0.0378909995808571,0.03588141485391221,0.04557256285282855,0.045831889895497135,0.054750860163087875,0.03175141744759565,0.05284567697970756,0.04755470325510567,0.04831840797192708,0.03881591370358477,0.04576724600900639,0.04516371979714264,0.05195784663757302,0.035667533964057835
