,index,age,target_label,session_id,correct_or_not,target_label_prob,airplane_prob,bear_prob,bike_prob,bird_prob,boat_prob,bowl_prob,car_prob,cat_prob,chair_prob,couch_prob,cup_prob,dog_prob,fish_prob,frog_prob,house_prob,key_prob,person_prob,phone_prob,rabbit_prob,scissors_prob,sheep_prob,train_prob,tree_prob
0,1817,3,boat,run_v31525901714819,0.0,0.042540593282828366,0.03791404193659139,0.04261211460804489,0.040761897273478884,0.042534051860646516,0.042540593282828366,0.03858863296273721,0.04099830627648203,0.03645702383955271,0.06538107556447773,0.040578694331949536,0.038564937098846605,0.04199396207072928,0.03693636606878453,0.0405933122718936,0.04219619377664069,0.046838011864367486,0.05684207832822559,0.04210532844932505,0.040161380536860344,0.04383060305699568,0.041130064738047666,0.040865642861806786,0.05957568694068755
