,index,age,target_label,session_id,correct_or_not,target_label_prob,airplane_prob,bear_prob,bike_prob,bird_prob,boat_prob,bowl_prob,car_prob,cat_prob,chair_prob,couch_prob,cup_prob,dog_prob,fish_prob,frog_prob,house_prob,key_prob,person_prob,phone_prob,rabbit_prob,scissors_prob,sheep_prob,train_prob,tree_prob
0,5328,2,house,run_v31534111706202,1.0,0.06035483645921456,0.03823393214362807,0.04233865745332324,0.040410400974136465,0.04543121862337084,0.045065067423775675,0.05792171811729605,0.038661774695180944,0.04394968214411597,0.041168657036780736,0.03898427502484963,0.045314217686129275,0.03976684979413085,0.046154543747896584,0.03986858073970215,0.06035483645921456,0.04081636090600979,0.03708588663716445,0.041458407292010065,0.0443307605644805,0.04535661775319702,0.04236546493045961,0.04575155935412213,0.03921053049902535
