,index,age,target_label,session_id,correct_or_not,target_label_prob,airplane_prob,bear_prob,bike_prob,bird_prob,boat_prob,bowl_prob,car_prob,cat_prob,chair_prob,couch_prob,cup_prob,dog_prob,fish_prob,frog_prob,house_prob,key_prob,person_prob,phone_prob,rabbit_prob,scissors_prob,sheep_prob,train_prob,tree_prob
0,3548,9,couch,run_v31529534999170,1.0,0.09014901567623805,0.032267016177145405,0.03711476023753576,0.03640661311059364,0.030347766007958563,0.050394194000596,0.07647047274659755,0.04719407823200648,0.03701439265697747,0.047933320364617595,0.09014901567623805,0.06829612833545948,0.036417381238064164,0.031226656991242274,0.03669238873792995,0.0369696267183875,0.03311882986553533,0.038164825149494805,0.024366163891748057,0.04084609673702204,0.0383368402091979,0.04158196547858954,0.04879085616181407,0.03990061127524829
