,index,age,target_label,session_id,correct_or_not,target_label_prob,airplane_prob,bear_prob,bike_prob,bird_prob,boat_prob,bowl_prob,car_prob,cat_prob,chair_prob,couch_prob,cup_prob,dog_prob,fish_prob,frog_prob,house_prob,key_prob,person_prob,phone_prob,rabbit_prob,scissors_prob,sheep_prob,train_prob,tree_prob
0,4301,6,dog,run_v31535325173638,0.0,0.048847546938445556,0.04506718920176814,0.04457493567226862,0.039549995690000506,0.04249156217219268,0.0399427815669986,0.04152157005716641,0.04102721093396732,0.046778806692625394,0.04179564786805193,0.04313825062974762,0.03974577261406315,0.048847546938445556,0.049460097774316605,0.047748417198832924,0.03578409733129363,0.03791538958257192,0.058397450040021955,0.03714406706035877,0.04096830407495845,0.04864233825223212,0.04607172395434364,0.040693017444886896,0.04269382724888722
