,index,age,target_label,session_id,correct_or_not,target_label_prob,airplane_prob,bear_prob,bike_prob,bird_prob,boat_prob,bowl_prob,car_prob,cat_prob,chair_prob,couch_prob,cup_prob,dog_prob,fish_prob,frog_prob,house_prob,key_prob,person_prob,phone_prob,rabbit_prob,scissors_prob,sheep_prob,train_prob,tree_prob
0,1041,7,bike,run_v31528580399104,1.0,0.0666494949699022,0.0417899817865529,0.03842038823893795,0.0666494949699022,0.04415602400941244,0.0415565286206102,0.04809273870836094,0.06158340709892796,0.033812371859428175,0.04237344036340762,0.04027779661563251,0.050524101883763176,0.037356894631726846,0.04470001093695091,0.03972869613437111,0.03608120114725988,0.042535795340559485,0.03691818600621092,0.046780746787845086,0.0399467717342694,0.03940295405048363,0.03732125661005439,0.046549216672610395,0.043441995792721996
