,index,age,target_label,session_id,correct_or_not,target_label_prob,airplane_prob,bear_prob,bike_prob,bird_prob,boat_prob,bowl_prob,car_prob,cat_prob,chair_prob,couch_prob,cup_prob,dog_prob,fish_prob,frog_prob,house_prob,key_prob,person_prob,phone_prob,rabbit_prob,scissors_prob,sheep_prob,train_prob,tree_prob
0,8651,7,tree,run_v31526598717979,1.0,0.058599671851303825,0.043987445053592505,0.043342529902240134,0.05145244815385097,0.04356912420833941,0.03719316857480034,0.034533411650087456,0.05232185026047498,0.03750440916475691,0.04131876306937744,0.05363726390862344,0.04261911330132705,0.04431537202071739,0.0419795547713513,0.04132471750080799,0.03601302183042666,0.04181468659742578,0.04221469336523102,0.03779117899283638,0.047454509462831355,0.04110746649238947,0.04373570371654349,0.04216989615066488,0.058599671851303825
