,index,age,target_label,session_id,correct_or_not,target_label_prob,airplane_prob,bear_prob,bike_prob,bird_prob,boat_prob,bowl_prob,car_prob,cat_prob,chair_prob,couch_prob,cup_prob,dog_prob,fish_prob,frog_prob,house_prob,key_prob,person_prob,phone_prob,rabbit_prob,scissors_prob,sheep_prob,train_prob,tree_prob
0,668,10,bear,run_v41541973472864,1.0,0.0664276379046848,0.04025404087133456,0.0664276379046848,0.03859466264932011,0.044793453684677936,0.042495057117812624,0.03371099204564624,0.046583110190193955,0.044423649300976725,0.04090064155229985,0.04143086420722881,0.03573008670203832,0.04506168186467944,0.04347545612643674,0.051060278898203575,0.03929120555665934,0.03398804189532973,0.04263912047274106,0.037542235727556175,0.05427813036621223,0.03799950176189261,0.04989325613156471,0.046924504608200045,0.04250239036431025
