,index,age,target_label,session_id,correct_or_not,target_label_prob,airplane_prob,bear_prob,bike_prob,bird_prob,boat_prob,bowl_prob,car_prob,cat_prob,chair_prob,couch_prob,cup_prob,dog_prob,fish_prob,frog_prob,house_prob,key_prob,person_prob,phone_prob,rabbit_prob,scissors_prob,sheep_prob,train_prob,tree_prob
0,3449,3,couch,run_v31528572105805,1.0,0.06716362396807955,0.03987764058406892,0.04202056379087476,0.03724910720706624,0.04481143112651021,0.04431319791951882,0.035354694546374715,0.04070997499453809,0.03976881456527096,0.04233227733029384,0.06716362396807955,0.05794460525741474,0.046378018582307876,0.050465159821954236,0.04201728730156542,0.05676519470384835,0.036434629153306454,0.04224096861737168,0.04465790743541417,0.03812052636839979,0.03131119393587216,0.03994686185850856,0.04291059432288221,0.03720572660855821
