,index,age,target_label,session_id,correct_or_not,target_label_prob,airplane_prob,bear_prob,bike_prob,bird_prob,boat_prob,bowl_prob,car_prob,cat_prob,chair_prob,couch_prob,cup_prob,dog_prob,fish_prob,frog_prob,house_prob,key_prob,person_prob,phone_prob,rabbit_prob,scissors_prob,sheep_prob,train_prob,tree_prob
0,7289,2,scissors,run_v41539791999693,0.0,0.04955682407931641,0.039612129610369334,0.05182721538197767,0.03592538708323633,0.0434262383564772,0.04413138976515946,0.04531609484427839,0.032772741069612914,0.04755623111853895,0.047425698904932374,0.04133603846333783,0.03890217419783848,0.04440177445442787,0.03574485811082267,0.050649669279124496,0.042089253081123774,0.040051321171812204,0.043848023622996536,0.04090127065225619,0.05652856815406874,0.04955682407931641,0.0476545853500919,0.04267210258896316,0.037670410659237076
