,index,age,target_label,session_id,correct_or_not,target_label_prob,airplane_prob,bear_prob,bike_prob,bird_prob,boat_prob,bowl_prob,car_prob,cat_prob,chair_prob,couch_prob,cup_prob,dog_prob,fish_prob,frog_prob,house_prob,key_prob,person_prob,phone_prob,rabbit_prob,scissors_prob,sheep_prob,train_prob,tree_prob
0,6040,5,key,run_v41540072238708,0.0,0.05846973674234995,0.03817793294861752,0.04341278873576456,0.06472865829961881,0.030047117612870943,0.03315080413365214,0.03803142844585007,0.04175920612636181,0.040335637335239906,0.03283287965741149,0.04077143097500986,0.04064516799331936,0.03997538668769175,0.038785726045924285,0.03781253420043631,0.035835127933910076,0.05846973674234995,0.03591739860544444,0.06945782483454913,0.040518722412819536,0.05381868184585472,0.03572961237184488,0.05296210906203794,0.05682408699342032
