,index,age,target_label,session_id,correct_or_not,target_label_prob,airplane_prob,bear_prob,bike_prob,bird_prob,boat_prob,bowl_prob,car_prob,cat_prob,chair_prob,couch_prob,cup_prob,dog_prob,fish_prob,frog_prob,house_prob,key_prob,person_prob,phone_prob,rabbit_prob,scissors_prob,sheep_prob,train_prob,tree_prob
0,4857,7,fish,run_v31533335412720,1.0,0.06739242710614927,0.04532435701116719,0.04645338770961405,0.039781771103831305,0.041789530414852456,0.04103446363190233,0.04315111292031717,0.04021139542317161,0.03937820174759791,0.0384124454926191,0.04071731966773192,0.042386917262929445,0.046012097025935915,0.06739242710614927,0.05301808895215268,0.036856231360470185,0.043363966595718055,0.04332691528497528,0.043463345727797045,0.03863255077704006,0.041695984752496924,0.04071429989370398,0.0475393047961284,0.03934388534169776
