,index,age,target_label,session_id,correct_or_not,target_label_prob,airplane_prob,bear_prob,bike_prob,bird_prob,boat_prob,bowl_prob,car_prob,cat_prob,chair_prob,couch_prob,cup_prob,dog_prob,fish_prob,frog_prob,house_prob,key_prob,person_prob,phone_prob,rabbit_prob,scissors_prob,sheep_prob,train_prob,tree_prob
0,3055,9,chair,run_v31528839599186,1.0,0.09108463433380563,0.03575389987846788,0.03922020995644339,0.04130768131425315,0.03878995368679378,0.03698400263833956,0.04265715650838716,0.036109582848829216,0.037617835059882844,0.09108463433380563,0.03750376663963811,0.04500487086135566,0.04197589375959469,0.04069583531134442,0.04123556085268608,0.035424505549730916,0.05157669022049766,0.04294043509947696,0.04747542929628248,0.03729430567361651,0.042553925605132346,0.04435211566398738,0.04874113142460865,0.04370057781684574
