,index,age,target_label,session_id,correct_or_not,target_label_prob,airplane_prob,bear_prob,bike_prob,bird_prob,boat_prob,bowl_prob,car_prob,cat_prob,chair_prob,couch_prob,cup_prob,dog_prob,fish_prob,frog_prob,house_prob,key_prob,person_prob,phone_prob,rabbit_prob,scissors_prob,sheep_prob,train_prob,tree_prob
0,1821,5,boat,run_v31533942727083,0.0,0.05263513292529156,0.04235027423258226,0.04253302037683573,0.06367800778414555,0.036802182452915284,0.05263513292529156,0.03599232232712412,0.04144079450299397,0.04251259019157171,0.03742063456889289,0.03787276056278947,0.034557685357232526,0.03709240499664219,0.04147305322873261,0.04618999092316664,0.03282199449115845,0.04562758031056138,0.04279703967854811,0.04153919557950034,0.042479496535005205,0.05149603968053292,0.04602290850712344,0.053521711428959895,0.05114317935769396
