,index,age,target_label,session_id,correct_or_not,target_label_prob,airplane_prob,bear_prob,bike_prob,bird_prob,boat_prob,bowl_prob,car_prob,cat_prob,chair_prob,couch_prob,cup_prob,dog_prob,fish_prob,frog_prob,house_prob,key_prob,person_prob,phone_prob,rabbit_prob,scissors_prob,sheep_prob,train_prob,tree_prob
0,8582,2,tree,run_v31534107951589,1.0,0.07327727286385474,0.03700748720032347,0.039644337829647235,0.03359074275202684,0.040171657017111166,0.03536171125973813,0.036395406766996805,0.039883931160392766,0.04077672604372063,0.06636157284152637,0.04153159324478459,0.046905815239917874,0.042390030182411914,0.03903267186771259,0.03666838890219128,0.03645703593651775,0.047544174646107495,0.04735005605495349,0.04922162270909463,0.03825081359944693,0.03996261489556093,0.052259365914471806,0.03995497107149046,0.07327727286385474
