,index,age,target_label,session_id,correct_or_not,target_label_prob,airplane_prob,bear_prob,bike_prob,bird_prob,boat_prob,bowl_prob,car_prob,cat_prob,chair_prob,couch_prob,cup_prob,dog_prob,fish_prob,frog_prob,house_prob,key_prob,person_prob,phone_prob,rabbit_prob,scissors_prob,sheep_prob,train_prob,tree_prob
0,5805,2,key,run_v41536346618057,0.0,0.04072696942232023,0.05631450125721431,0.04255728819955153,0.05962135738170975,0.043978939013709244,0.046501069259910086,0.0392485576858305,0.05622811056295797,0.038148641006199524,0.03582945333391512,0.044209645552686284,0.03876232299615756,0.04250684247997242,0.049330338759854354,0.03831141225070739,0.029921170843839325,0.04072696942232023,0.04245271253072662,0.03319187978245488,0.041864430396771984,0.047931205078841715,0.03657150498639275,0.047698702006199446,0.04809294521207715
