,index,age,target_label,session_id,correct_or_not,target_label_prob,airplane_prob,bear_prob,bike_prob,bird_prob,boat_prob,bowl_prob,car_prob,cat_prob,chair_prob,couch_prob,cup_prob,dog_prob,fish_prob,frog_prob,house_prob,key_prob,person_prob,phone_prob,rabbit_prob,scissors_prob,sheep_prob,train_prob,tree_prob
0,6051,10,person,run_v31534876738764,0.0,0.04525326135421297,0.02692015045537586,0.03895407862629483,0.03371141983042813,0.03544311683686543,0.045369023648197615,0.05329062744281359,0.03560721403948531,0.04239113991564621,0.04089337451432577,0.06347555429263788,0.04145077854288849,0.03824888180586311,0.03449749532949673,0.04292297993969785,0.07734078553591382,0.04171509379042905,0.04525326135421297,0.04536083528426432,0.04357238321517799,0.041559814497705135,0.040950903600575905,0.0444947225603642,0.046576364941339606
