,index,age,target_label,session_id,correct_or_not,target_label_prob,airplane_prob,bear_prob,bike_prob,bird_prob,boat_prob,bowl_prob,car_prob,cat_prob,chair_prob,couch_prob,cup_prob,dog_prob,fish_prob,frog_prob,house_prob,key_prob,person_prob,phone_prob,rabbit_prob,scissors_prob,sheep_prob,train_prob,tree_prob
0,5810,3,key,run_v41541623466092,0.0,0.049319106795818565,0.040440810396162596,0.04695498028773549,0.04236185220724503,0.041181958920615123,0.03740031340610472,0.03828288684959734,0.0358630812145078,0.048397624965322864,0.03727169594843193,0.041614023999385366,0.036739642444149276,0.055900266704597884,0.03615993884025382,0.04896131880907978,0.04211898433176548,0.049319106795818565,0.04667803194045698,0.04132116541232373,0.03989716892620864,0.039769562240287486,0.05226546173704002,0.054937976467686576,0.046162147155223536
