,index,age,target_label,session_id,correct_or_not,target_label_prob,airplane_prob,bear_prob,bike_prob,bird_prob,boat_prob,bowl_prob,car_prob,cat_prob,chair_prob,couch_prob,cup_prob,dog_prob,fish_prob,frog_prob,house_prob,key_prob,person_prob,phone_prob,rabbit_prob,scissors_prob,sheep_prob,train_prob,tree_prob
0,7144,5,rabbit,run_v31531943456950,0.0,0.05536209163395696,0.041551123842820795,0.057320482374022555,0.04714672604433157,0.04905642237142549,0.03895091926617315,0.03880837834961289,0.04598641094763435,0.038095654724864376,0.042549354501143076,0.03534907544578309,0.047342597144969564,0.040580414749448165,0.040216820530486315,0.046691275250927325,0.04226832226895382,0.046194717060896485,0.03758086277769555,0.03722363066374832,0.05536209163395696,0.0414815034405961,0.038030809511025956,0.04335849256758841,0.04885391453189559
