,index,age,target_label,session_id,correct_or_not,target_label_prob,airplane_prob,bear_prob,bike_prob,bird_prob,boat_prob,bowl_prob,car_prob,cat_prob,chair_prob,couch_prob,cup_prob,dog_prob,fish_prob,frog_prob,house_prob,key_prob,person_prob,phone_prob,rabbit_prob,scissors_prob,sheep_prob,train_prob,tree_prob
0,6971,7,rabbit,run_v31531339169894,1.0,0.05415049275792454,0.038016510121757545,0.05320093098964388,0.041616409270593485,0.04597151399789479,0.035274235811346304,0.04072754114647852,0.040167663171725425,0.04835184831859204,0.036695061072169015,0.037321394956657726,0.04182933570450907,0.04984028923397691,0.03996297854885276,0.04767293646171932,0.03677347285680413,0.04559761137852878,0.041937994094511814,0.04504400458698932,0.05415049275792454,0.03830929028012618,0.053247826301921,0.04172844310975871,0.04656221582751873
