,index,age,target_label,session_id,correct_or_not,target_label_prob,airplane_prob,bear_prob,bike_prob,bird_prob,boat_prob,bowl_prob,car_prob,cat_prob,chair_prob,couch_prob,cup_prob,dog_prob,fish_prob,frog_prob,house_prob,key_prob,person_prob,phone_prob,rabbit_prob,scissors_prob,sheep_prob,train_prob,tree_prob
0,4824,2,fish,run_v31525893174061,0.0,0.050610888981125264,0.047367821901602505,0.04020262908189108,0.037609113295930134,0.04274357561775102,0.05910356421116391,0.04574913594957021,0.04519887792749119,0.045712250504816074,0.03583280677932396,0.05173292185781353,0.040051058667093326,0.04227884083263548,0.050610888981125264,0.04080207516428224,0.04105811966248065,0.04425703121074905,0.037396371241690554,0.03710473213129206,0.03700549123075447,0.03631901971359822,0.04528359128243803,0.0508033249985198,0.045776757755987156
