,index,age,target_label,session_id,correct_or_not,target_label_prob,airplane_prob,bear_prob,bike_prob,bird_prob,boat_prob,bowl_prob,car_prob,cat_prob,chair_prob,couch_prob,cup_prob,dog_prob,fish_prob,frog_prob,house_prob,key_prob,person_prob,phone_prob,rabbit_prob,scissors_prob,sheep_prob,train_prob,tree_prob
0,807,3,bike,run_v31529529599232,1.0,0.08386373610072001,0.0596284617946958,0.03728417966732561,0.08386373610072001,0.037539986580473556,0.04074850441322282,0.03359532273455465,0.04627018764430257,0.053163532520565424,0.03415063709505145,0.030905461913539184,0.038829156629703494,0.040945926653084115,0.048995581274930866,0.03265194955582011,0.032486807661506245,0.034210382059353756,0.045940849980359064,0.037804818196976064,0.047068964681530635,0.06338327472131644,0.0375114755720245,0.04678831082057717,0.03623249172836649
