,index,age,target_label,session_id,correct_or_not,target_label_prob,airplane_prob,bear_prob,bike_prob,bird_prob,boat_prob,bowl_prob,car_prob,cat_prob,chair_prob,couch_prob,cup_prob,dog_prob,fish_prob,frog_prob,house_prob,key_prob,person_prob,phone_prob,rabbit_prob,scissors_prob,sheep_prob,train_prob,tree_prob
0,998,5,bike,run_v31529181228558,1.0,0.09574891223448233,0.03568706499003063,0.03929312837885427,0.09574891223448233,0.0398351321408538,0.04284912690738289,0.046610333852863166,0.03945987522657971,0.04386407558705635,0.03979154881180667,0.04132426252682246,0.04195982932081298,0.04063742315488412,0.047137511944061114,0.042144873812189836,0.035227574804551895,0.03756749457667755,0.03575625988501173,0.03599235670761822,0.03341422647253089,0.05302812801935168,0.05242232225930202,0.04535156533525771,0.03489697305101796
