,index,age,target_label,session_id,correct_or_not,target_label_prob,airplane_prob,bear_prob,bike_prob,bird_prob,boat_prob,bowl_prob,car_prob,cat_prob,chair_prob,couch_prob,cup_prob,dog_prob,fish_prob,frog_prob,house_prob,key_prob,person_prob,phone_prob,rabbit_prob,scissors_prob,sheep_prob,train_prob,tree_prob
0,2721,8,cat,run_v41541283384573,0.0,0.03869987694006664,0.03989800634076635,0.0428406604448215,0.03840666505042921,0.04018190955108433,0.04884154282552079,0.04579663649410604,0.03925931872370374,0.03869987694006664,0.04778566042196967,0.03875765405666197,0.041026060458312905,0.04111694088036415,0.0380685550219027,0.04226762389390836,0.042033547049607926,0.057167275925060775,0.04279939353381062,0.050653120074419467,0.048240989266662676,0.038850087921860565,0.04066644825318021,0.041343688816716136,0.05529833805506308
