,index,age,target_label,session_id,correct_or_not,target_label_prob,airplane_prob,bear_prob,bike_prob,bird_prob,boat_prob,bowl_prob,car_prob,cat_prob,chair_prob,couch_prob,cup_prob,dog_prob,fish_prob,frog_prob,house_prob,key_prob,person_prob,phone_prob,rabbit_prob,scissors_prob,sheep_prob,train_prob,tree_prob
0,2911,5,cat,run_v41541276060535,0.0,0.05198470277080417,0.04024805162550991,0.05839830249152212,0.04732665601596416,0.048154880496362046,0.03700186855601073,0.03576758821202183,0.038242368589472255,0.05198470277080417,0.040154104714333484,0.03840771951842191,0.03805228256621712,0.04998306245326654,0.03858661588642469,0.04591584542630472,0.037160600903106515,0.03478580533824522,0.04770719711446364,0.03312824121984846,0.05351437610976543,0.04835534426313601,0.04741065446156261,0.039844449506380344,0.049869281760856185
