,index,age,target_label,session_id,correct_or_not,target_label_prob,airplane_prob,bear_prob,bike_prob,bird_prob,boat_prob,bowl_prob,car_prob,cat_prob,chair_prob,couch_prob,cup_prob,dog_prob,fish_prob,frog_prob,house_prob,key_prob,person_prob,phone_prob,rabbit_prob,scissors_prob,sheep_prob,train_prob,tree_prob
0,6300,4,person,run_v31526592878172,1.0,0.07268472986737551,0.042079595497524214,0.04696304838028426,0.035914487354627836,0.042802455903830916,0.0459949250735798,0.04312246952830769,0.039778027318447096,0.04646269348705841,0.042432674132315246,0.04044010777163877,0.04018760901154501,0.040081271250584125,0.04378383993611506,0.048687982025139104,0.042436800641993004,0.04119007565801291,0.07268472986737551,0.03466834978480988,0.03966000509106112,0.045206597070036575,0.045752913484168274,0.03625348527199282,0.043415856459552656
