,index,age,target_label,session_id,correct_or_not,target_label_prob,airplane_prob,bear_prob,bike_prob,bird_prob,boat_prob,bowl_prob,car_prob,cat_prob,chair_prob,couch_prob,cup_prob,dog_prob,fish_prob,frog_prob,house_prob,key_prob,person_prob,phone_prob,rabbit_prob,scissors_prob,sheep_prob,train_prob,tree_prob
0,5884,2,key,run_v41540316162531,0.0,0.0504058754701458,0.04792843043171459,0.03954231166937593,0.042613139827789595,0.04166778597146125,0.04185009844462487,0.057769875099455956,0.05306325991383212,0.04045344108516318,0.04309884429761717,0.03864669977896303,0.0458149220626727,0.04199680565967606,0.049561570651840324,0.04090285530633087,0.036609204452612086,0.0504058754701458,0.04261425414000031,0.03965575267092332,0.039897672634893966,0.045452182694816254,0.038592583344142985,0.036106807207758565,0.04575562718418888
