,index,age,target_label,session_id,correct_or_not,target_label_prob,airplane_prob,bear_prob,bike_prob,bird_prob,boat_prob,bowl_prob,car_prob,cat_prob,chair_prob,couch_prob,cup_prob,dog_prob,fish_prob,frog_prob,house_prob,key_prob,person_prob,phone_prob,rabbit_prob,scissors_prob,sheep_prob,train_prob,tree_prob
0,7358,2,scissors,run_v41536948320502,0.0,0.04771807393799729,0.041581390971868186,0.04015739366934504,0.039933466295925917,0.04396141977521633,0.0455474635348533,0.04042001927972931,0.043324509209403506,0.04224062498481668,0.04779119863344245,0.03804545226081438,0.03867755139957098,0.038199770521806085,0.04501158191824963,0.03929150306210133,0.0638423644527886,0.04416158578579001,0.0417980268724686,0.05052637260654169,0.04088752892614107,0.04771807393799729,0.04249204205856649,0.04347581106153743,0.040914848781025685
