,index,age,target_label,session_id,correct_or_not,target_label_prob,airplane_prob,bear_prob,bike_prob,bird_prob,boat_prob,bowl_prob,car_prob,cat_prob,chair_prob,couch_prob,cup_prob,dog_prob,fish_prob,frog_prob,house_prob,key_prob,person_prob,phone_prob,rabbit_prob,scissors_prob,sheep_prob,train_prob,tree_prob
0,2453,3,car,run_v31534361407724,0.0,0.036525932407042876,0.050624822461260294,0.03947218812875271,0.042803841444731865,0.04167055377927588,0.05435187664961347,0.04712533669803579,0.036525932407042876,0.03856290637692132,0.05093866508785473,0.03883738347470831,0.053543064234100796,0.040462692146384906,0.04545597639095509,0.041591392412039165,0.02906792902242331,0.04343675133995741,0.042440463473924384,0.05229412034319772,0.03918292420424004,0.04165009257200682,0.04196282492259251,0.04050943395662868,0.04748882847335196
