,index,age,target_label,session_id,correct_or_not,target_label_prob,airplane_prob,bear_prob,bike_prob,bird_prob,boat_prob,bowl_prob,car_prob,cat_prob,chair_prob,couch_prob,cup_prob,dog_prob,fish_prob,frog_prob,house_prob,key_prob,person_prob,phone_prob,rabbit_prob,scissors_prob,sheep_prob,train_prob,tree_prob
0,7097,5,rabbit,run_v31530747522330,0.0,0.05599077863580611,0.03530394335136547,0.06395917141908997,0.036642123743360504,0.042877669565937304,0.04170122137994071,0.036577228270093,0.03839860008262446,0.04906287056608921,0.036401801939692294,0.03548202989172213,0.038869334075829876,0.04038421419756938,0.033647812035220805,0.055856499415560944,0.03716469991972872,0.04483332947664866,0.05086142502821434,0.045294105369690335,0.05599077863580611,0.04217012058306291,0.058136836990560305,0.04305895344130741,0.037325230620885136
