,index,age,target_label,session_id,correct_or_not,target_label_prob,airplane_prob,bear_prob,bike_prob,bird_prob,boat_prob,bowl_prob,car_prob,cat_prob,chair_prob,couch_prob,cup_prob,dog_prob,fish_prob,frog_prob,house_prob,key_prob,person_prob,phone_prob,rabbit_prob,scissors_prob,sheep_prob,train_prob,tree_prob
0,2263,5,bowl,run_v31528136180481,1.0,0.07046961421320923,0.033856021167777105,0.03992024026661442,0.044646445849539036,0.042665841990594804,0.04570221132261521,0.07046961421320923,0.038035942493476735,0.038425353597598376,0.04277750747350264,0.03741646462526056,0.05648918729710049,0.04024546334063922,0.05646800753893526,0.04451012292162259,0.03139329284557357,0.054846510468738334,0.04143602606746931,0.04255484415592333,0.03945704941924612,0.04366773316013387,0.03853428554489436,0.0358154549468188,0.04066637929271653
