,index,age,target_label,session_id,correct_or_not,target_label_prob,airplane_prob,bear_prob,bike_prob,bird_prob,boat_prob,bowl_prob,car_prob,cat_prob,chair_prob,couch_prob,cup_prob,dog_prob,fish_prob,frog_prob,house_prob,key_prob,person_prob,phone_prob,rabbit_prob,scissors_prob,sheep_prob,train_prob,tree_prob
0,4467,2,dog,run_v31533240618116,0.0,0.04567529382631589,0.04589411101129828,0.04044580391190665,0.03902322124959848,0.04214132166189142,0.04877550026240902,0.03943316635697781,0.03975734161217236,0.041724776971493856,0.047430364303504946,0.04242010638724347,0.04404155255374411,0.04567529382631589,0.04896337167712809,0.041327704068694605,0.04583578278889171,0.04046761529473644,0.046643916009677606,0.03958138431429255,0.041668097954554756,0.047542623736614484,0.044700389367632286,0.042391887662067786,0.04411466701715356
