,index,age,target_label,session_id,correct_or_not,target_label_prob,airplane_prob,bear_prob,bike_prob,bird_prob,boat_prob,bowl_prob,car_prob,cat_prob,chair_prob,couch_prob,cup_prob,dog_prob,fish_prob,frog_prob,house_prob,key_prob,person_prob,phone_prob,rabbit_prob,scissors_prob,sheep_prob,train_prob,tree_prob
0,5285,10,frog,run_v41541107904364,0.0,0.046071415033857616,0.03996918711133591,0.04988862351127198,0.05078260496824121,0.044602278409174446,0.042361996025210395,0.03718349579193722,0.047606195564691985,0.047634593805871296,0.041292887409257746,0.0369520218429816,0.04480197112839177,0.03907078292679995,0.03836809656861839,0.046071415033857616,0.04447838211122685,0.041667724709880755,0.04202707082487465,0.04335072594963429,0.04877210595000474,0.039325930636439264,0.041527931805933775,0.047119673920766235,0.04514430399359798
