,index,age,target_label,session_id,correct_or_not,target_label_prob,airplane_prob,bear_prob,bike_prob,bird_prob,boat_prob,bowl_prob,car_prob,cat_prob,chair_prob,couch_prob,cup_prob,dog_prob,fish_prob,frog_prob,house_prob,key_prob,person_prob,phone_prob,rabbit_prob,scissors_prob,sheep_prob,train_prob,tree_prob
0,198,2,airplane,run_v31531604038450,0.0,0.0465264474918086,0.0465264474918086,0.04010649275751595,0.04959256772776824,0.0532800877270493,0.042160017430895494,0.041674241814511556,0.044131063398236366,0.04098113700140682,0.04164367575253565,0.04484094565566431,0.036261598405584496,0.04672991992375101,0.04586009044449199,0.045209890604247065,0.036826613744793235,0.04085602606687136,0.04721170582010384,0.03388071123918646,0.036816373428364094,0.04460391754386464,0.04671775569965478,0.051720171018588224,0.042368549303106205
