,index,age,target_label,session_id,correct_or_not,target_label_prob,airplane_prob,bear_prob,bike_prob,bird_prob,boat_prob,bowl_prob,car_prob,cat_prob,chair_prob,couch_prob,cup_prob,dog_prob,fish_prob,frog_prob,house_prob,key_prob,person_prob,phone_prob,rabbit_prob,scissors_prob,sheep_prob,train_prob,tree_prob
0,200,5,airplane,run_v31529183617044,0.0,0.04621369795557889,0.04621369795557889,0.04210077651736491,0.03728415394784604,0.038677797669008696,0.04656787530216401,0.03497255583101271,0.06051128680329213,0.04261070396493716,0.03845470110497939,0.04971240393553233,0.03719217122190126,0.04467727162761202,0.048734881174166494,0.04688118782139968,0.045367588402788254,0.03971403443958104,0.045893684491548146,0.0404073537322315,0.03908802688898295,0.03689101742702034,0.04713442604475314,0.04957511217472586,0.04133729152157307
