,index,age,target_label,session_id,correct_or_not,target_label_prob,airplane_prob,bear_prob,bike_prob,bird_prob,boat_prob,bowl_prob,car_prob,cat_prob,chair_prob,couch_prob,cup_prob,dog_prob,fish_prob,frog_prob,house_prob,key_prob,person_prob,phone_prob,rabbit_prob,scissors_prob,sheep_prob,train_prob,tree_prob
0,1347,6,bird,run_v31528747691879,0.0,0.04168538222604406,0.0469974375007,0.03813733915273984,0.04538928687737305,0.04168538222604406,0.05256785242088599,0.049167079554284426,0.03800946782696055,0.039260645647361904,0.0425953569749966,0.05976294198469163,0.054243317207452124,0.038431781341873875,0.061598155635372014,0.03253026953204399,0.03145680881045241,0.0490203674927684,0.02915419514846131,0.0372980085269871,0.03672140787027666,0.04922119540896056,0.036889066975828534,0.05006914297785329,0.039793492905631576
