,index,age,target_label,session_id,correct_or_not,target_label_prob,airplane_prob,bear_prob,bike_prob,bird_prob,boat_prob,bowl_prob,car_prob,cat_prob,chair_prob,couch_prob,cup_prob,dog_prob,fish_prob,frog_prob,house_prob,key_prob,person_prob,phone_prob,rabbit_prob,scissors_prob,sheep_prob,train_prob,tree_prob
0,282,5,airplane,run_v31530647850978,1.0,0.0640277131610188,0.0640277131610188,0.03985108351418771,0.039874277196972285,0.04412016367688659,0.05196104293606713,0.04211893272218039,0.0381449798709467,0.039486858134330054,0.037210845188669746,0.03924236476346052,0.040006090166989645,0.0393363002898666,0.04898930952757831,0.039435026747981064,0.04563893314521985,0.041818638639650706,0.054391851438781016,0.040928705789747874,0.03986856419858742,0.04758656854505835,0.047306443767358056,0.036756987473833054,0.04189831910462824
