,index,age,target_label,session_id,correct_or_not,target_label_prob,airplane_prob,bear_prob,bike_prob,bird_prob,boat_prob,bowl_prob,car_prob,cat_prob,chair_prob,couch_prob,cup_prob,dog_prob,fish_prob,frog_prob,house_prob,key_prob,person_prob,phone_prob,rabbit_prob,scissors_prob,sheep_prob,train_prob,tree_prob
0,4173,5,dog,run_v31536015899873,0.0,0.04702038987933642,0.03577628227865305,0.03929964715972897,0.0521286497993029,0.0409149655980194,0.04518141533889799,0.045593273903120325,0.036724028049364796,0.04252876712445848,0.057158183386409676,0.036465310211182905,0.0367770284215515,0.04702038987933642,0.037584632664318635,0.03674431486049553,0.05191560116045532,0.03942780426234888,0.06248742173676229,0.03784140567840991,0.0410493819566665,0.034453975527516834,0.04555830601547289,0.04605865859816623,0.051310556389360475
