,index,age,target_label,session_id,correct_or_not,target_label_prob,airplane_prob,bear_prob,bike_prob,bird_prob,boat_prob,bowl_prob,car_prob,cat_prob,chair_prob,couch_prob,cup_prob,dog_prob,fish_prob,frog_prob,house_prob,key_prob,person_prob,phone_prob,rabbit_prob,scissors_prob,sheep_prob,train_prob,tree_prob
0,5870,5,key,run_v41541981358856,0.0,0.05031585150449227,0.043805965454670005,0.041975494310718627,0.04034550226522321,0.03972944717144458,0.04155628228138096,0.04638446070434514,0.04274655937292772,0.03846325049185341,0.03853013754087005,0.040177442002101584,0.04536119507304076,0.041895175580262595,0.05890747117060244,0.04332258319952172,0.041136876550377864,0.05031585150449227,0.04263383922189876,0.04680705973228065,0.038772034797148795,0.049715786799348,0.03977200087155091,0.041409822798798755,0.04623576110514134
