,index,age,target_label,session_id,correct_or_not,target_label_prob,airplane_prob,bear_prob,bike_prob,bird_prob,boat_prob,bowl_prob,car_prob,cat_prob,chair_prob,couch_prob,cup_prob,dog_prob,fish_prob,frog_prob,house_prob,key_prob,person_prob,phone_prob,rabbit_prob,scissors_prob,sheep_prob,train_prob,tree_prob
0,567,4,bear,run_v41539376942239,0.0,0.05064159102525356,0.0387937863293401,0.05064159102525356,0.04090119695007274,0.04474149247969513,0.03591095437743073,0.040065842635041427,0.04219625388699746,0.04880078977027726,0.03777249028514585,0.03992837041815113,0.04112146088732731,0.044406592613713734,0.044995563437697665,0.045011638176885554,0.036591042186651344,0.05899850932454941,0.04858824534051435,0.04122688737568912,0.04273436652009574,0.04362310372216996,0.04314896029756916,0.0456574265838954,0.04414343537583598
