,index,age,target_label,session_id,correct_or_not,target_label_prob,airplane_prob,bear_prob,bike_prob,bird_prob,boat_prob,bowl_prob,car_prob,cat_prob,chair_prob,couch_prob,cup_prob,dog_prob,fish_prob,frog_prob,house_prob,key_prob,person_prob,phone_prob,rabbit_prob,scissors_prob,sheep_prob,train_prob,tree_prob
0,6325,7,person,run_v31533426055063,0.0,0.0676859847144595,0.03938467600772499,0.04313841291375691,0.03651316627563382,0.04641272554243956,0.04228169145904731,0.039149614559398374,0.03702163320776877,0.039377574836440464,0.04485211067590513,0.036348236688832664,0.04066276155855362,0.037002663142245644,0.03581361985177138,0.040251715305427115,0.035297061343057844,0.051520428817545344,0.0676859847144595,0.03927092318706988,0.048905634904266776,0.04780710631757621,0.03855422245306806,0.040728354439012356,0.07201968179899836
