,index,age,target_label,session_id,correct_or_not,target_label_prob,airplane_prob,bear_prob,bike_prob,bird_prob,boat_prob,bowl_prob,car_prob,cat_prob,chair_prob,couch_prob,cup_prob,dog_prob,fish_prob,frog_prob,house_prob,key_prob,person_prob,phone_prob,rabbit_prob,scissors_prob,sheep_prob,train_prob,tree_prob
0,8477,7,tree,run_v31535929178925,1.0,0.07630913173912582,0.03530698066686909,0.04840522596261893,0.043006019420376566,0.04669325746261864,0.03368892528765419,0.03666127688204974,0.03731744972368736,0.042608956579894705,0.04893690290032478,0.03826613468964236,0.04197253776429216,0.04321663332959583,0.04149532515945333,0.04208784032271432,0.04111997576688151,0.045915473062958886,0.05132647367479624,0.040938560327144845,0.04123008142764872,0.0389436933458164,0.046461211580188067,0.038091932923647535,0.07630913173912582
