,index,age,target_label,session_id,correct_or_not,target_label_prob,airplane_prob,bear_prob,bike_prob,bird_prob,boat_prob,bowl_prob,car_prob,cat_prob,chair_prob,couch_prob,cup_prob,dog_prob,fish_prob,frog_prob,house_prob,key_prob,person_prob,phone_prob,rabbit_prob,scissors_prob,sheep_prob,train_prob,tree_prob
0,8625,6,tree,run_v31525893423612,1.0,0.05358860285103395,0.04868628313732838,0.04629399948452808,0.0509659751199267,0.04245067571736962,0.03431663587162193,0.039248625875734654,0.03728334032467424,0.04560595515394115,0.0464112986266187,0.0469956041655266,0.03805062005794506,0.046436294303470564,0.04051348463965324,0.042421522303294504,0.033782972716835995,0.035895540094790665,0.05232576556795525,0.03757363223459348,0.03718817128758767,0.04457721592476682,0.04808951868450168,0.05129826585630128,0.05358860285103395
