,index,age,target_label,session_id,correct_or_not,target_label_prob,airplane_prob,bear_prob,bike_prob,bird_prob,boat_prob,bowl_prob,car_prob,cat_prob,chair_prob,couch_prob,cup_prob,dog_prob,fish_prob,frog_prob,house_prob,key_prob,person_prob,phone_prob,rabbit_prob,scissors_prob,sheep_prob,train_prob,tree_prob
0,5834,3,key,run_v41540591727617,0.0,0.03746132630393483,0.054049811780341565,0.04004890216554213,0.038392785045553386,0.03862665026054174,0.05338599786481677,0.045414945930006556,0.04779957243095879,0.03803158865779129,0.06583183381185043,0.04670811598894463,0.042769854760582926,0.04342076790135129,0.03954849323284176,0.03418160086200612,0.027514498166586798,0.03746132630393483,0.04815879329542348,0.044533248386160074,0.04296955600801915,0.03817833968948303,0.04117801688297786,0.04071005076688143,0.051085249807403844
