,index,age,target_label,session_id,correct_or_not,target_label_prob,airplane_prob,bear_prob,bike_prob,bird_prob,boat_prob,bowl_prob,car_prob,cat_prob,chair_prob,couch_prob,cup_prob,dog_prob,fish_prob,frog_prob,house_prob,key_prob,person_prob,phone_prob,rabbit_prob,scissors_prob,sheep_prob,train_prob,tree_prob
0,7187,3,scissors,run_v41541702638508,0.0,0.041441043072504784,0.03572782766792105,0.04369921387141897,0.04175127489674547,0.048943275410536884,0.043341018518078055,0.04220671381165539,0.04573865981733463,0.04472045719394479,0.0396593959363225,0.039094153772077284,0.04293593160524744,0.050465213119549344,0.03965252679065007,0.05187664114179754,0.04103966985187264,0.053928669579318196,0.04275837776268085,0.03508113628937442,0.04454749551984064,0.041441043072504784,0.04788085344589263,0.04764969732140954,0.03586075360382684
