,index,age,target_label,session_id,correct_or_not,target_label_prob,airplane_prob,bear_prob,bike_prob,bird_prob,boat_prob,bowl_prob,car_prob,cat_prob,chair_prob,couch_prob,cup_prob,dog_prob,fish_prob,frog_prob,house_prob,key_prob,person_prob,phone_prob,rabbit_prob,scissors_prob,sheep_prob,train_prob,tree_prob
0,8298,3,train,run_v41539446399668,0.0,0.04414748786364952,0.04199676617844916,0.04107679448225657,0.04399164891278911,0.04316291811329624,0.040289120505005875,0.04849221550985551,0.050001685932556744,0.03935961667308042,0.0374961632536683,0.04793858932051057,0.046031345652656465,0.0385795869115123,0.04187518135345405,0.04046198543375037,0.048709879826368416,0.04240542507238566,0.03755446365570289,0.0451918724677527,0.04520769510027371,0.04775838419131207,0.04126811708138719,0.04414748786364952,0.04700305650832616
