,index,age,target_label,session_id,correct_or_not,target_label_prob,airplane_prob,bear_prob,bike_prob,bird_prob,boat_prob,bowl_prob,car_prob,cat_prob,chair_prob,couch_prob,cup_prob,dog_prob,fish_prob,frog_prob,house_prob,key_prob,person_prob,phone_prob,rabbit_prob,scissors_prob,sheep_prob,train_prob,tree_prob
0,5608,5,house,run_v31534795998320,0.0,0.04870826198566063,0.0411865703918876,0.0405917074295741,0.03988640823758481,0.03554875755407213,0.0449980176501222,0.03378315164936039,0.04005848552622751,0.040382809900586104,0.058930842237184214,0.055516068349914585,0.05625191713608053,0.03865738110727805,0.04153184993812327,0.0405271737084099,0.04870826198566063,0.034846992109508076,0.042408959069638555,0.06475348508456652,0.0439382464516774,0.03673027966251683,0.04081912366549514,0.04157328069207314,0.038370230462458486
