,index,age,target_label,session_id,correct_or_not,target_label_prob,airplane_prob,bear_prob,bike_prob,bird_prob,boat_prob,bowl_prob,car_prob,cat_prob,chair_prob,couch_prob,cup_prob,dog_prob,fish_prob,frog_prob,house_prob,key_prob,person_prob,phone_prob,rabbit_prob,scissors_prob,sheep_prob,train_prob,tree_prob
0,709,5,bear,run_v41541885475463,0.0,0.04474684391993034,0.039023340184431037,0.04474684391993034,0.035195042598961016,0.044838016396856785,0.035096125126373175,0.04623540070818632,0.040504183232461216,0.04011300073489358,0.04806337128555956,0.04309435795983708,0.050532521951607144,0.04427067634886198,0.03552443179068259,0.04128097655849385,0.03405460102853354,0.043299240112990224,0.06178356610726614,0.040290038634435844,0.03580926694392865,0.04924036330159798,0.04137129675478325,0.04095016822536842,0.06468317009396024
