,index,age,target_label,session_id,correct_or_not,target_label_prob,airplane_prob,bear_prob,bike_prob,bird_prob,boat_prob,bowl_prob,car_prob,cat_prob,chair_prob,couch_prob,cup_prob,dog_prob,fish_prob,frog_prob,house_prob,key_prob,person_prob,phone_prob,rabbit_prob,scissors_prob,sheep_prob,train_prob,tree_prob
0,2790,4,cat,run_v41538861393569,0.0,0.04440744528303339,0.0418219542140071,0.04451742717413237,0.043950014289964444,0.04859166288695185,0.04202179133661426,0.043026649837157496,0.044730051485762874,0.04440744528303339,0.03386793886784692,0.035894190758854326,0.04033389445912561,0.04276519643687395,0.04038354898694428,0.051376882965636805,0.04204442175416001,0.03956363925928395,0.058793072445898126,0.03800766458475864,0.04611845254977861,0.0408823055069036,0.04885118998155722,0.04685753772195479,0.041193067212799285
