,index,age,target_label,session_id,correct_or_not,target_label_prob,airplane_prob,bear_prob,bike_prob,bird_prob,boat_prob,bowl_prob,car_prob,cat_prob,chair_prob,couch_prob,cup_prob,dog_prob,fish_prob,frog_prob,house_prob,key_prob,person_prob,phone_prob,rabbit_prob,scissors_prob,sheep_prob,train_prob,tree_prob
0,6824,6,rabbit,run_v31531433304716,0.0,0.05112049374279976,0.048434379282971854,0.039804356934558326,0.05365210244924789,0.04460580030212352,0.04804651947999426,0.041801404292478375,0.05362329557332318,0.044118021097114636,0.038212251381258,0.03669311623368965,0.03693057317358872,0.042716591603488785,0.04939420423834849,0.044554383270012876,0.03877038209442536,0.03855484530412891,0.04003029976036196,0.036881013966353966,0.05112049374279976,0.04993867234666638,0.041253368346271364,0.04529685609736811,0.03556706902942559
