,index,age,target_label,session_id,correct_or_not,target_label_prob,airplane_prob,bear_prob,bike_prob,bird_prob,boat_prob,bowl_prob,car_prob,cat_prob,chair_prob,couch_prob,cup_prob,dog_prob,fish_prob,frog_prob,house_prob,key_prob,person_prob,phone_prob,rabbit_prob,scissors_prob,sheep_prob,train_prob,tree_prob
0,2391,6,car,run_v31535839162986,1.0,0.0837462742895948,0.037550103593619454,0.04323412794778368,0.05112513815178736,0.03793567216146339,0.038411690042922615,0.04214402259624266,0.0837462742895948,0.04204235899860568,0.0408203902193911,0.036400692124198525,0.038842719947797276,0.0448949374295323,0.04444719144552182,0.04521233318695833,0.03773272702073199,0.04244670645516499,0.03829337501558271,0.038217984515110645,0.04297845255648259,0.041749258678668494,0.04743405914465068,0.04529971917694488,0.03904006530124418
