,index,age,target_label,session_id,correct_or_not,target_label_prob,airplane_prob,bear_prob,bike_prob,bird_prob,boat_prob,bowl_prob,car_prob,cat_prob,chair_prob,couch_prob,cup_prob,dog_prob,fish_prob,frog_prob,house_prob,key_prob,person_prob,phone_prob,rabbit_prob,scissors_prob,sheep_prob,train_prob,tree_prob
0,5661,5,house,run_v31533578333379,1.0,0.08620337579706029,0.04266268102775064,0.04010772992208692,0.042091145009759405,0.040295543035648786,0.04141452481802059,0.03552109501221023,0.04167930296901005,0.04534321736282843,0.043037586991641265,0.044543464075737144,0.04023771329954513,0.03960668630187285,0.04382593079281355,0.039390825384955315,0.08620337579706029,0.03774483191729409,0.045983881699911196,0.04953688685814008,0.03664913569331015,0.035136809893009484,0.03659219653416945,0.052057188567293994,0.04033824703593115
