,index,age,target_label,session_id,correct_or_not,target_label_prob,airplane_prob,bear_prob,bike_prob,bird_prob,boat_prob,bowl_prob,car_prob,cat_prob,chair_prob,couch_prob,cup_prob,dog_prob,fish_prob,frog_prob,house_prob,key_prob,person_prob,phone_prob,rabbit_prob,scissors_prob,sheep_prob,train_prob,tree_prob
0,5501,5,house,run_v31532982445797,1.0,0.0623879226988667,0.052430078806496735,0.03997766369512121,0.03789570511543641,0.03943682088867894,0.05123899422119603,0.035937688222395965,0.04039482252934178,0.04257001359797828,0.05089474113710661,0.036063148848908703,0.04583884142117123,0.03945929648778222,0.0403889061793938,0.041151914702207665,0.0623879226988667,0.04489492901115643,0.03384673447299701,0.04274401918680907,0.04544361204865001,0.049508733466246006,0.0434046498196956,0.04234938758104657,0.04174137586131698
