,index,age,target_label,session_id,correct_or_not,target_label_prob,airplane_prob,bear_prob,bike_prob,bird_prob,boat_prob,bowl_prob,car_prob,cat_prob,chair_prob,couch_prob,cup_prob,dog_prob,fish_prob,frog_prob,house_prob,key_prob,person_prob,phone_prob,rabbit_prob,scissors_prob,sheep_prob,train_prob,tree_prob
0,5043,4,frog,run_v41540070369283,0.0,0.04124738617956678,0.047025753726686916,0.03823561901653528,0.04033912152815384,0.04471962800148316,0.04673330934524129,0.0334671051670124,0.04466160356161981,0.042059236341321166,0.03777931105636872,0.04240487497841754,0.0468222644376261,0.039603113214856316,0.04479048800310777,0.04124738617956678,0.04308438906237681,0.04869825222064488,0.03421625666230895,0.046345810148061786,0.051374461722543015,0.058926614537466795,0.043963231441257807,0.04610950639412259,0.037392663253220326
