,index,age,target_label,session_id,correct_or_not,target_label_prob,airplane_prob,bear_prob,bike_prob,bird_prob,boat_prob,bowl_prob,car_prob,cat_prob,chair_prob,couch_prob,cup_prob,dog_prob,fish_prob,frog_prob,house_prob,key_prob,person_prob,phone_prob,rabbit_prob,scissors_prob,sheep_prob,train_prob,tree_prob
0,2622,3,car,run_v31534964848199,0.0,0.0449736555478452,0.044698778435994166,0.04660300964622304,0.055336994131561124,0.041752942044923615,0.04837886933505298,0.04456956317258716,0.0449736555478452,0.04140508331596794,0.040086449454689616,0.04225511856713736,0.04452516956524371,0.042223191998187935,0.043572129447220935,0.04332125369337107,0.03881930246298888,0.04099661015215167,0.041399073354155824,0.0398055670507865,0.03706694352798643,0.03741543598096406,0.04335966342529617,0.04650406413426153,0.0509311315554029
