,index,age,target_label,session_id,correct_or_not,target_label_prob,airplane_prob,bear_prob,bike_prob,bird_prob,boat_prob,bowl_prob,car_prob,cat_prob,chair_prob,couch_prob,cup_prob,dog_prob,fish_prob,frog_prob,house_prob,key_prob,person_prob,phone_prob,rabbit_prob,scissors_prob,sheep_prob,train_prob,tree_prob
0,1392,5,bird,run_v31531608572760,0.0,0.05307135074141167,0.046329748994616476,0.04653721335508298,0.042184448087705356,0.05307135074141167,0.041140312659212204,0.03832778943039286,0.03776217521980632,0.04370960546027813,0.046829268985828496,0.03921420760584959,0.03740924371601863,0.04153839904487639,0.04027544262732042,0.04381597720440015,0.03656027413943951,0.04193677473882406,0.052221120865322025,0.0362983941992554,0.046252400455926115,0.046559006977605975,0.04314973718906011,0.042243981184717255,0.05663312711704981
