,index,age,target_label,session_id,correct_or_not,target_label_prob,airplane_prob,bear_prob,bike_prob,bird_prob,boat_prob,bowl_prob,car_prob,cat_prob,chair_prob,couch_prob,cup_prob,dog_prob,fish_prob,frog_prob,house_prob,key_prob,person_prob,phone_prob,rabbit_prob,scissors_prob,sheep_prob,train_prob,tree_prob
0,5312,5,house,run_v31526418564273,1.0,0.05898771126152459,0.050026574309772115,0.040167325949780355,0.050340685223730114,0.04527247700170317,0.041500684827596626,0.03332274363057987,0.04492058526069706,0.044405259880473856,0.05366824727356096,0.0457749256099981,0.03953530896970651,0.03884665667362167,0.033251434179598464,0.037795608102753876,0.05898771126152459,0.03740336024980766,0.03184988067806827,0.047797882169605614,0.050768380533725545,0.046011392069776495,0.0395927785827206,0.047169156386252305,0.0415909411749462
