,index,age,target_label,session_id,correct_or_not,target_label_prob,airplane_prob,bear_prob,bike_prob,bird_prob,boat_prob,bowl_prob,car_prob,cat_prob,chair_prob,couch_prob,cup_prob,dog_prob,fish_prob,frog_prob,house_prob,key_prob,person_prob,phone_prob,rabbit_prob,scissors_prob,sheep_prob,train_prob,tree_prob
0,1149,10,bird,run_v31528056599279,0.0,0.048117866925071764,0.04700181763825091,0.062369577431160984,0.04561544766458177,0.048117866925071764,0.03703239257328813,0.03926220379149109,0.04004968556058208,0.044292162182449885,0.042818880231576845,0.03907217238856254,0.04522310962075306,0.04171841035208264,0.04055819033490596,0.046638946558640246,0.038947488305790694,0.045555569454148265,0.038211252672906,0.03780856932856302,0.059491924002913935,0.04344749023636376,0.03830521038451644,0.04101905220593409,0.03744258015546595
