,index,age,target_label,session_id,correct_or_not,target_label_prob,airplane_prob,bear_prob,bike_prob,bird_prob,boat_prob,bowl_prob,car_prob,cat_prob,chair_prob,couch_prob,cup_prob,dog_prob,fish_prob,frog_prob,house_prob,key_prob,person_prob,phone_prob,rabbit_prob,scissors_prob,sheep_prob,train_prob,tree_prob
0,5119,5,frog,run_v41541878210540,0.0,0.048195064538327934,0.03295229246525876,0.05788691951931221,0.043365805495162064,0.045308489606311425,0.03987235186293445,0.041713540737487974,0.0551335907709674,0.04737655060280591,0.04205417209153034,0.03584083102960896,0.04045895226487679,0.04655089835130158,0.038244943017831275,0.048195064538327934,0.040862546067752956,0.046244445918037766,0.03384563905364913,0.039171313389994196,0.05080792002309358,0.04527715662044374,0.04740689995529882,0.04254024436956302,0.038889432248449776
