,index,age,target_label,session_id,correct_or_not,target_label_prob,airplane_prob,bear_prob,bike_prob,bird_prob,boat_prob,bowl_prob,car_prob,cat_prob,chair_prob,couch_prob,cup_prob,dog_prob,fish_prob,frog_prob,house_prob,key_prob,person_prob,phone_prob,rabbit_prob,scissors_prob,sheep_prob,train_prob,tree_prob
0,3240,5,chair,run_v31530644391081,1.0,0.08947069178041654,0.03943966562428406,0.03793394350084183,0.050909995454449984,0.03396072191030102,0.052712361741049804,0.044658257760518544,0.037698826339333996,0.0379271422027936,0.08947069178041654,0.052216188471238795,0.04857774696432696,0.03784067513072611,0.03950736105633748,0.03253119149562437,0.03973090534137395,0.042688215457435244,0.04006183240384446,0.04269860658394744,0.03586460930642896,0.0378408968554362,0.037422510327420604,0.044696866415512806,0.04361078787635735
