,index,age,target_label,session_id,correct_or_not,target_label_prob,airplane_prob,bear_prob,bike_prob,bird_prob,boat_prob,bowl_prob,car_prob,cat_prob,chair_prob,couch_prob,cup_prob,dog_prob,fish_prob,frog_prob,house_prob,key_prob,person_prob,phone_prob,rabbit_prob,scissors_prob,sheep_prob,train_prob,tree_prob
0,7116,10,rabbit,run_v31530476039266,1.0,0.06764682800378981,0.05374346205649846,0.04260049026846126,0.04631649693107268,0.041034718289345996,0.03608302902015878,0.03301050622126242,0.042664142964679116,0.0545171029997078,0.03546542106670489,0.041780369710778774,0.03919598492475964,0.04144367207272013,0.037979881873832506,0.03824494042882427,0.03841630179811396,0.04755999508236928,0.0388384715750168,0.046105812886810725,0.06764682800378981,0.056824075329242864,0.03962170254497335,0.04248925226746257,0.03841734168341411
