,index,age,target_label,session_id,correct_or_not,target_label_prob,airplane_prob,bear_prob,bike_prob,bird_prob,boat_prob,bowl_prob,car_prob,cat_prob,chair_prob,couch_prob,cup_prob,dog_prob,fish_prob,frog_prob,house_prob,key_prob,person_prob,phone_prob,rabbit_prob,scissors_prob,sheep_prob,train_prob,tree_prob
0,3836,2,cup,run_v31536016527217,1.0,0.049214887323161434,0.0413619286324962,0.04073400597197869,0.04131056890679112,0.04552617518042744,0.044702313107510445,0.04890961538310705,0.0473520156930744,0.04344037432791297,0.043584492913451824,0.04517032409332324,0.049214887323161434,0.041119911554135205,0.04835199275764498,0.03902895546731581,0.04251504897305869,0.041997768748910556,0.040898773096358476,0.04265087826227048,0.04304289673224437,0.04048675470330019,0.039594822205262906,0.04627218529241603,0.04273331067384755
