,index,age,target_label,session_id,correct_or_not,target_label_prob,airplane_prob,bear_prob,bike_prob,bird_prob,boat_prob,bowl_prob,car_prob,cat_prob,chair_prob,couch_prob,cup_prob,dog_prob,fish_prob,frog_prob,house_prob,key_prob,person_prob,phone_prob,rabbit_prob,scissors_prob,sheep_prob,train_prob,tree_prob
0,6216,8,person,run_v31533422134475,0.0,0.06943679289922292,0.03611009423128352,0.08494963682086759,0.044759427625441106,0.05230396953874015,0.03876993297236237,0.03458551239917608,0.03433708368375037,0.03940710061855376,0.04143749875311369,0.036993166223681685,0.03747663782876003,0.044553252183943064,0.04442399369227559,0.05662927806117695,0.03708479807434228,0.03911856817811441,0.06943679289922292,0.03477695647276817,0.03718089684111943,0.03429740626697028,0.042746369200815704,0.042791711439827795,0.03582991599369292
