,index,age,target_label,session_id,correct_or_not,target_label_prob,airplane_prob,bear_prob,bike_prob,bird_prob,boat_prob,bowl_prob,car_prob,cat_prob,chair_prob,couch_prob,cup_prob,dog_prob,fish_prob,frog_prob,house_prob,key_prob,person_prob,phone_prob,rabbit_prob,scissors_prob,sheep_prob,train_prob,tree_prob
0,3534,3,couch,run_v31530650975302,0.0,0.040650296344483965,0.046497775914148276,0.04304720708130804,0.04677442732197853,0.04706247121078209,0.03842543241034096,0.03856107608436882,0.038900592049822005,0.04679274537910327,0.04857274220669031,0.040650296344483965,0.04105752102800222,0.04385152306986947,0.03996835228659299,0.045510780951688,0.03719548801037299,0.03881864191186017,0.05937762007410079,0.0381568263786256,0.04057384499284285,0.04179072185969681,0.04091151723170201,0.04528771811903582,0.052214678082583864
