,index,age,target_label,session_id,correct_or_not,target_label_prob,airplane_prob,bear_prob,bike_prob,bird_prob,boat_prob,bowl_prob,car_prob,cat_prob,chair_prob,couch_prob,cup_prob,dog_prob,fish_prob,frog_prob,house_prob,key_prob,person_prob,phone_prob,rabbit_prob,scissors_prob,sheep_prob,train_prob,tree_prob
0,6032,4,key,run_v41536957678876,0.0,0.06691369320502034,0.031249261885274566,0.038091118840626284,0.036582393075030806,0.0471259485380538,0.037563629625597325,0.04003203497029418,0.0407321446618399,0.03892689628053921,0.05113063380736333,0.037846642010474885,0.04053730502598676,0.04529459377533546,0.04263748520221914,0.0450495504659903,0.034615772170703,0.06691369320502034,0.0681161118682952,0.03508075830133822,0.04563531924840347,0.041131575808015186,0.04374099909836604,0.033669831142196585,0.0582963009930359
