,index,age,target_label,session_id,correct_or_not,target_label_prob,airplane_prob,bear_prob,bike_prob,bird_prob,boat_prob,bowl_prob,car_prob,cat_prob,chair_prob,couch_prob,cup_prob,dog_prob,fish_prob,frog_prob,house_prob,key_prob,person_prob,phone_prob,rabbit_prob,scissors_prob,sheep_prob,train_prob,tree_prob
0,946,5,bike,run_v31529350799269,1.0,0.10846347823439069,0.031161310373062263,0.03634568869893489,0.10846347823439069,0.03753643824996625,0.038136681970306834,0.031480745950152,0.057578780722467644,0.04588336434983956,0.040194526427168746,0.035002337980672225,0.03802711317018563,0.034249773775392144,0.04114942571887154,0.041405538573186344,0.047486454033475844,0.03877069858117154,0.036127438687484706,0.04016479956165424,0.04556946739564274,0.04230717717672878,0.04342566541867046,0.04941157882185394,0.040121516128721044
