,index,age,target_label,session_id,correct_or_not,target_label_prob,airplane_prob,bear_prob,bike_prob,bird_prob,boat_prob,bowl_prob,car_prob,cat_prob,chair_prob,couch_prob,cup_prob,dog_prob,fish_prob,frog_prob,house_prob,key_prob,person_prob,phone_prob,rabbit_prob,scissors_prob,sheep_prob,train_prob,tree_prob
0,3672,6,couch,run_v31527974237867,0.0,0.051810393442123084,0.03862555178509411,0.04193759624601351,0.03886533132865451,0.03943974299984561,0.05352542763576373,0.04379594252804989,0.04290486212706928,0.039311820894683054,0.03988261291505171,0.051810393442123084,0.03966107584786918,0.04127061297611135,0.05162639697864697,0.039110303800135734,0.04419724169389076,0.04668757163412091,0.04342272320130907,0.04350065027782009,0.038835997464008405,0.03984408436251195,0.04430219474240089,0.05463311023241188,0.04280875488641424
