,index,age,target_label,session_id,correct_or_not,target_label_prob,airplane_prob,bear_prob,bike_prob,bird_prob,boat_prob,bowl_prob,car_prob,cat_prob,chair_prob,couch_prob,cup_prob,dog_prob,fish_prob,frog_prob,house_prob,key_prob,person_prob,phone_prob,rabbit_prob,scissors_prob,sheep_prob,train_prob,tree_prob
0,7366,4,scissors,run_v41541708147779,1.0,0.06924177584265631,0.04047291070097727,0.039820559173296924,0.053444438661335275,0.03582400261432133,0.0426911116808938,0.03980410756840717,0.04326849786656929,0.04341104960505919,0.0520211786295303,0.035361637144360074,0.043820557726231765,0.03792728234527596,0.0391420529620236,0.04068208163271937,0.030299118511959353,0.06407956122380226,0.04105798936780657,0.042685299458971544,0.047119576462256785,0.06924177584265631,0.036948894979849066,0.04518806804471055,0.03568824779698601
