,index,age,target_label,session_id,correct_or_not,target_label_prob,airplane_prob,bear_prob,bike_prob,bird_prob,boat_prob,bowl_prob,car_prob,cat_prob,chair_prob,couch_prob,cup_prob,dog_prob,fish_prob,frog_prob,house_prob,key_prob,person_prob,phone_prob,rabbit_prob,scissors_prob,sheep_prob,train_prob,tree_prob
0,3319,10,chair,run_v31532120837108,1.0,0.07592898779274396,0.04066863863674989,0.04184008770435587,0.03339299896659186,0.04351640303314435,0.04325821513446696,0.03740718129069414,0.04274226727255312,0.04207773970854629,0.07592898779274396,0.04982626694359974,0.04219078716930986,0.03825791937447233,0.04469212158740627,0.04609253564566729,0.043737167728028756,0.03886232424867428,0.050801168036574834,0.03974923836564757,0.04458781703267601,0.043850560050252355,0.04105541968011818,0.03543040918514424,0.04003374541258198
