,index,age,target_label,session_id,correct_or_not,target_label_prob,airplane_prob,bear_prob,bike_prob,bird_prob,boat_prob,bowl_prob,car_prob,cat_prob,chair_prob,couch_prob,cup_prob,dog_prob,fish_prob,frog_prob,house_prob,key_prob,person_prob,phone_prob,rabbit_prob,scissors_prob,sheep_prob,train_prob,tree_prob
0,152,10,airplane,run_v31529432399324,0.0,0.04580187964450881,0.04580187964450881,0.04592760257810341,0.050371855177351606,0.04796859614087255,0.04238441083594207,0.03922501055725817,0.04015345624463344,0.04585015841649588,0.04018892313051142,0.036757680011245505,0.03865180931294937,0.043492624478268224,0.03821372534945244,0.04553379595139162,0.04121773308113124,0.04578805981294917,0.054756948918751436,0.03666968497890833,0.041478748148907195,0.04379417351301272,0.04477495038377109,0.04224178550374181,0.04875638782984241
