,index,age,target_label,session_id,correct_or_not,target_label_prob,airplane_prob,bear_prob,bike_prob,bird_prob,boat_prob,bowl_prob,car_prob,cat_prob,chair_prob,couch_prob,cup_prob,dog_prob,fish_prob,frog_prob,house_prob,key_prob,person_prob,phone_prob,rabbit_prob,scissors_prob,sheep_prob,train_prob,tree_prob
0,7827,9,sheep,run_v41541182623838,0.0,0.040578573182519444,0.04483252388316385,0.04211336286780024,0.06315399839508914,0.04087339218869079,0.04782656046106697,0.04059782381907925,0.04758789782549632,0.04385179994927282,0.03617761551112164,0.03725108583623358,0.033445312168347105,0.041129824690590885,0.03754507396850799,0.04035402986368213,0.03437063669992759,0.04176951897725107,0.05762229182114821,0.038306036753679905,0.046874442331485154,0.04613437427115267,0.040578573182519444,0.04248040653259886,0.055123418002094624
