,index,age,target_label,session_id,correct_or_not,target_label_prob,airplane_prob,bear_prob,bike_prob,bird_prob,boat_prob,bowl_prob,car_prob,cat_prob,chair_prob,couch_prob,cup_prob,dog_prob,fish_prob,frog_prob,house_prob,key_prob,person_prob,phone_prob,rabbit_prob,scissors_prob,sheep_prob,train_prob,tree_prob
0,2963,6,cat,run_v41541807750723,0.0,0.048679900910246925,0.03897046227958,0.040764103387789734,0.033718533074558514,0.046026747983284697,0.03744090316167883,0.044331890886658586,0.0422166432424052,0.048679900910246925,0.042186156667514366,0.04489316991943575,0.03963519773579394,0.05325197859695142,0.05740792646781881,0.04638179661763241,0.032081912491756404,0.040724467711456616,0.04253869951823416,0.03812694265282072,0.03875950084732407,0.05817895152796156,0.05293867834116598,0.04087372541250786,0.039871710565423435
