,index,age,target_label,session_id,correct_or_not,target_label_prob,airplane_prob,bear_prob,bike_prob,bird_prob,boat_prob,bowl_prob,car_prob,cat_prob,chair_prob,couch_prob,cup_prob,dog_prob,fish_prob,frog_prob,house_prob,key_prob,person_prob,phone_prob,rabbit_prob,scissors_prob,sheep_prob,train_prob,tree_prob
0,8436,6,tree,run_v31533669370613,1.0,0.07253341285654374,0.044292677523821135,0.049199286621279974,0.036032396102525455,0.04438678471331719,0.04233962851286682,0.03979291146842837,0.0370332809360689,0.03913202894743633,0.0398252376226151,0.037875343119077004,0.05000089027226956,0.03886758580456128,0.03546902148312697,0.04243913877854836,0.03683604518880134,0.051453194300412564,0.04596312304990972,0.042589737890052035,0.04798706520874315,0.045883405985870075,0.040076133680924594,0.03999166993280006,0.07253341285654374
