,index,age,target_label,session_id,correct_or_not,target_label_prob,airplane_prob,bear_prob,bike_prob,bird_prob,boat_prob,bowl_prob,car_prob,cat_prob,chair_prob,couch_prob,cup_prob,dog_prob,fish_prob,frog_prob,house_prob,key_prob,person_prob,phone_prob,rabbit_prob,scissors_prob,sheep_prob,train_prob,tree_prob
0,783,10,bike,run_v31527976577391,1.0,0.114192244123309,0.04004042347421295,0.03714189907514958,0.114192244123309,0.03838226312104761,0.041073290477992984,0.03800705146757585,0.06785289940311492,0.04281093831230347,0.03530366378512419,0.032576881584514654,0.03375161512777567,0.03960104650842068,0.03640182554683643,0.03698363563283963,0.0375775809784463,0.03687659317412242,0.03479745229828576,0.028550789095871068,0.03803192581420993,0.0448256635527776,0.048475075644153716,0.06278713963408455,0.03395810216783096
