,index,age,target_label,session_id,correct_or_not,target_label_prob,airplane_prob,bear_prob,bike_prob,bird_prob,boat_prob,bowl_prob,car_prob,cat_prob,chair_prob,couch_prob,cup_prob,dog_prob,fish_prob,frog_prob,house_prob,key_prob,person_prob,phone_prob,rabbit_prob,scissors_prob,sheep_prob,train_prob,tree_prob
0,1360,3,bird,run_v31531861551790,0.0,0.041585668344690074,0.044481211959619744,0.042321376092567004,0.04052329012039101,0.041585668344690074,0.05824024175520692,0.043612057922057974,0.04478593789276387,0.03986953933085343,0.05021579610122439,0.05078631807628977,0.03788880344499773,0.03999919937111033,0.04646393788522583,0.039847871355205886,0.039665253283815455,0.04274493854649277,0.03889311212064616,0.04114124810897083,0.04077596235747633,0.045931999748314835,0.038121423000593055,0.04928215918986861,0.042822653991618
