,index,age,target_label,session_id,correct_or_not,target_label_prob,airplane_prob,bear_prob,bike_prob,bird_prob,boat_prob,bowl_prob,car_prob,cat_prob,chair_prob,couch_prob,cup_prob,dog_prob,fish_prob,frog_prob,house_prob,key_prob,person_prob,phone_prob,rabbit_prob,scissors_prob,sheep_prob,train_prob,tree_prob
0,6296,8,person,run_v31534025393566,0.0,0.04812669512554662,0.04505120579977814,0.037396486704145304,0.04241916207227898,0.044922602529405053,0.04404197338758388,0.03906287476617275,0.04896312032986438,0.03718966777782179,0.055437719732778896,0.03495915594626492,0.04412120277636386,0.041699371909017055,0.048337257673938504,0.041653138335970744,0.04462693519962482,0.04163541566889925,0.04812669512554662,0.04243874150825879,0.04471114880170882,0.046241023515304194,0.040354589714743865,0.043256234447807775,0.04335427627672172
