,index,age,target_label,session_id,correct_or_not,target_label_prob,airplane_prob,bear_prob,bike_prob,bird_prob,boat_prob,bowl_prob,car_prob,cat_prob,chair_prob,couch_prob,cup_prob,dog_prob,fish_prob,frog_prob,house_prob,key_prob,person_prob,phone_prob,rabbit_prob,scissors_prob,sheep_prob,train_prob,tree_prob
0,8510,5,tree,run_v31534283389631,0.0,0.045599979941479685,0.048737058864056194,0.03702350302659374,0.04641759101874958,0.04485138848291598,0.048065944832639235,0.03762200193458555,0.046829202959052615,0.033432287327414184,0.041587131932152514,0.039374788727033004,0.04872205530012944,0.04157529767710585,0.046226292275530365,0.04017232075572071,0.05360568670195733,0.037530719946140455,0.037892938723245013,0.04162116709163958,0.043160428457273935,0.04751584273221814,0.04549816363613799,0.04693820765622895,0.045599979941479685
