,index,age,target_label,session_id,correct_or_not,target_label_prob,airplane_prob,bear_prob,bike_prob,bird_prob,boat_prob,bowl_prob,car_prob,cat_prob,chair_prob,couch_prob,cup_prob,dog_prob,fish_prob,frog_prob,house_prob,key_prob,person_prob,phone_prob,rabbit_prob,scissors_prob,sheep_prob,train_prob,tree_prob
0,8507,7,tree,run_v31532641054603,1.0,0.06504110925716271,0.036227492435701725,0.04207891110219774,0.031057390521387954,0.04251671177369355,0.0478828889348823,0.043284987158883535,0.04140138581845482,0.04390362532245111,0.05144941418500368,0.028865642184317017,0.045587613716955376,0.04371590662903862,0.04269926884091662,0.03781792804955707,0.03446197058048724,0.0410560894593617,0.06009890188144688,0.03894696673990546,0.0418637072423299,0.0532750337261977,0.04412569573791679,0.04264135870175047,0.06504110925716271
