,index,age,target_label,session_id,correct_or_not,target_label_prob,airplane_prob,bear_prob,bike_prob,bird_prob,boat_prob,bowl_prob,car_prob,cat_prob,chair_prob,couch_prob,cup_prob,dog_prob,fish_prob,frog_prob,house_prob,key_prob,person_prob,phone_prob,rabbit_prob,scissors_prob,sheep_prob,train_prob,tree_prob
0,8571,9,tree,run_v31533413499150,1.0,0.06441382650716818,0.0365734524462543,0.04605323554214638,0.0431253695387921,0.04251860756520161,0.0385319564932666,0.03852283729874497,0.03842106761555485,0.04447635645008937,0.04586166398521159,0.04568625318496862,0.0384800554317012,0.04597457793006617,0.0387778183973986,0.04408325471911874,0.03673642945964316,0.04339942209132366,0.04492038137714192,0.0433413686471795,0.043986425272097396,0.04641855096165914,0.043272548914894966,0.04642454017037723,0.06441382650716818
