,index,age,target_label,session_id,correct_or_not,target_label_prob,airplane_prob,bear_prob,bike_prob,bird_prob,boat_prob,bowl_prob,car_prob,cat_prob,chair_prob,couch_prob,cup_prob,dog_prob,fish_prob,frog_prob,house_prob,key_prob,person_prob,phone_prob,rabbit_prob,scissors_prob,sheep_prob,train_prob,tree_prob
0,8002,3,train,run_v41541804906496,0.0,0.043125155455164765,0.03705887008839711,0.03918628738780197,0.04396242818894277,0.04245951692649739,0.04634228603115126,0.0370755051425826,0.03941436274355476,0.03784048992302677,0.06465144021336103,0.0536906514765887,0.04614430809687636,0.0403176505254728,0.0374486314569476,0.040338919839708,0.06364806792952268,0.04364063963136379,0.03612887512188478,0.048230888749387704,0.03598019832009529,0.03738347795631813,0.04118931479396294,0.043125155455164765,0.044742034001390825
