,index,age,target_label,session_id,correct_or_not,target_label_prob,airplane_prob,bear_prob,bike_prob,bird_prob,boat_prob,bowl_prob,car_prob,cat_prob,chair_prob,couch_prob,cup_prob,dog_prob,fish_prob,frog_prob,house_prob,key_prob,person_prob,phone_prob,rabbit_prob,scissors_prob,sheep_prob,train_prob,tree_prob
0,5953,4,key,run_v41541361872291,1.0,0.062431339181203964,0.03768795963254735,0.04138926032985462,0.041898074844570074,0.04225403641391626,0.038211448724618305,0.03962404685156474,0.04204941189295585,0.04215559727221933,0.0409659798672839,0.038002003168014775,0.044924503500332204,0.04005159154473822,0.03803000228790088,0.04385231509112411,0.03988188931184874,0.062431339181203964,0.03888274064446879,0.047365127966255416,0.03862033027510017,0.05334109505698624,0.04092323985588519,0.04661579374313282,0.060842212543478026
