,index,age,target_label,session_id,correct_or_not,target_label_prob,airplane_prob,bear_prob,bike_prob,bird_prob,boat_prob,bowl_prob,car_prob,cat_prob,chair_prob,couch_prob,cup_prob,dog_prob,fish_prob,frog_prob,house_prob,key_prob,person_prob,phone_prob,rabbit_prob,scissors_prob,sheep_prob,train_prob,tree_prob
0,5484,6,house,run_v31534539138382,1.0,0.07277426546065878,0.0445617258513644,0.04061928482471999,0.034178649988415355,0.04336429547383061,0.04321694597945051,0.03685466626470027,0.056853206440430765,0.03981587859978353,0.036425611694769294,0.05568153973057846,0.02875868455519444,0.04301091462861207,0.04364714411326328,0.03693906590749386,0.07277426546065878,0.04437893791031944,0.040808361708157784,0.04311821630384413,0.04848671527494606,0.03713014013651387,0.04040705156158142,0.05362311280550974,0.03534558478586182
