,index,age,target_label,session_id,correct_or_not,target_label_prob,airplane_prob,bear_prob,bike_prob,bird_prob,boat_prob,bowl_prob,car_prob,cat_prob,chair_prob,couch_prob,cup_prob,dog_prob,fish_prob,frog_prob,house_prob,key_prob,person_prob,phone_prob,rabbit_prob,scissors_prob,sheep_prob,train_prob,tree_prob
0,4046,5,cup,run_v31525976865876,0.0,0.05617928742675794,0.0452945793864425,0.0413544198534065,0.04183702712554994,0.04517308913956508,0.04291031628417223,0.04561807062236529,0.04351347746605351,0.04061687454020358,0.04639695642786315,0.056454719370249117,0.05617928742675794,0.04315184912282549,0.053687718403200385,0.04129378939611293,0.03404968433737998,0.04059200543860419,0.04395821958054798,0.037000572071833535,0.04055395779346069,0.04589930972894029,0.03808883927184855,0.039057363653244026,0.037317873559372945
