,index,age,target_label,session_id,correct_or_not,target_label_prob,airplane_prob,bear_prob,bike_prob,bird_prob,boat_prob,bowl_prob,car_prob,cat_prob,chair_prob,couch_prob,cup_prob,dog_prob,fish_prob,frog_prob,house_prob,key_prob,person_prob,phone_prob,rabbit_prob,scissors_prob,sheep_prob,train_prob,tree_prob
0,1870,4,boat,run_v31534712557845,0.0,0.07153899916258671,0.06014018801719094,0.03814493969154433,0.03966169335714066,0.0431128574668339,0.07153899916258671,0.04141299306884013,0.03354756463633403,0.03946942936924247,0.04756855982472888,0.04953371508861245,0.04358053656677803,0.03906780455540511,0.03992983457690746,0.035547850219527256,0.07292773585578818,0.039298487399788466,0.04406893739705338,0.03497079251185771,0.04445905547130173,0.031520348469898395,0.039488717457445074,0.03211337163709354,0.038895588198101336
