,index,age,target_label,session_id,correct_or_not,target_label_prob,airplane_prob,bear_prob,bike_prob,bird_prob,boat_prob,bowl_prob,car_prob,cat_prob,chair_prob,couch_prob,cup_prob,dog_prob,fish_prob,frog_prob,house_prob,key_prob,person_prob,phone_prob,rabbit_prob,scissors_prob,sheep_prob,train_prob,tree_prob
0,1039,3,bike,run_v31530743236728,1.0,0.06162353878886697,0.0348252311261049,0.03727840180791466,0.06162353878886697,0.04187359869734393,0.03819556386587492,0.03010476081546785,0.049105703174883136,0.03386829186707485,0.035512128445121506,0.05589171482326473,0.04732415428603267,0.03939651735658633,0.052642593686465344,0.03813478636658518,0.036802942528823664,0.0435830799603132,0.04198650046374827,0.055172584690070844,0.025650929874312844,0.037835440289606496,0.051229349525018904,0.06013904473343663,0.05182314282708218
