,index,age,target_label,session_id,correct_or_not,target_label_prob,airplane_prob,bear_prob,bike_prob,bird_prob,boat_prob,bowl_prob,car_prob,cat_prob,chair_prob,couch_prob,cup_prob,dog_prob,fish_prob,frog_prob,house_prob,key_prob,person_prob,phone_prob,rabbit_prob,scissors_prob,sheep_prob,train_prob,tree_prob
0,2820,5,cat,run_v41541373348621,0.0,0.055807183004022654,0.03940010105837424,0.052148503904392,0.05440697190651268,0.04833754780955241,0.037698454451807265,0.03728223845209847,0.03322132631977121,0.055807183004022654,0.03664502111236085,0.033133193054708285,0.0404943549016347,0.04351724473789192,0.04639215192365973,0.04815541129922368,0.03639934666626687,0.03895210829273074,0.06348576504459319,0.040053944596555736,0.04586034430678613,0.03798341846944796,0.04393231580644197,0.046943893796475046,0.03974915908469233
