,index,age,target_label,session_id,correct_or_not,target_label_prob,airplane_prob,bear_prob,bike_prob,bird_prob,boat_prob,bowl_prob,car_prob,cat_prob,chair_prob,couch_prob,cup_prob,dog_prob,fish_prob,frog_prob,house_prob,key_prob,person_prob,phone_prob,rabbit_prob,scissors_prob,sheep_prob,train_prob,tree_prob
0,4934,2,frog,run_v41540416337795,0.0,0.04696561626221847,0.04388871936762835,0.044437950928149964,0.04370026558574852,0.03900939466387844,0.0406301691015616,0.04241255894604885,0.04253258860289868,0.048421357575123246,0.04265462396228482,0.03614616901616864,0.037274358642904265,0.04394963795241963,0.04436606156212151,0.04696561626221847,0.03790972674143024,0.03643471132273514,0.03911988812574808,0.046768284857641174,0.06690274599851541,0.04775274305263861,0.04150148063292661,0.04659963897945286,0.040621308119756734
