,index,age,target_label,session_id,correct_or_not,target_label_prob,airplane_prob,bear_prob,bike_prob,bird_prob,boat_prob,bowl_prob,car_prob,cat_prob,chair_prob,couch_prob,cup_prob,dog_prob,fish_prob,frog_prob,house_prob,key_prob,person_prob,phone_prob,rabbit_prob,scissors_prob,sheep_prob,train_prob,tree_prob
0,4147,5,cup,run_v31533420646582,1.0,0.06947118060674248,0.039031802053140705,0.04326034661065019,0.03800001570371601,0.037493490638750473,0.031555064632865525,0.0324123117096683,0.040785020678327975,0.03900077594352889,0.05980498583252068,0.05949878711120802,0.06947118060674248,0.03967988356111223,0.03589078747810564,0.03598289461527133,0.0486982035033203,0.04621098330867794,0.037380558362869326,0.06152064782508664,0.03403072580154561,0.042140563652791445,0.04099107515315755,0.04248862153092048,0.044671273686022174
