,index,age,target_label,session_id,correct_or_not,target_label_prob,airplane_prob,bear_prob,bike_prob,bird_prob,boat_prob,bowl_prob,car_prob,cat_prob,chair_prob,couch_prob,cup_prob,dog_prob,fish_prob,frog_prob,house_prob,key_prob,person_prob,phone_prob,rabbit_prob,scissors_prob,sheep_prob,train_prob,tree_prob
0,8644,3,tree,run_v31532807103279,0.0,0.047016524853502,0.03970792752255313,0.04078111795351153,0.03664790254559886,0.040458165419670865,0.03860944433725453,0.06492650614191257,0.04572016779447659,0.03888037105591273,0.03956775910150367,0.050122887362971665,0.05559218717115375,0.0410692650398124,0.04572687661160475,0.03916575834657224,0.0350794022992396,0.04335477810275079,0.03477777858310426,0.05374660198657029,0.04026643897901838,0.045182342111891496,0.039238524545255074,0.044361272134158795,0.047016524853502
