,index,age,target_label,session_id,correct_or_not,target_label_prob,airplane_prob,bear_prob,bike_prob,bird_prob,boat_prob,bowl_prob,car_prob,cat_prob,chair_prob,couch_prob,cup_prob,dog_prob,fish_prob,frog_prob,house_prob,key_prob,person_prob,phone_prob,rabbit_prob,scissors_prob,sheep_prob,train_prob,tree_prob
0,5505,8,house,run_v31534794949914,1.0,0.08918104079104074,0.057591086150321255,0.03774850152424069,0.04242129719202435,0.038072391413992726,0.0465616127678394,0.036608939012980846,0.04457159468877309,0.03437598971208461,0.04252370013563962,0.059793107967644206,0.035788574205232154,0.04075246425537433,0.03613305373378164,0.03569871167323617,0.08918104079104074,0.04100688695471611,0.03167426773805303,0.05679858758800676,0.034354042031233045,0.03607343611732863,0.0404597875226463,0.04269350284085718,0.039117423982953016
