,index,age,target_label,session_id,correct_or_not,target_label_prob,airplane_prob,bear_prob,bike_prob,bird_prob,boat_prob,bowl_prob,car_prob,cat_prob,chair_prob,couch_prob,cup_prob,dog_prob,fish_prob,frog_prob,house_prob,key_prob,person_prob,phone_prob,rabbit_prob,scissors_prob,sheep_prob,train_prob,tree_prob
0,6395,6,person,run_v31526251554792,1.0,0.06903404601267148,0.04916456983552283,0.04188482264309746,0.04361270878196891,0.050234670566137604,0.047571232315441185,0.036085296902666604,0.039361178092759165,0.04185415139963481,0.03926022949365165,0.034195041808912044,0.03716404383113146,0.040267509266139825,0.04673353867746419,0.03751991073168099,0.04440191229707456,0.044108093830297665,0.06903404601267148,0.041118519063606175,0.04213693083309429,0.03707611278101754,0.040772390473881745,0.04187782528807998,0.054565265074067774
