,index,age,target_label,session_id,correct_or_not,target_label_prob,airplane_prob,bear_prob,bike_prob,bird_prob,boat_prob,bowl_prob,car_prob,cat_prob,chair_prob,couch_prob,cup_prob,dog_prob,fish_prob,frog_prob,house_prob,key_prob,person_prob,phone_prob,rabbit_prob,scissors_prob,sheep_prob,train_prob,tree_prob
0,4913,10,fish,run_v31533938139882,0.0,0.05024766485032853,0.0430900274495498,0.04530018320131412,0.051054954318762225,0.04225073677029063,0.043371014010591014,0.04691073175081721,0.047754392067561435,0.045543054997862945,0.04083673229602164,0.03884325097262108,0.04243281796213662,0.049135582638384925,0.05024766485032853,0.04010537478517765,0.04293382451396159,0.05390257580962366,0.03143014394978467,0.04021229387348062,0.03782209362697384,0.033515021702371646,0.04884628846948312,0.04353862682165597,0.04092261316124503
