,index,age,target_label,session_id,correct_or_not,target_label_prob,airplane_prob,bear_prob,bike_prob,bird_prob,boat_prob,bowl_prob,car_prob,cat_prob,chair_prob,couch_prob,cup_prob,dog_prob,fish_prob,frog_prob,house_prob,key_prob,person_prob,phone_prob,rabbit_prob,scissors_prob,sheep_prob,train_prob,tree_prob
0,5352,4,house,run_v31535841492468,0.0,0.048023912819455505,0.040323068269138826,0.03717271581429197,0.0388104980345639,0.04105764018866194,0.042209086059386614,0.03673514672121159,0.047220240334361625,0.040868127982289976,0.049266124286247465,0.05313913067950324,0.05625417259077308,0.039526929490035036,0.039456821817903845,0.04018494498279512,0.048023912819455505,0.044753644435228356,0.03995885184265593,0.049306667305636855,0.04005268543762679,0.04329749196361449,0.04146639572489806,0.04269508275252009,0.0482206204671997
