,index,age,target_label,session_id,correct_or_not,target_label_prob,airplane_prob,bear_prob,bike_prob,bird_prob,boat_prob,bowl_prob,car_prob,cat_prob,chair_prob,couch_prob,cup_prob,dog_prob,fish_prob,frog_prob,house_prob,key_prob,person_prob,phone_prob,rabbit_prob,scissors_prob,sheep_prob,train_prob,tree_prob
0,3533,8,couch,run_v31528574186310,1.0,0.06614763068496984,0.05614568874240682,0.04110667812389803,0.04118946458203957,0.043401007217918265,0.05418928381130186,0.03810935481229016,0.045812829389709465,0.037731470614350004,0.0401601898734654,0.06614763068496984,0.03882250297596195,0.04055036283485207,0.05493440280562929,0.034232966429830376,0.04005196609918057,0.04218932398958064,0.028530800478889822,0.041411666332567355,0.03943392012731016,0.03695166900676375,0.03546265669109255,0.06056076938989984,0.04287339498609218
