,index,age,target_label,session_id,correct_or_not,target_label_prob,airplane_prob,bear_prob,bike_prob,bird_prob,boat_prob,bowl_prob,car_prob,cat_prob,chair_prob,couch_prob,cup_prob,dog_prob,fish_prob,frog_prob,house_prob,key_prob,person_prob,phone_prob,rabbit_prob,scissors_prob,sheep_prob,train_prob,tree_prob
0,6294,3,person,run_v31534629175792,0.0,0.04180579384889912,0.04073775631008977,0.04330815859466483,0.03992042428878138,0.04528885443802266,0.04046894487364786,0.036083477916296874,0.04134398257516603,0.04914492305613474,0.037721310377052654,0.03717851266407954,0.039028472863063844,0.0484009520020862,0.04409179850649839,0.046422638632861085,0.04170525267488298,0.06146057720552687,0.04180579384889912,0.03648785414210195,0.0423084081903104,0.050487086612222384,0.04920201428769084,0.05013395480851608,0.0372688511314036
