,index,age,target_label,session_id,correct_or_not,target_label_prob,airplane_prob,bear_prob,bike_prob,bird_prob,boat_prob,bowl_prob,car_prob,cat_prob,chair_prob,couch_prob,cup_prob,dog_prob,fish_prob,frog_prob,house_prob,key_prob,person_prob,phone_prob,rabbit_prob,scissors_prob,sheep_prob,train_prob,tree_prob
0,306,2,airplane,run_v31530402216335,1.0,0.053681925604962065,0.053681925604962065,0.037983201401597916,0.038118918137645084,0.051919873252605914,0.04621113054503901,0.035391386374073575,0.0450089170042174,0.04491213290473337,0.03199587053135026,0.04294074678575815,0.041255376726292016,0.04791790922381634,0.05326172015729368,0.03887374549973048,0.04666633710549633,0.04068392771499915,0.04808471272929607,0.03717021671074171,0.04054647123079796,0.03802940669361893,0.0453017187239132,0.05182487739623638,0.04221947754578503
