,index,age,target_label,session_id,correct_or_not,target_label_prob,airplane_prob,bear_prob,bike_prob,bird_prob,boat_prob,bowl_prob,car_prob,cat_prob,chair_prob,couch_prob,cup_prob,dog_prob,fish_prob,frog_prob,house_prob,key_prob,person_prob,phone_prob,rabbit_prob,scissors_prob,sheep_prob,train_prob,tree_prob
0,754,8,bear,run_v41541792446475,0.0,0.05017877289896876,0.04896911545271069,0.05017877289896876,0.041034595545788234,0.04163439831983481,0.03914885343426658,0.04114759492521641,0.05856487798938006,0.043175760272327515,0.04432766414796734,0.035504382765225294,0.033258863910969896,0.05007599833926887,0.04833229662366967,0.05668614081638749,0.0408181359633207,0.041605153301278966,0.03995935048884952,0.0367982028571625,0.04469427455049652,0.03924341676738135,0.05126865994553587,0.03678015407494864,0.03679333660904425
