,index,age,target_label,session_id,correct_or_not,target_label_prob,airplane_prob,bear_prob,bike_prob,bird_prob,boat_prob,bowl_prob,car_prob,cat_prob,chair_prob,couch_prob,cup_prob,dog_prob,fish_prob,frog_prob,house_prob,key_prob,person_prob,phone_prob,rabbit_prob,scissors_prob,sheep_prob,train_prob,tree_prob
0,2146,7,bowl,run_v31530655295892,1.0,0.07627418477688759,0.04060884754790968,0.043876410763101475,0.03168563793952188,0.04484636414046063,0.05595629134964465,0.07627418477688759,0.03165013592291664,0.05206424372050934,0.04155134265887177,0.033679757305260044,0.05426800548842151,0.0467566319609866,0.04382372977610082,0.04129783489232683,0.030986679517879104,0.03590007699842981,0.0342084755838717,0.03781647973393958,0.04447967236659691,0.043388365506835926,0.04630759677379656,0.04445782889713304,0.044115406378598
