,index,age,target_label,session_id,correct_or_not,target_label_prob,airplane_prob,bear_prob,bike_prob,bird_prob,boat_prob,bowl_prob,car_prob,cat_prob,chair_prob,couch_prob,cup_prob,dog_prob,fish_prob,frog_prob,house_prob,key_prob,person_prob,phone_prob,rabbit_prob,scissors_prob,sheep_prob,train_prob,tree_prob
0,1679,6,boat,run_v31533417461456,1.0,0.07968028814024547,0.06022615755742099,0.04061017809593837,0.04235081155875755,0.044604060697859535,0.07968028814024547,0.045407905039320226,0.031094182834662143,0.041312111582094746,0.03571212747751858,0.03705773101614411,0.042542975595487795,0.03744388962372514,0.05695458659946319,0.03655332054671182,0.03587661176000974,0.03940584100914073,0.043895493048263144,0.035126689888413,0.04963579759160125,0.04736974184638835,0.03829337785665281,0.040938178130969734,0.037907942503211875
