,index,age,target_label,session_id,correct_or_not,target_label_prob,airplane_prob,bear_prob,bike_prob,bird_prob,boat_prob,bowl_prob,car_prob,cat_prob,chair_prob,couch_prob,cup_prob,dog_prob,fish_prob,frog_prob,house_prob,key_prob,person_prob,phone_prob,rabbit_prob,scissors_prob,sheep_prob,train_prob,tree_prob
0,7296,6,scissors,run_v41541280811876,0.0,0.0576400802614791,0.04455373745705502,0.045116251404554254,0.04722849368712534,0.04302916229522508,0.03461572810408143,0.043458958245104866,0.03830113189242067,0.03887913541904929,0.043628781901376555,0.041243660838491465,0.047432660677624756,0.04583554844462698,0.040929909680700184,0.037217218666553864,0.029259851011486586,0.05005861322835905,0.05092345246305607,0.04323117286941649,0.03878718206889064,0.0576400802614791,0.037228116058997354,0.040108321421381044,0.061292831902943885
