,index,age,target_label,session_id,correct_or_not,target_label_prob,airplane_prob,bear_prob,bike_prob,bird_prob,boat_prob,bowl_prob,car_prob,cat_prob,chair_prob,couch_prob,cup_prob,dog_prob,fish_prob,frog_prob,house_prob,key_prob,person_prob,phone_prob,rabbit_prob,scissors_prob,sheep_prob,train_prob,tree_prob
0,5111,5,frog,run_v41541188763962,0.0,0.055391240684769215,0.03799016597222115,0.05878947956868991,0.03522984480881888,0.04055067196326001,0.04903504350515173,0.046368882358896434,0.05306659519050549,0.04523318763317578,0.04011565056009028,0.03365265551842736,0.03856428302148386,0.0429957825217955,0.052314799703973125,0.055391240684769215,0.04035806498024369,0.03777633160205746,0.03761072545236413,0.04366582664282828,0.04322469951808592,0.03999174064475729,0.045274593105104406,0.042897394888149705,0.03990234015515073
