,index,age,target_label,session_id,correct_or_not,target_label_prob,airplane_prob,bear_prob,bike_prob,bird_prob,boat_prob,bowl_prob,car_prob,cat_prob,chair_prob,couch_prob,cup_prob,dog_prob,fish_prob,frog_prob,house_prob,key_prob,person_prob,phone_prob,rabbit_prob,scissors_prob,sheep_prob,train_prob,tree_prob
0,3540,2,couch,run_v31528321199079,1.0,0.0676896013176442,0.03876051489530075,0.039965870256083114,0.0477947556561364,0.04270388820320147,0.03424044942403915,0.0386598234547951,0.05627700542498861,0.03995608056273445,0.03420680819693525,0.0676896013176442,0.04850333767573593,0.04299625528074281,0.049472153434814425,0.041872825662770966,0.03956538105156978,0.04285255779064589,0.03995307061909881,0.05060570970626297,0.040080021653136746,0.034105939880089246,0.04316177106442374,0.05036058645392829,0.03621559233492175
