,index,age,target_label,session_id,correct_or_not,target_label_prob,airplane_prob,bear_prob,bike_prob,bird_prob,boat_prob,bowl_prob,car_prob,cat_prob,chair_prob,couch_prob,cup_prob,dog_prob,fish_prob,frog_prob,house_prob,key_prob,person_prob,phone_prob,rabbit_prob,scissors_prob,sheep_prob,train_prob,tree_prob
0,2152,3,bowl,run_v31528311599198,1.0,0.07095913852460675,0.0355792486818971,0.03971758758290665,0.03797067233196124,0.04404902946722155,0.046834026175333957,0.07095913852460675,0.04448303785961052,0.040979628054337136,0.036566235717149814,0.048474267752446766,0.03948852224896159,0.03872337061535805,0.04059166560516608,0.039859487591870406,0.062376836767728476,0.039606037817998825,0.04280149333311406,0.04974435775944523,0.04104898647921283,0.039500585012712086,0.04038907353099578,0.0432047565629955,0.03705195452696959
