,index,age,target_label,session_id,correct_or_not,target_label_prob,airplane_prob,bear_prob,bike_prob,bird_prob,boat_prob,bowl_prob,car_prob,cat_prob,chair_prob,couch_prob,cup_prob,dog_prob,fish_prob,frog_prob,house_prob,key_prob,person_prob,phone_prob,rabbit_prob,scissors_prob,sheep_prob,train_prob,tree_prob
0,8484,6,tree,run_v31525891955621,1.0,0.06408755326200052,0.035956883663393495,0.05005305063556912,0.053460525346096285,0.043025769017246175,0.0402112256646385,0.03880447576747049,0.04369297253413857,0.03613152361936978,0.03912071464768374,0.04008672334910843,0.04199878884157422,0.043667103167011556,0.03468440600721243,0.04327100233953399,0.03922851607818154,0.05139277578716623,0.0421075809565335,0.048768834479275956,0.049150471024721934,0.03822922883119251,0.04135951604793042,0.0415103589329505,0.06408755326200052
