,index,age,target_label,session_id,correct_or_not,target_label_prob,airplane_prob,bear_prob,bike_prob,bird_prob,boat_prob,bowl_prob,car_prob,cat_prob,chair_prob,couch_prob,cup_prob,dog_prob,fish_prob,frog_prob,house_prob,key_prob,person_prob,phone_prob,rabbit_prob,scissors_prob,sheep_prob,train_prob,tree_prob
0,7397,8,scissors,run_v41537137428018,1.0,0.062230399230046564,0.03987088419848512,0.04088293457357073,0.03739213951445485,0.04587372590151714,0.03776139201785215,0.042442673899522596,0.042791191922364906,0.04559993571387877,0.04581368909575946,0.03872476250620467,0.0410745353817287,0.04330437908449745,0.04799492408739188,0.04486737692274466,0.039714615641937505,0.05031952880272654,0.047736950227495384,0.0411802429567363,0.04385828832567891,0.062230399230046564,0.04217334366314517,0.0411191374285332,0.03727294890372731
