,index,age,target_label,session_id,correct_or_not,target_label_prob,airplane_prob,bear_prob,bike_prob,bird_prob,boat_prob,bowl_prob,car_prob,cat_prob,chair_prob,couch_prob,cup_prob,dog_prob,fish_prob,frog_prob,house_prob,key_prob,person_prob,phone_prob,rabbit_prob,scissors_prob,sheep_prob,train_prob,tree_prob
0,8376,8,tree,run_v31532821371094,1.0,0.0647588606404982,0.03450490945157603,0.047376543295272834,0.03622583599895689,0.0338763974549302,0.03879725165916068,0.04320579748351171,0.036500669026809714,0.040735478020323686,0.03633632056766288,0.036490396763273265,0.04345682822137374,0.04009975880816603,0.03501980881288031,0.04183275997482762,0.03755486879304886,0.05812625696688622,0.05044138004171784,0.05219718995728768,0.05984840351116147,0.05178851351253745,0.03977347176938117,0.04105229926875533,0.0647588606404982
