,index,age,target_label,session_id,correct_or_not,target_label_prob,airplane_prob,bear_prob,bike_prob,bird_prob,boat_prob,bowl_prob,car_prob,cat_prob,chair_prob,couch_prob,cup_prob,dog_prob,fish_prob,frog_prob,house_prob,key_prob,person_prob,phone_prob,rabbit_prob,scissors_prob,sheep_prob,train_prob,tree_prob
0,6102,5,person,run_v31534188734091,1.0,0.08941164265483509,0.044580269177911115,0.04284649492125748,0.03896090716339075,0.04821190239555624,0.04675009311657969,0.04336072579105502,0.03784671858000089,0.040533687350104826,0.046824895368839554,0.03118720287773873,0.03922446828544269,0.04326717756639292,0.04601643358573717,0.035288886995919734,0.04137699977671449,0.03988586064347556,0.08941164265483509,0.032957635430931526,0.03962283008018481,0.03861702428921314,0.038037874488082955,0.0339860404471947,0.06120422901344102
