,index,age,target_label,session_id,correct_or_not,target_label_prob,airplane_prob,bear_prob,bike_prob,bird_prob,boat_prob,bowl_prob,car_prob,cat_prob,chair_prob,couch_prob,cup_prob,dog_prob,fish_prob,frog_prob,house_prob,key_prob,person_prob,phone_prob,rabbit_prob,scissors_prob,sheep_prob,train_prob,tree_prob
0,3600,3,couch,run_v31531774926854,0.0,0.04086837165395543,0.05164058713125706,0.04126007549778182,0.052268391528104675,0.04841822080073325,0.043652138937933474,0.03718525466296903,0.04048114585701884,0.04396057336686228,0.04490431483893412,0.04086837165395543,0.05133273753646348,0.04451417699872144,0.04762685701132797,0.039115171190361855,0.037794425173814046,0.0445215739667548,0.036306226881076716,0.03441907750784854,0.04681446359362174,0.0453178247358778,0.04235716885662633,0.04208512762891306,0.04315609464304212
