,index,age,target_label,session_id,correct_or_not,target_label_prob,airplane_prob,bear_prob,bike_prob,bird_prob,boat_prob,bowl_prob,car_prob,cat_prob,chair_prob,couch_prob,cup_prob,dog_prob,fish_prob,frog_prob,house_prob,key_prob,person_prob,phone_prob,rabbit_prob,scissors_prob,sheep_prob,train_prob,tree_prob
0,5242,8,frog,run_v41539810430132,0.0,0.043422105011200314,0.0432604254588199,0.044019712997678664,0.04688110056314521,0.04296546443349352,0.037572357891344686,0.0367738562106657,0.040359021174436474,0.04142662787647214,0.06221777826268026,0.03880990290039613,0.039856786239337964,0.04688687476548978,0.052500379065804396,0.043422105011200314,0.03693469772318011,0.04993423239861598,0.048827651038346236,0.034086540956356694,0.03498807388103172,0.045966336099796896,0.041795797109229406,0.051100870634524974,0.03941340730795276
