,index,age,target_label,session_id,correct_or_not,target_label_prob,airplane_prob,bear_prob,bike_prob,bird_prob,boat_prob,bowl_prob,car_prob,cat_prob,chair_prob,couch_prob,cup_prob,dog_prob,fish_prob,frog_prob,house_prob,key_prob,person_prob,phone_prob,rabbit_prob,scissors_prob,sheep_prob,train_prob,tree_prob
0,6488,3,phone,run_v41541374290080,1.0,0.06052236006652665,0.044548789155229404,0.04147284374527256,0.03894506261165028,0.04199661348309033,0.04138616121580016,0.031498521741374595,0.04771780084436255,0.04288680740216956,0.02608464366869811,0.05699716424844207,0.05207212902237737,0.04248146717161219,0.040229410367558,0.03785852145943644,0.04205037519529817,0.042154534174644404,0.04018724903829196,0.06052236006652665,0.04404177140833899,0.046089137688088734,0.041004849245125936,0.05361212967653818,0.044161657370073444
