,index,age,target_label,session_id,correct_or_not,target_label_prob,airplane_prob,bear_prob,bike_prob,bird_prob,boat_prob,bowl_prob,car_prob,cat_prob,chair_prob,couch_prob,cup_prob,dog_prob,fish_prob,frog_prob,house_prob,key_prob,person_prob,phone_prob,rabbit_prob,scissors_prob,sheep_prob,train_prob,tree_prob
0,6182,5,person,run_v31532982445797,1.0,0.060138207598759694,0.049593776484070824,0.04552177472489055,0.03147114206017026,0.0566860676036945,0.04182310622970535,0.04112467993146971,0.039696192360749526,0.04383579189054121,0.03544927810028648,0.03818491072792223,0.03844616693757346,0.040689744252488405,0.04956421361428513,0.049816200279515506,0.03440843667251735,0.04113830101825919,0.060138207598759694,0.04139190628685592,0.04346295992118009,0.045132403438419,0.052635272096699416,0.0402788596346276,0.03951060813531875
