,index,age,target_label,session_id,correct_or_not,target_label_prob,airplane_prob,bear_prob,bike_prob,bird_prob,boat_prob,bowl_prob,car_prob,cat_prob,chair_prob,couch_prob,cup_prob,dog_prob,fish_prob,frog_prob,house_prob,key_prob,person_prob,phone_prob,rabbit_prob,scissors_prob,sheep_prob,train_prob,tree_prob
0,3016,4,cat,run_v41541876612699,0.0,0.04061420683470434,0.03849589652627695,0.038911325123285934,0.03365810498490907,0.045831187075841134,0.04758753268435382,0.04958654748899875,0.04113377976262856,0.04061420683470434,0.049356202732449436,0.0439137888661609,0.04833083637260136,0.03825920802970692,0.05051611115690718,0.04469032979003773,0.05274628131150209,0.037812878835138126,0.04777807766704239,0.04360347016663307,0.04473463465130296,0.038197849495670885,0.04178693711466453,0.04277601787818079,0.03967879545100284
