,index,age,target_label,session_id,correct_or_not,target_label_prob,airplane_prob,bear_prob,bike_prob,bird_prob,boat_prob,bowl_prob,car_prob,cat_prob,chair_prob,couch_prob,cup_prob,dog_prob,fish_prob,frog_prob,house_prob,key_prob,person_prob,phone_prob,rabbit_prob,scissors_prob,sheep_prob,train_prob,tree_prob
0,5832,6,key,run_v41542054777356,0.0,0.04501646543722035,0.05425627805493268,0.03958136943816604,0.04118740030495327,0.0492782667412949,0.041700699773994744,0.03862259202733559,0.05158845900690855,0.04601900954458662,0.038722202324940745,0.04166529358414127,0.0404622666284868,0.04918884943595074,0.05446724577976429,0.042880178407592145,0.04275045359948896,0.04501646543722035,0.03698338409633584,0.038032541461104345,0.03894805121797917,0.04609434920615934,0.04354474928638244,0.04622742488165886,0.03278246976062227
