,index,age,target_label,session_id,correct_or_not,target_label_prob,airplane_prob,bear_prob,bike_prob,bird_prob,boat_prob,bowl_prob,car_prob,cat_prob,chair_prob,couch_prob,cup_prob,dog_prob,fish_prob,frog_prob,house_prob,key_prob,person_prob,phone_prob,rabbit_prob,scissors_prob,sheep_prob,train_prob,tree_prob
0,6912,8,rabbit,run_v31529704867697,1.0,0.0648672034676289,0.049338968089223556,0.04159395293231593,0.051126254010752624,0.039986143068037966,0.03741065684436569,0.03388053077144036,0.05413517826588587,0.05209737847913448,0.043487709630232324,0.03638375625508088,0.03715093023879909,0.044487852938588784,0.03959996440453225,0.04029266521383263,0.035136355102684945,0.04106522505747343,0.04339717954748559,0.03043382222003,0.0648672034676289,0.04440216029578667,0.04317411693442878,0.05344386900750295,0.04310812722475627
