,index,age,target_label,session_id,correct_or_not,target_label_prob,airplane_prob,bear_prob,bike_prob,bird_prob,boat_prob,bowl_prob,car_prob,cat_prob,chair_prob,couch_prob,cup_prob,dog_prob,fish_prob,frog_prob,house_prob,key_prob,person_prob,phone_prob,rabbit_prob,scissors_prob,sheep_prob,train_prob,tree_prob
0,6276,4,person,run_v31535481195584,0.0,0.040192763066031895,0.03661026109859014,0.04878657370649285,0.02956983644160407,0.037494787438085896,0.04208034435263395,0.055820259322830273,0.053575704688370696,0.04187950561613507,0.043675368162037154,0.041730109944722836,0.042304940394717404,0.04124686855855797,0.051248731035030366,0.05845629359733641,0.033208870644483496,0.041210199622580435,0.040192763066031895,0.053652758553958874,0.042085826678605213,0.03340212523496079,0.053111887187713515,0.04059186986281864,0.038064114791702006
