,index,age,target_label,session_id,correct_or_not,target_label_prob,airplane_prob,bear_prob,bike_prob,bird_prob,boat_prob,bowl_prob,car_prob,cat_prob,chair_prob,couch_prob,cup_prob,dog_prob,fish_prob,frog_prob,house_prob,key_prob,person_prob,phone_prob,rabbit_prob,scissors_prob,sheep_prob,train_prob,tree_prob
0,5746,6,key,run_v41541377302643,0.0,0.04133792265040995,0.03817866339476473,0.04852285310937823,0.04406084645720981,0.048339320931137755,0.04559693551729594,0.03155331173049137,0.04353473173386709,0.054788758018280544,0.032710391009506824,0.03569207164511235,0.03852739024846721,0.049900165576409555,0.058097207127114955,0.046499112486796335,0.04081381009569864,0.04133792265040995,0.05380088423082092,0.04080808158461314,0.04588388671290298,0.03673762173425285,0.042019323609634215,0.04225378353430017,0.04034292686153452
