,index,age,target_label,session_id,correct_or_not,target_label_prob,airplane_prob,bear_prob,bike_prob,bird_prob,boat_prob,bowl_prob,car_prob,cat_prob,chair_prob,couch_prob,cup_prob,dog_prob,fish_prob,frog_prob,house_prob,key_prob,person_prob,phone_prob,rabbit_prob,scissors_prob,sheep_prob,train_prob,tree_prob
0,3385,9,chair,run_v31531507200921,1.0,0.09357371903463702,0.039323621468991564,0.04339499396402454,0.05943777330246986,0.03873193344191481,0.0442268627145142,0.03951827768709438,0.03632193671080577,0.039042600004071254,0.09357371903463702,0.050422704211015815,0.0334608368275239,0.03918159376229592,0.03790739966705347,0.03873759580673703,0.04741726116101625,0.0426924000993174,0.03567142961865001,0.03610193795275249,0.034071961342510504,0.03287169698116703,0.044108375839796196,0.05307215994819133,0.04071092845344928
