,index,age,target_label,session_id,correct_or_not,target_label_prob,airplane_prob,bear_prob,bike_prob,bird_prob,boat_prob,bowl_prob,car_prob,cat_prob,chair_prob,couch_prob,cup_prob,dog_prob,fish_prob,frog_prob,house_prob,key_prob,person_prob,phone_prob,rabbit_prob,scissors_prob,sheep_prob,train_prob,tree_prob
0,8269,4,train,run_v41537651409997,0.0,0.04332815373087884,0.04002120408112373,0.03993223796154707,0.03500886302159829,0.044467863727684305,0.04517043728139939,0.06165860357306231,0.05691976535809085,0.03571007158998825,0.04291037261516026,0.0527885436527947,0.04480529396240098,0.04012087782511024,0.04668198506729924,0.04284185282674945,0.04333664858290312,0.04123984921916092,0.039257592474690385,0.04698600033007415,0.03679133543418649,0.04012591843863462,0.04167646192719779,0.04332815373087884,0.03822006731826451
