,index,age,target_label,session_id,correct_or_not,target_label_prob,airplane_prob,bear_prob,bike_prob,bird_prob,boat_prob,bowl_prob,car_prob,cat_prob,chair_prob,couch_prob,cup_prob,dog_prob,fish_prob,frog_prob,house_prob,key_prob,person_prob,phone_prob,rabbit_prob,scissors_prob,sheep_prob,train_prob,tree_prob
0,4974,3,frog,run_v41540409591964,0.0,0.050687659999939835,0.03944367060152324,0.04724454540514002,0.04477907925522419,0.047101636267130466,0.03808657461897559,0.037437250537988236,0.042272738263065705,0.05191002863159834,0.04085227523165375,0.039919897256148126,0.03932531505869386,0.053399999059305064,0.04784530289048806,0.050687659999939835,0.03842902971064567,0.04505864698805363,0.03680202984529183,0.03445530849748295,0.04929731980843956,0.049087049708635776,0.051966471404289234,0.0386475878764455,0.035950583083841386
