,index,age,target_label,session_id,correct_or_not,target_label_prob,airplane_prob,bear_prob,bike_prob,bird_prob,boat_prob,bowl_prob,car_prob,cat_prob,chair_prob,couch_prob,cup_prob,dog_prob,fish_prob,frog_prob,house_prob,key_prob,person_prob,phone_prob,rabbit_prob,scissors_prob,sheep_prob,train_prob,tree_prob
0,6787,10,phone,run_v31530654111783,0.0,0.03792123866814893,0.04773106735113888,0.05069559414318713,0.049402623612392164,0.046303859659630575,0.04501043883763305,0.035431946656832476,0.042716524169569545,0.03867830974584404,0.0409272146151153,0.03768693834592264,0.043929016508478004,0.04055372453582817,0.04107471356734101,0.03992937726593824,0.038421623398682145,0.04894980489599836,0.043756692353811764,0.03792123866814893,0.05030534243791622,0.040252341040667425,0.03744781571718059,0.04339593575265268,0.05947785672009075
