,index,age,target_label,session_id,correct_or_not,target_label_prob,airplane_prob,bear_prob,bike_prob,bird_prob,boat_prob,bowl_prob,car_prob,cat_prob,chair_prob,couch_prob,cup_prob,dog_prob,fish_prob,frog_prob,house_prob,key_prob,person_prob,phone_prob,rabbit_prob,scissors_prob,sheep_prob,train_prob,tree_prob
0,5473,2,house,run_v31533502000624,1.0,0.06460390446072309,0.039382153082210214,0.03932895343130678,0.03631933108953779,0.0382753392466413,0.060649119790457194,0.03101569354452584,0.051836338114538034,0.039270635780421864,0.05138438164886728,0.050685296463574406,0.03663667269846577,0.04166859130047797,0.04424931879720783,0.04275014082021878,0.06460390446072309,0.04300012095640304,0.039296562823380995,0.04576816461293402,0.04375569687737356,0.03941393337895325,0.04181775883850584,0.03889989237276142,0.039991999870513634
