,index,age,target_label,session_id,correct_or_not,target_label_prob,airplane_prob,bear_prob,bike_prob,bird_prob,boat_prob,bowl_prob,car_prob,cat_prob,chair_prob,couch_prob,cup_prob,dog_prob,fish_prob,frog_prob,house_prob,key_prob,person_prob,phone_prob,rabbit_prob,scissors_prob,sheep_prob,train_prob,tree_prob
0,5684,3,key,run_v41539802976560,0.0,0.04544302990909655,0.05259773729930037,0.040995620464817216,0.03371241902454575,0.04428968518831617,0.06368949980618419,0.04464863350989973,0.03728003325366763,0.04431440739958232,0.04859638474566329,0.04000437831329226,0.04563802219674418,0.04389950446701883,0.05285245857460708,0.03935820795944138,0.0385022273613921,0.04544302990909655,0.03691741148244595,0.045064322581029596,0.04002277528903446,0.04573167371690993,0.041204122028674954,0.04159449396783579,0.03364295146050042
