,index,age,target_label,session_id,correct_or_not,target_label_prob,airplane_prob,bear_prob,bike_prob,bird_prob,boat_prob,bowl_prob,car_prob,cat_prob,chair_prob,couch_prob,cup_prob,dog_prob,fish_prob,frog_prob,house_prob,key_prob,person_prob,phone_prob,rabbit_prob,scissors_prob,sheep_prob,train_prob,tree_prob
0,5464,5,house,run_v31533922356965,1.0,0.07805481615513146,0.03679803260667023,0.03799705680543539,0.04283804660555687,0.03590269463732629,0.04173710420489085,0.035823468628915126,0.043314025871080755,0.038370075914481896,0.04562795688699235,0.0779114784412074,0.05024698025494642,0.03704271503053903,0.03648671915892731,0.040128997841268,0.07805481615513146,0.039310734305136597,0.04354948342040352,0.03616155301200726,0.04381574966384754,0.04090655506208718,0.037734633017395165,0.04466276890066655,0.03557835357508677
