,index,age,target_label,session_id,correct_or_not,target_label_prob,airplane_prob,bear_prob,bike_prob,bird_prob,boat_prob,bowl_prob,car_prob,cat_prob,chair_prob,couch_prob,cup_prob,dog_prob,fish_prob,frog_prob,house_prob,key_prob,person_prob,phone_prob,rabbit_prob,scissors_prob,sheep_prob,train_prob,tree_prob
0,8089,5,train,run_v41541979890077,0.0,0.05740722372679098,0.035257048433206886,0.03877253597720415,0.052625735438467894,0.03179898611115644,0.049464289133162836,0.03703696178390887,0.044195045394502565,0.03801147883623796,0.07066170810910133,0.06584153002251619,0.03400550521876869,0.04178550557121907,0.031585186365537934,0.037810598657574974,0.041766200708364044,0.04004861458528215,0.05176425050422077,0.03474644642842016,0.039033345440584066,0.0341576764797173,0.03913766472597327,0.05740722372679098,0.05308646234808127
