,index,age,target_label,session_id,correct_or_not,target_label_prob,airplane_prob,bear_prob,bike_prob,bird_prob,boat_prob,bowl_prob,car_prob,cat_prob,chair_prob,couch_prob,cup_prob,dog_prob,fish_prob,frog_prob,house_prob,key_prob,person_prob,phone_prob,rabbit_prob,scissors_prob,sheep_prob,train_prob,tree_prob
0,4923,2,frog,run_v41539454719129,0.0,0.039418884976814096,0.04802939693081195,0.04398216036766543,0.037329242351275375,0.04171764838988439,0.04325125503439474,0.04083770012898631,0.03573500748527362,0.04430682310963231,0.04161443933209162,0.04319211154664057,0.05298566052385279,0.0451297530034153,0.04147510459057252,0.039418884976814096,0.03850215942757537,0.039776112792202875,0.03986457517730907,0.04509133028927399,0.04287602392592227,0.05187195838869392,0.04441008217425439,0.04398205626675875,0.05462051378669837
