,index,age,target_label,session_id,correct_or_not,target_label_prob,airplane_prob,bear_prob,bike_prob,bird_prob,boat_prob,bowl_prob,car_prob,cat_prob,chair_prob,couch_prob,cup_prob,dog_prob,fish_prob,frog_prob,house_prob,key_prob,person_prob,phone_prob,rabbit_prob,scissors_prob,sheep_prob,train_prob,tree_prob
0,7935,2,sheep,run_v41536445735698,0.0,0.04831457742846672,0.04525420926225165,0.03976737669226047,0.03858895999998746,0.04524339442930974,0.04256163190957442,0.039246261805821345,0.05315026656810324,0.04355390764493483,0.044785375936571455,0.05149056180634319,0.0439415630833071,0.0446494749978139,0.043040578543353754,0.038614182237380064,0.05315047036571614,0.03780682956778523,0.03335719062105614,0.04396815857695865,0.0384302654693494,0.034852163732074636,0.04831457742846672,0.05530980077352287,0.04092279854805772
