,index,age,target_label,session_id,correct_or_not,target_label_prob,airplane_prob,bear_prob,bike_prob,bird_prob,boat_prob,bowl_prob,car_prob,cat_prob,chair_prob,couch_prob,cup_prob,dog_prob,fish_prob,frog_prob,house_prob,key_prob,person_prob,phone_prob,rabbit_prob,scissors_prob,sheep_prob,train_prob,tree_prob
0,3202,7,chair,run_v31528919459689,1.0,0.09221388970019688,0.03929246466729655,0.043066538235941816,0.04315668834946312,0.04003313226334357,0.03593570285963045,0.033074488466919356,0.04243852666242045,0.040768251073910564,0.09221388970019688,0.06137773413275384,0.04982596847469103,0.04251367248987669,0.03948702407953248,0.04270456645241763,0.04056815633623861,0.03205344863636897,0.03904230494408652,0.03777944498716221,0.0435315544195056,0.04004291482887615,0.04532097836268709,0.03957828158861104,0.03619426798806932
