,index,age,target_label,session_id,correct_or_not,target_label_prob,airplane_prob,bear_prob,bike_prob,bird_prob,boat_prob,bowl_prob,car_prob,cat_prob,chair_prob,couch_prob,cup_prob,dog_prob,fish_prob,frog_prob,house_prob,key_prob,person_prob,phone_prob,rabbit_prob,scissors_prob,sheep_prob,train_prob,tree_prob
0,2867,7,cat,run_v41537052413404,1.0,0.060653054453279225,0.04109174695444918,0.04846167948786133,0.04090880235002867,0.04539819817185981,0.038376092883539624,0.030620566788841667,0.0579982640789339,0.060653054453279225,0.040727690843526586,0.03525876543606506,0.03551282048452456,0.057948568361748935,0.05368668950188583,0.04111832930218272,0.045984911822357054,0.03405072660089471,0.03346914651277949,0.032406442107666016,0.04965373169326748,0.03934703320468073,0.05529277220913245,0.047477225474028995,0.03455674127646624
