,index,age,target_label,session_id,correct_or_not,target_label_prob,airplane_prob,bear_prob,bike_prob,bird_prob,boat_prob,bowl_prob,car_prob,cat_prob,chair_prob,couch_prob,cup_prob,dog_prob,fish_prob,frog_prob,house_prob,key_prob,person_prob,phone_prob,rabbit_prob,scissors_prob,sheep_prob,train_prob,tree_prob
0,3519,3,couch,run_v31528483829261,0.0,0.03923601387307068,0.048617512602446865,0.04309373454588602,0.03429065173751201,0.04212610494946571,0.08227849914797049,0.05236208292504394,0.03300206347031572,0.03680177020215151,0.051454930480644055,0.03923601387307068,0.03896921735095202,0.04517351147380897,0.043473431817707964,0.044651053811027054,0.033054266973237975,0.040256053111662755,0.04402009167897712,0.03819012717392501,0.046264964167859135,0.03809832365473793,0.04716165847696783,0.03618939710483404,0.04123453926979525
