,index,age,target_label,session_id,correct_or_not,target_label_prob,airplane_prob,bear_prob,bike_prob,bird_prob,boat_prob,bowl_prob,car_prob,cat_prob,chair_prob,couch_prob,cup_prob,dog_prob,fish_prob,frog_prob,house_prob,key_prob,person_prob,phone_prob,rabbit_prob,scissors_prob,sheep_prob,train_prob,tree_prob
0,8104,5,train,run_v41540491126434,0.0,0.06605806020292619,0.04631634513214212,0.03891935105109162,0.05163222680789842,0.033163901388242725,0.04755940213519165,0.04176274183370076,0.07254241658746781,0.03378672870177402,0.0358091858130399,0.050305520804430966,0.03195224536683583,0.03827457548413649,0.04833359852641188,0.03811577817821768,0.032558727758007444,0.041561903749958856,0.03905688658310298,0.051488297735199424,0.03606984076157338,0.04042703471682077,0.03922489804428073,0.06605806020292619,0.04508033263754833
