,index,age,target_label,session_id,correct_or_not,target_label_prob,airplane_prob,bear_prob,bike_prob,bird_prob,boat_prob,bowl_prob,car_prob,cat_prob,chair_prob,couch_prob,cup_prob,dog_prob,fish_prob,frog_prob,house_prob,key_prob,person_prob,phone_prob,rabbit_prob,scissors_prob,sheep_prob,train_prob,tree_prob
0,1620,6,boat,run_v31525891444648,0.0,0.05131179220441416,0.043192909853987084,0.041515833578065715,0.047250300591089645,0.04133142765883174,0.05131179220441416,0.041417125498738765,0.04628518128689687,0.04324381439439255,0.03833327442187916,0.036971252378503225,0.03598988285662789,0.03941221403308234,0.043358494231178234,0.04477636981441342,0.04080908658951715,0.047446918313883354,0.05592762607492457,0.042165538697321064,0.04753437450123063,0.044136599472056594,0.03771485927397066,0.048187502854125965,0.04168762142086912
