,index,age,target_label,session_id,correct_or_not,target_label_prob,airplane_prob,bear_prob,bike_prob,bird_prob,boat_prob,bowl_prob,car_prob,cat_prob,chair_prob,couch_prob,cup_prob,dog_prob,fish_prob,frog_prob,house_prob,key_prob,person_prob,phone_prob,rabbit_prob,scissors_prob,sheep_prob,train_prob,tree_prob
0,4416,4,dog,run_v31533334630848,0.0,0.04864682128042403,0.05256102823557263,0.03765872334969396,0.04283534867703832,0.0434644346793603,0.05017432270854071,0.04297123092657446,0.05174014556941276,0.04429279621874121,0.0361178012352956,0.03760737785802756,0.041408694604591886,0.04864682128042403,0.05401511628619495,0.0427569206629197,0.04233987610056559,0.04720099159758287,0.04182536946400453,0.034759575935866135,0.04266356163223062,0.040291506406699415,0.04152803414788861,0.045912521176762776,0.03722780124601131
