,index,age,target_label,session_id,correct_or_not,target_label_prob,airplane_prob,bear_prob,bike_prob,bird_prob,boat_prob,bowl_prob,car_prob,cat_prob,chair_prob,couch_prob,cup_prob,dog_prob,fish_prob,frog_prob,house_prob,key_prob,person_prob,phone_prob,rabbit_prob,scissors_prob,sheep_prob,train_prob,tree_prob
0,2641,8,car,run_v31526152868212,0.0,0.07463982231615873,0.04699031033335514,0.03722101950333413,0.04625370996805667,0.0313560394982107,0.03935863895502226,0.041932675258725766,0.07463982231615873,0.036081399335735884,0.039540900108163725,0.05599614838827,0.03927125258554422,0.039493602018835776,0.041374724186529654,0.04117893959875426,0.036199197592478215,0.04373899419743072,0.03438868759337644,0.04349315584937742,0.03718203902800457,0.03346830198839031,0.042508608620181854,0.07562607136868338,0.04270576170738014
