,index,age,target_label,session_id,correct_or_not,target_label_prob,airplane_prob,bear_prob,bike_prob,bird_prob,boat_prob,bowl_prob,car_prob,cat_prob,chair_prob,couch_prob,cup_prob,dog_prob,fish_prob,frog_prob,house_prob,key_prob,person_prob,phone_prob,rabbit_prob,scissors_prob,sheep_prob,train_prob,tree_prob
0,166,10,airplane,run_v31529446827103,0.0,0.061194483809702285,0.061194483809702285,0.04108743895428536,0.037378912051563754,0.044043428161586115,0.06305141264521165,0.047021515601751586,0.032520952115535434,0.04846991845401961,0.0430965481925199,0.03524321921082818,0.04162129363034664,0.038243474309299856,0.04408242084186043,0.036112199717344785,0.0413955059973146,0.040036910306974614,0.0342573515454202,0.03562685000287925,0.040630922185688007,0.06428881647137485,0.04524003611589072,0.04487400676811491,0.040482382910487356
