,index,age,target_label,session_id,correct_or_not,target_label_prob,airplane_prob,bear_prob,bike_prob,bird_prob,boat_prob,bowl_prob,car_prob,cat_prob,chair_prob,couch_prob,cup_prob,dog_prob,fish_prob,frog_prob,house_prob,key_prob,person_prob,phone_prob,rabbit_prob,scissors_prob,sheep_prob,train_prob,tree_prob
0,7143,8,rabbit,run_v31531686508439,1.0,0.05680838639993084,0.03901909332357851,0.045394028977643025,0.053193758135748524,0.04407578262159963,0.039604970987361064,0.04022455450689844,0.04701337158659398,0.040375404954001326,0.04098048728284679,0.037991701688135655,0.04082572329222862,0.046847398295998675,0.04221806974509117,0.048673696788518954,0.04164208692348955,0.04331823541161157,0.040043852950253575,0.041256270153732656,0.05680838639993084,0.043480110190456514,0.04021521669686767,0.04450168520991409,0.04229611387749927
