,index,age,target_label,session_id,correct_or_not,target_label_prob,airplane_prob,bear_prob,bike_prob,bird_prob,boat_prob,bowl_prob,car_prob,cat_prob,chair_prob,couch_prob,cup_prob,dog_prob,fish_prob,frog_prob,house_prob,key_prob,person_prob,phone_prob,rabbit_prob,scissors_prob,sheep_prob,train_prob,tree_prob
0,8105,4,train,run_v41539376942239,0.0,0.05325647762004578,0.041707191564779096,0.04471752219680255,0.04280296500158604,0.03755257573792273,0.04829203649549668,0.0391602790257766,0.03941426861169716,0.044338613878111194,0.05222081440646375,0.04792593814394469,0.03727222419055407,0.03746351965104191,0.03874858905780524,0.04072052115545271,0.04358949758621852,0.040004106567660576,0.05069802860050771,0.040588523339755204,0.0379733019101155,0.04323349765911588,0.03740993662225962,0.05325647762004578,0.060909570976886825
