,index,age,target_label,session_id,correct_or_not,target_label_prob,airplane_prob,bear_prob,bike_prob,bird_prob,boat_prob,bowl_prob,car_prob,cat_prob,chair_prob,couch_prob,cup_prob,dog_prob,fish_prob,frog_prob,house_prob,key_prob,person_prob,phone_prob,rabbit_prob,scissors_prob,sheep_prob,train_prob,tree_prob
0,1376,5,bird,run_v31530485447745,0.0,0.04697269436559544,0.038442243072944096,0.03944713147131432,0.04738746219833393,0.04697269436559544,0.044324788668743266,0.0480747731393834,0.04461844641913661,0.040335669847614955,0.03850924649445431,0.0484691536077428,0.05206115813670134,0.04481329287176101,0.05637231795496185,0.04374929221451475,0.02946568208270537,0.05883674817371819,0.03771199133199296,0.03327497568604028,0.03762717414742707,0.036323988512270027,0.044616690419952226,0.04307864238250776,0.04548643680018412
