,index,age,target_label,session_id,correct_or_not,target_label_prob,airplane_prob,bear_prob,bike_prob,bird_prob,boat_prob,bowl_prob,car_prob,cat_prob,chair_prob,couch_prob,cup_prob,dog_prob,fish_prob,frog_prob,house_prob,key_prob,person_prob,phone_prob,rabbit_prob,scissors_prob,sheep_prob,train_prob,tree_prob
0,7838,6,sheep,run_v41536535234127,0.0,0.060784162364665675,0.04219860658823523,0.061565405037020085,0.049109428801437184,0.04187388337650203,0.03844580807491844,0.03762363749995812,0.05390094560572208,0.04427956423466287,0.03844560149930963,0.03660796057360232,0.04114190646331908,0.049484386685032244,0.036913301084132814,0.04730188461314328,0.03676814864313222,0.03318574558317403,0.035628262873821544,0.037101469680573845,0.048097203705970044,0.036515940411434,0.060784162364665675,0.04560298035014642,0.047423766250086916
