,index,age,target_label,session_id,correct_or_not,target_label_prob,airplane_prob,bear_prob,bike_prob,bird_prob,boat_prob,bowl_prob,car_prob,cat_prob,chair_prob,couch_prob,cup_prob,dog_prob,fish_prob,frog_prob,house_prob,key_prob,person_prob,phone_prob,rabbit_prob,scissors_prob,sheep_prob,train_prob,tree_prob
0,5438,10,house,run_v31533319405704,1.0,0.06749553546416567,0.042917791595528235,0.042045946158450434,0.04202147553848673,0.04324149504994555,0.04807187793643814,0.03528512660656793,0.04566401153961417,0.0405327521286162,0.05298019542422872,0.03370592783667736,0.04021146205655192,0.04384293444149525,0.043441174795992084,0.04183470296051163,0.06749553546416567,0.03807917696659942,0.04038202983696667,0.052822801602960386,0.037947505374694546,0.03892759746735717,0.04391858959906128,0.043375255633792575,0.04125463398529795
