,index,age,target_label,session_id,correct_or_not,target_label_prob,airplane_prob,bear_prob,bike_prob,bird_prob,boat_prob,bowl_prob,car_prob,cat_prob,chair_prob,couch_prob,cup_prob,dog_prob,fish_prob,frog_prob,house_prob,key_prob,person_prob,phone_prob,rabbit_prob,scissors_prob,sheep_prob,train_prob,tree_prob
0,5223,7,frog,run_v41541183668493,0.0,0.052903308979971204,0.03747354164944265,0.04690337199024651,0.03288172601468814,0.051621708252478374,0.0374493933779506,0.04014893798139879,0.04224115521902879,0.05081208031320557,0.03704122604633769,0.041392683504536516,0.03923214702818099,0.04801385518745624,0.05466038968102624,0.052903308979971204,0.033586117223883,0.04653545248464131,0.06262689303184364,0.035268972902981144,0.04418687553117177,0.042898715980592576,0.046491422959239394,0.0399096707005698,0.03572035395912895
