,index,age,target_label,session_id,correct_or_not,target_label_prob,airplane_prob,bear_prob,bike_prob,bird_prob,boat_prob,bowl_prob,car_prob,cat_prob,chair_prob,couch_prob,cup_prob,dog_prob,fish_prob,frog_prob,house_prob,key_prob,person_prob,phone_prob,rabbit_prob,scissors_prob,sheep_prob,train_prob,tree_prob
0,339,2,airplane,run_v31529356851012,0.0,0.041498738405993496,0.041498738405993496,0.03955782378875692,0.04510649604156019,0.047971894453542004,0.04808219485274272,0.04332742554041782,0.044295632311067555,0.043530225606516364,0.031878855668696846,0.040589397362933474,0.04254290495070886,0.04448359271373936,0.05435070616932595,0.04085759085748392,0.03717524370056334,0.04540309427295361,0.04367947025852815,0.03912985776140173,0.043182877460257944,0.053010792188716044,0.039882321806023344,0.04543647879379507,0.04502638503427535
