,index,age,target_label,session_id,correct_or_not,target_label_prob,airplane_prob,bear_prob,bike_prob,bird_prob,boat_prob,bowl_prob,car_prob,cat_prob,chair_prob,couch_prob,cup_prob,dog_prob,fish_prob,frog_prob,house_prob,key_prob,person_prob,phone_prob,rabbit_prob,scissors_prob,sheep_prob,train_prob,tree_prob
0,2870,4,cat,run_v41541377708430,0.0,0.04596845848819798,0.04579917842852035,0.04464693302048578,0.03704352657538894,0.037684861508124154,0.048720772211459894,0.03718072487762355,0.043072028127683265,0.04596845848819798,0.05654182486015803,0.04156991856316095,0.03865446277050156,0.04103341220908856,0.040088642229574444,0.04286238185940408,0.050794351347104326,0.041795520594072585,0.05088335847839054,0.04137701883422785,0.046475241950335464,0.04072860090332865,0.03970627880462516,0.045581544842894735,0.04179095851564937
