,index,age,target_label,session_id,correct_or_not,target_label_prob,airplane_prob,bear_prob,bike_prob,bird_prob,boat_prob,bowl_prob,car_prob,cat_prob,chair_prob,couch_prob,cup_prob,dog_prob,fish_prob,frog_prob,house_prob,key_prob,person_prob,phone_prob,rabbit_prob,scissors_prob,sheep_prob,train_prob,tree_prob
0,6122,9,person,run_v31534718364231,1.0,0.05905155477474944,0.04539441334122418,0.048429345265225236,0.041374504341834824,0.04570659752605297,0.038493928862284206,0.0404634663022328,0.03618876929440177,0.048659905141355514,0.04015671333158258,0.03681179993845009,0.037669011912485596,0.04139256391413936,0.039322089991299373,0.04811704090168133,0.039680486296320185,0.03808974556376939,0.05905155477474944,0.03840054974959608,0.044047622719238226,0.0451541125478996,0.05526624145427409,0.03971151634947583,0.05241802048042722
