,index,age,target_label,session_id,correct_or_not,target_label_prob,airplane_prob,bear_prob,bike_prob,bird_prob,boat_prob,bowl_prob,car_prob,cat_prob,chair_prob,couch_prob,cup_prob,dog_prob,fish_prob,frog_prob,house_prob,key_prob,person_prob,phone_prob,rabbit_prob,scissors_prob,sheep_prob,train_prob,tree_prob
0,5313,3,house,run_v31534269573744,1.0,0.08816839376508571,0.037545093004585126,0.04013691851248356,0.04353959481993928,0.04117856247710374,0.05431832406394266,0.03426183874668886,0.041967241068391635,0.03867339102564483,0.05721432815319251,0.047057790791779075,0.04625788054832195,0.041201781808126836,0.04183583031038496,0.041011282891156485,0.08816839376508571,0.0419356351374967,0.03905965013681909,0.028784152921708453,0.038381210310091785,0.0385852744103318,0.037982105229288396,0.04225464479383974,0.038649075073597036
