,index,age,target_label,session_id,correct_or_not,target_label_prob,airplane_prob,bear_prob,bike_prob,bird_prob,boat_prob,bowl_prob,car_prob,cat_prob,chair_prob,couch_prob,cup_prob,dog_prob,fish_prob,frog_prob,house_prob,key_prob,person_prob,phone_prob,rabbit_prob,scissors_prob,sheep_prob,train_prob,tree_prob
0,3772,5,couch,run_v31529181228558,0.0,0.05757164189021746,0.040960668358539766,0.03676133338940015,0.03631482622799904,0.04425686476596799,0.03114679629657592,0.030414884022804893,0.047145646987303176,0.039797633435516074,0.054291775106854616,0.05757164189021746,0.053311086915679415,0.03996403229304406,0.03573943289315215,0.04020941380641975,0.05176950241559404,0.04669054388958818,0.04012100033067991,0.057698315881407815,0.041044227043974986,0.03532266553600606,0.04632889239347191,0.0413229291705175,0.05181588694928524
