,index,age,target_label,session_id,correct_or_not,target_label_prob,airplane_prob,bear_prob,bike_prob,bird_prob,boat_prob,bowl_prob,car_prob,cat_prob,chair_prob,couch_prob,cup_prob,dog_prob,fish_prob,frog_prob,house_prob,key_prob,person_prob,phone_prob,rabbit_prob,scissors_prob,sheep_prob,train_prob,tree_prob
0,4129,7,cup,run_v31526508668316,0.0,0.0563539238306629,0.03674997238594049,0.04139569080327593,0.03885530292712989,0.04080110952562126,0.038061502725003464,0.05789804363575067,0.04422179579208004,0.040069989674819714,0.041888717556769046,0.045705401634503616,0.0563539238306629,0.03721826510906948,0.0466735095979292,0.04533009698159548,0.036497128093199126,0.06404283267272239,0.04213442462579866,0.04460624002979732,0.03886074223329847,0.04135974107801098,0.04027237766089178,0.03807068911062226,0.042932502315507735
