,index,age,target_label,session_id,correct_or_not,target_label_prob,airplane_prob,bear_prob,bike_prob,bird_prob,boat_prob,bowl_prob,car_prob,cat_prob,chair_prob,couch_prob,cup_prob,dog_prob,fish_prob,frog_prob,house_prob,key_prob,person_prob,phone_prob,rabbit_prob,scissors_prob,sheep_prob,train_prob,tree_prob
0,8241,6,train,run_v41541878816184,0.0,0.04927698172458051,0.03841700510406577,0.04138455812887978,0.03878367858818008,0.03655751795894304,0.04438437919500852,0.038717684869291946,0.040932635577151336,0.03979019861390562,0.05203966666459393,0.07284886550305979,0.04414666200096895,0.03915113711041149,0.049073092715473776,0.03817069878215855,0.06820651298868044,0.041985685937074003,0.037211784890028764,0.034908188176589035,0.03586582155747328,0.041881353958339966,0.038595686911902974,0.04927698172458051,0.03767020304323825
