,index,age,target_label,session_id,correct_or_not,target_label_prob,airplane_prob,bear_prob,bike_prob,bird_prob,boat_prob,bowl_prob,car_prob,cat_prob,chair_prob,couch_prob,cup_prob,dog_prob,fish_prob,frog_prob,house_prob,key_prob,person_prob,phone_prob,rabbit_prob,scissors_prob,sheep_prob,train_prob,tree_prob
0,1288,4,bird,run_v31530735794677,0.0,0.04402956008201086,0.04666800037132663,0.03924247796001236,0.04280685016757794,0.04402956008201086,0.04666627120834293,0.04028873059963357,0.050949771373603354,0.045213829519796286,0.041121642790052836,0.04026348049955036,0.03934701336837361,0.04282518059267524,0.04340109153868983,0.047943948501446294,0.05175245072961374,0.04415085298364472,0.04716244611921756,0.04925948903160633,0.038795716513299494,0.03375880921689028,0.04727818725259572,0.03888799695708265,0.038186202622957396
