,index,age,target_label,session_id,correct_or_not,target_label_prob,airplane_prob,bear_prob,bike_prob,bird_prob,boat_prob,bowl_prob,car_prob,cat_prob,chair_prob,couch_prob,cup_prob,dog_prob,fish_prob,frog_prob,house_prob,key_prob,person_prob,phone_prob,rabbit_prob,scissors_prob,sheep_prob,train_prob,tree_prob
0,6859,4,rabbit,run_v31531688398628,0.0,0.06310678601003103,0.037475755197779445,0.06337279380112078,0.04231516125882171,0.04326216498268618,0.035009337157911026,0.035627787829333915,0.035502687961820927,0.052585875620169746,0.039507066106059495,0.035762228070557955,0.03784136914163523,0.04721414339017275,0.0372269413011029,0.05374530588797239,0.037299580834438024,0.050729209550705374,0.043363350139399154,0.03805292722353666,0.06310678601003103,0.05036362148375924,0.04999012693333299,0.036747380146123325,0.03389839997152959
