,index,age,target_label,session_id,correct_or_not,target_label_prob,airplane_prob,bear_prob,bike_prob,bird_prob,boat_prob,bowl_prob,car_prob,cat_prob,chair_prob,couch_prob,cup_prob,dog_prob,fish_prob,frog_prob,house_prob,key_prob,person_prob,phone_prob,rabbit_prob,scissors_prob,sheep_prob,train_prob,tree_prob
0,7150,8,rabbit,run_v31532111494633,1.0,0.0722482254512872,0.04462237699468359,0.05798964313130922,0.041355930933751214,0.03437898903728029,0.04065988960792335,0.03399787096069127,0.04911897558943653,0.03981486013446722,0.037048848588536194,0.04061991406535097,0.033504444508725896,0.04353068371658774,0.03559900021429621,0.04786394114254381,0.04865963401272675,0.036931198203776126,0.04276059643920927,0.045483906245725646,0.0722482254512872,0.043591668787918314,0.046840040250871746,0.04040165514363779,0.04297770683926361
