,index,age,target_label,session_id,correct_or_not,target_label_prob,airplane_prob,bear_prob,bike_prob,bird_prob,boat_prob,bowl_prob,car_prob,cat_prob,chair_prob,couch_prob,cup_prob,dog_prob,fish_prob,frog_prob,house_prob,key_prob,person_prob,phone_prob,rabbit_prob,scissors_prob,sheep_prob,train_prob,tree_prob
0,847,5,bike,run_v31532212066778,1.0,0.06316100058827188,0.03965094963551893,0.041908331807878424,0.06316100058827188,0.04499051653735282,0.05086560739037942,0.04341344991446356,0.04104744756752928,0.04289889036998946,0.05204956622547891,0.03906868229432767,0.04021449917834436,0.0422178561306201,0.04521979431278562,0.041614298940036064,0.0342143553154131,0.03773410616281061,0.05634786245239842,0.034752794005454585,0.035827875108081865,0.04344597329409311,0.0366260542453324,0.04162038315162493,0.051109705371814626
