,index,age,target_label,session_id,correct_or_not,target_label_prob,airplane_prob,bear_prob,bike_prob,bird_prob,boat_prob,bowl_prob,car_prob,cat_prob,chair_prob,couch_prob,cup_prob,dog_prob,fish_prob,frog_prob,house_prob,key_prob,person_prob,phone_prob,rabbit_prob,scissors_prob,sheep_prob,train_prob,tree_prob
0,2467,6,car,run_v31526669362249,0.0,0.06897174733560851,0.04444781187352304,0.044518477139685854,0.03885928582575696,0.03922473797877271,0.03716142152960588,0.07144196795244781,0.06897174733560851,0.03574236369036663,0.0448226765914174,0.040515122171918216,0.0524893438722608,0.0424352374135983,0.04215348554859097,0.041597877207933044,0.04086905802008066,0.04491082306829981,0.037815189984237156,0.0280306886060193,0.04631848878293712,0.038194844854822406,0.041190978620562944,0.04008661856821401,0.038201753363340585
