,index,age,target_label,session_id,correct_or_not,target_label_prob,airplane_prob,bear_prob,bike_prob,bird_prob,boat_prob,bowl_prob,car_prob,cat_prob,chair_prob,couch_prob,cup_prob,dog_prob,fish_prob,frog_prob,house_prob,key_prob,person_prob,phone_prob,rabbit_prob,scissors_prob,sheep_prob,train_prob,tree_prob
0,1497,7,bird,run_v31530646004607,0.0,0.04203983576299246,0.05106486116407229,0.0403908522129505,0.03808823662460858,0.04203983576299246,0.04736753279908229,0.03602320069673944,0.03654355923442441,0.03859108238885204,0.04276659300372446,0.03731241744716465,0.04324900360256298,0.04223098349747767,0.038981024241679936,0.0400142871377235,0.03515932359383034,0.05184808264965125,0.05142964972018525,0.04104737147250834,0.04604364936024396,0.056288647295778586,0.04202922270016007,0.04159525123558542,0.05989533215800146
