,index,age,target_label,session_id,correct_or_not,target_label_prob,airplane_prob,bear_prob,bike_prob,bird_prob,boat_prob,bowl_prob,car_prob,cat_prob,chair_prob,couch_prob,cup_prob,dog_prob,fish_prob,frog_prob,house_prob,key_prob,person_prob,phone_prob,rabbit_prob,scissors_prob,sheep_prob,train_prob,tree_prob
0,4397,8,dog,run_v31526163910656,0.0,0.04192395375713059,0.04043483497623489,0.042532444623533956,0.046109270142366786,0.045265031480652675,0.04059012805112285,0.053428044589891296,0.0541616602074251,0.03932773261157963,0.04179665051082362,0.0380384389886114,0.04655520868132897,0.04192395375713059,0.051254158227638236,0.0420439645284902,0.0371828149343498,0.05958837510520972,0.03995725050055639,0.039455697033599725,0.04404513854048285,0.043599480408308494,0.03669038704748339,0.037913678057617986,0.03810565699556161
