,index,age,target_label,session_id,correct_or_not,target_label_prob,airplane_prob,bear_prob,bike_prob,bird_prob,boat_prob,bowl_prob,car_prob,cat_prob,chair_prob,couch_prob,cup_prob,dog_prob,fish_prob,frog_prob,house_prob,key_prob,person_prob,phone_prob,rabbit_prob,scissors_prob,sheep_prob,train_prob,tree_prob
0,660,2,bear,run_v41536948320502,0.0,0.04792909241600965,0.05113901798025423,0.04792909241600965,0.04475882576352752,0.043040653916511795,0.045671991131248445,0.04201950628301286,0.04090977459270897,0.04585954670847667,0.03890538304655089,0.03753968322119158,0.04486625609561449,0.042209032692592005,0.03824356072295448,0.041482247711557646,0.039943570380193735,0.04603122223992993,0.045675908446575895,0.047012035454396535,0.04657204609425904,0.039651501379946,0.03847327312737368,0.03909801714000607,0.05296785345510786
