,index,age,target_label,session_id,correct_or_not,target_label_prob,airplane_prob,bear_prob,bike_prob,bird_prob,boat_prob,bowl_prob,car_prob,cat_prob,chair_prob,couch_prob,cup_prob,dog_prob,fish_prob,frog_prob,house_prob,key_prob,person_prob,phone_prob,rabbit_prob,scissors_prob,sheep_prob,train_prob,tree_prob
0,1217,4,bird,run_v31530744309602,0.0,0.043175205752220655,0.03643884216298734,0.05051662501403908,0.04098884113102981,0.043175205752220655,0.04043347281601855,0.03842011775637344,0.03818002093247426,0.0515886693214334,0.04140607569543685,0.04074132842908803,0.03931120342610125,0.045765242824203065,0.04173293710735166,0.05848593519518188,0.03655831405357624,0.037123697226538056,0.04898556577557701,0.04447023191382679,0.051786613079785784,0.03925563634298893,0.04934698201767086,0.05569980633228464,0.02958863569381234
