,index,age,target_label,session_id,correct_or_not,target_label_prob,airplane_prob,bear_prob,bike_prob,bird_prob,boat_prob,bowl_prob,car_prob,cat_prob,chair_prob,couch_prob,cup_prob,dog_prob,fish_prob,frog_prob,house_prob,key_prob,person_prob,phone_prob,rabbit_prob,scissors_prob,sheep_prob,train_prob,tree_prob
0,8538,8,tree,run_v31533250974389,1.0,0.062433807262857695,0.03138110593448072,0.044003046850133225,0.034651631603345306,0.042248879044658086,0.04343090572444825,0.043026615678828754,0.042888723062984496,0.0415645866321256,0.04081069906025413,0.04682881434172191,0.049408155516667995,0.03765445863887055,0.034778220437173074,0.0449317088908694,0.043997602595920726,0.04855606564630391,0.04328966513001171,0.05800109501849352,0.039276052686188716,0.033792705346356366,0.04388220508650048,0.04916324981080521,0.062433807262857695
