,index,age,target_label,session_id,correct_or_not,target_label_prob,airplane_prob,bear_prob,bike_prob,bird_prob,boat_prob,bowl_prob,car_prob,cat_prob,chair_prob,couch_prob,cup_prob,dog_prob,fish_prob,frog_prob,house_prob,key_prob,person_prob,phone_prob,rabbit_prob,scissors_prob,sheep_prob,train_prob,tree_prob
0,3765,4,couch,run_v31530478539938,0.0,0.061812800896255835,0.048129682433569305,0.0406435098231749,0.04070394731578352,0.03467842673288669,0.05151016449417699,0.02938852392971288,0.04630427856390627,0.039965706135968754,0.06259192025405838,0.061812800896255835,0.04861835932033202,0.03878545503826273,0.03866627137913006,0.038140090207729,0.06392789291866612,0.038498473667137094,0.0360963825876289,0.03734640526760297,0.03991823019388412,0.03938992716998899,0.03925720785793625,0.04710719384294008,0.03851914996926816
