,index,age,target_label,session_id,correct_or_not,target_label_prob,airplane_prob,bear_prob,bike_prob,bird_prob,boat_prob,bowl_prob,car_prob,cat_prob,chair_prob,couch_prob,cup_prob,dog_prob,fish_prob,frog_prob,house_prob,key_prob,person_prob,phone_prob,rabbit_prob,scissors_prob,sheep_prob,train_prob,tree_prob
0,7751,2,sheep,run_v41539123265875,0.0,0.04607317236227645,0.03900084623374069,0.050968621150947475,0.04350467500944864,0.059335729045749984,0.03373426859643168,0.043782179929603614,0.03696137915071689,0.0511415681277661,0.03782984982672589,0.04777257561589117,0.05238876256588061,0.05396401848748055,0.057005093555060705,0.042456541577008816,0.03162105536948665,0.04049290301036445,0.03783708203811295,0.029607199502437197,0.04488176226189543,0.038108844682510315,0.04607317236227645,0.04266245676696987,0.03886941513349409
