,index,age,target_label,session_id,correct_or_not,target_label_prob,airplane_prob,bear_prob,bike_prob,bird_prob,boat_prob,bowl_prob,car_prob,cat_prob,chair_prob,couch_prob,cup_prob,dog_prob,fish_prob,frog_prob,house_prob,key_prob,person_prob,phone_prob,rabbit_prob,scissors_prob,sheep_prob,train_prob,tree_prob
0,6287,2,person,run_v31534111706202,0.0,0.03917653285206094,0.050072919945722855,0.03524517531200531,0.04295527947878491,0.03961044976106853,0.060964165894130576,0.07255399999198081,0.03961783679310622,0.046665741942281486,0.04101001562314904,0.03677138264608755,0.04498664012745666,0.042210451206401677,0.052997160744906145,0.04139472561608543,0.027952835793481158,0.04213423651300505,0.03917653285206094,0.03991091563613458,0.046023245117243074,0.044266378420687265,0.04086396232145658,0.04024064259962578,0.03237530566313853
