,index,age,target_label,session_id,correct_or_not,target_label_prob,airplane_prob,bear_prob,bike_prob,bird_prob,boat_prob,bowl_prob,car_prob,cat_prob,chair_prob,couch_prob,cup_prob,dog_prob,fish_prob,frog_prob,house_prob,key_prob,person_prob,phone_prob,rabbit_prob,scissors_prob,sheep_prob,train_prob,tree_prob
0,855,2,bike,run_v31527972599108,0.0,0.045362800741838294,0.04534178132791805,0.04159268360377117,0.045362800741838294,0.041796370676736604,0.038309054512183784,0.04076778949357798,0.04294659202880522,0.0442904942188504,0.04973152522626386,0.040490102240416916,0.045745708786633754,0.045379674258438835,0.040766950387300875,0.04178344503676036,0.03750100776121172,0.035276325743461956,0.05723865129797366,0.033494479867371085,0.041297608585243346,0.04880622511929851,0.04637282373017707,0.04368202465925515,0.05202588069651143
