,index,age,target_label,session_id,correct_or_not,target_label_prob,airplane_prob,bear_prob,bike_prob,bird_prob,boat_prob,bowl_prob,car_prob,cat_prob,chair_prob,couch_prob,cup_prob,dog_prob,fish_prob,frog_prob,house_prob,key_prob,person_prob,phone_prob,rabbit_prob,scissors_prob,sheep_prob,train_prob,tree_prob
0,3121,6,chair,run_v31528229399210,1.0,0.11022360989735622,0.039821638165599554,0.040138325931087036,0.058051151213313605,0.04109575895537321,0.04164030164686907,0.04397731598389058,0.04868317805854334,0.03305390312134694,0.11022360989735622,0.044173852093719525,0.047037974336833106,0.036665733482243286,0.04097272873947201,0.04070817293541831,0.023704088661660093,0.0498536714520264,0.0358483458722887,0.03265029201390412,0.03807097769141367,0.04317299673667752,0.037813728220027217,0.04120241822284759,0.031439836568088804
