,index,age,target_label,session_id,correct_or_not,target_label_prob,airplane_prob,bear_prob,bike_prob,bird_prob,boat_prob,bowl_prob,car_prob,cat_prob,chair_prob,couch_prob,cup_prob,dog_prob,fish_prob,frog_prob,house_prob,key_prob,person_prob,phone_prob,rabbit_prob,scissors_prob,sheep_prob,train_prob,tree_prob
0,3993,4,cup,run_v31533501580025,0.0,0.04912002908285336,0.048423907758476915,0.04826332459409384,0.03586432300895789,0.045972723956905125,0.042536525808164354,0.04425567077145009,0.04390689794087075,0.04411829140356473,0.04018394130298366,0.04274438491681149,0.04912002908285336,0.04742154411272772,0.04237120224312972,0.04664297230716428,0.03901409418222105,0.0426436976775222,0.0393360899531902,0.04420392017444091,0.049360912236452746,0.042458900474337036,0.03944855654191183,0.04116958789096445,0.040538501660805804
