,index,age,target_label,session_id,correct_or_not,target_label_prob,airplane_prob,bear_prob,bike_prob,bird_prob,boat_prob,bowl_prob,car_prob,cat_prob,chair_prob,couch_prob,cup_prob,dog_prob,fish_prob,frog_prob,house_prob,key_prob,person_prob,phone_prob,rabbit_prob,scissors_prob,sheep_prob,train_prob,tree_prob
0,2650,6,cat,run_v41537652471568,0.0,0.05580949167695899,0.04430250536058678,0.054706976967836975,0.045388330829795674,0.040737157516550604,0.040735456904232616,0.039329846542419944,0.04645478108969661,0.05580949167695899,0.038323192434647387,0.03588615164760503,0.036623479076134176,0.041462192810435027,0.045722749555511984,0.046074732835928674,0.043091197480283,0.03783449240993234,0.040255708011297776,0.050266870960569025,0.056667177232114015,0.03675677871967836,0.04148222816833095,0.0463735886283434,0.03571491314111059
