,index,age,target_label,session_id,correct_or_not,target_label_prob,airplane_prob,bear_prob,bike_prob,bird_prob,boat_prob,bowl_prob,car_prob,cat_prob,chair_prob,couch_prob,cup_prob,dog_prob,fish_prob,frog_prob,house_prob,key_prob,person_prob,phone_prob,rabbit_prob,scissors_prob,sheep_prob,train_prob,tree_prob
0,180,4,airplane,run_v31530570725182,0.0,0.04016912011705568,0.04016912011705568,0.036738519218181075,0.07467132945774828,0.03672458446415761,0.05786657174946326,0.03680132881866788,0.04359602682601385,0.0365424174879475,0.03530591052853167,0.036029345028764065,0.04442397055545967,0.03392695296465924,0.03834022629269702,0.03982861969368313,0.056596958231467376,0.04284582905996005,0.04644111224013878,0.04229215365933029,0.034922975908089224,0.04578324435579798,0.040279543100236855,0.052181143436202754,0.0476921168057466
