,index,age,target_label,session_id,correct_or_not,target_label_prob,airplane_prob,bear_prob,bike_prob,bird_prob,boat_prob,bowl_prob,car_prob,cat_prob,chair_prob,couch_prob,cup_prob,dog_prob,fish_prob,frog_prob,house_prob,key_prob,person_prob,phone_prob,rabbit_prob,scissors_prob,sheep_prob,train_prob,tree_prob
0,3305,4,chair,run_v31529177399237,0.0,0.06014135082326576,0.04811174831904734,0.038388443531568145,0.036835146003120274,0.04689536988454172,0.05438917296960473,0.040058328374550166,0.04183640784249131,0.0403461218390802,0.06014135082326576,0.040363444510579896,0.036283084304692334,0.0432358789588885,0.044115594617418326,0.041484342715610814,0.06372309621072608,0.03971820379595122,0.03997113820162495,0.038856652997518296,0.03980159733786618,0.04050261862736442,0.04126513995964542,0.03958030696941497,0.04409681120542914
