,index,age,target_label,session_id,correct_or_not,target_label_prob,airplane_prob,bear_prob,bike_prob,bird_prob,boat_prob,bowl_prob,car_prob,cat_prob,chair_prob,couch_prob,cup_prob,dog_prob,fish_prob,frog_prob,house_prob,key_prob,person_prob,phone_prob,rabbit_prob,scissors_prob,sheep_prob,train_prob,tree_prob
0,6885,3,rabbit,run_v31532110927413,0.0,0.04312400006112708,0.044166248315796346,0.038049496233497675,0.051256538074611106,0.03954939501614797,0.04236199073458833,0.04284773207563572,0.051631228297348175,0.04154292470375072,0.0400327839592709,0.043628229107778756,0.045447657435623595,0.04681174121316173,0.042615037710910256,0.04328020000452844,0.0428838761987756,0.04104220152543326,0.04031329302583538,0.04494344692895857,0.04312400006112708,0.04622635284588195,0.044871717119799856,0.04977287385460915,0.03360103555692956
