,index,age,target_label,session_id,correct_or_not,target_label_prob,airplane_prob,bear_prob,bike_prob,bird_prob,boat_prob,bowl_prob,car_prob,cat_prob,chair_prob,couch_prob,cup_prob,dog_prob,fish_prob,frog_prob,house_prob,key_prob,person_prob,phone_prob,rabbit_prob,scissors_prob,sheep_prob,train_prob,tree_prob
0,8545,5,tree,run_v31527888854913,0.0,0.04265676671575919,0.04248812541563951,0.04197485272488372,0.04808355662110334,0.035605368779052966,0.043965822381527235,0.03550424417941346,0.03777624552761064,0.04008235229246171,0.051132045815643505,0.04971710493540905,0.0480255723098596,0.04067937942982443,0.03911559780615718,0.044820071145573105,0.05495822615060538,0.03933342901392458,0.04096795443631236,0.051130423081561883,0.042262224338793605,0.04133487090752812,0.0427758099320096,0.04560995605934578,0.04265676671575919
