,index,age,target_label,session_id,correct_or_not,target_label_prob,airplane_prob,bear_prob,bike_prob,bird_prob,boat_prob,bowl_prob,car_prob,cat_prob,chair_prob,couch_prob,cup_prob,dog_prob,fish_prob,frog_prob,house_prob,key_prob,person_prob,phone_prob,rabbit_prob,scissors_prob,sheep_prob,train_prob,tree_prob
0,1741,2,boat,run_v31526493024418,0.0,0.04650960253677283,0.042720482547112866,0.041303958227151445,0.047430148559270593,0.04321083114253273,0.04650960253677283,0.04838392255004669,0.049977064256131305,0.033261182272853046,0.04437850118277134,0.0437116520590758,0.04830289559000629,0.039482892148753466,0.043284568867708664,0.04362177131944632,0.03883719319685487,0.03844513617810732,0.042138791404291526,0.042855593787306294,0.0452877637789923,0.04246593725364265,0.03871302464250781,0.046163719278661856,0.04951336722000193
