,index,age,target_label,session_id,correct_or_not,target_label_prob,airplane_prob,bear_prob,bike_prob,bird_prob,boat_prob,bowl_prob,car_prob,cat_prob,chair_prob,couch_prob,cup_prob,dog_prob,fish_prob,frog_prob,house_prob,key_prob,person_prob,phone_prob,rabbit_prob,scissors_prob,sheep_prob,train_prob,tree_prob
0,4901,5,fish,run_v31533931810912,0.0,0.043924104118961076,0.041783325989337324,0.053362185388558185,0.050016917303376325,0.04134871329716076,0.045469100867025075,0.04199151358171715,0.05096055740560515,0.044799239396348146,0.04506671625425644,0.03752136644869841,0.04426421090364983,0.041944422439918264,0.043924104118961076,0.04642230739157602,0.03671098085165994,0.03603447460295335,0.04865640530786624,0.03759617811224887,0.04912725084213929,0.04416575308161191,0.03587174394796647,0.0447147749797918,0.038247757487573975
