,index,age,target_label,session_id,correct_or_not,target_label_prob,airplane_prob,bear_prob,bike_prob,bird_prob,boat_prob,bowl_prob,car_prob,cat_prob,chair_prob,couch_prob,cup_prob,dog_prob,fish_prob,frog_prob,house_prob,key_prob,person_prob,phone_prob,rabbit_prob,scissors_prob,sheep_prob,train_prob,tree_prob
0,6558,5,phone,run_v31530732171052,1.0,0.06625205286423554,0.03751508852087809,0.04065316858102894,0.04733919705460196,0.039993409011787925,0.04352779761610903,0.04108400558134856,0.046322790503347554,0.03863852461216005,0.053112368298046164,0.04006475936093755,0.05246656041058044,0.03956351258393576,0.04146033128466579,0.044539973349353966,0.04249751186655783,0.04317453877095059,0.04210227263592574,0.06625205286423554,0.03977286060290752,0.03850309629604454,0.04017946555570411,0.03862243433616515,0.04261428030272723
