,index,age,target_label,session_id,correct_or_not,target_label_prob,airplane_prob,bear_prob,bike_prob,bird_prob,boat_prob,bowl_prob,car_prob,cat_prob,chair_prob,couch_prob,cup_prob,dog_prob,fish_prob,frog_prob,house_prob,key_prob,person_prob,phone_prob,rabbit_prob,scissors_prob,sheep_prob,train_prob,tree_prob
0,2175,7,bowl,run_v31531593868919,1.0,0.11202541683850886,0.03457697822272015,0.04406226034780505,0.0504346810293943,0.04278963662975818,0.03821668037985901,0.11202541683850886,0.033629942159754296,0.0371070945112514,0.0403173916032375,0.053953149746965745,0.06602209991807455,0.03937614132609672,0.03808458828583626,0.03720785985062772,0.018320936408535552,0.03980647000102573,0.0328821032073227,0.04321061968023445,0.03903882874491725,0.03511959298431465,0.042836560365739164,0.04389734749675232,0.03708362026126855
