,index,age,target_label,session_id,correct_or_not,target_label_prob,airplane_prob,bear_prob,bike_prob,bird_prob,boat_prob,bowl_prob,car_prob,cat_prob,chair_prob,couch_prob,cup_prob,dog_prob,fish_prob,frog_prob,house_prob,key_prob,person_prob,phone_prob,rabbit_prob,scissors_prob,sheep_prob,train_prob,tree_prob
0,471,4,bear,run_v41541193373691,1.0,0.06031423649696316,0.034864433282519126,0.06031423649696316,0.0397100629166767,0.0463675913432264,0.042713666380186165,0.03786616132082168,0.039789050710436445,0.044969688564254685,0.034163092764978614,0.03854952734246724,0.03614226779013702,0.045597760979752586,0.037581345319943116,0.054595328504372514,0.03828670821512488,0.03713065525126769,0.05535405774053397,0.03698091729409847,0.04731087133198369,0.03886946073163015,0.05866791242453476,0.045438182753215754,0.048737020540875364
