,index,age,target_label,session_id,correct_or_not,target_label_prob,airplane_prob,bear_prob,bike_prob,bird_prob,boat_prob,bowl_prob,car_prob,cat_prob,chair_prob,couch_prob,cup_prob,dog_prob,fish_prob,frog_prob,house_prob,key_prob,person_prob,phone_prob,rabbit_prob,scissors_prob,sheep_prob,train_prob,tree_prob
0,2084,10,bowl,run_v31532028701741,1.0,0.07266021864379753,0.03488961709791899,0.04407824863479293,0.03521137376739172,0.04260032276527237,0.04590168907169973,0.07266021864379753,0.040096386202440715,0.04241715991240979,0.04201956930314762,0.039022061871923815,0.05659213828473567,0.04042290728931591,0.04514896723533576,0.04099613699499121,0.03856376049781398,0.044541705949222354,0.03701411280068651,0.04152345592561694,0.03581719688896932,0.03993972141743935,0.043454726477220124,0.04222583569831895,0.054862687269538725
