,index,age,target_label,session_id,correct_or_not,target_label_prob,airplane_prob,bear_prob,bike_prob,bird_prob,boat_prob,bowl_prob,car_prob,cat_prob,chair_prob,couch_prob,cup_prob,dog_prob,fish_prob,frog_prob,house_prob,key_prob,person_prob,phone_prob,rabbit_prob,scissors_prob,sheep_prob,train_prob,tree_prob
0,1140,3,bird,run_v31530658170017,0.0,0.05076930235190343,0.0443141876795876,0.044079583933812325,0.04682496066299455,0.05076930235190343,0.04348045498226039,0.03749381594757579,0.04812814441271192,0.04302924513293341,0.03634121074154242,0.04019427803709237,0.035004384730682285,0.04884905690883294,0.038966902806811345,0.042772730786853744,0.03638209336201512,0.050399256174822195,0.05184402037411869,0.03546181375645858,0.03837059045447121,0.04284192278665222,0.05327820329259166,0.04292971715328871,0.04824412352998711
