,index,age,target_label,session_id,correct_or_not,target_label_prob,airplane_prob,bear_prob,bike_prob,bird_prob,boat_prob,bowl_prob,car_prob,cat_prob,chair_prob,couch_prob,cup_prob,dog_prob,fish_prob,frog_prob,house_prob,key_prob,person_prob,phone_prob,rabbit_prob,scissors_prob,sheep_prob,train_prob,tree_prob
0,3417,3,couch,run_v31531852627290,0.0,0.03941310314899159,0.04465460831096809,0.0415263282503117,0.04022953108285733,0.045899126059814395,0.04203297071770183,0.054666568052106256,0.042076004718084536,0.04475617750537594,0.04330922001124964,0.03941310314899159,0.05140013073144201,0.03886795155764436,0.050190149744649734,0.039966617066712666,0.040253344742661956,0.04963879218784215,0.035642019468345505,0.04930947149963486,0.04022839220381323,0.0473018060041915,0.039415990623396534,0.04149901106872829,0.03772268524347585
