,index,age,target_label,session_id,correct_or_not,target_label_prob,airplane_prob,bear_prob,bike_prob,bird_prob,boat_prob,bowl_prob,car_prob,cat_prob,chair_prob,couch_prob,cup_prob,dog_prob,fish_prob,frog_prob,house_prob,key_prob,person_prob,phone_prob,rabbit_prob,scissors_prob,sheep_prob,train_prob,tree_prob
0,2999,10,cat,run_v41542064293395,0.0,0.043036494727185855,0.05582563572160472,0.04430215412700423,0.053208269304485245,0.04716714711461262,0.0468510808452503,0.03717445989092625,0.03704698878656628,0.043036494727185855,0.0387164776940822,0.03831043894487751,0.03546438274701614,0.038898375291133866,0.05035175649186261,0.042888219824276826,0.04062308553977705,0.039004586130847,0.06265144202612004,0.034535491728110795,0.03528228336346045,0.048186098375374645,0.04209432033318953,0.04319395757413164,0.04518685341810417
