,index,age,target_label,session_id,correct_or_not,target_label_prob,airplane_prob,bear_prob,bike_prob,bird_prob,boat_prob,bowl_prob,car_prob,cat_prob,chair_prob,couch_prob,cup_prob,dog_prob,fish_prob,frog_prob,house_prob,key_prob,person_prob,phone_prob,rabbit_prob,scissors_prob,sheep_prob,train_prob,tree_prob
0,6811,3,rabbit,run_v31528501654080,0.0,0.0370246060383369,0.03865590086458615,0.042448499213375054,0.05066753048884045,0.04491717540693724,0.04402233547339659,0.04135238406717089,0.039917424042842396,0.039838256706792,0.05948779012230126,0.0395446024613603,0.03966877723307414,0.04806035910314902,0.0434825943842828,0.045997722264306797,0.038294693312507205,0.04637754991557101,0.0493438697389656,0.03825053325499408,0.0370246060383369,0.04119622278996106,0.0449042056442101,0.042747487630903004,0.043799479842135794
