,index,age,target_label,session_id,correct_or_not,target_label_prob,airplane_prob,bear_prob,bike_prob,bird_prob,boat_prob,bowl_prob,car_prob,cat_prob,chair_prob,couch_prob,cup_prob,dog_prob,fish_prob,frog_prob,house_prob,key_prob,person_prob,phone_prob,rabbit_prob,scissors_prob,sheep_prob,train_prob,tree_prob
0,2365,5,car,run_v31533152649611,1.0,0.07639037672061205,0.04353508891099665,0.04344013362505655,0.06259762563607364,0.04235347224641778,0.037321864440229884,0.0392004403983675,0.07639037672061205,0.03921267316208865,0.040675207167713556,0.03605140516808818,0.03615733864518526,0.04761724946506193,0.04511196668743683,0.04847797893777786,0.03571909627318224,0.03790713179062604,0.032403718727735786,0.031821340924255835,0.04415613930599352,0.04284050851397782,0.04957513670306224,0.0478613465868739,0.03957275996318639
