,index,age,target_label,session_id,correct_or_not,target_label_prob,airplane_prob,bear_prob,bike_prob,bird_prob,boat_prob,bowl_prob,car_prob,cat_prob,chair_prob,couch_prob,cup_prob,dog_prob,fish_prob,frog_prob,house_prob,key_prob,person_prob,phone_prob,rabbit_prob,scissors_prob,sheep_prob,train_prob,tree_prob
0,910,2,bike,run_v31527968860506,0.0,0.047078912153935296,0.04220606904251611,0.048751856501631795,0.047078912153935296,0.05123970356205654,0.04118341603552886,0.03828549830970844,0.03780064913190704,0.04869603125963041,0.037840653940437605,0.04053731327679794,0.041722574305813116,0.049873091998493296,0.05418410346852959,0.04722302240297193,0.038536973668472224,0.04133129799032616,0.03888427472410622,0.04242583442931481,0.04144178312749576,0.033529315478698106,0.04796960026000802,0.04292489172789576,0.046333133203725
