,index,age,target_label,session_id,correct_or_not,target_label_prob,airplane_prob,bear_prob,bike_prob,bird_prob,boat_prob,bowl_prob,car_prob,cat_prob,chair_prob,couch_prob,cup_prob,dog_prob,fish_prob,frog_prob,house_prob,key_prob,person_prob,phone_prob,rabbit_prob,scissors_prob,sheep_prob,train_prob,tree_prob
0,8533,4,tree,run_v31534457003877,1.0,0.0671839330200605,0.03714167178031845,0.04919248886192024,0.03498995185076336,0.040801284988481804,0.039080809361267066,0.04034378377679947,0.04580831790583717,0.03989091543317196,0.035474947265966825,0.04530387439921231,0.04392103617573562,0.045727808191130266,0.04536753626101959,0.038593687144348916,0.037391956690642415,0.03765881873412223,0.04799018866578554,0.04589225896530476,0.03849221483279487,0.035799263697292326,0.060051604072255724,0.04790164792576873,0.0671839330200605
