,index,age,target_label,session_id,correct_or_not,target_label_prob,airplane_prob,bear_prob,bike_prob,bird_prob,boat_prob,bowl_prob,car_prob,cat_prob,chair_prob,couch_prob,cup_prob,dog_prob,fish_prob,frog_prob,house_prob,key_prob,person_prob,phone_prob,rabbit_prob,scissors_prob,sheep_prob,train_prob,tree_prob
0,165,3,airplane,run_v31529015399141,0.0,0.050458180810136866,0.050458180810136866,0.03978853596137387,0.03739858952905052,0.05672571738879417,0.049468146598678354,0.03954285989955093,0.04258948085870797,0.045637071138421796,0.05571784353299291,0.048530164832900166,0.04035583440659974,0.048028021626737104,0.04640671742376751,0.036025053609019565,0.028410722580546208,0.04368751933771136,0.0457176026985229,0.04280087219660881,0.04266666531064985,0.03735077045244145,0.04050604155431612,0.04016612859720685,0.0420214596552649
