,index,age,target_label,session_id,correct_or_not,target_label_prob,airplane_prob,bear_prob,bike_prob,bird_prob,boat_prob,bowl_prob,car_prob,cat_prob,chair_prob,couch_prob,cup_prob,dog_prob,fish_prob,frog_prob,house_prob,key_prob,person_prob,phone_prob,rabbit_prob,scissors_prob,sheep_prob,train_prob,tree_prob
0,2988,5,cat,run_v41541970856667,0.0,0.050002092425830556,0.05453928527243686,0.03723706662949317,0.043517601268552905,0.040909333084090435,0.04064236866373644,0.03414087541711842,0.05343774873480288,0.050002092425830556,0.034426823284715635,0.05044182834487359,0.03773734431408549,0.043010961787338126,0.0471698486728136,0.03955375844862921,0.048908352433682016,0.03785735210631482,0.029980661193942423,0.04644420190122747,0.05216975844124214,0.049334369313612396,0.04207074963030995,0.05004315779095603,0.03642446084019549
