,index,age,target_label,session_id,correct_or_not,target_label_prob,airplane_prob,bear_prob,bike_prob,bird_prob,boat_prob,bowl_prob,car_prob,cat_prob,chair_prob,couch_prob,cup_prob,dog_prob,fish_prob,frog_prob,house_prob,key_prob,person_prob,phone_prob,rabbit_prob,scissors_prob,sheep_prob,train_prob,tree_prob
0,1047,4,bike,run_v31530398644776,1.0,0.07490076674642922,0.043179136495045754,0.04553734080451924,0.07490076674642922,0.04373667545720686,0.04159455584689607,0.04001993915653931,0.04943625930547935,0.040730690062839234,0.03847916755115089,0.038744933809667786,0.048716851401726546,0.04399539982682495,0.04511800434746314,0.04150970317870683,0.03522489360481219,0.04576048209655749,0.039318696621517275,0.037200531534791886,0.039878850348820924,0.04324843829556153,0.03704329774946961,0.045052184674179915,0.041573201083793886
