,index,age,target_label,session_id,correct_or_not,target_label_prob,airplane_prob,bear_prob,bike_prob,bird_prob,boat_prob,bowl_prob,car_prob,cat_prob,chair_prob,couch_prob,cup_prob,dog_prob,fish_prob,frog_prob,house_prob,key_prob,person_prob,phone_prob,rabbit_prob,scissors_prob,sheep_prob,train_prob,tree_prob
0,7764,3,sheep,run_v41539802976560,0.0,0.04146798761999496,0.04955743211264852,0.03701773200485137,0.040002855268894376,0.04503643673994142,0.05232509706188814,0.052672028840235356,0.05125579213805421,0.03951467788324776,0.03582144162535938,0.049502374951229104,0.049054731729127915,0.04538279339188635,0.050294069619272005,0.041744401185705333,0.042567589893562054,0.04179169948968927,0.04047805468332955,0.04209245423285556,0.04155265377607654,0.0381559797809459,0.04146798761999496,0.03857101293685969,0.03414070303434514
