,index,age,target_label,session_id,correct_or_not,target_label_prob,airplane_prob,bear_prob,bike_prob,bird_prob,boat_prob,bowl_prob,car_prob,cat_prob,chair_prob,couch_prob,cup_prob,dog_prob,fish_prob,frog_prob,house_prob,key_prob,person_prob,phone_prob,rabbit_prob,scissors_prob,sheep_prob,train_prob,tree_prob
0,3239,10,chair,run_v31531684620879,1.0,0.07178874976464986,0.04833932246583074,0.04126800243640352,0.04554800613500098,0.039480563106725514,0.04694710601213275,0.032969255206225845,0.03931287458336709,0.03747941893532846,0.07178874976464986,0.03895922511286899,0.0406806407684737,0.03869377030322403,0.041767326677758454,0.040986081136210564,0.07121567466929421,0.040772988609111105,0.04173576348815473,0.03473915472620955,0.03857194634180136,0.03977910057018988,0.03900914033848033,0.04480223870681337,0.04515364990574494
