,index,age,target_label,session_id,correct_or_not,target_label_prob,airplane_prob,bear_prob,bike_prob,bird_prob,boat_prob,bowl_prob,car_prob,cat_prob,chair_prob,couch_prob,cup_prob,dog_prob,fish_prob,frog_prob,house_prob,key_prob,person_prob,phone_prob,rabbit_prob,scissors_prob,sheep_prob,train_prob,tree_prob
0,5720,10,key,run_v41541107904364,1.0,0.06513798892717834,0.048696678296569984,0.0446431975016722,0.045205884237469685,0.04008678461566161,0.042181854632548636,0.04114019834257562,0.044895463684362945,0.045983838704503004,0.033506749949109786,0.053639725040854846,0.035186813974382676,0.04734852467447673,0.058198124140013456,0.03521392609948726,0.028646361803124513,0.06513798892717834,0.03366914236383814,0.025338227655575894,0.04099295897995873,0.05236680036366749,0.04587152599038036,0.056208275945056216,0.03584095407753181
