,index,age,target_label,session_id,correct_or_not,target_label_prob,airplane_prob,bear_prob,bike_prob,bird_prob,boat_prob,bowl_prob,car_prob,cat_prob,chair_prob,couch_prob,cup_prob,dog_prob,fish_prob,frog_prob,house_prob,key_prob,person_prob,phone_prob,rabbit_prob,scissors_prob,sheep_prob,train_prob,tree_prob
0,8157,2,train,run_v41537296303157,0.0,0.0431961583674521,0.0454047309912301,0.038901269633275684,0.03673977466102727,0.04132110208737966,0.03430473393325308,0.04156169663936472,0.04012433726782025,0.04028666538580998,0.05581222063220933,0.04102106422046997,0.04513192779025825,0.04222775703794186,0.04080711399632082,0.041190324318209716,0.027286017761720613,0.04407914530926421,0.042041804384110454,0.060492189692275926,0.04262069174053567,0.06121098122573327,0.051394312641652805,0.0431961583674521,0.04284398028268426
