,index,age,target_label,session_id,correct_or_not,target_label_prob,airplane_prob,bear_prob,bike_prob,bird_prob,boat_prob,bowl_prob,car_prob,cat_prob,chair_prob,couch_prob,cup_prob,dog_prob,fish_prob,frog_prob,house_prob,key_prob,person_prob,phone_prob,rabbit_prob,scissors_prob,sheep_prob,train_prob,tree_prob
0,5517,2,house,run_v31533248285018,0.0,0.037771872585093,0.041774708824625015,0.04400450663949704,0.03787111609791707,0.04347174623208745,0.04411906137895806,0.05366108938864327,0.04585695793669325,0.043472550379004854,0.04221499061560339,0.0435327958868741,0.05154002800961355,0.0429496158280806,0.04685431333364815,0.04832335492561918,0.037771872585093,0.04661256618117412,0.04054727358507845,0.04007676165574345,0.04583519687383833,0.04516164064622997,0.03828662663108892,0.03857727802966947,0.037483948335219126
