,index,age,target_label,session_id,correct_or_not,target_label_prob,airplane_prob,bear_prob,bike_prob,bird_prob,boat_prob,bowl_prob,car_prob,cat_prob,chair_prob,couch_prob,cup_prob,dog_prob,fish_prob,frog_prob,house_prob,key_prob,person_prob,phone_prob,rabbit_prob,scissors_prob,sheep_prob,train_prob,tree_prob
0,2982,3,cat,run_v41539117499957,1.0,0.05869331689242809,0.0395549791460183,0.05596771069122238,0.042464579594983475,0.046753631064622055,0.03978896444390576,0.036583339038133586,0.044854542282170375,0.05869331689242809,0.04175757158609231,0.04469223795610004,0.03703302129063508,0.0421955962678038,0.038058031134812,0.0510904510038658,0.032079766031713065,0.03117545106235297,0.053247751754637446,0.03501589643797296,0.0470892261898026,0.03925932582046675,0.05531872617428522,0.04675981533192028,0.04056606880405553
