,index,age,target_label,session_id,correct_or_not,target_label_prob,airplane_prob,bear_prob,bike_prob,bird_prob,boat_prob,bowl_prob,car_prob,cat_prob,chair_prob,couch_prob,cup_prob,dog_prob,fish_prob,frog_prob,house_prob,key_prob,person_prob,phone_prob,rabbit_prob,scissors_prob,sheep_prob,train_prob,tree_prob
0,4717,4,fish,run_v31534800830813,0.0,0.04414980940682196,0.04044307121003264,0.04844493995452076,0.03937777969817681,0.03662648938763824,0.0357185223271349,0.05218668218879236,0.04332742365486853,0.037975344266009556,0.03739225220354932,0.034055204340095464,0.0453702727698271,0.039153166343108246,0.04414980940682196,0.04048336379300983,0.04396345515852468,0.049065434616385996,0.04189308226864253,0.06142677955261879,0.04456508013403195,0.04890391254441165,0.035960175738350614,0.03964770129861952,0.05987005714482854
