,index,age,target_label,session_id,correct_or_not,target_label_prob,airplane_prob,bear_prob,bike_prob,bird_prob,boat_prob,bowl_prob,car_prob,cat_prob,chair_prob,couch_prob,cup_prob,dog_prob,fish_prob,frog_prob,house_prob,key_prob,person_prob,phone_prob,rabbit_prob,scissors_prob,sheep_prob,train_prob,tree_prob
0,1607,4,boat,run_v31533244161520,0.0,0.04949638353672592,0.049931632195063406,0.042639758408428305,0.05546997633953227,0.04631403566722123,0.04949638353672592,0.03788897098618625,0.036445034188558156,0.04964975392418158,0.040022546641667586,0.0355090396980706,0.044032042358042436,0.042721788969472964,0.06212750932028047,0.040068485375483645,0.03744839978614238,0.04544073679049727,0.036788632856178546,0.038583399306573514,0.04484342832965292,0.04038278487370604,0.039595440364787904,0.04589281261966755,0.03870740746387896
