,index,age,target_label,session_id,correct_or_not,target_label_prob,airplane_prob,bear_prob,bike_prob,bird_prob,boat_prob,bowl_prob,car_prob,cat_prob,chair_prob,couch_prob,cup_prob,dog_prob,fish_prob,frog_prob,house_prob,key_prob,person_prob,phone_prob,rabbit_prob,scissors_prob,sheep_prob,train_prob,tree_prob
0,4177,3,dog,run_v31526762829294,0.0,0.041360152124709865,0.04737823522170019,0.041915153898998476,0.042997364231890094,0.04360606858758103,0.046282270253154886,0.05755520527536017,0.045690238272612024,0.0392915653956169,0.04863564297768882,0.0430494048459226,0.041520900451641564,0.041360152124709865,0.056788446125594055,0.04539329245841427,0.033700622792073066,0.04324176255297296,0.037285751981431595,0.04155115814564824,0.03303287390093791,0.04095853870582894,0.045384796683952754,0.0420972296325547,0.04128332548371459
