,index,age,target_label,session_id,correct_or_not,target_label_prob,airplane_prob,bear_prob,bike_prob,bird_prob,boat_prob,bowl_prob,car_prob,cat_prob,chair_prob,couch_prob,cup_prob,dog_prob,fish_prob,frog_prob,house_prob,key_prob,person_prob,phone_prob,rabbit_prob,scissors_prob,sheep_prob,train_prob,tree_prob
0,5901,4,key,run_v41541980591412,1.0,0.06633913740360771,0.03970047046977255,0.04595890537351984,0.03565505416396301,0.04606205749853252,0.040355596633634465,0.03704791495019838,0.04397611431205579,0.04736201100279577,0.03956555925990732,0.03964582770646454,0.041175746100987766,0.03880150173267975,0.045663318190831075,0.05742980628176072,0.03509411873177052,0.06633913740360771,0.040054793563228455,0.06244573163949543,0.04405600643020763,0.03828002556085242,0.042563233620443744,0.033484398881064005,0.03928267049222654
