,index,age,target_label,session_id,correct_or_not,target_label_prob,airplane_prob,bear_prob,bike_prob,bird_prob,boat_prob,bowl_prob,car_prob,cat_prob,chair_prob,couch_prob,cup_prob,dog_prob,fish_prob,frog_prob,house_prob,key_prob,person_prob,phone_prob,rabbit_prob,scissors_prob,sheep_prob,train_prob,tree_prob
0,4519,3,dog,run_v31526758896291,0.0,0.04904184070542632,0.039036147509216364,0.042041118921923616,0.04828361602505759,0.05079587331752369,0.04447913128280337,0.03797090219658181,0.04167512941299394,0.0520025464871455,0.03920531468978785,0.03908074707340294,0.038392658588480066,0.04904184070542632,0.04596092299330813,0.046599046952871676,0.0400158918205942,0.04003153434683979,0.054557871604998656,0.03703201801503698,0.04622132270624354,0.03774916209407132,0.04813997408489574,0.043522246836631334,0.03816498233416579
