,index,age,target_label,session_id,correct_or_not,target_label_prob,airplane_prob,bear_prob,bike_prob,bird_prob,boat_prob,bowl_prob,car_prob,cat_prob,chair_prob,couch_prob,cup_prob,dog_prob,fish_prob,frog_prob,house_prob,key_prob,person_prob,phone_prob,rabbit_prob,scissors_prob,sheep_prob,train_prob,tree_prob
0,4530,4,dog,run_v31535835633768,0.0,0.043905906902549155,0.04899634598665762,0.04158706961934992,0.03781997113277431,0.046844139835782325,0.05490142445503837,0.04325501027368511,0.03876509765436474,0.048165638163928395,0.037200179190445354,0.037645102357292626,0.0420167551001165,0.043905906902549155,0.045290524721821636,0.04215407612229966,0.040873667682837886,0.04171619136240164,0.045368543448022186,0.04080478097037429,0.042582008568939955,0.04737726002543077,0.04219505731213961,0.04395708010960266,0.04657816900414534
