,index,age,target_label,session_id,correct_or_not,target_label_prob,airplane_prob,bear_prob,bike_prob,bird_prob,boat_prob,bowl_prob,car_prob,cat_prob,chair_prob,couch_prob,cup_prob,dog_prob,fish_prob,frog_prob,house_prob,key_prob,person_prob,phone_prob,rabbit_prob,scissors_prob,sheep_prob,train_prob,tree_prob
0,6485,3,phone,run_v41540327190992,0.0,0.041575552735405884,0.04558733763435914,0.043394606693255816,0.04338641861559115,0.03711896737869147,0.06264868125229393,0.03956823551777765,0.03047076874859023,0.044144185768905046,0.042805012939523435,0.03808480733896025,0.041333132172207285,0.04223544496288527,0.040491838267147855,0.043739120983585164,0.03839368900198165,0.04160915226737453,0.04288377446901173,0.041575552735405884,0.046130062259011805,0.05514901369552408,0.048911891680953105,0.04490997647347836,0.04542832914348514
