,index,age,target_label,session_id,correct_or_not,target_label_prob,airplane_prob,bear_prob,bike_prob,bird_prob,boat_prob,bowl_prob,car_prob,cat_prob,chair_prob,couch_prob,cup_prob,dog_prob,fish_prob,frog_prob,house_prob,key_prob,person_prob,phone_prob,rabbit_prob,scissors_prob,sheep_prob,train_prob,tree_prob
0,4451,6,dog,run_v31526168752022,0.0,0.03877855459224911,0.03202303539974142,0.054028136307236345,0.05279513876060674,0.059811676292366715,0.04245970356294456,0.04198006859172889,0.03309771517705248,0.047573831569262134,0.034428807607974926,0.041990769622075534,0.04541938533367597,0.03877855459224911,0.03137790037300608,0.04544593901658508,0.046800711021042794,0.0313686428688884,0.049712188816938105,0.03014019518948924,0.038983642249260674,0.03685244547923876,0.06417020876228245,0.05768242552391672,0.04307887788243691
