,index,age,target_label,session_id,correct_or_not,target_label_prob,airplane_prob,bear_prob,bike_prob,bird_prob,boat_prob,bowl_prob,car_prob,cat_prob,chair_prob,couch_prob,cup_prob,dog_prob,fish_prob,frog_prob,house_prob,key_prob,person_prob,phone_prob,rabbit_prob,scissors_prob,sheep_prob,train_prob,tree_prob
0,6111,6,person,run_v31526060998610,1.0,0.0789558765772161,0.03850758349912589,0.045118955356985346,0.045213708490955226,0.043929783611256094,0.04357916448161503,0.04010165172242096,0.03867475433095645,0.041078500559052655,0.042136032795140804,0.03869905499429286,0.037885924615842184,0.04019780688449018,0.05324343848732488,0.03923823350887877,0.04491481401035025,0.04078450425743808,0.0789558765772161,0.034076079565785004,0.037807648089930326,0.04078227491472127,0.03799281117578577,0.04418035225600438,0.052901045814431516
