,index,age,target_label,session_id,correct_or_not,target_label_prob,airplane_prob,bear_prob,bike_prob,bird_prob,boat_prob,bowl_prob,car_prob,cat_prob,chair_prob,couch_prob,cup_prob,dog_prob,fish_prob,frog_prob,house_prob,key_prob,person_prob,phone_prob,rabbit_prob,scissors_prob,sheep_prob,train_prob,tree_prob
0,5371,6,house,run_v31526157685006,0.0,0.051129456344328264,0.037637085200719775,0.040712427898042414,0.03899207566825777,0.041489063639214036,0.039843478946219035,0.03319622275690428,0.04057939870122634,0.03861041239956509,0.059548127562348854,0.04198487447294962,0.05710583327559766,0.03827688589891015,0.040160312167624536,0.03942900340538392,0.051129456344328264,0.04634311316300807,0.037812129656108785,0.06244552038024651,0.035184947877768775,0.039508485925028,0.04287298484626812,0.048214885124324994,0.04892327468995505
