,index,age,target_label,session_id,correct_or_not,target_label_prob,airplane_prob,bear_prob,bike_prob,bird_prob,boat_prob,bowl_prob,car_prob,cat_prob,chair_prob,couch_prob,cup_prob,dog_prob,fish_prob,frog_prob,house_prob,key_prob,person_prob,phone_prob,rabbit_prob,scissors_prob,sheep_prob,train_prob,tree_prob
0,61,10,airplane,run_v31531684620879,0.0,0.046712707657891796,0.046712707657891796,0.04771938870462338,0.0376645938915922,0.048955156695763634,0.04207103880712952,0.03907892943925355,0.03958052549724073,0.04284005673669566,0.04006042324997962,0.03955783957955347,0.03804113426764488,0.04236782255543094,0.04420124937405548,0.047766141413812746,0.04446890339203395,0.040765220587161706,0.06152401336460298,0.04097478548253486,0.03951138794951404,0.03379298587676284,0.046953540369450805,0.045802111157308686,0.0495900439499625
