,index,age,target_label,session_id,correct_or_not,target_label_prob,airplane_prob,bear_prob,bike_prob,bird_prob,boat_prob,bowl_prob,car_prob,cat_prob,chair_prob,couch_prob,cup_prob,dog_prob,fish_prob,frog_prob,house_prob,key_prob,person_prob,phone_prob,rabbit_prob,scissors_prob,sheep_prob,train_prob,tree_prob
0,3586,3,couch,run_v31528916399303,0.0,0.05125889901390209,0.03781678575182098,0.041407322419714315,0.038193864278782824,0.04352324602389463,0.030582002089026367,0.04046064275646863,0.04665672128596731,0.04392472422804602,0.05564245743797733,0.05125889901390209,0.039148506244405266,0.04464071458909482,0.042785680928180185,0.041306263742127466,0.04802525710669872,0.04560099139307872,0.03934226919351261,0.04446978188456354,0.041551745159326414,0.04763075499040319,0.04592069181612834,0.04518443619737567,0.04492624146950452
