,index,age,target_label,session_id,correct_or_not,target_label_prob,airplane_prob,bear_prob,bike_prob,bird_prob,boat_prob,bowl_prob,car_prob,cat_prob,chair_prob,couch_prob,cup_prob,dog_prob,fish_prob,frog_prob,house_prob,key_prob,person_prob,phone_prob,rabbit_prob,scissors_prob,sheep_prob,train_prob,tree_prob
0,2163,6,bowl,run_v31531341196691,0.0,0.05664853198675364,0.04666633687890988,0.04063460405023873,0.035340772745541434,0.045627145009512135,0.058470820141057984,0.05664853198675364,0.037933250789585315,0.04736707842998315,0.038124194473044486,0.04137034883834319,0.04577868829958318,0.04505153003752995,0.051528390743387636,0.038792017600812016,0.03754847653867712,0.033177351998437264,0.04164337111826302,0.03288631075694604,0.04380211143630674,0.04906646186489479,0.04463119953799516,0.044398600627864916,0.04351240609633202
