,index,age,target_label,session_id,correct_or_not,target_label_prob,airplane_prob,bear_prob,bike_prob,bird_prob,boat_prob,bowl_prob,car_prob,cat_prob,chair_prob,couch_prob,cup_prob,dog_prob,fish_prob,frog_prob,house_prob,key_prob,person_prob,phone_prob,rabbit_prob,scissors_prob,sheep_prob,train_prob,tree_prob
0,5895,6,key,run_v41536449916714,0.0,0.04832973839290609,0.0410990199978272,0.05643469452546543,0.03798432783198729,0.04354812846761478,0.043773705121285804,0.0392259032109979,0.04938699915735162,0.03921734364440255,0.03884354941121315,0.03535499947799811,0.034971536025465474,0.04057014374005816,0.045334523810320056,0.0513365401889764,0.03859657940206041,0.04832973839290609,0.05666763546796739,0.04389747169888037,0.05084573377757981,0.03969018033977471,0.03882170483902576,0.039048547789701536,0.04702099368113992
