,index,age,target_label,session_id,correct_or_not,target_label_prob,airplane_prob,bear_prob,bike_prob,bird_prob,boat_prob,bowl_prob,car_prob,cat_prob,chair_prob,couch_prob,cup_prob,dog_prob,fish_prob,frog_prob,house_prob,key_prob,person_prob,phone_prob,rabbit_prob,scissors_prob,sheep_prob,train_prob,tree_prob
0,8060,2,train,run_v41539809810410,0.0,0.0466491446163973,0.044951630707956894,0.0401102852885082,0.03451651421651676,0.03629943668189678,0.035390888399833224,0.03983840262584957,0.04254905569318066,0.04833952707703097,0.07794110620982242,0.03950446382503561,0.03824769920080812,0.04527861646587134,0.04132378628582494,0.04252271502775236,0.036076779353576394,0.0360643812020278,0.03650946518933965,0.04179342300583473,0.042453190616566897,0.06340201048866105,0.04757600065524708,0.0466491446163973,0.04266147716646131
