,index,age,target_label,session_id,correct_or_not,target_label_prob,airplane_prob,bear_prob,bike_prob,bird_prob,boat_prob,bowl_prob,car_prob,cat_prob,chair_prob,couch_prob,cup_prob,dog_prob,fish_prob,frog_prob,house_prob,key_prob,person_prob,phone_prob,rabbit_prob,scissors_prob,sheep_prob,train_prob,tree_prob
0,2226,4,bowl,run_v31530311922480,1.0,0.08108317686685558,0.05028377188768417,0.03770848787112732,0.037354209016095236,0.04172464944283315,0.06399328290812628,0.08108317686685558,0.03473490316478339,0.036119439649982134,0.03486986232597328,0.038100997915152604,0.057038064110863665,0.039010836873741045,0.052957021284210225,0.03694343055680862,0.036515126189836114,0.04588075535829085,0.03600783594069448,0.04074836890054948,0.032695404679882654,0.04567866817067133,0.039727569769966296,0.03966264653898963,0.04116149057688234
