,index,age,target_label,session_id,correct_or_not,target_label_prob,airplane_prob,bear_prob,bike_prob,bird_prob,boat_prob,bowl_prob,car_prob,cat_prob,chair_prob,couch_prob,cup_prob,dog_prob,fish_prob,frog_prob,house_prob,key_prob,person_prob,phone_prob,rabbit_prob,scissors_prob,sheep_prob,train_prob,tree_prob
0,3840,6,cup,run_v31534457973010,0.0,0.05139403248383898,0.037500483824256296,0.03852375994093223,0.0511628964157391,0.044693347885208394,0.045341569096186356,0.03991846266825491,0.03636988887910835,0.04436897633556916,0.03766555375267361,0.048825824335211994,0.05139403248383898,0.043744019405978676,0.04502340352067974,0.03923334067349075,0.05483699904033173,0.0373827463251676,0.04494093426120886,0.045134373205648955,0.03688070793779858,0.040590836936252504,0.04635629952869299,0.04701871544748277,0.04309282810028739
