,index,age,target_label,session_id,correct_or_not,target_label_prob,airplane_prob,bear_prob,bike_prob,bird_prob,boat_prob,bowl_prob,car_prob,cat_prob,chair_prob,couch_prob,cup_prob,dog_prob,fish_prob,frog_prob,house_prob,key_prob,person_prob,phone_prob,rabbit_prob,scissors_prob,sheep_prob,train_prob,tree_prob
0,31,2,airplane,run_v31529432999222,0.0,0.06445243269014735,0.06445243269014735,0.03838151729619262,0.03540636206293288,0.03685736030126472,0.06814211271144753,0.03941984980940283,0.04276706837235204,0.03432763249354227,0.05098172196746444,0.04778906792978444,0.038521487218709786,0.03774062442180706,0.038631308738167086,0.0383439630960378,0.057880643386254496,0.04683990819856631,0.04258404305636644,0.030751776210157147,0.04037151774627027,0.041970476532468985,0.042386912095852804,0.04096804878407619,0.04448416488073454
