,index,age,target_label,session_id,correct_or_not,target_label_prob,airplane_prob,bear_prob,bike_prob,bird_prob,boat_prob,bowl_prob,car_prob,cat_prob,chair_prob,couch_prob,cup_prob,dog_prob,fish_prob,frog_prob,house_prob,key_prob,person_prob,phone_prob,rabbit_prob,scissors_prob,sheep_prob,train_prob,tree_prob
0,8600,4,tree,run_v31533242019710,0.0,0.06340019219772262,0.03917496716098151,0.038864389225875214,0.044093632007066015,0.03511742687637591,0.038504927048329224,0.040983321685029654,0.03645372298650502,0.03453156486593002,0.06684037725356694,0.03777814443878003,0.044039997180140476,0.04532875538982452,0.039364399144815716,0.0383497045319716,0.03198217421793726,0.056714138229821076,0.05533647578048047,0.05262622768380544,0.0353964469736173,0.042868304277587914,0.041117656055601026,0.041133054788234986,0.06340019219772262
