,index,age,target_label,session_id,correct_or_not,target_label_prob,airplane_prob,bear_prob,bike_prob,bird_prob,boat_prob,bowl_prob,car_prob,cat_prob,chair_prob,couch_prob,cup_prob,dog_prob,fish_prob,frog_prob,house_prob,key_prob,person_prob,phone_prob,rabbit_prob,scissors_prob,sheep_prob,train_prob,tree_prob
0,6590,6,phone,run_v31530747157999,1.0,0.07284798024160284,0.036238111784837816,0.044541119216884105,0.0506673530096306,0.03452296864147838,0.042244609700758454,0.045200345373244286,0.04240051107345166,0.04362983320996809,0.031059395775334793,0.04698422359206986,0.045057328730926716,0.041363428381310546,0.04311768397910542,0.04496102401175231,0.0499581169684872,0.034737253934390824,0.04379520505015655,0.07284798024160284,0.037190540972067754,0.03552457409386194,0.04284042179774532,0.045313650891793227,0.04580431956914153
