,index,age,target_label,session_id,correct_or_not,target_label_prob,airplane_prob,bear_prob,bike_prob,bird_prob,boat_prob,bowl_prob,car_prob,cat_prob,chair_prob,couch_prob,cup_prob,dog_prob,fish_prob,frog_prob,house_prob,key_prob,person_prob,phone_prob,rabbit_prob,scissors_prob,sheep_prob,train_prob,tree_prob
0,88,2,airplane,run_v31529177200369,1.0,0.057621766408790756,0.057621766408790756,0.03539633422250681,0.042531178742812155,0.046059612293554104,0.045744876177568256,0.041530356013720265,0.04382411348320526,0.039529875767038244,0.034461337322782434,0.04567681147915674,0.04411905054452843,0.04198216591323084,0.05094253929543057,0.03978298629007264,0.04127705987634147,0.036391077356092115,0.03844141021102607,0.04319937022433609,0.04056172168219271,0.051724344881272616,0.044395704209182596,0.0513189064017077,0.04348740120345129
