,index,age,target_label,session_id,correct_or_not,target_label_prob,airplane_prob,bear_prob,bike_prob,bird_prob,boat_prob,bowl_prob,car_prob,cat_prob,chair_prob,couch_prob,cup_prob,dog_prob,fish_prob,frog_prob,house_prob,key_prob,person_prob,phone_prob,rabbit_prob,scissors_prob,sheep_prob,train_prob,tree_prob
0,8399,7,tree,run_v31533426055063,1.0,0.06162891054558826,0.04700691231177247,0.04049217160469969,0.04478558791912186,0.045496062879946994,0.03302506973550359,0.048720646770893244,0.04913328202702428,0.03934001782180896,0.04554142717378661,0.03978954382058244,0.04477610535758447,0.04421102164001313,0.044351229248217716,0.04028355265684777,0.03922989720386429,0.046079820360330676,0.04329917936750461,0.03670296791734891,0.040210343495657046,0.042057264244406874,0.04602001765657458,0.037818968240921326,0.06162891054558826
