,index,age,target_label,session_id,correct_or_not,target_label_prob,airplane_prob,bear_prob,bike_prob,bird_prob,boat_prob,bowl_prob,car_prob,cat_prob,chair_prob,couch_prob,cup_prob,dog_prob,fish_prob,frog_prob,house_prob,key_prob,person_prob,phone_prob,rabbit_prob,scissors_prob,sheep_prob,train_prob,tree_prob
0,2819,7,cat,run_v41539541441637,0.0,0.040836178937242985,0.03614938966405903,0.038682203203397124,0.055199362390620385,0.04861991812425259,0.042358042655171686,0.040076073187900955,0.04512485472859875,0.040836178937242985,0.04947863465453624,0.036011746326483456,0.036412555998543414,0.04513630061321042,0.03905727073023597,0.03803904069144262,0.04720527652221965,0.038030114331791424,0.05836819801957595,0.03221254302551459,0.044256277709839316,0.034773496195295406,0.046515176268767,0.060647584065868086,0.04680976195543303
