,index,age,target_label,session_id,correct_or_not,target_label_prob,airplane_prob,bear_prob,bike_prob,bird_prob,boat_prob,bowl_prob,car_prob,cat_prob,chair_prob,couch_prob,cup_prob,dog_prob,fish_prob,frog_prob,house_prob,key_prob,person_prob,phone_prob,rabbit_prob,scissors_prob,sheep_prob,train_prob,tree_prob
0,8099,6,train,run_v41540155634892,1.0,0.07420234297044233,0.0327889386577824,0.03944740341941498,0.05552348143532062,0.040028985273214135,0.04258092589735392,0.03964864425339981,0.04486520147380686,0.0432744049339758,0.0449066516740532,0.0546613586550348,0.03674192620727939,0.045400503521852764,0.0440110646497063,0.043830242942265174,0.032458410643058856,0.0375846133509372,0.04061624267030946,0.042461321636256745,0.035676727835331046,0.03752634583888764,0.05077115539560931,0.07420234297044233,0.04099310666470722
