,index,age,target_label,session_id,correct_or_not,target_label_prob,airplane_prob,bear_prob,bike_prob,bird_prob,boat_prob,bowl_prob,car_prob,cat_prob,chair_prob,couch_prob,cup_prob,dog_prob,fish_prob,frog_prob,house_prob,key_prob,person_prob,phone_prob,rabbit_prob,scissors_prob,sheep_prob,train_prob,tree_prob
0,3204,6,chair,run_v31529447595650,1.0,0.1016796274966752,0.039553463142982484,0.038340580409365436,0.03366986331071768,0.03720279010190771,0.041588883830877804,0.04066179594649256,0.03690206691078406,0.04186715653810692,0.1016796274966752,0.03969242765790954,0.04987261154936508,0.04151736400849967,0.03816997499480483,0.04109117449917793,0.039105722775546324,0.03824250980402264,0.03733460329978252,0.04885177963126579,0.03802515119338246,0.03902803205421431,0.041975632584092926,0.0456458633406606,0.04998092491936567
