,index,age,target_label,session_id,correct_or_not,target_label_prob,airplane_prob,bear_prob,bike_prob,bird_prob,boat_prob,bowl_prob,car_prob,cat_prob,chair_prob,couch_prob,cup_prob,dog_prob,fish_prob,frog_prob,house_prob,key_prob,person_prob,phone_prob,rabbit_prob,scissors_prob,sheep_prob,train_prob,tree_prob
0,4174,7,dog,run_v31535929178925,0.0,0.04509305652588942,0.04322072399917439,0.042847395737449626,0.04186018497245132,0.04191494031173169,0.04051566789377115,0.03939218511387291,0.04109945608991791,0.05057994604018088,0.040845886668985906,0.037235291317778266,0.03732157947426056,0.04509305652588942,0.0541051327113693,0.043087449103241804,0.03710945161212734,0.04428026786841158,0.06224122854147139,0.06314840510028384,0.040136961498832016,0.03694650869166341,0.03802133289036142,0.03587703704156316,0.04311991079521065
