,index,age,target_label,session_id,correct_or_not,target_label_prob,airplane_prob,bear_prob,bike_prob,bird_prob,boat_prob,bowl_prob,car_prob,cat_prob,chair_prob,couch_prob,cup_prob,dog_prob,fish_prob,frog_prob,house_prob,key_prob,person_prob,phone_prob,rabbit_prob,scissors_prob,sheep_prob,train_prob,tree_prob
0,6438,2,phone,run_v41542134162748,0.0,0.0375154245943867,0.04007910790322893,0.04530305311623182,0.03828640261046827,0.03828947222904989,0.04809220120801765,0.04463293778896739,0.032287352486908824,0.05481200453102106,0.032930914199987935,0.04383756722876906,0.04192169571370346,0.04607805183009111,0.03977761747526919,0.04697868900157152,0.04036882120730873,0.036353144741040136,0.042529640672728276,0.0375154245943867,0.05735941655225951,0.06190393070806138,0.04960927051572589,0.0440169567308025,0.03703632695440078
