,index,age,target_label,session_id,correct_or_not,target_label_prob,airplane_prob,bear_prob,bike_prob,bird_prob,boat_prob,bowl_prob,car_prob,cat_prob,chair_prob,couch_prob,cup_prob,dog_prob,fish_prob,frog_prob,house_prob,key_prob,person_prob,phone_prob,rabbit_prob,scissors_prob,sheep_prob,train_prob,tree_prob
0,5149,6,frog,run_v41539378843891,0.0,0.051665672585068885,0.041013358142981,0.0630904426867497,0.04212062716069373,0.0414218437598868,0.03752775955382143,0.04119129621164275,0.048899484447176865,0.03817796800207962,0.04569034900482829,0.040315630662757174,0.04210422460298539,0.040455453451799586,0.03713035386759731,0.051665672585068885,0.039967022795149416,0.03924305916922129,0.044946186337820875,0.034713908303312925,0.05893613791572198,0.04358165457752734,0.041289466707732744,0.04593626587692266,0.040581834176522225
