,index,age,target_label,session_id,correct_or_not,target_label_prob,airplane_prob,bear_prob,bike_prob,bird_prob,boat_prob,bowl_prob,car_prob,cat_prob,chair_prob,couch_prob,cup_prob,dog_prob,fish_prob,frog_prob,house_prob,key_prob,person_prob,phone_prob,rabbit_prob,scissors_prob,sheep_prob,train_prob,tree_prob
0,6656,6,phone,run_v31531594269284,1.0,0.07515191176845719,0.03854521291188671,0.036042982209352224,0.04368114162567854,0.039776102093369604,0.040202684618256164,0.03868907515535692,0.04794197013629193,0.04444655693519081,0.039127719955351636,0.0401825918901078,0.04777083934154239,0.04030843772589849,0.04001009036306733,0.03575189054904075,0.055327884520302927,0.05082018472292719,0.033312925385425726,0.07515191176845719,0.041955520744425094,0.04328210862603623,0.03639310678311093,0.048296540540012825,0.042982521398910685
