,index,age,target_label,session_id,correct_or_not,target_label_prob,airplane_prob,bear_prob,bike_prob,bird_prob,boat_prob,bowl_prob,car_prob,cat_prob,chair_prob,couch_prob,cup_prob,dog_prob,fish_prob,frog_prob,house_prob,key_prob,person_prob,phone_prob,rabbit_prob,scissors_prob,sheep_prob,train_prob,tree_prob
0,6496,2,phone,run_v41541710799574,0.0,0.0486580122340488,0.04546222489791879,0.04279123623335685,0.0360235018462231,0.041115868721044994,0.04459164987972836,0.04122727956815121,0.04457365747097878,0.044334808359642354,0.03604124820867361,0.04358462318841649,0.04542425012740223,0.042081911982063215,0.04145440168825928,0.0475359494929062,0.03784387217375525,0.04439499206102184,0.03814032945129537,0.0486580122340488,0.048803143774178624,0.04405467982500244,0.04754157219353298,0.04707439460494758,0.047246392017451594
