,index,age,target_label,session_id,correct_or_not,target_label_prob,airplane_prob,bear_prob,bike_prob,bird_prob,boat_prob,bowl_prob,car_prob,cat_prob,chair_prob,couch_prob,cup_prob,dog_prob,fish_prob,frog_prob,house_prob,key_prob,person_prob,phone_prob,rabbit_prob,scissors_prob,sheep_prob,train_prob,tree_prob
0,6259,8,person,run_v31532555117955,1.0,0.0743968322405666,0.0471273314968242,0.04298348113160956,0.04563484845823579,0.04272503411160886,0.05582222059550378,0.039830900807630104,0.03909637554071203,0.03679604798182088,0.055602953255284956,0.035595223145315484,0.04381597479014872,0.03732188270267705,0.04258499144990327,0.03621534895077813,0.045457928899629706,0.044075263018225515,0.0743968322405666,0.033524368252828916,0.03908117849168482,0.043978990839069504,0.033264104968961886,0.03423088282240969,0.050837836048570735
