,index,age,target_label,session_id,correct_or_not,target_label_prob,airplane_prob,bear_prob,bike_prob,bird_prob,boat_prob,bowl_prob,car_prob,cat_prob,chair_prob,couch_prob,cup_prob,dog_prob,fish_prob,frog_prob,house_prob,key_prob,person_prob,phone_prob,rabbit_prob,scissors_prob,sheep_prob,train_prob,tree_prob
0,4380,4,dog,run_v31534457003877,0.0,0.05057556750530429,0.046630729120452664,0.04168344957784454,0.043154371641406,0.042325245009243936,0.04648338379499322,0.04698941537339041,0.05384681988539099,0.04217602648746361,0.039421755552378944,0.039392339565128505,0.035287231110701256,0.05057556750530429,0.05235133947587493,0.04185454106595376,0.034696108220500226,0.041956482554259135,0.03974239714133326,0.037162319185346425,0.038450285495006425,0.04429884298120361,0.05064666129709762,0.0534658527057928,0.037408835253933403
