,index,age,target_label,session_id,correct_or_not,target_label_prob,airplane_prob,bear_prob,bike_prob,bird_prob,boat_prob,bowl_prob,car_prob,cat_prob,chair_prob,couch_prob,cup_prob,dog_prob,fish_prob,frog_prob,house_prob,key_prob,person_prob,phone_prob,rabbit_prob,scissors_prob,sheep_prob,train_prob,tree_prob
0,4933,2,frog,run_v41540323866144,0.0,0.04076260521352766,0.03649379706062334,0.04102594803465342,0.03426250244483487,0.041766676670743845,0.04932517757760272,0.06392668273333932,0.04527344624919378,0.04148977653910728,0.04126385246006194,0.04468442314236332,0.04657824455249745,0.04320174268649664,0.06054585574877751,0.04076260521352766,0.037763412814945864,0.04250604341787732,0.04414664070783314,0.03605892927900858,0.03178279086597307,0.04784293221153297,0.04633671850366047,0.040318201187100805,0.042643599898244657
