,index,age,target_label,session_id,correct_or_not,target_label_prob,airplane_prob,bear_prob,bike_prob,bird_prob,boat_prob,bowl_prob,car_prob,cat_prob,chair_prob,couch_prob,cup_prob,dog_prob,fish_prob,frog_prob,house_prob,key_prob,person_prob,phone_prob,rabbit_prob,scissors_prob,sheep_prob,train_prob,tree_prob
0,3902,10,cup,run_v31533845979344,1.0,0.06564213008850002,0.035621956165650365,0.0384457197878095,0.04144280411140629,0.040817845709227994,0.04261467592460421,0.04578292879505776,0.044163989616973084,0.04066979412391088,0.038106731587401084,0.03458390813051446,0.06564213008850002,0.03938196027661105,0.04189209383185119,0.039645198951586545,0.041645162638060076,0.05287164092058273,0.041644190844584136,0.055560300515300275,0.038037184295670226,0.04729319369690163,0.04137079720981446,0.04306006387218423,0.04970572890579798
