,index,age,target_label,session_id,correct_or_not,target_label_prob,airplane_prob,bear_prob,bike_prob,bird_prob,boat_prob,bowl_prob,car_prob,cat_prob,chair_prob,couch_prob,cup_prob,dog_prob,fish_prob,frog_prob,house_prob,key_prob,person_prob,phone_prob,rabbit_prob,scissors_prob,sheep_prob,train_prob,tree_prob
0,4069,7,cup,run_v31534195654681,1.0,0.05958321847360893,0.039633913657321274,0.03798704327021012,0.036334542930133856,0.03884965131064928,0.051799919809947144,0.05828505741399907,0.04196297438202321,0.04277512987115968,0.0485748303181088,0.05834473431665685,0.05958321847360893,0.039896536260146075,0.045717222735432016,0.038365378114899526,0.0241116955052921,0.03959433424255848,0.040019006362185285,0.056438771188719976,0.04351794916833653,0.03645943966061436,0.037554852137514194,0.04560710295807698,0.03858669591240622
