,index,age,target_label,session_id,correct_or_not,target_label_prob,airplane_prob,bear_prob,bike_prob,bird_prob,boat_prob,bowl_prob,car_prob,cat_prob,chair_prob,couch_prob,cup_prob,dog_prob,fish_prob,frog_prob,house_prob,key_prob,person_prob,phone_prob,rabbit_prob,scissors_prob,sheep_prob,train_prob,tree_prob
0,2780,4,cat,run_v41537035936969,0.0,0.04520327518852815,0.03541930543242675,0.04117611452976991,0.03361599120510482,0.03865253440724025,0.05104763936592044,0.061278391486826365,0.04295411372431539,0.04520327518852815,0.03913433668089902,0.0401047409410767,0.05044450201904277,0.042778655884659976,0.03873425406066756,0.04441801707848406,0.044286756490352214,0.03301886329417256,0.05242413336535148,0.04334232667360646,0.03792262094382428,0.03702037529018739,0.048172886544917234,0.04616522252466941,0.05268494286795704
