,index,age,target_label,session_id,correct_or_not,target_label_prob,airplane_prob,bear_prob,bike_prob,bird_prob,boat_prob,bowl_prob,car_prob,cat_prob,chair_prob,couch_prob,cup_prob,dog_prob,fish_prob,frog_prob,house_prob,key_prob,person_prob,phone_prob,rabbit_prob,scissors_prob,sheep_prob,train_prob,tree_prob
0,6936,5,rabbit,run_v31527979799077,1.0,0.08589415060431398,0.04286526833604009,0.04852285178602994,0.03599148084207243,0.04749067000501154,0.0358737927266833,0.0350939238229986,0.03872021819718244,0.04910955674771429,0.03668881732408835,0.03511182978638616,0.031302059013948835,0.038967191403900966,0.031340283903653336,0.037970895765178654,0.03863526961037851,0.0569116500119448,0.06176793777367278,0.035011655052097086,0.08589415060431398,0.03908893320847875,0.03901510743713008,0.03576342503708021,0.06286303160401473
