,index,age,target_label,session_id,correct_or_not,target_label_prob,airplane_prob,bear_prob,bike_prob,bird_prob,boat_prob,bowl_prob,car_prob,cat_prob,chair_prob,couch_prob,cup_prob,dog_prob,fish_prob,frog_prob,house_prob,key_prob,person_prob,phone_prob,rabbit_prob,scissors_prob,sheep_prob,train_prob,tree_prob
0,8607,7,tree,run_v31535824080024,1.0,0.05487932388114489,0.03669797983244984,0.04900448552716202,0.044131663590062604,0.0472629399238292,0.04631216679397362,0.0402930845107534,0.03862942929479927,0.0439747108842144,0.03573081611321726,0.0380657899248777,0.03678056718650244,0.04802624451780374,0.03588740459731379,0.048975482624839285,0.03535665179687294,0.04899333605573076,0.05404149725655871,0.036232453920193725,0.05013161913428084,0.03957489026611712,0.049372579241650255,0.04164488312565233,0.05487932388114489
