,index,age,target_label,session_id,correct_or_not,target_label_prob,airplane_prob,bear_prob,bike_prob,bird_prob,boat_prob,bowl_prob,car_prob,cat_prob,chair_prob,couch_prob,cup_prob,dog_prob,fish_prob,frog_prob,house_prob,key_prob,person_prob,phone_prob,rabbit_prob,scissors_prob,sheep_prob,train_prob,tree_prob
0,5583,4,house,run_v31535921460102,1.0,0.09173595048753835,0.03327940515334497,0.044098138695647854,0.03953007454100919,0.0462365095755808,0.05670657726858085,0.03405486910671794,0.03395708628449039,0.03683824329410073,0.05736273255836406,0.05932308515940246,0.04006362599175103,0.04133639640266868,0.03945269916408357,0.04013054185541389,0.09173595048753835,0.037212294528512456,0.037633451776592886,0.03271582684959422,0.041387638397456704,0.03553116482304963,0.04218575930598786,0.03987493439696426,0.039352994383147134
