,index,age,target_label,session_id,correct_or_not,target_label_prob,airplane_prob,bear_prob,bike_prob,bird_prob,boat_prob,bowl_prob,car_prob,cat_prob,chair_prob,couch_prob,cup_prob,dog_prob,fish_prob,frog_prob,house_prob,key_prob,person_prob,phone_prob,rabbit_prob,scissors_prob,sheep_prob,train_prob,tree_prob
0,1319,4,bird,run_v31527975212978,0.0,0.03689611087676526,0.039597646837062656,0.03800261000075666,0.04459804554199013,0.03689611087676526,0.03572781076537318,0.052343273879551046,0.041247898022292534,0.0356207773024034,0.06334610287072687,0.046124570216750246,0.04799805227569877,0.03845585425725951,0.03927220820805447,0.03532096257160295,0.0401206891017263,0.04541021211780653,0.04107423768391153,0.05177247780001657,0.03987578630207491,0.04593801297507072,0.045894709487700684,0.05461210625365117,0.040749844651753984
