,index,age,target_label,session_id,correct_or_not,target_label_prob,airplane_prob,bear_prob,bike_prob,bird_prob,boat_prob,bowl_prob,car_prob,cat_prob,chair_prob,couch_prob,cup_prob,dog_prob,fish_prob,frog_prob,house_prob,key_prob,person_prob,phone_prob,rabbit_prob,scissors_prob,sheep_prob,train_prob,tree_prob
0,5624,4,house,run_v31534015651863,0.0,0.05641784340806743,0.0368589952523862,0.043218839640835734,0.049873570332474346,0.040440640012657916,0.03645096626949229,0.036296314287584834,0.05881688936012606,0.04194329097834062,0.04532856898345564,0.040429029326028904,0.043926678857964085,0.03944268011681963,0.039392258245249605,0.043045372621176574,0.05641784340806743,0.04400205567326734,0.041341084397186055,0.04233315398046218,0.05182074324832895,0.038663642933386234,0.03877740158476596,0.05031545942401808,0.04086452106592541
