,index,age,target_label,session_id,correct_or_not,target_label_prob,airplane_prob,bear_prob,bike_prob,bird_prob,boat_prob,bowl_prob,car_prob,cat_prob,chair_prob,couch_prob,cup_prob,dog_prob,fish_prob,frog_prob,house_prob,key_prob,person_prob,phone_prob,rabbit_prob,scissors_prob,sheep_prob,train_prob,tree_prob
0,6242,9,person,run_v31534273649487,1.0,0.06739888233488944,0.038123922196044296,0.05093369845196614,0.03759204282549831,0.043151024038751006,0.0337971172932554,0.03780589466397394,0.03802374643857723,0.043485130326588295,0.05808003942248612,0.04186843680962322,0.03734977441377895,0.04322426431049226,0.03897387946237182,0.04374271441943858,0.031880939315399384,0.048064225608573374,0.06739888233488944,0.035879994840216804,0.04688802754744968,0.04224812464010709,0.040655014197004395,0.041238118487641695,0.05959498795587277
