,index,age,target_label,session_id,correct_or_not,target_label_prob,airplane_prob,bear_prob,bike_prob,bird_prob,boat_prob,bowl_prob,car_prob,cat_prob,chair_prob,couch_prob,cup_prob,dog_prob,fish_prob,frog_prob,house_prob,key_prob,person_prob,phone_prob,rabbit_prob,scissors_prob,sheep_prob,train_prob,tree_prob
0,255,5,airplane,run_v31528060993113,0.0,0.06357873571798413,0.06357873571798413,0.039564717230559376,0.0422843617177806,0.042291762312109175,0.053847310395080644,0.04262548327335548,0.03766435692378613,0.044414240746634075,0.04198451699122216,0.03412606768452724,0.04300302036727161,0.03816100604931532,0.0402416930230103,0.039729913370742886,0.06848497557750713,0.03813360554322226,0.039663328814887745,0.03524294911317384,0.04504582787593949,0.053060483721393985,0.04098394829052385,0.03956301522224977,0.036304680037722664
