,index,age,target_label,session_id,correct_or_not,target_label_prob,airplane_prob,bear_prob,bike_prob,bird_prob,boat_prob,bowl_prob,car_prob,cat_prob,chair_prob,couch_prob,cup_prob,dog_prob,fish_prob,frog_prob,house_prob,key_prob,person_prob,phone_prob,rabbit_prob,scissors_prob,sheep_prob,train_prob,tree_prob
0,2805,4,cat,run_v41540419377199,0.0,0.04562479231322675,0.04492816339621491,0.0460624574880689,0.04281646729106219,0.04675383827852848,0.03588703387924772,0.045642117423961036,0.035566809299391336,0.04562479231322675,0.044110095377344206,0.038790971902634315,0.0430735536318611,0.051206008259480094,0.0473985467710668,0.04351755189182755,0.03597007428565414,0.033666369946776735,0.061158426732829396,0.03406203212306212,0.03729643489022367,0.04965577555894062,0.04643629330198232,0.039447556125331254,0.050928629831284274
