,index,age,target_label,session_id,correct_or_not,target_label_prob,airplane_prob,bear_prob,bike_prob,bird_prob,boat_prob,bowl_prob,car_prob,cat_prob,chair_prob,couch_prob,cup_prob,dog_prob,fish_prob,frog_prob,house_prob,key_prob,person_prob,phone_prob,rabbit_prob,scissors_prob,sheep_prob,train_prob,tree_prob
0,918,7,bike,run_v31531594033814,1.0,0.06508503569651419,0.04541061971059033,0.03668606396278376,0.06508503569651419,0.04352087681772998,0.0401301610693201,0.03847833474493541,0.05605678613803645,0.041540407601513694,0.043895954938743355,0.04029612320788252,0.04471298379549991,0.03859800460392548,0.040288367390260094,0.03971202169074083,0.028289575872087924,0.04049387026816331,0.03456102920342688,0.0441502476411807,0.03350918919675801,0.04877324524806987,0.05387055558883927,0.05437650170095179,0.04756404391204608
