,index,age,target_label,session_id,correct_or_not,target_label_prob,airplane_prob,bear_prob,bike_prob,bird_prob,boat_prob,bowl_prob,car_prob,cat_prob,chair_prob,couch_prob,cup_prob,dog_prob,fish_prob,frog_prob,house_prob,key_prob,person_prob,phone_prob,rabbit_prob,scissors_prob,sheep_prob,train_prob,tree_prob
0,8368,5,tree,run_v31535915417713,1.0,0.07116609684290341,0.037413468376519834,0.04900873790178981,0.04955781421306412,0.046826453851564344,0.04377998005123789,0.03419372367038196,0.040490885506510546,0.037679530716377994,0.03673647023294527,0.04105050919442271,0.036426618623876465,0.041435326998788276,0.04231048480622646,0.04327596292810276,0.03978987150944357,0.04768260718040836,0.05217921249702392,0.039936856856627435,0.04199022203468164,0.03667240642892703,0.0445438902076485,0.04585286937052778,0.07116609684290341
