,index,age,target_label,session_id,correct_or_not,target_label_prob,airplane_prob,bear_prob,bike_prob,bird_prob,boat_prob,bowl_prob,car_prob,cat_prob,chair_prob,couch_prob,cup_prob,dog_prob,fish_prob,frog_prob,house_prob,key_prob,person_prob,phone_prob,rabbit_prob,scissors_prob,sheep_prob,train_prob,tree_prob
0,679,4,bear,run_v41537566219317,0.0,0.0458325861781132,0.03813178948596814,0.0458325861781132,0.039935907663953225,0.038977726490945934,0.03651520161262678,0.04311097495425737,0.061731481574392046,0.0394781038258708,0.0422879610396871,0.04364038300319575,0.04271942808986395,0.04496592010160081,0.04232801714513407,0.04354203380514987,0.04464286654153612,0.04107874917493904,0.03644167998559544,0.04705858089749661,0.041249555620417384,0.04172764418126293,0.04316767315103941,0.04936938827767863,0.05206634719927534
