,index,age,target_label,session_id,correct_or_not,target_label_prob,airplane_prob,bear_prob,bike_prob,bird_prob,boat_prob,bowl_prob,car_prob,cat_prob,chair_prob,couch_prob,cup_prob,dog_prob,fish_prob,frog_prob,house_prob,key_prob,person_prob,phone_prob,rabbit_prob,scissors_prob,sheep_prob,train_prob,tree_prob
0,822,3,bike,run_v31528311599198,1.0,0.07990988779529538,0.04054483007133668,0.04374158676572432,0.07990988779529538,0.04692596947012772,0.04129794519052525,0.03566857759112861,0.04240698239596331,0.045050843763640554,0.042191416922169336,0.038661625739181624,0.03827599218065728,0.04287981309442421,0.04571356326983821,0.04083605615657477,0.03654568348304558,0.04385931759810935,0.04100670618720212,0.03949715911717815,0.04247634668107927,0.03991118791052732,0.04074852934224205,0.05095036434701078,0.04089961492701801
