,index,age,target_label,session_id,correct_or_not,target_label_prob,airplane_prob,bear_prob,bike_prob,bird_prob,boat_prob,bowl_prob,car_prob,cat_prob,chair_prob,couch_prob,cup_prob,dog_prob,fish_prob,frog_prob,house_prob,key_prob,person_prob,phone_prob,rabbit_prob,scissors_prob,sheep_prob,train_prob,tree_prob
0,7786,9,sheep,run_v41541284716655,0.0,0.040894313094324494,0.04690648119278584,0.04624095900222847,0.05296301149514281,0.051554109582379305,0.03991983314794165,0.0429597681035704,0.03985919420274324,0.04634915306741844,0.038263600527052265,0.03570121881155008,0.0403772844483369,0.04858545386829559,0.04165521965592084,0.04923906004590369,0.0377760968609244,0.04240788606419364,0.0452251497224822,0.034219181016385596,0.04990704974759666,0.05053759425926544,0.040894313094324494,0.03804332505838231,0.04041505702517558
