,index,age,target_label,session_id,correct_or_not,target_label_prob,airplane_prob,bear_prob,bike_prob,bird_prob,boat_prob,bowl_prob,car_prob,cat_prob,chair_prob,couch_prob,cup_prob,dog_prob,fish_prob,frog_prob,house_prob,key_prob,person_prob,phone_prob,rabbit_prob,scissors_prob,sheep_prob,train_prob,tree_prob
0,6710,10,phone,run_v41537649176410,0.0,0.06625292802572158,0.03326328625090961,0.03767953089812433,0.039646088837781875,0.039460398987596124,0.028498768648638522,0.034306991151997875,0.04331970181544539,0.04341742705558848,0.04410336400745686,0.060453211948949016,0.056545672666993514,0.03301752410769668,0.03835292027787044,0.040686815047723444,0.07122523323636014,0.04414010471583947,0.036928187329330744,0.06625292802572158,0.03984607480200962,0.043816911531857065,0.041563268364709235,0.04283187470145164,0.04064371558994845
