,index,age,target_label,session_id,correct_or_not,target_label_prob,airplane_prob,bear_prob,bike_prob,bird_prob,boat_prob,bowl_prob,car_prob,cat_prob,chair_prob,couch_prob,cup_prob,dog_prob,fish_prob,frog_prob,house_prob,key_prob,person_prob,phone_prob,rabbit_prob,scissors_prob,sheep_prob,train_prob,tree_prob
0,3237,4,chair,run_v31532196800622,0.0,0.056259952534708266,0.03739699840079636,0.0365900671171812,0.06552165388771025,0.04186041614893827,0.03740301349332946,0.04023202296894094,0.04059548941401829,0.03982456234964102,0.056259952534708266,0.04944089283958092,0.03973482863348984,0.04300634434226428,0.03727502735841495,0.03813580363962749,0.04460195076990685,0.033476710632397745,0.047225393025835644,0.042645787124240865,0.04021400372208193,0.03561631131217868,0.04723930442428961,0.05219193508676195,0.05351153077366526
