,index,age,target_label,session_id,correct_or_not,target_label_prob,airplane_prob,bear_prob,bike_prob,bird_prob,boat_prob,bowl_prob,car_prob,cat_prob,chair_prob,couch_prob,cup_prob,dog_prob,fish_prob,frog_prob,house_prob,key_prob,person_prob,phone_prob,rabbit_prob,scissors_prob,sheep_prob,train_prob,tree_prob
0,7810,10,sheep,run_v41539809416101,1.0,0.054874057017101095,0.052314629177670435,0.03930760772467527,0.033206662778730786,0.04364849795991464,0.042161212588467535,0.04661851418466403,0.04036675063029999,0.03499694766019655,0.04789636861895202,0.04029361489171849,0.04364065710607334,0.04460916268788037,0.04144095967638228,0.040340885363770285,0.030708744267666278,0.0366262795835624,0.039481800378821486,0.04906732866868556,0.04343912197517627,0.054829723557669685,0.054874057017101095,0.05224668795979969,0.0478837855421215
