,index,age,target_label,session_id,correct_or_not,target_label_prob,airplane_prob,bear_prob,bike_prob,bird_prob,boat_prob,bowl_prob,car_prob,cat_prob,chair_prob,couch_prob,cup_prob,dog_prob,fish_prob,frog_prob,house_prob,key_prob,person_prob,phone_prob,rabbit_prob,scissors_prob,sheep_prob,train_prob,tree_prob
0,5903,3,key,run_v41541976684168,1.0,0.06865259510092214,0.03931813605005653,0.037416431007778056,0.0389023974013357,0.03864537859103931,0.04016657507613073,0.04457836021806421,0.04187005938709827,0.043985495027319785,0.040002309131709324,0.036407215742819556,0.05799262679240713,0.036324098102455724,0.04365173091809661,0.04390830265444168,0.049908501208276355,0.06865259510092214,0.03490990498689893,0.055358429314452826,0.03971559045743037,0.05095320287233981,0.03700543213214678,0.041017752670124454,0.03930947515665562
