,index,age,target_label,session_id,correct_or_not,target_label_prob,airplane_prob,bear_prob,bike_prob,bird_prob,boat_prob,bowl_prob,car_prob,cat_prob,chair_prob,couch_prob,cup_prob,dog_prob,fish_prob,frog_prob,house_prob,key_prob,person_prob,phone_prob,rabbit_prob,scissors_prob,sheep_prob,train_prob,tree_prob
0,4849,3,fish,run_v31533233033137,0.0,0.043424728953965125,0.039440176337634913,0.0443818183368685,0.03911251512838624,0.03635597943625504,0.04798942072013708,0.05100980283944202,0.05305141958022023,0.044559320581791996,0.0412395044159183,0.04095661036400664,0.03913466538018927,0.04686396795857846,0.043424728953965125,0.046959022937729834,0.032507612858684254,0.041116833830551446,0.03668979594796921,0.041286436963646644,0.03831903252206338,0.052342330433828084,0.04807942468343854,0.05090011906745094,0.044279460721243856
