,index,age,target_label,session_id,correct_or_not,target_label_prob,airplane_prob,bear_prob,bike_prob,bird_prob,boat_prob,bowl_prob,car_prob,cat_prob,chair_prob,couch_prob,cup_prob,dog_prob,fish_prob,frog_prob,house_prob,key_prob,person_prob,phone_prob,rabbit_prob,scissors_prob,sheep_prob,train_prob,tree_prob
0,3112,7,chair,run_v31530655295892,0.0,0.04449319909636149,0.04389745249181666,0.04642183939914211,0.03676852800411575,0.04603577847562069,0.04932102788649875,0.039053897801084536,0.03654524655712998,0.04443304749776867,0.04449319909636149,0.053785257805302966,0.04495917193327672,0.04149723648653926,0.04566526069332474,0.045161864385249564,0.04047535038174704,0.03903656474886083,0.049319751177012636,0.033371887946037994,0.03837330537060659,0.04587319975913411,0.04551111290670454,0.04172110135922819,0.04827891783743614
