,index,age,target_label,session_id,correct_or_not,target_label_prob,airplane_prob,bear_prob,bike_prob,bird_prob,boat_prob,bowl_prob,car_prob,cat_prob,chair_prob,couch_prob,cup_prob,dog_prob,fish_prob,frog_prob,house_prob,key_prob,person_prob,phone_prob,rabbit_prob,scissors_prob,sheep_prob,train_prob,tree_prob
0,3538,6,couch,run_v31528229399210,1.0,0.08642665677517797,0.032337390672122795,0.041243866396718676,0.03118406014250919,0.04136497767384887,0.04266567132722296,0.056401534252659265,0.04895229849061851,0.03453190733274725,0.043688212447297814,0.08642665677517797,0.038822029347935084,0.04017198876048511,0.03814995031801731,0.049201773962888246,0.06746701557469767,0.032952455927947336,0.04820267192031165,0.0345124516924783,0.046938001522014376,0.0361203684898269,0.03779104612048014,0.03839152666887672,0.03248214418311777
