,index,age,target_label,session_id,correct_or_not,target_label_prob,airplane_prob,bear_prob,bike_prob,bird_prob,boat_prob,bowl_prob,car_prob,cat_prob,chair_prob,couch_prob,cup_prob,dog_prob,fish_prob,frog_prob,house_prob,key_prob,person_prob,phone_prob,rabbit_prob,scissors_prob,sheep_prob,train_prob,tree_prob
0,4455,3,dog,run_v31533246512058,0.0,0.05092585344287825,0.04773613664871339,0.04795215448690665,0.061836707835136395,0.037808201369976556,0.04168271767259398,0.03601507070738126,0.05157143566592019,0.053100185142139586,0.03820583691931718,0.03496301379913863,0.03944307345750138,0.05092585344287825,0.03977652773724439,0.042127851379862885,0.03797912575107151,0.03633490270614393,0.03389095678649192,0.036696259937622364,0.04940224685519076,0.04586879248916858,0.052577811852402116,0.04333762770977962,0.04076750964741854
