,index,age,target_label,session_id,correct_or_not,target_label_prob,airplane_prob,bear_prob,bike_prob,bird_prob,boat_prob,bowl_prob,car_prob,cat_prob,chair_prob,couch_prob,cup_prob,dog_prob,fish_prob,frog_prob,house_prob,key_prob,person_prob,phone_prob,rabbit_prob,scissors_prob,sheep_prob,train_prob,tree_prob
0,1501,8,bird,run_v31528065690229,0.0,0.04655374471472085,0.05585937914384337,0.03646161971857193,0.045151981128161836,0.04655374471472085,0.04390192029058692,0.04064713982926633,0.05380565121130975,0.0424092880557911,0.0389608545836273,0.03977708814806062,0.03719185998753155,0.04583956185911562,0.05729909311117238,0.0366082722349632,0.041498447869652254,0.04332650614089085,0.04845560316250973,0.038855914724399705,0.03582687448728177,0.03977507742157745,0.03970059403598151,0.05177372908479561,0.0403197990561884
