,index,age,target_label,session_id,correct_or_not,target_label_prob,airplane_prob,bear_prob,bike_prob,bird_prob,boat_prob,bowl_prob,car_prob,cat_prob,chair_prob,couch_prob,cup_prob,dog_prob,fish_prob,frog_prob,house_prob,key_prob,person_prob,phone_prob,rabbit_prob,scissors_prob,sheep_prob,train_prob,tree_prob
0,5098,5,frog,run_v41540064328979,0.0,0.05080471609759361,0.047828002009641504,0.046273339599892035,0.037285757481690184,0.04655265532179041,0.0354111377246382,0.036272341854484906,0.05026408343179535,0.04650232470922618,0.03449596748919706,0.03634427445566326,0.048044972899283424,0.05100392383522375,0.04824330390281056,0.05080471609759361,0.0349251494040229,0.0651096700034461,0.040509907517872576,0.038318480962592286,0.04042256231559196,0.048026270976909737,0.04134070684566912,0.040457142430940396,0.03556330873002445
