,index,age,target_label,session_id,correct_or_not,target_label_prob,airplane_prob,bear_prob,bike_prob,bird_prob,boat_prob,bowl_prob,car_prob,cat_prob,chair_prob,couch_prob,cup_prob,dog_prob,fish_prob,frog_prob,house_prob,key_prob,person_prob,phone_prob,rabbit_prob,scissors_prob,sheep_prob,train_prob,tree_prob
0,4928,2,frog,run_v41540069645064,0.0,0.04655600969814609,0.04446039212209845,0.04725392814774618,0.06936983983754287,0.04445634750068455,0.04094448956272909,0.03818259838032853,0.04729579443102313,0.04148066080009079,0.041435682947316456,0.03781422067411008,0.04222816936269677,0.0465967781162498,0.044229533409678314,0.04655600969814609,0.0358196608691005,0.03784975844157227,0.044892761183664295,0.040132076763288956,0.03837400765522571,0.03524393502725937,0.04529731357220862,0.044961302953202636,0.04512473854403632
