,index,age,target_label,session_id,correct_or_not,target_label_prob,airplane_prob,bear_prob,bike_prob,bird_prob,boat_prob,bowl_prob,car_prob,cat_prob,chair_prob,couch_prob,cup_prob,dog_prob,fish_prob,frog_prob,house_prob,key_prob,person_prob,phone_prob,rabbit_prob,scissors_prob,sheep_prob,train_prob,tree_prob
0,3488,6,couch,run_v31528749624228,0.0,0.06226267194244685,0.03674947031273385,0.03860211573193725,0.035675859043016185,0.031033231572998296,0.04089101419184069,0.035045607083560214,0.04686038304437129,0.04283909107258623,0.06707310004448525,0.06226267194244685,0.043479063401471216,0.03877551451605337,0.03662435260546502,0.035810580423889085,0.07490640078987482,0.03603096920228427,0.03504584850581828,0.050213576881439854,0.038841073381836434,0.03555782057344485,0.041705821554521606,0.05513192687647502,0.040844507247449785
