,index,age,target_label,session_id,correct_or_not,target_label_prob,airplane_prob,bear_prob,bike_prob,bird_prob,boat_prob,bowl_prob,car_prob,cat_prob,chair_prob,couch_prob,cup_prob,dog_prob,fish_prob,frog_prob,house_prob,key_prob,person_prob,phone_prob,rabbit_prob,scissors_prob,sheep_prob,train_prob,tree_prob
0,3682,9,couch,run_v31529690399781,1.0,0.07550810218861426,0.03523029360746177,0.04008985704322355,0.03964679227553403,0.03760071380814486,0.04076710981857892,0.04299556918249782,0.03673800631788152,0.03958173712703538,0.03528793427655434,0.07550810218861426,0.06876860454493132,0.03992045191849609,0.038873411898267554,0.037150194686191726,0.048198685794020146,0.03795019775122567,0.04064858070332505,0.05900267063883438,0.03785161001658311,0.03791807429778766,0.03874890798112559,0.04826026502036102,0.04326222910332435
