,index,age,target_label,session_id,correct_or_not,target_label_prob,airplane_prob,bear_prob,bike_prob,bird_prob,boat_prob,bowl_prob,car_prob,cat_prob,chair_prob,couch_prob,cup_prob,dog_prob,fish_prob,frog_prob,house_prob,key_prob,person_prob,phone_prob,rabbit_prob,scissors_prob,sheep_prob,train_prob,tree_prob
0,2449,4,car,run_v31526497714288,0.0,0.037770376645583734,0.03545496842672875,0.039186020009372144,0.03749472114968079,0.03837005878788275,0.04450993571454968,0.08179610416442326,0.037770376645583734,0.040245985466281324,0.01919240082085123,0.08434008452812415,0.04970024235408561,0.0357451743280099,0.04346594618499038,0.03715745092850099,0.04891242304164994,0.03767290151562117,0.03982937286593135,0.05776325200079806,0.044795785363379,0.03674700961719196,0.03715015688647261,0.034063085458141025,0.03863654374175013
