,index,age,target_label,session_id,correct_or_not,target_label_prob,airplane_prob,bear_prob,bike_prob,bird_prob,boat_prob,bowl_prob,car_prob,cat_prob,chair_prob,couch_prob,cup_prob,dog_prob,fish_prob,frog_prob,house_prob,key_prob,person_prob,phone_prob,rabbit_prob,scissors_prob,sheep_prob,train_prob,tree_prob
0,2902,6,cat,run_v41541369517148,0.0,0.04162068085316853,0.0350256841075747,0.054601685221397044,0.061075355033372684,0.04513704914389751,0.038660795318038,0.0429415493699104,0.045207706800748385,0.04162068085316853,0.04115917123989037,0.032826385940273414,0.03200375168478714,0.04400905254643134,0.03710493501225324,0.04810578558604663,0.036896751273288286,0.03398976774385276,0.04533985468700527,0.03228436993359014,0.054846700454572406,0.05027380353926027,0.050848095420785194,0.050985794754244695,0.04505527433561174
