,index,age,target_label,session_id,correct_or_not,target_label_prob,airplane_prob,bear_prob,bike_prob,bird_prob,boat_prob,bowl_prob,car_prob,cat_prob,chair_prob,couch_prob,cup_prob,dog_prob,fish_prob,frog_prob,house_prob,key_prob,person_prob,phone_prob,rabbit_prob,scissors_prob,sheep_prob,train_prob,tree_prob
0,1095,4,bike,run_v31529276999098,0.0,0.06102576208430201,0.042542606934658465,0.043533070654192686,0.06102576208430201,0.04220537005312222,0.03559906300329403,0.033021780988668266,0.06713983178695446,0.04579240458097198,0.04216307904695743,0.03965315943198173,0.03595684150324892,0.04279952779644799,0.04111843768023137,0.041823001693020286,0.03251745847545541,0.04289020312709934,0.034111071239881725,0.03910650810845679,0.04992675375927444,0.05076745708807769,0.04385655895766157,0.05127222651957324,0.04117782548646804
