,index,age,target_label,session_id,correct_or_not,target_label_prob,airplane_prob,bear_prob,bike_prob,bird_prob,boat_prob,bowl_prob,car_prob,cat_prob,chair_prob,couch_prob,cup_prob,dog_prob,fish_prob,frog_prob,house_prob,key_prob,person_prob,phone_prob,rabbit_prob,scissors_prob,sheep_prob,train_prob,tree_prob
0,7202,7,scissors,run_v41542052611334,0.0,0.053742655030571705,0.041858586443909725,0.04667092454334347,0.036997379188699456,0.048059746838423276,0.048179233545694145,0.05543433838787765,0.02820939039444847,0.04715657440057061,0.03577698728077794,0.04731980485599058,0.04121138666669,0.035081279944386354,0.045105699688849234,0.04584749411164581,0.027588670354222408,0.04402770343927538,0.039343200400623855,0.03951933461586502,0.04266932674204602,0.053742655030571705,0.05806515567135632,0.04868305342689293,0.043452074027839536
