,index,age,target_label,session_id,correct_or_not,target_label_prob,airplane_prob,bear_prob,bike_prob,bird_prob,boat_prob,bowl_prob,car_prob,cat_prob,chair_prob,couch_prob,cup_prob,dog_prob,fish_prob,frog_prob,house_prob,key_prob,person_prob,phone_prob,rabbit_prob,scissors_prob,sheep_prob,train_prob,tree_prob
0,1324,4,bird,run_v31529264399644,0.0,0.05260916982071475,0.04693452725829949,0.04279342472439493,0.033741852128748195,0.05260916982071475,0.0378351647927423,0.040241737217364015,0.03720318352066439,0.042915811290304445,0.04740672497436895,0.04389761721188166,0.03777786181013074,0.046090035300543716,0.04517059256294666,0.036549261322015934,0.0355574288694779,0.04714691953382755,0.055560769715401,0.03468560293336683,0.0382537836824481,0.05757143788433223,0.04589749980410499,0.03853010969110624,0.05562948395081524
