,index,age,target_label,session_id,correct_or_not,target_label_prob,airplane_prob,bear_prob,bike_prob,bird_prob,boat_prob,bowl_prob,car_prob,cat_prob,chair_prob,couch_prob,cup_prob,dog_prob,fish_prob,frog_prob,house_prob,key_prob,person_prob,phone_prob,rabbit_prob,scissors_prob,sheep_prob,train_prob,tree_prob
0,7709,3,sheep,run_v41541269463776,1.0,0.07895292657267314,0.037327867900073676,0.04363659716538892,0.028625353409583287,0.05209688562929697,0.0421928832154832,0.0337185390923022,0.0347626887546079,0.045559929073640155,0.03352857548602198,0.04030960765161727,0.036847104427665936,0.050136279639842615,0.04046301087203371,0.04218974457130876,0.03613574625577961,0.06854444858231937,0.03646347610316888,0.03789395077238544,0.03653551978378936,0.039298968830337996,0.07895292657267314,0.051992189768517584,0.05278770644216209
