,index,age,target_label,session_id,correct_or_not,target_label_prob,airplane_prob,bear_prob,bike_prob,bird_prob,boat_prob,bowl_prob,car_prob,cat_prob,chair_prob,couch_prob,cup_prob,dog_prob,fish_prob,frog_prob,house_prob,key_prob,person_prob,phone_prob,rabbit_prob,scissors_prob,sheep_prob,train_prob,tree_prob
0,1796,3,boat,run_v31532553380548,0.0,0.04864003192327147,0.03873589137165489,0.05013665672578024,0.03710329632325169,0.04572951279719536,0.04864003192327147,0.03726164408496449,0.034276970977647786,0.04648566452050984,0.04303770018257915,0.038327903975873975,0.04247031131564202,0.042073296391208576,0.04505889963051722,0.041253488024494946,0.0421370692186576,0.04499671308362695,0.04103102283023196,0.04509273506011638,0.05119265026979151,0.03409376999449976,0.044255989626186557,0.046849045798820675,0.05975973587347697
