,index,age,target_label,session_id,correct_or_not,target_label_prob,airplane_prob,bear_prob,bike_prob,bird_prob,boat_prob,bowl_prob,car_prob,cat_prob,chair_prob,couch_prob,cup_prob,dog_prob,fish_prob,frog_prob,house_prob,key_prob,person_prob,phone_prob,rabbit_prob,scissors_prob,sheep_prob,train_prob,tree_prob
0,1249,3,bird,run_v31528493399220,0.0,0.04404276399077962,0.04542925902522237,0.04223328263018874,0.04300115887508111,0.04404276399077962,0.06231474642412307,0.055419429199539405,0.03859833916555625,0.04347768271168369,0.04926580183345135,0.035058725881490116,0.0457452161497407,0.03811885915227802,0.04490415139946725,0.03914916544838428,0.05661280514497204,0.03910645929999845,0.03504238573928358,0.033673538916747646,0.044477346428901283,0.035794767956030045,0.03901630758751341,0.047464514523507535,0.04205329251606004
