,index,age,target_label,session_id,correct_or_not,target_label_prob,airplane_prob,bear_prob,bike_prob,bird_prob,boat_prob,bowl_prob,car_prob,cat_prob,chair_prob,couch_prob,cup_prob,dog_prob,fish_prob,frog_prob,house_prob,key_prob,person_prob,phone_prob,rabbit_prob,scissors_prob,sheep_prob,train_prob,tree_prob
0,295,6,airplane,run_v31529279399004,0.0,0.06088477148879667,0.06088477148879667,0.04065090738055169,0.05244475370902925,0.04500566936182899,0.043563117667727747,0.036444193363282605,0.06286298448478611,0.03785963107443747,0.0415663279972488,0.036647760029358635,0.03232764397850493,0.041469293774584956,0.044820711386434856,0.04141418975860764,0.04176868480659246,0.03867768071622335,0.0402773574049574,0.036310348821377327,0.05435044815900137,0.04288954773807492,0.042679864361921595,0.04322966691632048,0.04185444562035073
