,index,age,target_label,session_id,correct_or_not,target_label_prob,airplane_prob,bear_prob,bike_prob,bird_prob,boat_prob,bowl_prob,car_prob,cat_prob,chair_prob,couch_prob,cup_prob,dog_prob,fish_prob,frog_prob,house_prob,key_prob,person_prob,phone_prob,rabbit_prob,scissors_prob,sheep_prob,train_prob,tree_prob
0,6234,2,person,run_v31534705183546,1.0,0.057795039067736045,0.040045086542885466,0.051460003260071316,0.051824888716282824,0.047638609615208695,0.03872717598697847,0.04453444086330521,0.03403507105015289,0.048141335163237146,0.04100390767571935,0.039535954225672826,0.039105620758599476,0.04251970344709025,0.0408751470083704,0.048033936901982766,0.03757443866186054,0.03999494758772832,0.057795039067736045,0.040269548491353384,0.04384538674081275,0.03894129820638663,0.048254122792271925,0.03841128963248674,0.047433047603806455
