,index,age,target_label,session_id,correct_or_not,target_label_prob,airplane_prob,bear_prob,bike_prob,bird_prob,boat_prob,bowl_prob,car_prob,cat_prob,chair_prob,couch_prob,cup_prob,dog_prob,fish_prob,frog_prob,house_prob,key_prob,person_prob,phone_prob,rabbit_prob,scissors_prob,sheep_prob,train_prob,tree_prob
0,3595,4,couch,run_v31530816545217,1.0,0.05272824628518137,0.04590700906244187,0.0430907911403259,0.030076397108794235,0.04916972739062057,0.04149559473573487,0.04091546255379102,0.04721009666347985,0.04643411286282485,0.0312581567541659,0.05272824628518137,0.04985492347728845,0.041679242346945276,0.04260341642541935,0.04384395489095004,0.03568400250091381,0.0369209952045042,0.04850182622883425,0.0405592974584476,0.042671229831771074,0.03805502400970235,0.04903270609573041,0.0516456564715306,0.05066213050060199
