,index,age,target_label,session_id,correct_or_not,target_label_prob,airplane_prob,bear_prob,bike_prob,bird_prob,boat_prob,bowl_prob,car_prob,cat_prob,chair_prob,couch_prob,cup_prob,dog_prob,fish_prob,frog_prob,house_prob,key_prob,person_prob,phone_prob,rabbit_prob,scissors_prob,sheep_prob,train_prob,tree_prob
0,7924,2,sheep,run_v41541894469841,0.0,0.04927785854364976,0.04549406867949972,0.0415400790231606,0.03694024317219192,0.04123604946665893,0.03616063794635484,0.04702168580932984,0.0358415292719494,0.03989449074955136,0.05857069977112674,0.04209405166491742,0.0456262227398099,0.041953504591442606,0.040266262577676334,0.0415841683095628,0.04325658724125167,0.03832620216343751,0.048820451002958856,0.04519486955352125,0.043887774322680595,0.03966200201816683,0.04927785854364976,0.039317492099372686,0.05803306928172848
