,index,age,target_label,session_id,correct_or_not,target_label_prob,airplane_prob,bear_prob,bike_prob,bird_prob,boat_prob,bowl_prob,car_prob,cat_prob,chair_prob,couch_prob,cup_prob,dog_prob,fish_prob,frog_prob,house_prob,key_prob,person_prob,phone_prob,rabbit_prob,scissors_prob,sheep_prob,train_prob,tree_prob
0,6687,5,phone,run_v31529181228558,1.0,0.07034596566375922,0.0412442679393011,0.037614480819371174,0.04190759414776443,0.0376342782719047,0.034658698239962864,0.04039885801527966,0.05195606972130289,0.040517565947090925,0.040609145394052665,0.04801859249509707,0.055970032441138094,0.0387253136110127,0.04383566512167987,0.03938331016515931,0.057431338664801136,0.04435819705574417,0.03486671278942215,0.07034596566375922,0.03988565804230764,0.03904602692226382,0.04158040177250317,0.042016248600826527,0.037995578158254724
