,index,age,target_label,session_id,correct_or_not,target_label_prob,airplane_prob,bear_prob,bike_prob,bird_prob,boat_prob,bowl_prob,car_prob,cat_prob,chair_prob,couch_prob,cup_prob,dog_prob,fish_prob,frog_prob,house_prob,key_prob,person_prob,phone_prob,rabbit_prob,scissors_prob,sheep_prob,train_prob,tree_prob
0,5692,4,key,run_v41541891061699,0.0,0.050657962833741854,0.041566373391911486,0.045543207512100704,0.0433668226855332,0.045452809478541974,0.0437531445710874,0.04487947068800936,0.04140927623874934,0.04649684963448881,0.036726744541234084,0.03782589858833497,0.03960665034121948,0.04721719964918364,0.04385419884854342,0.04465384158717187,0.039076415483580346,0.050657962833741854,0.039161306948979506,0.03608354958604527,0.05084393213487348,0.05199653425318571,0.04571143416429855,0.03811921578554401,0.04599716105364146
