,index,age,target_label,session_id,correct_or_not,target_label_prob,airplane_prob,bear_prob,bike_prob,bird_prob,boat_prob,bowl_prob,car_prob,cat_prob,chair_prob,couch_prob,cup_prob,dog_prob,fish_prob,frog_prob,house_prob,key_prob,person_prob,phone_prob,rabbit_prob,scissors_prob,sheep_prob,train_prob,tree_prob
0,1340,5,bird,run_v31528923599219,0.0,0.04636766015239527,0.04236934173940636,0.03988088570911805,0.04262835898173913,0.04636766015239527,0.04715735808702336,0.03982934164984135,0.03961346819360462,0.044666130131504084,0.03675970628243779,0.0479119332186457,0.03935419439837403,0.04501068468628293,0.051352392759237586,0.03955768633320906,0.05119396001112691,0.035950620485995115,0.045243053626445165,0.03960879030615625,0.044183698107010234,0.04528632723810012,0.04464990767405577,0.04219472445859475,0.049229775769696296
