,index,age,target_label,session_id,correct_or_not,target_label_prob,airplane_prob,bear_prob,bike_prob,bird_prob,boat_prob,bowl_prob,car_prob,cat_prob,chair_prob,couch_prob,cup_prob,dog_prob,fish_prob,frog_prob,house_prob,key_prob,person_prob,phone_prob,rabbit_prob,scissors_prob,sheep_prob,train_prob,tree_prob
0,6816,8,rabbit,run_v31530650564568,0.0,0.046634855829251295,0.054429643520445305,0.04564058776453822,0.04069244691146393,0.04226417112363381,0.04946170325986511,0.03423165889011206,0.039897785794503766,0.0482545929113653,0.044774386152743754,0.04416880585057523,0.04265352239074459,0.039639280337356114,0.0435848482443255,0.046433877996388886,0.037813231601037126,0.04241514888525118,0.04322648999829008,0.041010967282353115,0.046634855829251295,0.04299399155603294,0.038852599422163014,0.044851477130543556,0.04607392714701587
