,index,age,target_label,session_id,correct_or_not,target_label_prob,airplane_prob,bear_prob,bike_prob,bird_prob,boat_prob,bowl_prob,car_prob,cat_prob,chair_prob,couch_prob,cup_prob,dog_prob,fish_prob,frog_prob,house_prob,key_prob,person_prob,phone_prob,rabbit_prob,scissors_prob,sheep_prob,train_prob,tree_prob
0,217,7,airplane,run_v31528919459689,1.0,0.07722491150264339,0.07722491150264339,0.032811201051844506,0.04790675706235868,0.04011048129145857,0.058936338507846325,0.04158994976268066,0.041340446022156176,0.04309580887318926,0.03636580332873506,0.036950847139853235,0.04328988856473042,0.037917673896829415,0.053518854272079044,0.03635925292647207,0.05422286047041289,0.03856306946426672,0.04174051358804138,0.03509975514808456,0.03930062459437095,0.03939760631418233,0.040249883395561445,0.04334297219308835,0.04066450062911444
