,index,age,target_label,session_id,correct_or_not,target_label_prob,airplane_prob,bear_prob,bike_prob,bird_prob,boat_prob,bowl_prob,car_prob,cat_prob,chair_prob,couch_prob,cup_prob,dog_prob,fish_prob,frog_prob,house_prob,key_prob,person_prob,phone_prob,rabbit_prob,scissors_prob,sheep_prob,train_prob,tree_prob
0,8202,2,train,run_v41537126055817,1.0,0.0668066140773108,0.044477792973320336,0.05606614546984225,0.045631515866841166,0.04717071688635766,0.043017044074478775,0.040636680179907674,0.058521192655485776,0.03806555964409159,0.035997981318111175,0.04087627183312319,0.030759151842480507,0.04227228633447075,0.032864935129344956,0.039851495255229505,0.035464038239714814,0.037707197676911046,0.03138216941335973,0.032323880098365274,0.05214185106596914,0.04324612591873391,0.05609867991418459,0.0668066140773108,0.04862067413236539
