,index,age,target_label,session_id,correct_or_not,target_label_prob,airplane_prob,bear_prob,bike_prob,bird_prob,boat_prob,bowl_prob,car_prob,cat_prob,chair_prob,couch_prob,cup_prob,dog_prob,fish_prob,frog_prob,house_prob,key_prob,person_prob,phone_prob,rabbit_prob,scissors_prob,sheep_prob,train_prob,tree_prob
0,785,10,bike,run_v31530397094726,1.0,0.09249378647458888,0.04745979462433904,0.0403113791376537,0.09249378647458888,0.036933266494683356,0.04003799692504089,0.031028642351581603,0.06290515108258389,0.04047924801563446,0.04474023212443535,0.029026472355955703,0.03924770022311577,0.036121965549284624,0.03837491997204895,0.03865322802097916,0.042927771371553,0.03912418089630294,0.036778070032400266,0.038615729406906864,0.04155590138328695,0.04602382301318104,0.04068553601328267,0.05690811058056923,0.03956709395059163
