,index,age,target_label,session_id,correct_or_not,target_label_prob,airplane_prob,bear_prob,bike_prob,bird_prob,boat_prob,bowl_prob,car_prob,cat_prob,chair_prob,couch_prob,cup_prob,dog_prob,fish_prob,frog_prob,house_prob,key_prob,person_prob,phone_prob,rabbit_prob,scissors_prob,sheep_prob,train_prob,tree_prob
0,8015,3,train,run_v41539117499957,0.0,0.04697285726012788,0.045533302664811516,0.04264415004584652,0.037936350104892325,0.03961200395551843,0.0442540016793604,0.03171110801731257,0.04229641855764747,0.04090574653706463,0.04763699596855292,0.04969778018038771,0.04439842201950463,0.04110161829694268,0.0375059077529652,0.04260563699086582,0.06168442195287149,0.04220259363333008,0.04141115633571871,0.048829585424245786,0.04234764447073045,0.03823795967688101,0.04151267799668541,0.04697285726012788,0.04896166047773634
