,index,age,target_label,session_id,correct_or_not,target_label_prob,airplane_prob,bear_prob,bike_prob,bird_prob,boat_prob,bowl_prob,car_prob,cat_prob,chair_prob,couch_prob,cup_prob,dog_prob,fish_prob,frog_prob,house_prob,key_prob,person_prob,phone_prob,rabbit_prob,scissors_prob,sheep_prob,train_prob,tree_prob
0,3677,6,couch,run_v31531515586470,0.0,0.04753284250483839,0.053220422112339696,0.04083898210190888,0.04136503511744028,0.04300327465451941,0.054444644120398754,0.04472655144799636,0.04135277004867237,0.04191490610773887,0.04702124645765401,0.04753284250483839,0.04508106948708621,0.04099003040038205,0.0494443900626162,0.04332399698261622,0.03956758570953118,0.041228237536704626,0.04332513448475697,0.03962362438576034,0.04125305325050652,0.043235152294587846,0.03902617084645791,0.04294223626720687,0.03553864361828019
