,index,age,target_label,session_id,correct_or_not,target_label_prob,airplane_prob,bear_prob,bike_prob,bird_prob,boat_prob,bowl_prob,car_prob,cat_prob,chair_prob,couch_prob,cup_prob,dog_prob,fish_prob,frog_prob,house_prob,key_prob,person_prob,phone_prob,rabbit_prob,scissors_prob,sheep_prob,train_prob,tree_prob
0,7066,6,rabbit,run_v31528320073908,1.0,0.05969084040128684,0.04511997147728029,0.041580233751615805,0.03692917488138451,0.04321705954977452,0.0464157822120025,0.036537847920662045,0.04136630091838342,0.05593407853790983,0.03826017744710895,0.03823247630582123,0.03780120060706597,0.03992364702993941,0.04066255052381901,0.041935722961031804,0.04280756700471073,0.04416010081157723,0.04006552240097893,0.04478822115141252,0.05969084040128684,0.057096088080000336,0.04520641792837813,0.041828408846560666,0.04044060925129527
