,index,age,target_label,session_id,correct_or_not,target_label_prob,airplane_prob,bear_prob,bike_prob,bird_prob,boat_prob,bowl_prob,car_prob,cat_prob,chair_prob,couch_prob,cup_prob,dog_prob,fish_prob,frog_prob,house_prob,key_prob,person_prob,phone_prob,rabbit_prob,scissors_prob,sheep_prob,train_prob,tree_prob
0,2246,3,bowl,run_v31528579199179,1.0,0.07663355383128159,0.04015800407326611,0.03612968875757102,0.044385332563874925,0.039707084846413596,0.04933711689571319,0.07663355383128159,0.055644334777963926,0.03746060035407722,0.04448168091548716,0.03971580606137236,0.048860574808271856,0.036938034678423895,0.04341975780427274,0.04239541435970049,0.03540569640007465,0.04351361077644973,0.04488548044452802,0.04218878685682372,0.03960095413629145,0.03751518991876793,0.04004368228581365,0.042070574811162165,0.03950903964239872
