,index,age,target_label,session_id,correct_or_not,target_label_prob,airplane_prob,bear_prob,bike_prob,bird_prob,boat_prob,bowl_prob,car_prob,cat_prob,chair_prob,couch_prob,cup_prob,dog_prob,fish_prob,frog_prob,house_prob,key_prob,person_prob,phone_prob,rabbit_prob,scissors_prob,sheep_prob,train_prob,tree_prob
0,5571,9,house,run_v31533065275687,1.0,0.08574488023403994,0.043786666269079726,0.040441778614531854,0.04204814835994218,0.041185885397599556,0.04530648843088124,0.03995219765918899,0.05389155059446322,0.04275341984399569,0.03894845931722604,0.034750643519848835,0.042660046323526636,0.03782110919844246,0.03996347790075788,0.03892058536592018,0.08574488023403994,0.041314191382979856,0.042914663999970994,0.03960189151914975,0.04161101657852288,0.04054332110344088,0.040093939928175705,0.04500584306761833,0.04073979539069712
