,index,age,target_label,session_id,correct_or_not,target_label_prob,airplane_prob,bear_prob,bike_prob,bird_prob,boat_prob,bowl_prob,car_prob,cat_prob,chair_prob,couch_prob,cup_prob,dog_prob,fish_prob,frog_prob,house_prob,key_prob,person_prob,phone_prob,rabbit_prob,scissors_prob,sheep_prob,train_prob,tree_prob
0,4877,4,fish,run_v31533231737382,0.0,0.0437611143451998,0.04845207121540642,0.040999824560412165,0.04704214987105879,0.043248339160897396,0.04866283487067718,0.03682686151902427,0.048410255894004654,0.040111084873502595,0.046091752004040296,0.04558983502923726,0.046525240531795964,0.04121527879898242,0.0437611143451998,0.04281642533567325,0.03780654736165259,0.040616770807996326,0.04003852036514172,0.03982545026514491,0.04309421310798412,0.03875392155992972,0.04369655125913118,0.04493911545643393,0.05147584180667306
