,index,age,target_label,session_id,correct_or_not,target_label_prob,airplane_prob,bear_prob,bike_prob,bird_prob,boat_prob,bowl_prob,car_prob,cat_prob,chair_prob,couch_prob,cup_prob,dog_prob,fish_prob,frog_prob,house_prob,key_prob,person_prob,phone_prob,rabbit_prob,scissors_prob,sheep_prob,train_prob,tree_prob
0,767,7,bike,run_v31530729544848,1.0,0.07292776867747028,0.04610765562612431,0.050817604723190066,0.07292776867747028,0.04498842911430963,0.03961214220680145,0.035981540176092675,0.05244475573492599,0.043362874954766116,0.03901478300440276,0.037349146606795176,0.03671553789799657,0.044676598992117934,0.04326062545564147,0.045620108604104585,0.03103989504215118,0.03704096739174653,0.04666521182522768,0.034108128668969145,0.04463757795645433,0.04670783431152388,0.039872492825028624,0.0470309548232055,0.040017365380954066
