,index,age,target_label,session_id,correct_or_not,target_label_prob,airplane_prob,bear_prob,bike_prob,bird_prob,boat_prob,bowl_prob,car_prob,cat_prob,chair_prob,couch_prob,cup_prob,dog_prob,fish_prob,frog_prob,house_prob,key_prob,person_prob,phone_prob,rabbit_prob,scissors_prob,sheep_prob,train_prob,tree_prob
0,2248,2,bowl,run_v31529272199276,1.0,0.06886259551439966,0.03540955354777743,0.04280044547970544,0.03984207070741604,0.04011035796522723,0.03813490978960708,0.06886259551439966,0.04603386488517767,0.03887424750634851,0.042793234435482864,0.04223720207706621,0.05127348873620156,0.040597890332525,0.04902839333633265,0.045103221752625614,0.03904350260794179,0.04673567682811105,0.04187422452996044,0.044989944032448985,0.04194804408073257,0.038009342058988774,0.043069765847279125,0.04020303347415287,0.04302499047449139
