,index,age,target_label,session_id,correct_or_not,target_label_prob,airplane_prob,bear_prob,bike_prob,bird_prob,boat_prob,bowl_prob,car_prob,cat_prob,chair_prob,couch_prob,cup_prob,dog_prob,fish_prob,frog_prob,house_prob,key_prob,person_prob,phone_prob,rabbit_prob,scissors_prob,sheep_prob,train_prob,tree_prob
0,7577,8,sheep,run_v41538867264244,1.0,0.0794823651599791,0.03487599561946473,0.03875291685389911,0.03393194392159533,0.04641605709193259,0.03676230930400422,0.04016478470006094,0.04084604683737839,0.046062908489638656,0.0429079134336245,0.04307671371551908,0.03916497864389493,0.052387976900366506,0.04120675140614301,0.0479535255549863,0.04067231591808473,0.05751015079652253,0.04158348476625453,0.03737906445657133,0.03671698629464085,0.03658274542383984,0.0794823651599791,0.04589407622623209,0.0396679884853666
