,index,age,target_label,session_id,correct_or_not,target_label_prob,airplane_prob,bear_prob,bike_prob,bird_prob,boat_prob,bowl_prob,car_prob,cat_prob,chair_prob,couch_prob,cup_prob,dog_prob,fish_prob,frog_prob,house_prob,key_prob,person_prob,phone_prob,rabbit_prob,scissors_prob,sheep_prob,train_prob,tree_prob
0,3460,10,couch,run_v31529101969095,1.0,0.08412819322329869,0.03576737480798809,0.04021548210002346,0.036456972749195106,0.035292435223809204,0.05401085157442653,0.060860335521493905,0.03583564379752761,0.03633061688242764,0.05391484480701804,0.08412819322329869,0.04824532910770363,0.03666860692137091,0.03711680451236359,0.03715945994689653,0.04485488612502048,0.03689788370448043,0.043736707281028187,0.038389291935736446,0.03825039102210401,0.04276157681642498,0.03777033545852031,0.043510571529707075,0.04182540495143508
