,index,age,target_label,session_id,correct_or_not,target_label_prob,airplane_prob,bear_prob,bike_prob,bird_prob,boat_prob,bowl_prob,car_prob,cat_prob,chair_prob,couch_prob,cup_prob,dog_prob,fish_prob,frog_prob,house_prob,key_prob,person_prob,phone_prob,rabbit_prob,scissors_prob,sheep_prob,train_prob,tree_prob
0,2753,4,cat,run_v41541977171207,0.0,0.04722902471506102,0.04309281084212517,0.03961884442367868,0.04100738798047283,0.042682273648535364,0.04580063717068704,0.055420053194901495,0.03739350241676282,0.04722902471506102,0.032808921374070724,0.03621909863176778,0.04488954164101119,0.03673961852887501,0.04575820235498862,0.040916577807449804,0.04486981677683199,0.04804225950361191,0.03958643110478541,0.06452546511195997,0.05098513105198476,0.04484848990108926,0.03590686847990336,0.043419797011312614,0.03823924632813322
