,index,age,target_label,session_id,correct_or_not,target_label_prob,airplane_prob,bear_prob,bike_prob,bird_prob,boat_prob,bowl_prob,car_prob,cat_prob,chair_prob,couch_prob,cup_prob,dog_prob,fish_prob,frog_prob,house_prob,key_prob,person_prob,phone_prob,rabbit_prob,scissors_prob,sheep_prob,train_prob,tree_prob
0,7238,4,scissors,run_v41537559058189,1.0,0.06061649066388696,0.039315046566648866,0.04192277984278904,0.03563386879425717,0.04236401215432229,0.0421831919089645,0.039663090508944086,0.04080391519798991,0.03804509074174679,0.05130931203472463,0.02868692166604529,0.053778913959862874,0.046336406088912006,0.03916355002608178,0.045310250509233874,0.02766148888034963,0.048378484000893125,0.058341702692735094,0.03752805830061817,0.037093724979583,0.06061649066388696,0.044889184986294746,0.04160025666715031,0.059374258827965744
