,index,age,target_label,session_id,correct_or_not,target_label_prob,airplane_prob,bear_prob,bike_prob,bird_prob,boat_prob,bowl_prob,car_prob,cat_prob,chair_prob,couch_prob,cup_prob,dog_prob,fish_prob,frog_prob,house_prob,key_prob,person_prob,phone_prob,rabbit_prob,scissors_prob,sheep_prob,train_prob,tree_prob
0,2193,4,bowl,run_v31528135799225,0.0,0.03877315116198976,0.0438490940364415,0.046312375237145445,0.04693436712047066,0.04404129039190165,0.041169026665311956,0.03877315116198976,0.03487939152147353,0.04404622150734578,0.042571811081806354,0.03435344351010134,0.03986892428842168,0.04350844162750093,0.03846333197822519,0.04936843549410805,0.04442792092275002,0.04401642603164483,0.04878663497145568,0.04177160684750579,0.051875093617599594,0.04063477602292725,0.04176429888273739,0.043664877374390274,0.054919059706745536
