,index,age,target_label,session_id,correct_or_not,target_label_prob,airplane_prob,bear_prob,bike_prob,bird_prob,boat_prob,bowl_prob,car_prob,cat_prob,chair_prob,couch_prob,cup_prob,dog_prob,fish_prob,frog_prob,house_prob,key_prob,person_prob,phone_prob,rabbit_prob,scissors_prob,sheep_prob,train_prob,tree_prob
0,7088,4,rabbit,run_v31529347199328,0.0,0.0414950598681289,0.04823500480015391,0.039911131664899506,0.045633522602640086,0.04194761994392037,0.04730587587908294,0.04471224558472077,0.0431520668541732,0.04441022505220396,0.040881031170220614,0.037700117533247486,0.040870704645793544,0.04174930458991072,0.04833216727036821,0.040983975248119614,0.04390519315153182,0.0363163894033592,0.040119333452555465,0.04756181104502808,0.0414950598681289,0.04620495450219047,0.042350234996306226,0.046444770035691356,0.04977726070575355
