,index,age,target_label,session_id,correct_or_not,target_label_prob,airplane_prob,bear_prob,bike_prob,bird_prob,boat_prob,bowl_prob,car_prob,cat_prob,chair_prob,couch_prob,cup_prob,dog_prob,fish_prob,frog_prob,house_prob,key_prob,person_prob,phone_prob,rabbit_prob,scissors_prob,sheep_prob,train_prob,tree_prob
0,6298,10,person,run_v31533504291856,1.0,0.08249944632131127,0.03651466980828656,0.04006260339263233,0.04511230538402617,0.04810600470768517,0.043614008828207144,0.03828920459303538,0.03681912661073446,0.03500252089973188,0.03176150345448249,0.035480074434110345,0.04058400726862261,0.04342319565581713,0.04508362703084313,0.03844715284171121,0.06201435828736838,0.042428172714826656,0.08249944632131127,0.0408117125532226,0.03970365493083968,0.04143771368655447,0.03997096534055111,0.04004964694391368,0.052784324311486115
