,index,age,target_label,session_id,correct_or_not,target_label_prob,airplane_prob,bear_prob,bike_prob,bird_prob,boat_prob,bowl_prob,car_prob,cat_prob,chair_prob,couch_prob,cup_prob,dog_prob,fish_prob,frog_prob,house_prob,key_prob,person_prob,phone_prob,rabbit_prob,scissors_prob,sheep_prob,train_prob,tree_prob
0,6987,6,rabbit,run_v31531606164975,0.0,0.05212607003805615,0.04153893395251074,0.050090712268636366,0.04523713507820977,0.051005634077426046,0.03922971666482751,0.03978137192887744,0.034851184075755715,0.05439408983672585,0.04277501480896722,0.034333176198127285,0.03759567132498462,0.04935955677615517,0.03833097046808743,0.046101473681299236,0.037533944038516606,0.0465275992221821,0.0466743894792747,0.037176623805010925,0.05212607003805615,0.045693092046126475,0.04683305637783407,0.04108154914439461,0.041729034708013965
