,index,age,target_label,session_id,correct_or_not,target_label_prob,airplane_prob,bear_prob,bike_prob,bird_prob,boat_prob,bowl_prob,car_prob,cat_prob,chair_prob,couch_prob,cup_prob,dog_prob,fish_prob,frog_prob,house_prob,key_prob,person_prob,phone_prob,rabbit_prob,scissors_prob,sheep_prob,train_prob,tree_prob
0,6929,3,rabbit,run_v31529529599232,1.0,0.056269588220786496,0.04625242477224258,0.04664271214404892,0.042112452103214695,0.04871554023811138,0.04581085509425749,0.0386453995506078,0.03810878541808494,0.0493539016606898,0.03868682726291989,0.040782838220418276,0.03870930035965177,0.04572720013326904,0.042265635155143706,0.04729400300613695,0.03834588694313297,0.04106096041476421,0.04451946291786099,0.0366671106445028,0.056269588220786496,0.04068127382478807,0.04653327389595696,0.04149656564164851,0.04531800237776172
