,index,age,target_label,session_id,correct_or_not,target_label_prob,airplane_prob,bear_prob,bike_prob,bird_prob,boat_prob,bowl_prob,car_prob,cat_prob,chair_prob,couch_prob,cup_prob,dog_prob,fish_prob,frog_prob,house_prob,key_prob,person_prob,phone_prob,rabbit_prob,scissors_prob,sheep_prob,train_prob,tree_prob
0,236,4,airplane,run_v31532042260290,0.0,0.04950770929196941,0.04950770929196941,0.042211794276449596,0.042092829866501605,0.04449661218563032,0.05434215688897171,0.044075129531368364,0.040306375783313565,0.03919205976961998,0.04845364617634586,0.042450044756341294,0.04046744376980449,0.04085927482732378,0.043204469887557134,0.04192154016751047,0.03575894337110558,0.045415783009214984,0.04412463075086896,0.03982153551901477,0.04147210916126325,0.04894908499286924,0.03927207666551437,0.04276721320827957,0.048837536143161754
