,index,age,target_label,session_id,correct_or_not,target_label_prob,airplane_prob,bear_prob,bike_prob,bird_prob,boat_prob,bowl_prob,car_prob,cat_prob,chair_prob,couch_prob,cup_prob,dog_prob,fish_prob,frog_prob,house_prob,key_prob,person_prob,phone_prob,rabbit_prob,scissors_prob,sheep_prob,train_prob,tree_prob
0,897,4,bike,run_v31529190849069,0.0,0.04107925715952643,0.04292709723177983,0.045406833575833444,0.04107925715952643,0.04533926869099648,0.0446809925216178,0.05825106658470564,0.04098737840368761,0.04490694111804666,0.03873178020996761,0.03696921494428707,0.04968502089038315,0.04607685983512268,0.053025644570630005,0.04820111511418356,0.03538650144882452,0.040679892941591196,0.046871506396393654,0.04155709223426325,0.042714471223636044,0.04171605190508171,0.039388765550020494,0.0347826221316301,0.04063462531779102
