,index,age,target_label,session_id,correct_or_not,target_label_prob,airplane_prob,bear_prob,bike_prob,bird_prob,boat_prob,bowl_prob,car_prob,cat_prob,chair_prob,couch_prob,cup_prob,dog_prob,fish_prob,frog_prob,house_prob,key_prob,person_prob,phone_prob,rabbit_prob,scissors_prob,sheep_prob,train_prob,tree_prob
0,7092,6,rabbit,run_v31528747199190,0.0,0.06283910195550889,0.046613971862370464,0.04368615703728972,0.036945981859251804,0.03312978508331693,0.03976237701089262,0.0417113840448718,0.04226326757462844,0.046708143532250924,0.03525811008018909,0.03752477678558413,0.046912494257970595,0.03962817176016762,0.03958832720292692,0.04194250202399647,0.03934220274349148,0.04899624819746184,0.037225830128246214,0.0469636140635763,0.06283910195550889,0.0657126743812794,0.042465373500497866,0.046465095824698835,0.03831440908953151
