,index,age,target_label,session_id,correct_or_not,target_label_prob,airplane_prob,bear_prob,bike_prob,bird_prob,boat_prob,bowl_prob,car_prob,cat_prob,chair_prob,couch_prob,cup_prob,dog_prob,fish_prob,frog_prob,house_prob,key_prob,person_prob,phone_prob,rabbit_prob,scissors_prob,sheep_prob,train_prob,tree_prob
0,2003,10,bowl,run_v31528749906104,1.0,0.06453946211581611,0.03773467375837989,0.04237434225859635,0.03660028565931044,0.03667447875558804,0.03760240800662113,0.06453946211581611,0.052847573565115435,0.04160109498893415,0.04109118302851372,0.03629597275945733,0.0529112412326734,0.04011330830625653,0.05434139704771551,0.050060830157945005,0.038129336836587376,0.05035554701540023,0.03766515970615947,0.049967217462327476,0.043801019643463904,0.035963561713405395,0.03912005695809182,0.03923805158486965,0.04097179743877166
