,index,age,target_label,session_id,correct_or_not,target_label_prob,airplane_prob,bear_prob,bike_prob,bird_prob,boat_prob,bowl_prob,car_prob,cat_prob,chair_prob,couch_prob,cup_prob,dog_prob,fish_prob,frog_prob,house_prob,key_prob,person_prob,phone_prob,rabbit_prob,scissors_prob,sheep_prob,train_prob,tree_prob
0,8408,6,tree,run_v31527787275455,0.0,0.05691389877450953,0.044138275146859765,0.044403046316720964,0.03948970012025718,0.046175145142636626,0.04041788753703913,0.03826261124232631,0.03453109885670991,0.04385756973853086,0.04892120095661511,0.040079013669281786,0.0424709281150774,0.04521777271716941,0.04422749793939543,0.04457098180327025,0.036849610409757386,0.04826505136342037,0.05886872996990937,0.04301228678212965,0.03473215122322243,0.042358336148834975,0.04136873891660501,0.04086846710972141,0.05691389877450953
