,index,age,target_label,session_id,correct_or_not,target_label_prob,airplane_prob,bear_prob,bike_prob,bird_prob,boat_prob,bowl_prob,car_prob,cat_prob,chair_prob,couch_prob,cup_prob,dog_prob,fish_prob,frog_prob,house_prob,key_prob,person_prob,phone_prob,rabbit_prob,scissors_prob,sheep_prob,train_prob,tree_prob
0,5887,9,key,run_v41541367614243,1.0,0.06311531352022659,0.040058532358827253,0.04013761286798951,0.05395736891650806,0.04301271469653707,0.0459315842296119,0.04608668393892983,0.04596740640403288,0.0410118287711604,0.04541669756173569,0.03280463060839642,0.04586282337785016,0.04048005280033225,0.042423463642750604,0.04210977600530968,0.03066957075233004,0.06311531352022659,0.047711057514253676,0.03995722801007352,0.04639322720073462,0.04994825550515806,0.03384914195124104,0.0415507648927785,0.04154426447323213
