,index,age,target_label,session_id,correct_or_not,target_label_prob,airplane_prob,bear_prob,bike_prob,bird_prob,boat_prob,bowl_prob,car_prob,cat_prob,chair_prob,couch_prob,cup_prob,dog_prob,fish_prob,frog_prob,house_prob,key_prob,person_prob,phone_prob,rabbit_prob,scissors_prob,sheep_prob,train_prob,tree_prob
0,326,6,airplane,run_v31529182048446,0.0,0.051771309544837656,0.051771309544837656,0.03641208720444356,0.06864557902837642,0.050121394211475885,0.04824696110189274,0.03825009291779185,0.04345543494794289,0.04433778498152407,0.042780423705350505,0.035748103482019906,0.03889955005922029,0.04360812360196749,0.04070437860414493,0.041855075557133935,0.0420452567080313,0.046722723740870775,0.048489340563725496,0.03170240094267596,0.04535023052669587,0.04352893131919047,0.04006926206513802,0.036706945559588484,0.0405486096259614
