,index,age,target_label,session_id,correct_or_not,target_label_prob,airplane_prob,bear_prob,bike_prob,bird_prob,boat_prob,bowl_prob,car_prob,cat_prob,chair_prob,couch_prob,cup_prob,dog_prob,fish_prob,frog_prob,house_prob,key_prob,person_prob,phone_prob,rabbit_prob,scissors_prob,sheep_prob,train_prob,tree_prob
0,7931,4,sheep,run_v41541364480451,1.0,0.05695520765662212,0.04789808626068417,0.04690045438780043,0.04248567891603103,0.051267842190341764,0.042816232029662414,0.04470306559248562,0.030089310360085043,0.051943194311209764,0.046237699831856084,0.038579873765093,0.03630539911314856,0.04926388247904224,0.04230193016258714,0.05498343806763291,0.03477205991202552,0.03968208688836912,0.04181743565170834,0.03135722182085994,0.04351362525447753,0.04483739109335583,0.05695520765662212,0.044321505213072196,0.036967379041849234
