,index,age,target_label,session_id,correct_or_not,target_label_prob,airplane_prob,bear_prob,bike_prob,bird_prob,boat_prob,bowl_prob,car_prob,cat_prob,chair_prob,couch_prob,cup_prob,dog_prob,fish_prob,frog_prob,house_prob,key_prob,person_prob,phone_prob,rabbit_prob,scissors_prob,sheep_prob,train_prob,tree_prob
0,5498,2,house,run_v31534020207694,0.0,0.04569089611690282,0.041741032061302176,0.04362855317805125,0.041618901440474365,0.041687983827791514,0.045317128701792934,0.03975987407527635,0.033882700314558714,0.03610107118938458,0.058459016187062396,0.04985316346160591,0.031734588974170086,0.040394182825746985,0.04271492773326583,0.03985345619587573,0.04569089611690282,0.03574228122659868,0.05709858497029837,0.029931444797704435,0.042486343752696304,0.045704097301534415,0.042642702122168995,0.05030721659531805,0.06364985295041914
