,index,age,target_label,session_id,correct_or_not,target_label_prob,airplane_prob,bear_prob,bike_prob,bird_prob,boat_prob,bowl_prob,car_prob,cat_prob,chair_prob,couch_prob,cup_prob,dog_prob,fish_prob,frog_prob,house_prob,key_prob,person_prob,phone_prob,rabbit_prob,scissors_prob,sheep_prob,train_prob,tree_prob
0,6725,8,phone,run_v31527960931784,1.0,0.06485825632682651,0.04400450591078367,0.044267438241912725,0.04357772108801761,0.03692904238310066,0.0437899059008536,0.0483760118868773,0.04399595918529913,0.043847514804070266,0.03816934595807364,0.036231418917216825,0.03762763919253912,0.04013600171755654,0.041606259411327416,0.04489514574151897,0.04535637156788657,0.04373385660847216,0.04209964488652348,0.06485825632682651,0.0440578043360389,0.041270669249604715,0.041899326621021867,0.045761681654993315,0.0435084784094851
