,index,age,target_label,session_id,correct_or_not,target_label_prob,airplane_prob,bear_prob,bike_prob,bird_prob,boat_prob,bowl_prob,car_prob,cat_prob,chair_prob,couch_prob,cup_prob,dog_prob,fish_prob,frog_prob,house_prob,key_prob,person_prob,phone_prob,rabbit_prob,scissors_prob,sheep_prob,train_prob,tree_prob
0,4208,10,dog,run_v31534358810464,0.0,0.05226036237927114,0.039470892559974,0.042073986647496904,0.04326269089257529,0.051317972951440444,0.04131043414848663,0.03537785066013168,0.042812926239600854,0.05091453584252195,0.039720236656879425,0.03776163456983786,0.03544460799540779,0.05226036237927114,0.03809458705001664,0.04836752789789012,0.04362100003024888,0.06002454872388951,0.03716374315407858,0.037668785118818375,0.0401340509233787,0.04148985216104032,0.051916141264552566,0.05356910013720263,0.03622253199525962
