,index,age,target_label,session_id,correct_or_not,target_label_prob,airplane_prob,bear_prob,bike_prob,bird_prob,boat_prob,bowl_prob,car_prob,cat_prob,chair_prob,couch_prob,cup_prob,dog_prob,fish_prob,frog_prob,house_prob,key_prob,person_prob,phone_prob,rabbit_prob,scissors_prob,sheep_prob,train_prob,tree_prob
0,1694,9,boat,run_v31533844614465,1.0,0.06635787035142457,0.05366611775694533,0.035894266744689055,0.041150097177950186,0.0431305166677845,0.06635787035142457,0.06283484292232441,0.03754702837520792,0.033151269468755885,0.043079738101056114,0.04106101386870335,0.04706434943001093,0.036911129560122186,0.03569582024250856,0.03639339013400259,0.032940402293022045,0.03964459520509605,0.04149592598564986,0.03845168031256325,0.043844617190218996,0.04699912844562503,0.043319579352584084,0.04655235230316941,0.052814268110585844
