,index,age,target_label,session_id,correct_or_not,target_label_prob,airplane_prob,bear_prob,bike_prob,bird_prob,boat_prob,bowl_prob,car_prob,cat_prob,chair_prob,couch_prob,cup_prob,dog_prob,fish_prob,frog_prob,house_prob,key_prob,person_prob,phone_prob,rabbit_prob,scissors_prob,sheep_prob,train_prob,tree_prob
0,2674,7,cat,run_v41541281087364,0.0,0.052742726373790724,0.04610578123615588,0.04463138676750919,0.04263748055708852,0.0399147130696435,0.04905464563375546,0.03419040851351157,0.03874526897721073,0.052742726373790724,0.04216294262073081,0.037220678900841866,0.03562937586214308,0.04186132260528064,0.04728068813260115,0.03980872153271697,0.048014934754863896,0.041768643401959994,0.04571393948152921,0.051844653083756236,0.05471603668111212,0.04485304647022059,0.04211537504461003,0.04173890081702059,0.037248329481947125
