,index,age,target_label,session_id,correct_or_not,target_label_prob,airplane_prob,bear_prob,bike_prob,bird_prob,boat_prob,bowl_prob,car_prob,cat_prob,chair_prob,couch_prob,cup_prob,dog_prob,fish_prob,frog_prob,house_prob,key_prob,person_prob,phone_prob,rabbit_prob,scissors_prob,sheep_prob,train_prob,tree_prob
0,980,7,bike,run_v31528057829952,1.0,0.0666079403946556,0.04229358176550898,0.054065185693175435,0.0666079403946556,0.04457235803248729,0.04400151719901563,0.038440623932046024,0.04231996638847909,0.04191438328012541,0.037405404242118856,0.033808033738966875,0.039538684475529044,0.04034845668724835,0.046503091158602544,0.04458695855399281,0.040209969097730024,0.04359053187690752,0.04019090382356808,0.03465558330251668,0.05131570644014847,0.04159508296265509,0.03825490294572841,0.04830830287887549,0.045472831129918394
