,index,age,target_label,session_id,correct_or_not,target_label_prob,airplane_prob,bear_prob,bike_prob,bird_prob,boat_prob,bowl_prob,car_prob,cat_prob,chair_prob,couch_prob,cup_prob,dog_prob,fish_prob,frog_prob,house_prob,key_prob,person_prob,phone_prob,rabbit_prob,scissors_prob,sheep_prob,train_prob,tree_prob
0,2450,4,car,run_v31535480569999,0.0,0.05094711895356144,0.03774038417816957,0.04322027317298562,0.04007504984966767,0.0448240649632949,0.04016930976105173,0.07073402966796828,0.05094711895356144,0.037836427505167226,0.04356088870601779,0.04422435261783784,0.04688340809117841,0.04027432159441891,0.04729256576531413,0.04233750868673777,0.035378146226029174,0.043862313508919545,0.03813092230545221,0.04187018563883375,0.04436069387934009,0.038755360857548396,0.039326555666437314,0.04270184764981218,0.045494270754256154
