,index,age,target_label,session_id,correct_or_not,target_label_prob,airplane_prob,bear_prob,bike_prob,bird_prob,boat_prob,bowl_prob,car_prob,cat_prob,chair_prob,couch_prob,cup_prob,dog_prob,fish_prob,frog_prob,house_prob,key_prob,person_prob,phone_prob,rabbit_prob,scissors_prob,sheep_prob,train_prob,tree_prob
0,716,4,bear,run_v41541370157908,0.0,0.044007031362898824,0.046880516716559364,0.044007031362898824,0.03595802052261088,0.04423087857948779,0.04287024256720634,0.03844506750879433,0.04054679058271689,0.04403376122364052,0.04866256901828297,0.04191674432441535,0.04097562843570327,0.04174330079626261,0.03934397245764211,0.042859302801776154,0.03723363483913311,0.0448664278107327,0.05258923273246734,0.04121927271959065,0.04433456017597296,0.045140181041760555,0.039097623212371854,0.044899343589127214,0.058145896980846046
