,index,age,target_label,session_id,correct_or_not,target_label_prob,airplane_prob,bear_prob,bike_prob,bird_prob,boat_prob,bowl_prob,car_prob,cat_prob,chair_prob,couch_prob,cup_prob,dog_prob,fish_prob,frog_prob,house_prob,key_prob,person_prob,phone_prob,rabbit_prob,scissors_prob,sheep_prob,train_prob,tree_prob
0,5495,10,house,run_v31532635294487,1.0,0.0695454779232341,0.04394653843928249,0.04456876663543658,0.042478440384018865,0.049859837337663186,0.031826267869484615,0.046578272746126866,0.0456437047901398,0.03948644228079447,0.03788691794097055,0.04643481303462389,0.029473391661370522,0.04438103991160208,0.03850733577226397,0.040809383323311785,0.0695454779232341,0.04692110321107422,0.042699395689689924,0.05427438296570677,0.046153114594020044,0.04337722418072982,0.04136885605854906,0.03531499655197077,0.03846429669793544
