,index,age,target_label,session_id,correct_or_not,target_label_prob,airplane_prob,bear_prob,bike_prob,bird_prob,boat_prob,bowl_prob,car_prob,cat_prob,chair_prob,couch_prob,cup_prob,dog_prob,fish_prob,frog_prob,house_prob,key_prob,person_prob,phone_prob,rabbit_prob,scissors_prob,sheep_prob,train_prob,tree_prob
0,6607,4,phone,run_v41541377708430,1.0,0.06085818281225397,0.031642464623890636,0.04384841884195018,0.0366135878362985,0.0350724100312368,0.04335631354670391,0.039525686346876136,0.04235333432779293,0.04063339882425418,0.04010573873737156,0.043319258875788656,0.03958525485586827,0.040928048031839345,0.036670889789886627,0.04885923016626323,0.04059090592307524,0.051112326445581314,0.04815723321585992,0.06085818281225397,0.04459884354482362,0.044042047493168715,0.0456393134370152,0.04306356361056533,0.05942354868163579
