,index,age,target_label,session_id,correct_or_not,target_label_prob,airplane_prob,bear_prob,bike_prob,bird_prob,boat_prob,bowl_prob,car_prob,cat_prob,chair_prob,couch_prob,cup_prob,dog_prob,fish_prob,frog_prob,house_prob,key_prob,person_prob,phone_prob,rabbit_prob,scissors_prob,sheep_prob,train_prob,tree_prob
0,2523,4,car,run_v31533938412798,0.0,0.040081467654043926,0.04046864136457041,0.045265484354876054,0.063151493051189,0.04239289006526423,0.034970311049829214,0.05431699124085577,0.040081467654043926,0.039564935794482496,0.037117896516124745,0.039841459249992196,0.05949385581505167,0.044113675527841685,0.04665495333693928,0.04097262232567515,0.038066872243798816,0.040844090064943654,0.043950490158979776,0.039946723365935105,0.04447404673615516,0.03689124195751541,0.035880856681359416,0.045987721543835,0.04555127990074188
