,index,age,target_label,session_id,correct_or_not,target_label_prob,airplane_prob,bear_prob,bike_prob,bird_prob,boat_prob,bowl_prob,car_prob,cat_prob,chair_prob,couch_prob,cup_prob,dog_prob,fish_prob,frog_prob,house_prob,key_prob,person_prob,phone_prob,rabbit_prob,scissors_prob,sheep_prob,train_prob,tree_prob
0,1869,5,boat,run_v31535228633652,0.0,0.05942689258423049,0.04137829873740817,0.03954455798425714,0.04855950765981032,0.036360723569810696,0.05942689258423049,0.061775928526608376,0.04060711222230302,0.04358229864898303,0.03355660713190159,0.04360660689919832,0.04695432446737705,0.03496681705346799,0.05862429914981756,0.03459974611251093,0.05060333629729621,0.0388205605031605,0.039898746727820185,0.06250768029458952,0.03720115470164204,0.03699510817104299,0.03324087137987614,0.03598323606367448,0.041205585113213206
