,index,age,target_label,session_id,correct_or_not,target_label_prob,airplane_prob,bear_prob,bike_prob,bird_prob,boat_prob,bowl_prob,car_prob,cat_prob,chair_prob,couch_prob,cup_prob,dog_prob,fish_prob,frog_prob,house_prob,key_prob,person_prob,phone_prob,rabbit_prob,scissors_prob,sheep_prob,train_prob,tree_prob
0,708,9,bear,run_v41536527300044,0.0,0.056393729963424656,0.05445776724209112,0.056393729963424656,0.05001434372634179,0.04909232601478173,0.040228852725090365,0.030854049135149064,0.0398793177824917,0.04170656248833298,0.04782451981731959,0.04532277399040479,0.04491822499194268,0.046783084505361464,0.036814755085636724,0.040675248712742064,0.03344303392127055,0.03315717454543004,0.03869775110584607,0.034254877012600014,0.058536174869510675,0.039613063070416996,0.04448155271710305,0.04375836497169192,0.049092451605019995
