,index,age,target_label,session_id,correct_or_not,target_label_prob,airplane_prob,bear_prob,bike_prob,bird_prob,boat_prob,bowl_prob,car_prob,cat_prob,chair_prob,couch_prob,cup_prob,dog_prob,fish_prob,frog_prob,house_prob,key_prob,person_prob,phone_prob,rabbit_prob,scissors_prob,sheep_prob,train_prob,tree_prob
0,6,8,airplane,run_v31531686508439,0.0,0.04168403171814915,0.04168403171814915,0.03890132864009508,0.04802711208766829,0.04507157053405637,0.04776860829033351,0.03743540754964684,0.04355982828256599,0.041164271499289896,0.0467418570227608,0.04733937715883334,0.04054396981800073,0.04292686907688715,0.0432393176895085,0.04234858331479984,0.04042039501136274,0.04485364731529546,0.04673809960738477,0.035512375785250835,0.03995465453591803,0.039551501858640536,0.04280591027823212,0.04417863733551733,0.059232645589802686
