,index,age,target_label,session_id,correct_or_not,target_label_prob,airplane_prob,bear_prob,bike_prob,bird_prob,boat_prob,bowl_prob,car_prob,cat_prob,chair_prob,couch_prob,cup_prob,dog_prob,fish_prob,frog_prob,house_prob,key_prob,person_prob,phone_prob,rabbit_prob,scissors_prob,sheep_prob,train_prob,tree_prob
0,8411,4,tree,run_v31526250064091,1.0,0.06280335313196517,0.03544566211739072,0.040483259306803965,0.039725692931365415,0.04204790644346769,0.04706752548578484,0.05363320635242459,0.0362252464053194,0.04331026306906781,0.038461965542096146,0.035668779447323426,0.04508512021826304,0.04293039807664232,0.041375583649906476,0.041743178805724965,0.03969132006002057,0.03983967226357232,0.05139887770102958,0.05395744570317224,0.03834287806467666,0.0450304979126401,0.04814321118995592,0.03758895612138658,0.06280335313196517
