,index,age,target_label,session_id,correct_or_not,target_label_prob,airplane_prob,bear_prob,bike_prob,bird_prob,boat_prob,bowl_prob,car_prob,cat_prob,chair_prob,couch_prob,cup_prob,dog_prob,fish_prob,frog_prob,house_prob,key_prob,person_prob,phone_prob,rabbit_prob,scissors_prob,sheep_prob,train_prob,tree_prob
0,3883,3,cup,run_v31533672440996,0.0,0.03595900329705125,0.04937887925970576,0.04013166328788489,0.03463608289726527,0.046463708086359315,0.04393932884647064,0.04521167479013094,0.03227761724636412,0.04464888900808127,0.0347143625902616,0.04564804595036945,0.03595900329705125,0.039227522182548,0.0405651059894003,0.04226684211174599,0.054521846350720854,0.04190090345389403,0.044478775216097555,0.03933211352877489,0.048336504409504856,0.05741094320844959,0.04951977098223033,0.04260971332636017,0.04682070398032904
