,index,age,target_label,session_id,correct_or_not,target_label_prob,airplane_prob,bear_prob,bike_prob,bird_prob,boat_prob,bowl_prob,car_prob,cat_prob,chair_prob,couch_prob,cup_prob,dog_prob,fish_prob,frog_prob,house_prob,key_prob,person_prob,phone_prob,rabbit_prob,scissors_prob,sheep_prob,train_prob,tree_prob
0,6324,4,person,run_v31533756481420,1.0,0.061358846610765586,0.03557888786356413,0.04413684040271175,0.04294753918259415,0.051544654464270936,0.0375055062240852,0.0403586155260373,0.03665588508253075,0.04256483419423403,0.04670853442960491,0.03427774157260348,0.035179362375031394,0.048897365918293745,0.040468585195252926,0.045012838895366794,0.04096278908308705,0.05492590029264367,0.061358846610765586,0.03578310722494153,0.047780515604422945,0.04316924008956013,0.04265562249712636,0.042050609625331,0.04947617764594026
