,index,age,target_label,session_id,correct_or_not,target_label_prob,airplane_prob,bear_prob,bike_prob,bird_prob,boat_prob,bowl_prob,car_prob,cat_prob,chair_prob,couch_prob,cup_prob,dog_prob,fish_prob,frog_prob,house_prob,key_prob,person_prob,phone_prob,rabbit_prob,scissors_prob,sheep_prob,train_prob,tree_prob
0,6685,5,phone,run_v41537040494526,0.0,0.05748273045050379,0.031165837889466554,0.038078146589565216,0.04041450081469105,0.03841938438542375,0.04578440876372225,0.034341685705015355,0.051416923961562326,0.03945322213054865,0.05017318836083229,0.06731781719062638,0.0494795776404146,0.037561984003550014,0.03771571778234339,0.03929637999171574,0.07204375716570646,0.04335550825065546,0.03462953038480083,0.05748273045050379,0.040481992893018466,0.03714461302245131,0.03638118193141566,0.03967126940151644,0.038190641290453874
