,index,age,target_label,session_id,correct_or_not,target_label_prob,airplane_prob,bear_prob,bike_prob,bird_prob,boat_prob,bowl_prob,car_prob,cat_prob,chair_prob,couch_prob,cup_prob,dog_prob,fish_prob,frog_prob,house_prob,key_prob,person_prob,phone_prob,rabbit_prob,scissors_prob,sheep_prob,train_prob,tree_prob
0,839,10,bike,run_v31532114536745,1.0,0.07315747346510831,0.04201123028651922,0.04648557118635964,0.07315747346510831,0.03748086607624002,0.039180704394992716,0.039239646495671375,0.06052762732928806,0.037380201747358566,0.03966937008971426,0.042189308244141355,0.04690570320452349,0.04516127055086664,0.039117001044684505,0.04482078946574479,0.03477717431650777,0.04421948984263387,0.03654795806406581,0.03912932023068558,0.043021730850177,0.03795497767525005,0.03993481212800542,0.05310535685201083,0.03798241645945067
