,index,age,target_label,session_id,correct_or_not,target_label_prob,airplane_prob,bear_prob,bike_prob,bird_prob,boat_prob,bowl_prob,car_prob,cat_prob,chair_prob,couch_prob,cup_prob,dog_prob,fish_prob,frog_prob,house_prob,key_prob,person_prob,phone_prob,rabbit_prob,scissors_prob,sheep_prob,train_prob,tree_prob
0,1245,3,bird,run_v31532111802262,0.0,0.04411762427802892,0.048736574929205134,0.040574618239864385,0.04210084100560565,0.04411762427802892,0.03858660755620516,0.03400242564667999,0.03854333066075049,0.06302421483842359,0.029720648648174947,0.030939179679301564,0.04515895330808605,0.04439159829747501,0.056663184337782946,0.04045914775377293,0.05300275707710524,0.03679003769073603,0.041991314217726436,0.045125508586110044,0.06346534354648553,0.048485174197937866,0.03841841240025892,0.040152819149892126,0.035549683954391086
