,index,age,target_label,session_id,correct_or_not,target_label_prob,airplane_prob,bear_prob,bike_prob,bird_prob,boat_prob,bowl_prob,car_prob,cat_prob,chair_prob,couch_prob,cup_prob,dog_prob,fish_prob,frog_prob,house_prob,key_prob,person_prob,phone_prob,rabbit_prob,scissors_prob,sheep_prob,train_prob,tree_prob
0,4096,4,cup,run_v31533334630848,0.0,0.04641621190014815,0.04770991024505585,0.04017238932752774,0.0373864966311945,0.039817317162670014,0.05750120944535274,0.04482276687162463,0.04461758360320253,0.037071813524906724,0.06946821598708897,0.035433601602076245,0.04641621190014815,0.036369833884281715,0.04477565998203588,0.04187813020806207,0.04137133149297343,0.050817954837369284,0.03908256601984872,0.043772936660521,0.039499958327948594,0.041863626519194716,0.040691557455527425,0.04206788512337092,0.03739104318801815
