,index,age,target_label,session_id,correct_or_not,target_label_prob,airplane_prob,bear_prob,bike_prob,bird_prob,boat_prob,bowl_prob,car_prob,cat_prob,chair_prob,couch_prob,cup_prob,dog_prob,fish_prob,frog_prob,house_prob,key_prob,person_prob,phone_prob,rabbit_prob,scissors_prob,sheep_prob,train_prob,tree_prob
0,1546,2,boat,run_v31533318821252,0.0,0.04931325910588691,0.06276918603076101,0.03917214390126506,0.03717732065321761,0.04444805265504039,0.04931325910588691,0.04448682558913499,0.044407093051097364,0.036559996833093265,0.053308010499919845,0.04069642953312357,0.03957701094252413,0.03996192071425588,0.04354746017951781,0.03963849083467351,0.05099500266431217,0.03728288071037991,0.037237086046365116,0.044308957785466604,0.04070140597262808,0.04824012421517589,0.04569002731386473,0.04469881697172144,0.03578249779657458
