,index,age,target_label,session_id,correct_or_not,target_label_prob,airplane_prob,bear_prob,bike_prob,bird_prob,boat_prob,bowl_prob,car_prob,cat_prob,chair_prob,couch_prob,cup_prob,dog_prob,fish_prob,frog_prob,house_prob,key_prob,person_prob,phone_prob,rabbit_prob,scissors_prob,sheep_prob,train_prob,tree_prob
0,351,8,airplane,run_v31528744085232,1.0,0.07083163032261754,0.07083163032261754,0.037928259914090656,0.04250461468255777,0.045143875417898806,0.0562682308793515,0.03466089045332085,0.04045514775201809,0.040923709547609655,0.03829380061184832,0.03625366563660426,0.0396813825907961,0.03848320491590229,0.047613997710738584,0.03468298669116674,0.06388315102043543,0.038943040713244885,0.04705168883144705,0.03659660181732185,0.03753520981353333,0.048758326656097924,0.03973322169195347,0.04021399866886265,0.043559363660582245
