,index,age,target_label,session_id,correct_or_not,target_label_prob,airplane_prob,bear_prob,bike_prob,bird_prob,boat_prob,bowl_prob,car_prob,cat_prob,chair_prob,couch_prob,cup_prob,dog_prob,fish_prob,frog_prob,house_prob,key_prob,person_prob,phone_prob,rabbit_prob,scissors_prob,sheep_prob,train_prob,tree_prob
0,2298,6,car,run_v31533674112220,0.0,0.05072373596047984,0.04157715232165688,0.03987912436797174,0.07276217166663114,0.035958012635891795,0.04085642334426707,0.05342001551283061,0.05072373596047984,0.03276300760472953,0.035282011114435484,0.0630566771576809,0.054666351370947996,0.04120555412820256,0.04713639512433054,0.0404691046992593,0.035904083615503436,0.03958665436995969,0.04225523507973842,0.03734299025304456,0.03903291169200094,0.03855782777990479,0.03698238664199877,0.05073053668994121,0.02985163686859264
