,index,age,target_label,session_id,correct_or_not,target_label_prob,airplane_prob,bear_prob,bike_prob,bird_prob,boat_prob,bowl_prob,car_prob,cat_prob,chair_prob,couch_prob,cup_prob,dog_prob,fish_prob,frog_prob,house_prob,key_prob,person_prob,phone_prob,rabbit_prob,scissors_prob,sheep_prob,train_prob,tree_prob
0,3021,6,cat,run_v41541980316905,0.0,0.047619582486637266,0.04017114744540492,0.04957598438781402,0.0433949611234699,0.04386860386895045,0.04185532751171565,0.034684257985737536,0.05562455618040524,0.047619582486637266,0.03938752607379065,0.037082196819793564,0.03810676893359189,0.05326948570624065,0.04945878707271327,0.048304952861825325,0.03735936553692321,0.04367088817705156,0.03877674722369767,0.03793401799752747,0.041728002384688906,0.03882922230308674,0.052566848509482636,0.045914216397893656,0.04081655301155763
