,index,age,target_label,session_id,correct_or_not,target_label_prob,airplane_prob,bear_prob,bike_prob,bird_prob,boat_prob,bowl_prob,car_prob,cat_prob,chair_prob,couch_prob,cup_prob,dog_prob,fish_prob,frog_prob,house_prob,key_prob,person_prob,phone_prob,rabbit_prob,scissors_prob,sheep_prob,train_prob,tree_prob
0,8361,7,tree,run_v31532638669417,0.0,0.05572025299314465,0.045541026582781176,0.05732003083646643,0.039834189096918916,0.03620466133123722,0.036922743241879025,0.051500100766770536,0.04234885125766069,0.03690928103983647,0.0400283634530464,0.03677255418195327,0.043208948035336106,0.04129702716708811,0.0380971966965644,0.04489137998277347,0.04575058151749701,0.041950036734550666,0.04504868934495671,0.04692982130054845,0.044364254670451686,0.045572129824466776,0.04328717670145824,0.04050070324261349,0.05572025299314465
