,index,age,target_label,session_id,correct_or_not,target_label_prob,airplane_prob,bear_prob,bike_prob,bird_prob,boat_prob,bowl_prob,car_prob,cat_prob,chair_prob,couch_prob,cup_prob,dog_prob,fish_prob,frog_prob,house_prob,key_prob,person_prob,phone_prob,rabbit_prob,scissors_prob,sheep_prob,train_prob,tree_prob
0,6858,4,rabbit,run_v31529524328211,0.0,0.038623274664390334,0.04918081935021468,0.0404776801233182,0.04949825830215466,0.04611933348799048,0.040610950222868945,0.042736317614924677,0.03451062299237567,0.04380410909098374,0.04220515790037189,0.03749082559197072,0.041346943229041526,0.04358295712099865,0.045066587477424466,0.03920592595189857,0.03190117929670948,0.054722260532267177,0.04734679512931003,0.05042062844094618,0.038623274664390334,0.05217758736573645,0.04132282618584012,0.03799862604917046,0.049650333879092755
