,index,age,target_label,session_id,correct_or_not,target_label_prob,airplane_prob,bear_prob,bike_prob,bird_prob,boat_prob,bowl_prob,car_prob,cat_prob,chair_prob,couch_prob,cup_prob,dog_prob,fish_prob,frog_prob,house_prob,key_prob,person_prob,phone_prob,rabbit_prob,scissors_prob,sheep_prob,train_prob,tree_prob
0,238,7,airplane,run_v31530401280143,1.0,0.06213172523911231,0.06213172523911231,0.04142404453870143,0.03410396964539501,0.046305745785566337,0.06189445610491029,0.03586126071377898,0.04096970760283706,0.03883114348989049,0.04003996621186615,0.0359767380298767,0.042479428113133065,0.04322019178492893,0.042953133227227096,0.03877061811201219,0.040733263273268934,0.04993798562770586,0.036096903795021604,0.03900941487755581,0.03874020078977006,0.0474755186962673,0.048552456265413046,0.044067707783720406,0.05042442029204105
