,index,age,target_label,session_id,correct_or_not,target_label_prob,airplane_prob,bear_prob,bike_prob,bird_prob,boat_prob,bowl_prob,car_prob,cat_prob,chair_prob,couch_prob,cup_prob,dog_prob,fish_prob,frog_prob,house_prob,key_prob,person_prob,phone_prob,rabbit_prob,scissors_prob,sheep_prob,train_prob,tree_prob
0,814,2,bike,run_v31531427044452,1.0,0.10820262687474333,0.04478368896807748,0.037913291137788754,0.10820262687474333,0.04154461623936214,0.04697448474374367,0.03530350828981369,0.04454835223842509,0.044857527737649464,0.04011472638586003,0.03783530632479082,0.032285231003220706,0.04091794488628852,0.04064924837918879,0.04293847663726679,0.03405687938324318,0.037762639950448,0.04594176972703723,0.034921567017892764,0.04927384998866695,0.037050552375464424,0.037232758330527575,0.050392033964225015,0.034498919416275683
