,index,age,target_label,session_id,correct_or_not,target_label_prob,airplane_prob,bear_prob,bike_prob,bird_prob,boat_prob,bowl_prob,car_prob,cat_prob,chair_prob,couch_prob,cup_prob,dog_prob,fish_prob,frog_prob,house_prob,key_prob,person_prob,phone_prob,rabbit_prob,scissors_prob,sheep_prob,train_prob,tree_prob
0,7070,3,rabbit,run_v31531337830904,0.0,0.05003413248893869,0.04276857000182039,0.03583101622067458,0.04085355775922139,0.04365426856947303,0.043961829366377644,0.03759959588735332,0.04235677632273197,0.04716284367313508,0.04418525319380273,0.0413616710859888,0.04438084326084051,0.040349742693436046,0.03747082167464333,0.04240375690828131,0.03742589356896182,0.05612607082830118,0.034364545395331465,0.04520688936190007,0.05003413248893869,0.06634657258095523,0.04218719082267247,0.046828989537046846,0.03713916879811215
