,index,age,target_label,session_id,correct_or_not,target_label_prob,airplane_prob,bear_prob,bike_prob,bird_prob,boat_prob,bowl_prob,car_prob,cat_prob,chair_prob,couch_prob,cup_prob,dog_prob,fish_prob,frog_prob,house_prob,key_prob,person_prob,phone_prob,rabbit_prob,scissors_prob,sheep_prob,train_prob,tree_prob
0,3426,2,couch,run_v31527972599108,0.0,0.05140041753455029,0.047235061943045116,0.0380673965685916,0.041815619539476656,0.03650076742569128,0.047265766274138206,0.04543971150605877,0.05478609249844236,0.04142301869866966,0.034326381647774594,0.05140041753455029,0.039493342354330316,0.0460353689894018,0.05380309471261671,0.0439923800319237,0.032296537299539387,0.051009985082312206,0.0349246696584213,0.0401516213192487,0.03929123906524391,0.050920482755985826,0.038831497288149,0.049764516123338036,0.0412250316830506
