,index,age,target_label,session_id,correct_or_not,target_label_prob,airplane_prob,bear_prob,bike_prob,bird_prob,boat_prob,bowl_prob,car_prob,cat_prob,chair_prob,couch_prob,cup_prob,dog_prob,fish_prob,frog_prob,house_prob,key_prob,person_prob,phone_prob,rabbit_prob,scissors_prob,sheep_prob,train_prob,tree_prob
0,2561,5,car,run_v31534793941248,1.0,0.06390373917764748,0.04724799692850753,0.04187681375778566,0.05877027834707262,0.03805691836552396,0.04052269324869465,0.03689595342148313,0.06390373917764748,0.04837137983743309,0.03615088556132282,0.041143569428918135,0.04043745934895901,0.04440410922597264,0.045876514734410095,0.044411807402709814,0.046535231706376017,0.03712885493479608,0.035074697794629364,0.04377378677820353,0.04276766720635858,0.035555780209738215,0.04415552371664332,0.05219067182941761,0.034747667037396665
