,index,age,target_label,session_id,correct_or_not,target_label_prob,airplane_prob,bear_prob,bike_prob,bird_prob,boat_prob,bowl_prob,car_prob,cat_prob,chair_prob,couch_prob,cup_prob,dog_prob,fish_prob,frog_prob,house_prob,key_prob,person_prob,phone_prob,rabbit_prob,scissors_prob,sheep_prob,train_prob,tree_prob
0,8358,3,tree,run_v31533420228060,1.0,0.06928894831858104,0.03863598806668901,0.04690949458635759,0.044183118728965416,0.04920881102202865,0.03752983417505221,0.03815998055573707,0.03917120922125069,0.04199525164484429,0.043089847900339706,0.044192700092501175,0.039903324149405436,0.04542348264015605,0.036782266755656524,0.047769054622706086,0.03606101735460138,0.04258190600118271,0.05451993528157947,0.03522004302445736,0.040372956959164756,0.03772895523992097,0.047593651492739926,0.043678222166082595,0.06928894831858104
