,index,age,target_label,session_id,correct_or_not,target_label_prob,airplane_prob,bear_prob,bike_prob,bird_prob,boat_prob,bowl_prob,car_prob,cat_prob,chair_prob,couch_prob,cup_prob,dog_prob,fish_prob,frog_prob,house_prob,key_prob,person_prob,phone_prob,rabbit_prob,scissors_prob,sheep_prob,train_prob,tree_prob
0,1098,6,bike,run_v31528064399165,1.0,0.08614277580435796,0.043679227321804605,0.045895393405744674,0.08614277580435796,0.040537193943764614,0.037585083141791105,0.03706463733520124,0.04900882020750082,0.041133080831617604,0.04378425607362922,0.04071636147324678,0.0421946628589413,0.04360935204911323,0.033660063199363016,0.0412131884910964,0.03914151195759854,0.037911248352216674,0.03797863923730877,0.04081166410805077,0.04384668257441289,0.03908008171038073,0.041885527297135426,0.05350890277687191,0.039611645848851885
