,index,age,target_label,session_id,correct_or_not,target_label_prob,airplane_prob,bear_prob,bike_prob,bird_prob,boat_prob,bowl_prob,car_prob,cat_prob,chair_prob,couch_prob,cup_prob,dog_prob,fish_prob,frog_prob,house_prob,key_prob,person_prob,phone_prob,rabbit_prob,scissors_prob,sheep_prob,train_prob,tree_prob
0,7604,4,sheep,run_v41541977171207,1.0,0.0744833745109037,0.03570557456911118,0.038443183413990084,0.03706408008921884,0.056270158845400015,0.03817237264689105,0.03987514270806618,0.0329647183558211,0.04631384379422642,0.04185225830438259,0.03898881629225676,0.03942719638936848,0.04786712124428127,0.031522684838931565,0.04842209206077345,0.03965520452071203,0.06481893310675013,0.05120512753656888,0.03149882951112785,0.03658512813965942,0.04452857615894781,0.0744833745109037,0.04123672606171102,0.04309885690090007
