,index,age,target_label,session_id,correct_or_not,target_label_prob,airplane_prob,bear_prob,bike_prob,bird_prob,boat_prob,bowl_prob,car_prob,cat_prob,chair_prob,couch_prob,cup_prob,dog_prob,fish_prob,frog_prob,house_prob,key_prob,person_prob,phone_prob,rabbit_prob,scissors_prob,sheep_prob,train_prob,tree_prob
0,1159,7,bird,run_v31531338246387,0.0,0.05116298617141748,0.049164265990967446,0.04086827175252524,0.036386013360874124,0.05116298617141748,0.03347442437475141,0.03865198583234238,0.04994003687375128,0.04192053497398702,0.037075075389720824,0.04371148395989346,0.042018221271221505,0.04180562176231677,0.04515389732329699,0.04328484881913075,0.03531452305870068,0.06372940803397324,0.04093910274139808,0.03394256164443836,0.05067318873274288,0.046370382251281005,0.04490689500194683,0.042203946763218377,0.04730232391610374
