,index,age,target_label,session_id,correct_or_not,target_label_prob,airplane_prob,bear_prob,bike_prob,bird_prob,boat_prob,bowl_prob,car_prob,cat_prob,chair_prob,couch_prob,cup_prob,dog_prob,fish_prob,frog_prob,house_prob,key_prob,person_prob,phone_prob,rabbit_prob,scissors_prob,sheep_prob,train_prob,tree_prob
0,5316,8,house,run_v31535320606662,1.0,0.09316734082904096,0.044841827217470966,0.03405282353895628,0.04494282709302306,0.03977122682878613,0.05225569706399151,0.03490684955684902,0.04206829875648159,0.039606219187063654,0.05705104085407192,0.03794878906215258,0.0394715634262965,0.04101020907050047,0.04207184507827966,0.03445324959520591,0.09316734082904096,0.03995579011476633,0.03291200026138319,0.0538634879322498,0.04103548433829165,0.03545719774405692,0.04214488125686488,0.03843504617697102,0.03857630501724607
