,index,age,target_label,session_id,correct_or_not,target_label_prob,airplane_prob,bear_prob,bike_prob,bird_prob,boat_prob,bowl_prob,car_prob,cat_prob,chair_prob,couch_prob,cup_prob,dog_prob,fish_prob,frog_prob,house_prob,key_prob,person_prob,phone_prob,rabbit_prob,scissors_prob,sheep_prob,train_prob,tree_prob
0,844,4,bike,run_v31529524328211,1.0,0.05856658809706986,0.041743671183644714,0.05429441258375476,0.05856658809706986,0.04118662644120648,0.042156778274508366,0.03413482310015112,0.052698444647642645,0.04792627562736248,0.03738833606067375,0.0352290720761215,0.03827244226305495,0.044936657025029275,0.040518001911875934,0.046663314480433635,0.03999309115889349,0.04185899928010868,0.03905983302780044,0.03938743697646894,0.05604029740820111,0.039848731888054344,0.04024738963673249,0.051169714423709,0.03667906242750207
