,index,age,target_label,session_id,correct_or_not,target_label_prob,airplane_prob,bear_prob,bike_prob,bird_prob,boat_prob,bowl_prob,car_prob,cat_prob,chair_prob,couch_prob,cup_prob,dog_prob,fish_prob,frog_prob,house_prob,key_prob,person_prob,phone_prob,rabbit_prob,scissors_prob,sheep_prob,train_prob,tree_prob
0,6018,3,key,run_v41541713608273,0.0,0.04905192356383836,0.04039452336866496,0.05454230040867292,0.03884037271834568,0.03403580322063438,0.04127991656839095,0.045437181347310125,0.03900159528649655,0.041993892272285956,0.04043947268814316,0.0353394680813979,0.039674052019497925,0.039963164943773194,0.0419642959414877,0.04340120828226657,0.04376620242588108,0.04905192356383836,0.046253841658487574,0.0584427771015927,0.051188464068753825,0.04120477414811828,0.040644464734184926,0.04207121473678122,0.05106909041499397
