,index,age,target_label,session_id,correct_or_not,target_label_prob,airplane_prob,bear_prob,bike_prob,bird_prob,boat_prob,bowl_prob,car_prob,cat_prob,chair_prob,couch_prob,cup_prob,dog_prob,fish_prob,frog_prob,house_prob,key_prob,person_prob,phone_prob,rabbit_prob,scissors_prob,sheep_prob,train_prob,tree_prob
0,4459,7,dog,run_v31534627755874,0.0,0.043035863428115564,0.04149077925955731,0.04205345629963895,0.036734409935967445,0.04406171139134284,0.036449353840100084,0.05056861062436559,0.04385307810868958,0.04039684975234514,0.03854052473681207,0.043741283645961776,0.0554510927680471,0.043035863428115564,0.04852670519373502,0.047752378679659285,0.03982662557847139,0.05609983758893898,0.03391830194242934,0.05045232036695705,0.03869191124856887,0.04725720468199341,0.04125206755140136,0.03870888018568235,0.04113675319121952
