,index,age,target_label,session_id,correct_or_not,target_label_prob,airplane_prob,bear_prob,bike_prob,bird_prob,boat_prob,bowl_prob,car_prob,cat_prob,chair_prob,couch_prob,cup_prob,dog_prob,fish_prob,frog_prob,house_prob,key_prob,person_prob,phone_prob,rabbit_prob,scissors_prob,sheep_prob,train_prob,tree_prob
0,5732,2,key,run_v41540505514990,0.0,0.04262553385588229,0.05891321443553714,0.04146457478820683,0.047267008957204676,0.041374544232667364,0.046188284860133724,0.038355776798561884,0.04748920418652406,0.040918718131444105,0.044713633217582135,0.04571745417508942,0.05219269617236082,0.039413499159954464,0.049942535914333556,0.03612217157687748,0.040296018297566426,0.04262553385588229,0.03874249273171958,0.03400665015432394,0.03668101653553292,0.05088188430389762,0.03938365663693722,0.050563231000678985,0.03674619987698343
