,index,age,target_label,session_id,correct_or_not,target_label_prob,airplane_prob,bear_prob,bike_prob,bird_prob,boat_prob,bowl_prob,car_prob,cat_prob,chair_prob,couch_prob,cup_prob,dog_prob,fish_prob,frog_prob,house_prob,key_prob,person_prob,phone_prob,rabbit_prob,scissors_prob,sheep_prob,train_prob,tree_prob
0,4807,6,fish,run_v31535048493055,0.0,0.04478623959233829,0.0510294085377305,0.03988821509149073,0.044483455831041546,0.04902090000087565,0.05261116912173733,0.04464414116507928,0.04206035944324591,0.038911879840510206,0.039447639163257144,0.04547025623652506,0.04285815052981846,0.0410805410494749,0.04478623959233829,0.043218255865584754,0.03256913354390715,0.043101081899276236,0.03699542572117173,0.04051902861772506,0.036042157084510314,0.048220776758865144,0.047059500990101574,0.04559109493349372,0.0503911889822394
