,index,age,target_label,session_id,correct_or_not,target_label_prob,airplane_prob,bear_prob,bike_prob,bird_prob,boat_prob,bowl_prob,car_prob,cat_prob,chair_prob,couch_prob,cup_prob,dog_prob,fish_prob,frog_prob,house_prob,key_prob,person_prob,phone_prob,rabbit_prob,scissors_prob,sheep_prob,train_prob,tree_prob
0,5828,2,key,run_v41539705599664,0.0,0.05082889979405867,0.04145788752981247,0.0412024605948071,0.04386111204732476,0.04003104649698128,0.04712355616327231,0.03517599203579459,0.04398602629443591,0.03867990487198923,0.06856541657809824,0.03678879590696648,0.04413385111914094,0.0401259130858555,0.03334751275043877,0.04202935290524724,0.04544808433878841,0.05082889979405867,0.05149725234494895,0.0360088336929871,0.042976750672273176,0.039622234348023234,0.04392061198207306,0.0420580587987826,0.05113044564790017
