,index,age,target_label,session_id,correct_or_not,target_label_prob,airplane_prob,bear_prob,bike_prob,bird_prob,boat_prob,bowl_prob,car_prob,cat_prob,chair_prob,couch_prob,cup_prob,dog_prob,fish_prob,frog_prob,house_prob,key_prob,person_prob,phone_prob,rabbit_prob,scissors_prob,sheep_prob,train_prob,tree_prob
0,8206,2,train,run_v41542134162748,0.0,0.043997274045692765,0.04123439940483325,0.04035576060614619,0.039964390086311925,0.042425203842945264,0.04189238209982115,0.04277121781316285,0.04210867811438808,0.04045048034074064,0.05646991773495316,0.04610820208875093,0.04846006958372709,0.04112041067638456,0.04544462514083089,0.04329380737278586,0.06314608889627683,0.041141136715474314,0.03211208572152499,0.04409111845267178,0.041372274505693606,0.04270608810273924,0.04147440858216027,0.043997274045692765,0.03785998007198454
