,index,age,target_label,session_id,correct_or_not,target_label_prob,airplane_prob,bear_prob,bike_prob,bird_prob,boat_prob,bowl_prob,car_prob,cat_prob,chair_prob,couch_prob,cup_prob,dog_prob,fish_prob,frog_prob,house_prob,key_prob,person_prob,phone_prob,rabbit_prob,scissors_prob,sheep_prob,train_prob,tree_prob
0,6481,6,phone,run_v31528229399210,1.0,0.061066947147427435,0.04133910805353109,0.03987016050920664,0.04602623276262594,0.03899205109903958,0.04109017826008225,0.043618753299204574,0.049128395984721074,0.03957571033497624,0.04461893157420405,0.04278170201359141,0.04248450670841904,0.03539829944197687,0.04028823165612115,0.03882127659798217,0.05683506644551095,0.04159810726657313,0.048840318246998436,0.061066947147427435,0.03911321209010263,0.04501536909251444,0.03476247647176171,0.04366720142656273,0.04506776351686638
