,index,age,target_label,session_id,correct_or_not,target_label_prob,airplane_prob,bear_prob,bike_prob,bird_prob,boat_prob,bowl_prob,car_prob,cat_prob,chair_prob,couch_prob,cup_prob,dog_prob,fish_prob,frog_prob,house_prob,key_prob,person_prob,phone_prob,rabbit_prob,scissors_prob,sheep_prob,train_prob,tree_prob
0,6096,8,person,run_v31533150870177,0.0,0.05521492367474707,0.044199130105891826,0.04808651396979673,0.05003694088349856,0.056195440584298685,0.03826614098630991,0.0395610145850122,0.03515586075891386,0.04491445131267266,0.03936207192487166,0.035976996326040685,0.04081831575096312,0.045987842657902366,0.03847119131007052,0.04130781463628772,0.03603299177682912,0.049259055643952505,0.05521492367474707,0.033983084801142385,0.04067075833461917,0.04395321205563687,0.04368905300773516,0.03850479981943347,0.06035239509337368
