,index,age,target_label,session_id,correct_or_not,target_label_prob,airplane_prob,bear_prob,bike_prob,bird_prob,boat_prob,bowl_prob,car_prob,cat_prob,chair_prob,couch_prob,cup_prob,dog_prob,fish_prob,frog_prob,house_prob,key_prob,person_prob,phone_prob,rabbit_prob,scissors_prob,sheep_prob,train_prob,tree_prob
0,1877,4,boat,run_v31532639699688,1.0,0.07516738642897546,0.05365856903086139,0.04061168694203251,0.03818949486863284,0.03468311614316786,0.07516738642897546,0.0652520106874455,0.034285610804432015,0.03669242393571,0.04050763336977765,0.043414214757745644,0.043874896711829564,0.03768606470939746,0.043984837029932534,0.0387912878624071,0.033123279556409,0.03909977258816297,0.03619683865574187,0.0445583623364193,0.04107147390240189,0.045131763247750735,0.04517136393359101,0.047451982667317136,0.04139592982985839
