,index,age,target_label,session_id,correct_or_not,target_label_prob,airplane_prob,bear_prob,bike_prob,bird_prob,boat_prob,bowl_prob,car_prob,cat_prob,chair_prob,couch_prob,cup_prob,dog_prob,fish_prob,frog_prob,house_prob,key_prob,person_prob,phone_prob,rabbit_prob,scissors_prob,sheep_prob,train_prob,tree_prob
0,7455,3,scissors,run_v41538858546240,0.0,0.058170194601712515,0.058975502039455556,0.042694862812201154,0.04948164047887078,0.04593781477584124,0.043119281221039425,0.03398247219069314,0.04409359484957396,0.04441940739746847,0.04126448140746588,0.03733339785551845,0.03842435327805496,0.04137392319679668,0.04270227902996076,0.044339309721230714,0.04856874495340925,0.042272229237626295,0.03570312317558348,0.037003933398490826,0.04898790040967359,0.058170194601712515,0.04230974183564656,0.04459381407377605,0.03424799805991025
