,index,age,target_label,session_id,correct_or_not,target_label_prob,airplane_prob,bear_prob,bike_prob,bird_prob,boat_prob,bowl_prob,car_prob,cat_prob,chair_prob,couch_prob,cup_prob,dog_prob,fish_prob,frog_prob,house_prob,key_prob,person_prob,phone_prob,rabbit_prob,scissors_prob,sheep_prob,train_prob,tree_prob
0,63,10,airplane,run_v31529354999119,0.0,0.041855007000833964,0.041855007000833964,0.04186332655893852,0.039904625070498356,0.04571222496219425,0.04758466523711667,0.051196764655049916,0.05200367653884793,0.039360225589810234,0.04003088058467736,0.04406972127684459,0.03559649344487283,0.04867418911436355,0.052262414593352416,0.04423119653985968,0.03945521558175886,0.040652368602349206,0.03743207011191312,0.03833596517437451,0.040408915816255914,0.038916684941963486,0.05026609953513045,0.03949776956171179,0.05068949950728264
