,index,age,target_label,session_id,correct_or_not,target_label_prob,airplane_prob,bear_prob,bike_prob,bird_prob,boat_prob,bowl_prob,car_prob,cat_prob,chair_prob,couch_prob,cup_prob,dog_prob,fish_prob,frog_prob,house_prob,key_prob,person_prob,phone_prob,rabbit_prob,scissors_prob,sheep_prob,train_prob,tree_prob
0,5759,4,key,run_v41536178424927,1.0,0.057134651291411084,0.04042350740599647,0.04581085887342061,0.0497670660391993,0.04552065492420259,0.04026973571840069,0.039488180690161793,0.03883091271816035,0.04537279880555475,0.038156260659164144,0.03901304197557508,0.040139787305509246,0.04666592621798957,0.04858380007102019,0.04502018976469369,0.03485132025416158,0.057134651291411084,0.03680065065840464,0.042576895216482495,0.04117864864802975,0.048787895876131054,0.04402680368816492,0.04742818070302938,0.04415223249513668
