,index,age,target_label,session_id,correct_or_not,target_label_prob,airplane_prob,bear_prob,bike_prob,bird_prob,boat_prob,bowl_prob,car_prob,cat_prob,chair_prob,couch_prob,cup_prob,dog_prob,fish_prob,frog_prob,house_prob,key_prob,person_prob,phone_prob,rabbit_prob,scissors_prob,sheep_prob,train_prob,tree_prob
0,1167,10,bird,run_v31529019290226,0.0,0.046884188108521276,0.034748828851419944,0.0538735862849416,0.03895959760033555,0.046884188108521276,0.04339096346925549,0.034542428444149904,0.042961041766083626,0.05070730393409093,0.040852711058454796,0.035009391445700304,0.034834613235076646,0.046577953973869365,0.04037392941711128,0.05967044108088486,0.03956500221641346,0.04287312316814949,0.05830336783928558,0.03109536093135476,0.04510185609128755,0.040383358630486275,0.06087754957951577,0.040790345475925444,0.03762305739768598
