,index,age,target_label,session_id,correct_or_not,target_label_prob,airplane_prob,bear_prob,bike_prob,bird_prob,boat_prob,bowl_prob,car_prob,cat_prob,chair_prob,couch_prob,cup_prob,dog_prob,fish_prob,frog_prob,house_prob,key_prob,person_prob,phone_prob,rabbit_prob,scissors_prob,sheep_prob,train_prob,tree_prob
0,2475,7,car,run_v31535920421756,1.0,0.06144281508149452,0.04933494864771263,0.037594972430432375,0.04492964574755418,0.039623601356738286,0.04154450336130604,0.04869777208546183,0.06144281508149452,0.04251574669135531,0.03254962095752842,0.047920461127350274,0.03458677062729327,0.04501626953443833,0.049924373872756826,0.034681900975221884,0.03645092774240499,0.04567677997094551,0.039916488093253766,0.04408085491685574,0.03835383478699364,0.04485405184705431,0.040962148921741506,0.05885743741723268,0.040484073806873695
