,index,age,target_label,session_id,correct_or_not,target_label_prob,airplane_prob,bear_prob,bike_prob,bird_prob,boat_prob,bowl_prob,car_prob,cat_prob,chair_prob,couch_prob,cup_prob,dog_prob,fish_prob,frog_prob,house_prob,key_prob,person_prob,phone_prob,rabbit_prob,scissors_prob,sheep_prob,train_prob,tree_prob
0,3959,10,cup,run_v31534876738764,0.0,0.04726432684644791,0.03805353223110577,0.04178455355656824,0.04253826883358961,0.03620684643969639,0.04446297425975377,0.04927357568524636,0.048758360536011576,0.03907507331747859,0.04919610083257942,0.07184392070299925,0.04726432684644791,0.042790377599508815,0.039786146523429246,0.04224315546351804,0.026375915290642257,0.041049156971196404,0.045794759131830315,0.048150484659683496,0.0377752810598581,0.035271759113663065,0.04039798325530908,0.04949351702348077,0.04241393066640346
