,index,age,target_label,session_id,correct_or_not,target_label_prob,airplane_prob,bear_prob,bike_prob,bird_prob,boat_prob,bowl_prob,car_prob,cat_prob,chair_prob,couch_prob,cup_prob,dog_prob,fish_prob,frog_prob,house_prob,key_prob,person_prob,phone_prob,rabbit_prob,scissors_prob,sheep_prob,train_prob,tree_prob
0,7128,6,rabbit,run_v31531685252808,1.0,0.06175888425626593,0.042980381155125945,0.05414143207275046,0.03901577860151629,0.042997544447224936,0.03788539890073832,0.038745025910752684,0.04831846835755545,0.053167083684372146,0.03982300257372959,0.04381691672046131,0.035941913324411344,0.04661901318324188,0.05142227171007269,0.04840253024935196,0.036749985978471185,0.03787872530249827,0.03492430591180464,0.04376781600983177,0.06175888425626593,0.04027288988279095,0.0445199284181743,0.043075022656101906,0.03377568069275602
