,index,age,target_label,session_id,correct_or_not,target_label_prob,airplane_prob,bear_prob,bike_prob,bird_prob,boat_prob,bowl_prob,car_prob,cat_prob,chair_prob,couch_prob,cup_prob,dog_prob,fish_prob,frog_prob,house_prob,key_prob,person_prob,phone_prob,rabbit_prob,scissors_prob,sheep_prob,train_prob,tree_prob
0,4571,2,fish,run_v31535558399646,1.0,0.061031690795829305,0.040056514306123635,0.040605197285249695,0.040909225902413644,0.043111762569028406,0.036062106767901864,0.04523595420278826,0.04277005263025905,0.04237126831802179,0.04230779166310894,0.03959677178012002,0.048699738722831114,0.04412669270660262,0.061031690795829305,0.04387101441663588,0.040485424610674114,0.04779626173196661,0.045949597027536385,0.03752732474925953,0.04421889870053063,0.042517012912021035,0.04320607656236334,0.042495080622667006,0.045048541016067256
