,index,age,target_label,session_id,correct_or_not,target_label_prob,airplane_prob,bear_prob,bike_prob,bird_prob,boat_prob,bowl_prob,car_prob,cat_prob,chair_prob,couch_prob,cup_prob,dog_prob,fish_prob,frog_prob,house_prob,key_prob,person_prob,phone_prob,rabbit_prob,scissors_prob,sheep_prob,train_prob,tree_prob
0,3893,5,cup,run_v31534620925622,0.0,0.04032863511757055,0.05969451850311945,0.03888893602840615,0.04094350169205937,0.04389291960949552,0.04467534074727432,0.04223431323526808,0.04156765895191249,0.04377037178503003,0.048066108424176225,0.048876987083420614,0.04032863511757055,0.043690369360541145,0.05056641338660997,0.03804753138132336,0.0314415826480484,0.04080467655960669,0.04923705187217755,0.0415143671132783,0.03872025489024414,0.04520224877798962,0.04102938384687149,0.04740399608894841,0.03940283289662825
