,index,age,target_label,session_id,correct_or_not,target_label_prob,airplane_prob,bear_prob,bike_prob,bird_prob,boat_prob,bowl_prob,car_prob,cat_prob,chair_prob,couch_prob,cup_prob,dog_prob,fish_prob,frog_prob,house_prob,key_prob,person_prob,phone_prob,rabbit_prob,scissors_prob,sheep_prob,train_prob,tree_prob
0,6738,10,phone,run_v31528661023780,0.0,0.047805081878597375,0.044265965461966726,0.038907663422151434,0.03896910680993194,0.044632432447670164,0.04181180285672866,0.06437021569121566,0.04538909604074897,0.035865361206954195,0.04388830797208941,0.05203504791149781,0.05132232226883743,0.04244759345622608,0.04239681353553404,0.041979038421365536,0.03381598537571803,0.04410270416899369,0.04159034121823564,0.047805081878597375,0.03983491762020707,0.04055993017509144,0.04044088843118531,0.04100862091953714,0.0425607627095162
