,index,age,target_label,session_id,correct_or_not,target_label_prob,airplane_prob,bear_prob,bike_prob,bird_prob,boat_prob,bowl_prob,car_prob,cat_prob,chair_prob,couch_prob,cup_prob,dog_prob,fish_prob,frog_prob,house_prob,key_prob,person_prob,phone_prob,rabbit_prob,scissors_prob,sheep_prob,train_prob,tree_prob
0,3567,10,couch,run_v31529090422243,1.0,0.05828120972146135,0.03988122410818279,0.04138267167271569,0.0403034019720184,0.04019356680774107,0.040819681467020134,0.04768417072801355,0.0556877434454812,0.042392572377754,0.048039340321682195,0.05828120972146135,0.036924110129252695,0.04294963312322176,0.04569194197036921,0.04334204923140309,0.0537367557206503,0.04048744133059987,0.0398331500984272,0.04039301613092146,0.037622519654045915,0.039191891628963325,0.03864763424726284,0.048540032812038995,0.03797424130077286
