,index,age,target_label,session_id,correct_or_not,target_label_prob,airplane_prob,bear_prob,bike_prob,bird_prob,boat_prob,bowl_prob,car_prob,cat_prob,chair_prob,couch_prob,cup_prob,dog_prob,fish_prob,frog_prob,house_prob,key_prob,person_prob,phone_prob,rabbit_prob,scissors_prob,sheep_prob,train_prob,tree_prob
0,3957,3,cup,run_v31533420228060,0.0,0.041252038607650816,0.042613141926565686,0.0392538502425057,0.04043599420775989,0.04545858609089803,0.04428709882833032,0.04176936383832478,0.0435905583821583,0.04449054940139792,0.04241260236301579,0.0340439685358705,0.041252038607650816,0.04132221497354056,0.04019387402716773,0.04147169666757096,0.045085292824704075,0.06648184304535562,0.04076544628345066,0.04498704004887482,0.04345075347719974,0.050921795861420684,0.04266171766457263,0.04297093420230036,0.0400796384993642
