,index,age,target_label,session_id,correct_or_not,target_label_prob,airplane_prob,bear_prob,bike_prob,bird_prob,boat_prob,bowl_prob,car_prob,cat_prob,chair_prob,couch_prob,cup_prob,dog_prob,fish_prob,frog_prob,house_prob,key_prob,person_prob,phone_prob,rabbit_prob,scissors_prob,sheep_prob,train_prob,tree_prob
0,6337,8,person,run_v31535826575646,1.0,0.07564119157592583,0.04175070817865476,0.037514134685162084,0.03187671305546679,0.04967944198175421,0.0448456638168858,0.03947553475299053,0.03341895535512616,0.0419823664175647,0.06404021798753302,0.035060588955000326,0.043857640419971866,0.038495005631754994,0.03949393183419963,0.03906226862623561,0.07075928730038343,0.042830544176234935,0.07564119157592583,0.03048917574977025,0.04303765570966678,0.036548386264702915,0.036158492687341594,0.03823997863443675,0.04574211620323704
