,index,age,target_label,session_id,correct_or_not,target_label_prob,airplane_prob,bear_prob,bike_prob,bird_prob,boat_prob,bowl_prob,car_prob,cat_prob,chair_prob,couch_prob,cup_prob,dog_prob,fish_prob,frog_prob,house_prob,key_prob,person_prob,phone_prob,rabbit_prob,scissors_prob,sheep_prob,train_prob,tree_prob
0,3166,5,chair,run_v31530486011120,1.0,0.08788707748157748,0.045690636053772125,0.03775801464280019,0.04243771729963555,0.034859851609335635,0.04664127967311527,0.040250576075187124,0.0452480721971291,0.034516909701020046,0.08788707748157748,0.06595932347462885,0.055839226493147806,0.03712498369921515,0.03632131829395492,0.0392313613132495,0.047347775611823545,0.03703619108268125,0.03481851534545165,0.04359502505651865,0.03781486277136005,0.03934473923550805,0.03766896747329112,0.038680753842809924,0.03392682157278694
