,index,age,target_label,session_id,correct_or_not,target_label_prob,airplane_prob,bear_prob,bike_prob,bird_prob,boat_prob,bowl_prob,car_prob,cat_prob,chair_prob,couch_prob,cup_prob,dog_prob,fish_prob,frog_prob,house_prob,key_prob,person_prob,phone_prob,rabbit_prob,scissors_prob,sheep_prob,train_prob,tree_prob
0,8048,10,train,run_v41541278795117,1.0,0.06854806793190994,0.04285351455234504,0.03940543259925565,0.02776391851563001,0.04832426616265938,0.05438250070183133,0.041048755903331235,0.0433574301754592,0.04603281156932901,0.037685225779987834,0.0625709464938438,0.03977658840715762,0.04523310536126849,0.0430482993161856,0.04197226353299632,0.04745126450052954,0.03825423996192083,0.02928031743797541,0.043874613501756164,0.04009216777273979,0.034029163588936456,0.04153912169200331,0.06854806793190994,0.04347598454094819
