,index,age,target_label,session_id,correct_or_not,target_label_prob,airplane_prob,bear_prob,bike_prob,bird_prob,boat_prob,bowl_prob,car_prob,cat_prob,chair_prob,couch_prob,cup_prob,dog_prob,fish_prob,frog_prob,house_prob,key_prob,person_prob,phone_prob,rabbit_prob,scissors_prob,sheep_prob,train_prob,tree_prob
0,962,6,bike,run_v31532113255816,1.0,0.06742272593199164,0.03680464194466582,0.039089508039219345,0.06742272593199164,0.046878989574247396,0.04002608175161265,0.03725387537980511,0.05248973965508995,0.042359037335882005,0.03945302912268373,0.04409566546715811,0.039814134848095324,0.04728462869753019,0.042790743027446905,0.04355603308662841,0.035958449507699185,0.042745607270844956,0.041002111879040536,0.03876977776422795,0.04166670264003524,0.04246875058949301,0.04409096496418005,0.05508451511430165,0.038894286408120766
