,index,age,target_label,session_id,correct_or_not,target_label_prob,airplane_prob,bear_prob,bike_prob,bird_prob,boat_prob,bowl_prob,car_prob,cat_prob,chair_prob,couch_prob,cup_prob,dog_prob,fish_prob,frog_prob,house_prob,key_prob,person_prob,phone_prob,rabbit_prob,scissors_prob,sheep_prob,train_prob,tree_prob
0,3035,4,chair,run_v31527964199379,0.0,0.053639518090645676,0.04249137727551768,0.044602656021526285,0.03910252101486508,0.04430970784720143,0.03983194240186618,0.03625286351089821,0.04400427217794904,0.04279705847384606,0.053639518090645676,0.04525627173140267,0.03904358076735354,0.041365423893127064,0.042071205179057616,0.04349316879071067,0.05679062380301339,0.038962711165017094,0.04754196424778455,0.043390596338609276,0.03859046199708579,0.03973017375784919,0.04215307310534076,0.04566000869194923,0.048918819717383516
