,index,age,target_label,session_id,correct_or_not,target_label_prob,airplane_prob,bear_prob,bike_prob,bird_prob,boat_prob,bowl_prob,car_prob,cat_prob,chair_prob,couch_prob,cup_prob,dog_prob,fish_prob,frog_prob,house_prob,key_prob,person_prob,phone_prob,rabbit_prob,scissors_prob,sheep_prob,train_prob,tree_prob
0,2199,6,bowl,run_v31528673796867,1.0,0.08257385875367118,0.040815197905906306,0.04919329919742164,0.038381940341364544,0.03954393822730077,0.03693520480823083,0.08257385875367118,0.04678202860779788,0.036402721669771536,0.046285644888881566,0.0344288716104757,0.05922856310619273,0.03644666738824607,0.03314394174608545,0.04779548404244743,0.04082427148802332,0.04799748374211168,0.04686049773337633,0.03591113701831345,0.0474843129511534,0.04234203389197354,0.0386383417232961,0.038848937572418855,0.03313562158553969
