,index,age,target_label,session_id,correct_or_not,target_label_prob,airplane_prob,bear_prob,bike_prob,bird_prob,boat_prob,bowl_prob,car_prob,cat_prob,chair_prob,couch_prob,cup_prob,dog_prob,fish_prob,frog_prob,house_prob,key_prob,person_prob,phone_prob,rabbit_prob,scissors_prob,sheep_prob,train_prob,tree_prob
0,8672,10,tree,run_v31532551715260,1.0,0.07192326157508674,0.039524654611699954,0.04465424667923592,0.037954267729232015,0.04293339786224392,0.042712242333303015,0.03757997898343805,0.04000969853422725,0.036251008076022474,0.046404092889340436,0.0413807792615606,0.03991527632007491,0.043647539491052476,0.04354449529849785,0.038520773616596005,0.040617385019367624,0.048804607204273626,0.05506358115642195,0.049531784642465077,0.03851886727342217,0.042358138080645584,0.04065331340374362,0.03749660995804857,0.07192326157508674
