,index,age,target_label,session_id,correct_or_not,target_label_prob,airplane_prob,bear_prob,bike_prob,bird_prob,boat_prob,bowl_prob,car_prob,cat_prob,chair_prob,couch_prob,cup_prob,dog_prob,fish_prob,frog_prob,house_prob,key_prob,person_prob,phone_prob,rabbit_prob,scissors_prob,sheep_prob,train_prob,tree_prob
0,5992,4,key,run_v41539469704607,1.0,0.06042506918513747,0.045158925352297305,0.0401576951701641,0.03668452744326222,0.04056811070987059,0.04138250193843429,0.05138034089090603,0.03902360215248333,0.0395037386153052,0.04963742438042811,0.03646307337729935,0.056413312115072556,0.036533028652097885,0.03838712118219908,0.039287246520997736,0.04374883291097455,0.06042506918513747,0.044912571678984436,0.05235070712093009,0.037695979500189145,0.052965363008737706,0.03552851013743197,0.03555041559436471,0.046241902362432176
