,index,age,target_label,session_id,correct_or_not,target_label_prob,airplane_prob,bear_prob,bike_prob,bird_prob,boat_prob,bowl_prob,car_prob,cat_prob,chair_prob,couch_prob,cup_prob,dog_prob,fish_prob,frog_prob,house_prob,key_prob,person_prob,phone_prob,rabbit_prob,scissors_prob,sheep_prob,train_prob,tree_prob
0,3573,10,couch,run_v31529017799129,0.0,0.04064432856188877,0.05207769610786408,0.04426322661710682,0.04591388942291755,0.0471176065019385,0.0404662024874048,0.04185768349059253,0.047072677323575306,0.04688952507418732,0.04269444765968767,0.04064432856188877,0.04479461999286928,0.05312025291897893,0.05535337183016208,0.04174424370196194,0.03654551469238294,0.03555968208487529,0.034236950605057374,0.034838601104889885,0.03866844901399488,0.04327628440314933,0.04786433318245506,0.04456414601425653,0.0404362672078031
