,index,age,target_label,session_id,correct_or_not,target_label_prob,airplane_prob,bear_prob,bike_prob,bird_prob,boat_prob,bowl_prob,car_prob,cat_prob,chair_prob,couch_prob,cup_prob,dog_prob,fish_prob,frog_prob,house_prob,key_prob,person_prob,phone_prob,rabbit_prob,scissors_prob,sheep_prob,train_prob,tree_prob
0,1442,3,bird,run_v31529519399222,0.0,0.04222481510032316,0.04140614866276011,0.04131836568243881,0.04570307483005394,0.04222481510032316,0.04262173860199778,0.05521283977802187,0.044574851649913934,0.03966492301179752,0.03869536915420585,0.039793128776893685,0.059797400427170556,0.039964107224260054,0.04742386129835226,0.03938200251566383,0.043605585905898483,0.039851230145386315,0.03734781925416746,0.046277942950095526,0.03869737810659209,0.04443825569750717,0.03874236907763816,0.046967798290208085,0.04628899385865336
