,index,age,target_label,session_id,correct_or_not,target_label_prob,airplane_prob,bear_prob,bike_prob,bird_prob,boat_prob,bowl_prob,car_prob,cat_prob,chair_prob,couch_prob,cup_prob,dog_prob,fish_prob,frog_prob,house_prob,key_prob,person_prob,phone_prob,rabbit_prob,scissors_prob,sheep_prob,train_prob,tree_prob
0,6356,3,person,run_v31526078606222,0.0,0.03506099578330578,0.03613253461429511,0.036260545451760946,0.034871231035499495,0.03775043535656577,0.0385865339459462,0.041082423980866964,0.03906106270504785,0.046265188477168324,0.07550794572901202,0.045472573311819225,0.03656562109921634,0.039960183084863765,0.034244027992018755,0.039601157453728844,0.027385431404654957,0.0500332048152271,0.03506099578330578,0.05385813358844545,0.04290279257965446,0.0679645052641126,0.04489246311538027,0.04997419353191885,0.04656681567949079
