,index,age,target_label,session_id,correct_or_not,target_label_prob,airplane_prob,bear_prob,bike_prob,bird_prob,boat_prob,bowl_prob,car_prob,cat_prob,chair_prob,couch_prob,cup_prob,dog_prob,fish_prob,frog_prob,house_prob,key_prob,person_prob,phone_prob,rabbit_prob,scissors_prob,sheep_prob,train_prob,tree_prob
0,3188,7,chair,run_v31532117429606,1.0,0.11261224487935187,0.03503378508145534,0.03984547636411541,0.03728775164252493,0.039415088734724414,0.03476260391728118,0.039894867356599674,0.04220673681743841,0.038523833452765326,0.11261224487935187,0.042410321090643174,0.038217325666080236,0.041456823418310994,0.04401540014791315,0.03626895515540901,0.04672142043204746,0.04101072643150386,0.0426317626488888,0.04010003891050815,0.038492277243948915,0.037446414960730624,0.037036609965165807,0.05178026463050252,0.04282927105209083
