,index,age,target_label,session_id,correct_or_not,target_label_prob,airplane_prob,bear_prob,bike_prob,bird_prob,boat_prob,bowl_prob,car_prob,cat_prob,chair_prob,couch_prob,cup_prob,dog_prob,fish_prob,frog_prob,house_prob,key_prob,person_prob,phone_prob,rabbit_prob,scissors_prob,sheep_prob,train_prob,tree_prob
0,3923,5,cup,run_v31533416940278,1.0,0.06156660960029819,0.041553363236453554,0.03905878524023321,0.03786115915463263,0.04213097344105995,0.05290559968252846,0.04550432201129915,0.03700161350881205,0.04192469392999544,0.04509518172613389,0.047232508221141244,0.06156660960029819,0.037797438129548645,0.046773879238501494,0.03813426060908915,0.03856055551110866,0.04205395040946535,0.038166023049682654,0.055519685393183436,0.04113013871092543,0.0432618702510038,0.04210254169849796,0.042969543937345624,0.04169530330906004
