,index,age,target_label,session_id,correct_or_not,target_label_prob,airplane_prob,bear_prob,bike_prob,bird_prob,boat_prob,bowl_prob,car_prob,cat_prob,chair_prob,couch_prob,cup_prob,dog_prob,fish_prob,frog_prob,house_prob,key_prob,person_prob,phone_prob,rabbit_prob,scissors_prob,sheep_prob,train_prob,tree_prob
0,5029,4,frog,run_v41538852792832,0.0,0.04338051954040253,0.03447400136498332,0.04440431314084868,0.03390205076197511,0.04559888534671738,0.03582712276411044,0.03972566681123096,0.04294077341451391,0.04519206042436253,0.0408211285145675,0.04238772584107264,0.03929259323354518,0.05020400108413743,0.0388738299113921,0.04338051954040253,0.03661708447940811,0.0628823542647794,0.036651458613144075,0.03982826203237127,0.04097719008024646,0.04481392889943703,0.05957586741543288,0.0500638194614133,0.05156536259990795
