,index,age,target_label,session_id,correct_or_not,target_label_prob,airplane_prob,bear_prob,bike_prob,bird_prob,boat_prob,bowl_prob,car_prob,cat_prob,chair_prob,couch_prob,cup_prob,dog_prob,fish_prob,frog_prob,house_prob,key_prob,person_prob,phone_prob,rabbit_prob,scissors_prob,sheep_prob,train_prob,tree_prob
0,3862,5,cup,run_v31532802171541,0.0,0.047684843114725976,0.04404867116675051,0.03916743940887093,0.04140095349666696,0.03971146765133749,0.04515111961798892,0.056141602013825745,0.04084250853426416,0.03625816562854333,0.03555320654576369,0.05075830524685463,0.047684843114725976,0.03634768545703382,0.052390649756966855,0.03914019630349759,0.06740850303193367,0.042236546621412095,0.04051979978770668,0.04546843563883447,0.03751429959379518,0.03919136098456501,0.04109205963483728,0.03895989896512085,0.043012281798704206
