,index,age,target_label,session_id,correct_or_not,target_label_prob,airplane_prob,bear_prob,bike_prob,bird_prob,boat_prob,bowl_prob,car_prob,cat_prob,chair_prob,couch_prob,cup_prob,dog_prob,fish_prob,frog_prob,house_prob,key_prob,person_prob,phone_prob,rabbit_prob,scissors_prob,sheep_prob,train_prob,tree_prob
0,8663,6,tree,run_v31535839162986,1.0,0.067095447194211,0.044962961168919874,0.04913741041375252,0.04624370448170827,0.046168579190018884,0.04251214017446216,0.04210967661264476,0.040974884735351824,0.036785295023048475,0.036365366671674636,0.04084857356394993,0.053640377746221185,0.03784163987772972,0.03801270951553861,0.040798655285601435,0.03547244264540156,0.04955660580842892,0.03927281209358651,0.042529392662627695,0.05015381947363321,0.03823683743829375,0.04034779860829572,0.04093286961489939,0.067095447194211
