,index,age,target_label,session_id,correct_or_not,target_label_prob,airplane_prob,bear_prob,bike_prob,bird_prob,boat_prob,bowl_prob,car_prob,cat_prob,chair_prob,couch_prob,cup_prob,dog_prob,fish_prob,frog_prob,house_prob,key_prob,person_prob,phone_prob,rabbit_prob,scissors_prob,sheep_prob,train_prob,tree_prob
0,2089,2,bowl,run_v31528480199337,1.0,0.06999709071932751,0.0407771285366777,0.04481981230991203,0.04168012153702767,0.04344011845627126,0.042655385746564835,0.06999709071932751,0.051573198696451786,0.04208353182066028,0.04262038064488734,0.04217644667730032,0.0402370846617666,0.03936812345599962,0.047764609708740934,0.039919887265185326,0.03895099516286298,0.04102211585243796,0.03944938496825916,0.040363442026916024,0.04119271487271867,0.04470923825943079,0.041078505916247995,0.03960907973246996,0.04451160297188321
