,index,age,target_label,session_id,correct_or_not,target_label_prob,airplane_prob,bear_prob,bike_prob,bird_prob,boat_prob,bowl_prob,car_prob,cat_prob,chair_prob,couch_prob,cup_prob,dog_prob,fish_prob,frog_prob,house_prob,key_prob,person_prob,phone_prob,rabbit_prob,scissors_prob,sheep_prob,train_prob,tree_prob
0,1145,4,bird,run_v31530573397476,0.0,0.044009157256526765,0.04239246627775859,0.049109833894455425,0.04390095500124909,0.044009157256526765,0.045616480198252624,0.042968881362687526,0.05135143743270602,0.041142314209379756,0.042878455509008505,0.03865047424794787,0.04302590681882701,0.0480895581885513,0.05127092842685823,0.0481155097049481,0.0386663750346255,0.04102785272276066,0.03917674350793301,0.04106523888468855,0.04609526177314555,0.04084209347955349,0.04148853186561071,0.03932869364554426,0.039786850556981494
