,index,age,target_label,session_id,correct_or_not,target_label_prob,airplane_prob,bear_prob,bike_prob,bird_prob,boat_prob,bowl_prob,car_prob,cat_prob,chair_prob,couch_prob,cup_prob,dog_prob,fish_prob,frog_prob,house_prob,key_prob,person_prob,phone_prob,rabbit_prob,scissors_prob,sheep_prob,train_prob,tree_prob
0,8605,4,tree,run_v31526763408835,1.0,0.062121362999352246,0.053427100762927886,0.03998060657532476,0.03661934982254544,0.04060801036023174,0.04292401465440352,0.04073855750587834,0.042786574168177736,0.042821193633089547,0.0490078586828885,0.045118837159710344,0.04776685701131712,0.04185437515344048,0.04038755534843191,0.035234985696285956,0.030367164275627294,0.042625808758647306,0.05087432939084851,0.042882083033793275,0.040162168540898525,0.04587875886366771,0.04016702759900917,0.04564542000350272,0.062121362999352246
