,index,age,target_label,session_id,correct_or_not,target_label_prob,airplane_prob,bear_prob,bike_prob,bird_prob,boat_prob,bowl_prob,car_prob,cat_prob,chair_prob,couch_prob,cup_prob,dog_prob,fish_prob,frog_prob,house_prob,key_prob,person_prob,phone_prob,rabbit_prob,scissors_prob,sheep_prob,train_prob,tree_prob
0,8650,4,tree,run_v31535921460102,0.0,0.05220186139350308,0.04371772215954135,0.05683844342738697,0.041126745103873874,0.0423215486260588,0.041033042499527494,0.03682649713188806,0.040154169551628614,0.039268247166440916,0.04473421405372585,0.03987634354499069,0.0417918794054821,0.043101832030686425,0.05080584220398933,0.04592108657227311,0.042817876819239875,0.04216005095784425,0.0503793534638621,0.033818481578307184,0.04693857596058683,0.04207680207844891,0.04474579783464898,0.037343586436065244,0.05220186139350308
