,index,age,target_label,session_id,correct_or_not,target_label_prob,airplane_prob,bear_prob,bike_prob,bird_prob,boat_prob,bowl_prob,car_prob,cat_prob,chair_prob,couch_prob,cup_prob,dog_prob,fish_prob,frog_prob,house_prob,key_prob,person_prob,phone_prob,rabbit_prob,scissors_prob,sheep_prob,train_prob,tree_prob
0,2563,3,car,run_v31532627373931,1.0,0.08299536250568763,0.0476202083863311,0.05085539256181699,0.05912405248247059,0.03433978503939194,0.041176973415664876,0.03663275141362172,0.08299536250568763,0.03542963533194003,0.04280718423109861,0.04054454200301511,0.03817335374516155,0.04075838629558594,0.03599910767491768,0.04566377207288844,0.035932903786993556,0.04089099578310494,0.03598154896372529,0.03686142015211849,0.054093588673854776,0.04162421248939496,0.04074127526433484,0.04488877308354426,0.03686477464333675
