,index,age,target_label,session_id,correct_or_not,target_label_prob,airplane_prob,bear_prob,bike_prob,bird_prob,boat_prob,bowl_prob,car_prob,cat_prob,chair_prob,couch_prob,cup_prob,dog_prob,fish_prob,frog_prob,house_prob,key_prob,person_prob,phone_prob,rabbit_prob,scissors_prob,sheep_prob,train_prob,tree_prob
0,5790,5,key,run_v41539114877832,0.0,0.04258743066257754,0.041556867981589675,0.04982457200146776,0.040068848284878396,0.043433934456765536,0.03861676869284466,0.04312572883165804,0.05207844706432429,0.046648306801967195,0.03970637356483615,0.040893248496155346,0.04493651906315978,0.04452200656840769,0.04699703227450837,0.06392388639605225,0.0355679469306971,0.04258743066257754,0.040786765031584786,0.03735529837464273,0.047897211052995846,0.04305074643705732,0.04587034813608393,0.037865551141134594,0.03268616175461113
