,index,age,target_label,session_id,correct_or_not,target_label_prob,airplane_prob,bear_prob,bike_prob,bird_prob,boat_prob,bowl_prob,car_prob,cat_prob,chair_prob,couch_prob,cup_prob,dog_prob,fish_prob,frog_prob,house_prob,key_prob,person_prob,phone_prob,rabbit_prob,scissors_prob,sheep_prob,train_prob,tree_prob
0,2509,8,car,run_v31526249878999,0.0,0.05943680574316949,0.042630592086240496,0.038796488197547344,0.06286628210975663,0.03766398247073118,0.057180526905744974,0.036486010495741336,0.05943680574316949,0.035594584388753396,0.05573852292284233,0.042995868211531334,0.03978426455539726,0.034410147943044485,0.03816728568523307,0.03884852493955713,0.045857968154111355,0.042634123148585674,0.03826230800478701,0.041812019873406145,0.03927247796421696,0.03728666877623237,0.03659973290375896,0.05591196526317394,0.04176284925643703
