,index,age,target_label,session_id,correct_or_not,target_label_prob,airplane_prob,bear_prob,bike_prob,bird_prob,boat_prob,bowl_prob,car_prob,cat_prob,chair_prob,couch_prob,cup_prob,dog_prob,fish_prob,frog_prob,house_prob,key_prob,person_prob,phone_prob,rabbit_prob,scissors_prob,sheep_prob,train_prob,tree_prob
0,6133,8,person,run_v31533234855582,1.0,0.06933634644514382,0.04190389822971576,0.05517602640332259,0.04608390919769983,0.04620103685077851,0.04067538341463478,0.03813201319382997,0.03961034921639589,0.04597903408083507,0.04006731643674586,0.03289831037568335,0.03583994604249262,0.04164184953628049,0.03863484433359161,0.0449645718574488,0.043299870690892264,0.03990928948032999,0.06933634644514382,0.0431063754275486,0.05036056097090734,0.03419311362590006,0.03924301285010675,0.04208712751493589,0.050655813824780085
