,index,age,target_label,session_id,correct_or_not,target_label_prob,airplane_prob,bear_prob,bike_prob,bird_prob,boat_prob,bowl_prob,car_prob,cat_prob,chair_prob,couch_prob,cup_prob,dog_prob,fish_prob,frog_prob,house_prob,key_prob,person_prob,phone_prob,rabbit_prob,scissors_prob,sheep_prob,train_prob,tree_prob
0,7732,4,sheep,run_v41541366640055,0.0,0.04243951743712229,0.04624155265853953,0.03830432938321453,0.04139184998406335,0.04399386294124168,0.04750570277021958,0.0422246781874772,0.04035150728157564,0.044809630519167976,0.04966291802084849,0.03906775180513043,0.03967353923914077,0.04511866517326138,0.04602504167622161,0.0482283427291501,0.03954398524685744,0.05179020562128302,0.05589111559550677,0.04131286482101199,0.03721934829498381,0.03903724563182168,0.04243951743712229,0.04260252124502317,0.037563823737137465
