,index,age,target_label,session_id,correct_or_not,target_label_prob,airplane_prob,bear_prob,bike_prob,bird_prob,boat_prob,bowl_prob,car_prob,cat_prob,chair_prob,couch_prob,cup_prob,dog_prob,fish_prob,frog_prob,house_prob,key_prob,person_prob,phone_prob,rabbit_prob,scissors_prob,sheep_prob,train_prob,tree_prob
0,4892,10,fish,run_v31534270688827,1.0,0.05758704160195042,0.04761285062099356,0.04731375550824335,0.04138132702682935,0.0487226591667692,0.043031831521652984,0.039268076875698284,0.04029450969266601,0.04674872254569438,0.0410107228417375,0.03787349306851022,0.03425175955377301,0.042935604889866114,0.05758704160195042,0.05431788729803774,0.03375037984941102,0.042111608908907236,0.054094269525774466,0.03908684001845105,0.04225900031144257,0.03899557890500923,0.04853993129258409,0.043469367419802576,0.03534278155619583
