,index,age,target_label,session_id,correct_or_not,target_label_prob,airplane_prob,bear_prob,bike_prob,bird_prob,boat_prob,bowl_prob,car_prob,cat_prob,chair_prob,couch_prob,cup_prob,dog_prob,fish_prob,frog_prob,house_prob,key_prob,person_prob,phone_prob,rabbit_prob,scissors_prob,sheep_prob,train_prob,tree_prob
0,7007,10,rabbit,run_v31528749906104,1.0,0.05583284240557313,0.03949744945837068,0.05196787019292917,0.05022137134418664,0.04100108700484675,0.04184113143305326,0.04232658302220313,0.03753155999834174,0.04867176823126522,0.0394008197566917,0.03493510215771573,0.03832265168611563,0.048226757756157757,0.038652087865939634,0.04433902564925286,0.0429758561800034,0.043765192411862705,0.044203695003331205,0.044499387856361115,0.05583284240557313,0.04150845476754821,0.041109721502071386,0.04366021951931936,0.04550936479685973
