,index,age,target_label,session_id,correct_or_not,target_label_prob,airplane_prob,bear_prob,bike_prob,bird_prob,boat_prob,bowl_prob,car_prob,cat_prob,chair_prob,couch_prob,cup_prob,dog_prob,fish_prob,frog_prob,house_prob,key_prob,person_prob,phone_prob,rabbit_prob,scissors_prob,sheep_prob,train_prob,tree_prob
0,6036,9,key,run_v41536438537512,1.0,0.08317312584806477,0.042588276830993387,0.04384385767958672,0.044157688708550205,0.04391929563989538,0.04634768723091958,0.03733706979611348,0.03343548316998606,0.03501681833398939,0.03190500732360859,0.03502502711255796,0.0374477836608095,0.037974439456199854,0.030310637910058322,0.047807271450619956,0.02733801857238103,0.08317312584806477,0.06375630226719015,0.05266319929666152,0.0363827591401839,0.04370519588552501,0.05620743662025144,0.03153610112473992,0.05812151694111387
