,index,age,target_label,session_id,correct_or_not,target_label_prob,airplane_prob,bear_prob,bike_prob,bird_prob,boat_prob,bowl_prob,car_prob,cat_prob,chair_prob,couch_prob,cup_prob,dog_prob,fish_prob,frog_prob,house_prob,key_prob,person_prob,phone_prob,rabbit_prob,scissors_prob,sheep_prob,train_prob,tree_prob
0,602,5,bear,run_v41540491126434,0.0,0.04336077570350788,0.04974574275860555,0.04336077570350788,0.05000496181128278,0.045663018324932546,0.03823990175780753,0.037396135667337536,0.04305509278469327,0.0430821603140818,0.04521837474816717,0.038159281830154115,0.04283107521733354,0.0481291725136162,0.0426556718479964,0.04294702992962106,0.0413531087290552,0.03934197155222818,0.042938794935091285,0.04577849409469078,0.037192136172874625,0.03930774702691993,0.04513978600412692,0.04633060346031692,0.05212896281555866
