,index,age,target_label,session_id,correct_or_not,target_label_prob,airplane_prob,bear_prob,bike_prob,bird_prob,boat_prob,bowl_prob,car_prob,cat_prob,chair_prob,couch_prob,cup_prob,dog_prob,fish_prob,frog_prob,house_prob,key_prob,person_prob,phone_prob,rabbit_prob,scissors_prob,sheep_prob,train_prob,tree_prob
0,7322,2,scissors,run_v41537378306735,0.0,0.05085776179963752,0.04928132644207933,0.03762083985828503,0.03699191431619045,0.04260334367049979,0.05857594603111401,0.05818970898319002,0.0393271119802928,0.03823642097358625,0.035162344314524814,0.045921544245428526,0.046706956027291545,0.03960733199080221,0.05302063942004523,0.038698455143457405,0.03710909753932751,0.041990381416480385,0.0414353391800313,0.04045056637766947,0.04163189277961322,0.05085776179963752,0.04161417018325945,0.042557816852290424,0.04240909047490332
