,index,age,target_label,session_id,correct_or_not,target_label_prob,airplane_prob,bear_prob,bike_prob,bird_prob,boat_prob,bowl_prob,car_prob,cat_prob,chair_prob,couch_prob,cup_prob,dog_prob,fish_prob,frog_prob,house_prob,key_prob,person_prob,phone_prob,rabbit_prob,scissors_prob,sheep_prob,train_prob,tree_prob
0,5191,6,frog,run_v41541980316905,0.0,0.045951768395899005,0.03836988426432269,0.04591932029605058,0.04221662989178838,0.03854295203311132,0.040086068091921834,0.03928562231937263,0.07358020352293991,0.039223770950370954,0.038370452718006154,0.04581804077166239,0.04095711216396922,0.04641615530762784,0.04299900909896263,0.045951768395899005,0.03511711413179232,0.04533438376399802,0.03442531360784038,0.03425994679426474,0.04859271923214952,0.042824803936482234,0.05519859884592931,0.046007155080591534,0.040502974780946575
