,index,age,target_label,session_id,correct_or_not,target_label_prob,airplane_prob,bear_prob,bike_prob,bird_prob,boat_prob,bowl_prob,car_prob,cat_prob,chair_prob,couch_prob,cup_prob,dog_prob,fish_prob,frog_prob,house_prob,key_prob,person_prob,phone_prob,rabbit_prob,scissors_prob,sheep_prob,train_prob,tree_prob
0,4032,7,cup,run_v31527793036538,0.0,0.03937072436410421,0.04502010246768384,0.0401483934082853,0.04408962464065311,0.04750405570315146,0.0538217347209402,0.037440419013264226,0.03912318524205928,0.04212778133843214,0.03796549120318517,0.02990027630117104,0.03937072436410421,0.040047593848646874,0.047030976371938246,0.04084079326071421,0.07036601711695215,0.04003215292284186,0.06020597877098282,0.039513092832975445,0.04288209463513559,0.042232634917000945,0.03913483169085967,0.03415037787519688,0.04705166735382511
