,index,age,target_label,session_id,correct_or_not,target_label_prob,airplane_prob,bear_prob,bike_prob,bird_prob,boat_prob,bowl_prob,car_prob,cat_prob,chair_prob,couch_prob,cup_prob,dog_prob,fish_prob,frog_prob,house_prob,key_prob,person_prob,phone_prob,rabbit_prob,scissors_prob,sheep_prob,train_prob,tree_prob
0,6068,3,person,run_v31526154627196,0.0,0.042844032262029326,0.04077128170016411,0.05071898045932414,0.05988038998104901,0.036048084312412555,0.044192340635413906,0.036818008304261476,0.043135486495217715,0.03966853171000333,0.04475682617877317,0.03739377444314418,0.04636202638554847,0.03823437782568429,0.04244492145904189,0.04737535714354033,0.0409957206076806,0.030775109488348128,0.042844032262029326,0.03833465932771101,0.05567235978997609,0.04298072067218516,0.04689314729551699,0.04706086876618803,0.04664299475678589
