,index,age,target_label,session_id,correct_or_not,target_label_prob,airplane_prob,bear_prob,bike_prob,bird_prob,boat_prob,bowl_prob,car_prob,cat_prob,chair_prob,couch_prob,cup_prob,dog_prob,fish_prob,frog_prob,house_prob,key_prob,person_prob,phone_prob,rabbit_prob,scissors_prob,sheep_prob,train_prob,tree_prob
0,6750,10,phone,run_v31529009014785,0.0,0.05420840164186896,0.0383451673688423,0.03751457139721264,0.051205190547947955,0.041410706545338835,0.03910082095615082,0.04917104546673561,0.048398543160584874,0.03531589007163765,0.050310568181529194,0.04771276653835261,0.06685209133488222,0.0411094494018521,0.036009178150227895,0.04065058946944678,0.03372311228593274,0.03845992313400209,0.03553416361807316,0.05420840164186896,0.038574867179784374,0.03645072666015661,0.04353435450022443,0.04569849357901399,0.050709378810202044
