,index,age,target_label,session_id,correct_or_not,target_label_prob,airplane_prob,bear_prob,bike_prob,bird_prob,boat_prob,bowl_prob,car_prob,cat_prob,chair_prob,couch_prob,cup_prob,dog_prob,fish_prob,frog_prob,house_prob,key_prob,person_prob,phone_prob,rabbit_prob,scissors_prob,sheep_prob,train_prob,tree_prob
0,8204,3,train,run_v41540074566866,0.0,0.048898878792555896,0.053753155595408324,0.04582661709664205,0.06111328145505738,0.03925102254951038,0.04267304584095832,0.03652032870275858,0.04995187610889299,0.040033902317855155,0.05007571313576299,0.032693165267624925,0.03994357020388193,0.040854532604826965,0.04561883051509021,0.03865081470998988,0.04755961596559915,0.040432788827764785,0.0413589892341686,0.043165079027023566,0.03958239307716995,0.04795002246766732,0.034960833850560605,0.048898878792555896,0.039131542653229934
