,index,age,target_label,session_id,correct_or_not,target_label_prob,airplane_prob,bear_prob,bike_prob,bird_prob,boat_prob,bowl_prob,car_prob,cat_prob,chair_prob,couch_prob,cup_prob,dog_prob,fish_prob,frog_prob,house_prob,key_prob,person_prob,phone_prob,rabbit_prob,scissors_prob,sheep_prob,train_prob,tree_prob
0,964,9,bike,run_v31530398861671,1.0,0.06660480350268153,0.05169268659696666,0.0406751573241099,0.06660480350268153,0.04160995221192918,0.03943545968752511,0.03821524374594029,0.053089356365509904,0.044467432726750945,0.05529773482279443,0.041387869910689025,0.038574113904533726,0.04024493188361677,0.03395804533015217,0.038975636941362614,0.025651243806752176,0.06534886360595649,0.03220826588703912,0.02651301409411045,0.045203235350168895,0.04313033791875559,0.0401454664082924,0.06287394148713063,0.034697206487232166
