,index,age,target_label,session_id,correct_or_not,target_label_prob,airplane_prob,bear_prob,bike_prob,bird_prob,boat_prob,bowl_prob,car_prob,cat_prob,chair_prob,couch_prob,cup_prob,dog_prob,fish_prob,frog_prob,house_prob,key_prob,person_prob,phone_prob,rabbit_prob,scissors_prob,sheep_prob,train_prob,tree_prob
0,4166,6,dog,run_v31533934791891,0.0,0.04092626503077227,0.047025415091484335,0.05814558558513239,0.041835323031414524,0.04161381675274464,0.04618144239816137,0.04070205609214955,0.04036314045186841,0.04908220707187487,0.03586138856837052,0.038778267910106495,0.034173613114739834,0.04092626503077227,0.047357776989193995,0.0461128915342266,0.03881024890014782,0.03952986826697007,0.045283876136900894,0.03480421652202627,0.053660832286132026,0.0530679210854683,0.044459434510970404,0.0397822792266701,0.04244213344247442
