,index,age,target_label,session_id,correct_or_not,target_label_prob,airplane_prob,bear_prob,bike_prob,bird_prob,boat_prob,bowl_prob,car_prob,cat_prob,chair_prob,couch_prob,cup_prob,dog_prob,fish_prob,frog_prob,house_prob,key_prob,person_prob,phone_prob,rabbit_prob,scissors_prob,sheep_prob,train_prob,tree_prob
0,4590,3,fish,run_v31533153658787,1.0,0.0788809444325059,0.04811299621963657,0.03733421229477665,0.05083738387749368,0.050482757281863556,0.041859431838564796,0.043277851712915816,0.04398358708123165,0.0478723825136357,0.03624802032250484,0.03886860967452781,0.041390025157733344,0.05017682005599647,0.0788809444325059,0.04475235404570212,0.03516313876804005,0.04067010475304664,0.04440636459054888,0.034270030785408814,0.03609008164181927,0.03801481798468016,0.04173959904533414,0.03982846064319332,0.03574002527883972
