,index,age,target_label,session_id,correct_or_not,target_label_prob,airplane_prob,bear_prob,bike_prob,bird_prob,boat_prob,bowl_prob,car_prob,cat_prob,chair_prob,couch_prob,cup_prob,dog_prob,fish_prob,frog_prob,house_prob,key_prob,person_prob,phone_prob,rabbit_prob,scissors_prob,sheep_prob,train_prob,tree_prob
0,756,2,bike,run_v31528396799267,1.0,0.08446900870084964,0.04571698731789132,0.05215595763677889,0.08446900870084964,0.03774102418784401,0.040530557570671505,0.03531220790473822,0.05599052882874965,0.04104374580763696,0.03445880161722717,0.027106621978941543,0.034896823980325425,0.037536598925836315,0.042211216946129206,0.03826264147733917,0.03907664064687795,0.0395647352336498,0.04504234778774342,0.041140367665158606,0.052914321515696326,0.04573841955017273,0.04686951925629907,0.04307278893521069,0.03914813652823235
