,index,age,target_label,session_id,correct_or_not,target_label_prob,airplane_prob,bear_prob,bike_prob,bird_prob,boat_prob,bowl_prob,car_prob,cat_prob,chair_prob,couch_prob,cup_prob,dog_prob,fish_prob,frog_prob,house_prob,key_prob,person_prob,phone_prob,rabbit_prob,scissors_prob,sheep_prob,train_prob,tree_prob
0,6217,6,person,run_v31533657599749,1.0,0.06165789011144505,0.045900275209153234,0.05034470363909582,0.04137744165590129,0.05445882961284438,0.043516129406663315,0.03934570135715547,0.03590000422447097,0.048314282492378145,0.041958132173871225,0.03653615506627146,0.03700558008453036,0.04067476020957028,0.04579095178002903,0.046482801066632363,0.036342985380536284,0.03953391852600307,0.06165789011144505,0.029952380873107875,0.035046709053890825,0.04043891843123975,0.04947934006034384,0.04735369992398547,0.05258840966088049
