,index,age,target_label,session_id,correct_or_not,target_label_prob,airplane_prob,bear_prob,bike_prob,bird_prob,boat_prob,bowl_prob,car_prob,cat_prob,chair_prob,couch_prob,cup_prob,dog_prob,fish_prob,frog_prob,house_prob,key_prob,person_prob,phone_prob,rabbit_prob,scissors_prob,sheep_prob,train_prob,tree_prob
0,2346,6,car,run_v31526665223948,1.0,0.0737478431371069,0.03470116128053464,0.03953201439736927,0.03934944935100344,0.03996608900315177,0.04034278612485187,0.04773534833136747,0.0737478431371069,0.04090322343636543,0.03824331747972179,0.04666399812890999,0.037834786462103163,0.03861971202638819,0.03952108065415828,0.04227933510961841,0.054542163663828185,0.04546537455738026,0.03779505462837691,0.044705526001162205,0.042210198424764984,0.04501586533636081,0.03946519745703232,0.04756326861411467,0.04379720639432905
