,index,age,target_label,session_id,correct_or_not,target_label_prob,airplane_prob,bear_prob,bike_prob,bird_prob,boat_prob,bowl_prob,car_prob,cat_prob,chair_prob,couch_prob,cup_prob,dog_prob,fish_prob,frog_prob,house_prob,key_prob,person_prob,phone_prob,rabbit_prob,scissors_prob,sheep_prob,train_prob,tree_prob
0,5682,7,key,run_v41541184280597,0.0,0.04835575204507205,0.040279816038346905,0.04443152113716117,0.03607987861414941,0.04150038675368175,0.04207433653843566,0.04411341906402209,0.03572705726938154,0.04052998783585263,0.03795730636302811,0.041226043232264316,0.04225686900410459,0.03623591207879865,0.03878304336715919,0.041404671214401396,0.04651872513647402,0.04835575204507205,0.0590486532141183,0.04194805865398175,0.03653315032849348,0.056156606561335025,0.04428444025937505,0.0410212955010532,0.06353306978930964
