,index,age,target_label,session_id,correct_or_not,target_label_prob,airplane_prob,bear_prob,bike_prob,bird_prob,boat_prob,bowl_prob,car_prob,cat_prob,chair_prob,couch_prob,cup_prob,dog_prob,fish_prob,frog_prob,house_prob,key_prob,person_prob,phone_prob,rabbit_prob,scissors_prob,sheep_prob,train_prob,tree_prob
0,7845,5,sheep,run_v41540491126434,0.0,0.05201467088897521,0.04896733975006655,0.040384551686776064,0.053173632455809014,0.044655045242285814,0.03231156241257812,0.03880482572893771,0.0384236681708619,0.04623074242068641,0.06259833512772384,0.049632466354995707,0.03906287959127828,0.051820421465002,0.04033747639618711,0.04465586456457596,0.03130345056960768,0.03388707417453237,0.0486439814479563,0.029836681162321566,0.03941448968663167,0.03554868788154118,0.05201467088897521,0.03508545064789351,0.06320670217277595
