,index,age,target_label,session_id,correct_or_not,target_label_prob,airplane_prob,bear_prob,bike_prob,bird_prob,boat_prob,bowl_prob,car_prob,cat_prob,chair_prob,couch_prob,cup_prob,dog_prob,fish_prob,frog_prob,house_prob,key_prob,person_prob,phone_prob,rabbit_prob,scissors_prob,sheep_prob,train_prob,tree_prob
0,7162,4,rabbit,run_v31532122767230,1.0,0.0727726913780281,0.04156902664099882,0.06758985517587536,0.0505976529092191,0.04012899001769172,0.0381991549368916,0.03602620254347341,0.04002958894235453,0.04698079469364543,0.038027387596640184,0.040575196588378076,0.04102945488674864,0.04122233247064777,0.03680774691534577,0.03916211015843419,0.03391515778178194,0.04721759858187628,0.040624149991205345,0.042423187640112256,0.0727726913780281,0.04075399341674063,0.03567079439725738,0.04204038844002178,0.04663654389663156
