,index,age,target_label,session_id,correct_or_not,target_label_prob,airplane_prob,bear_prob,bike_prob,bird_prob,boat_prob,bowl_prob,car_prob,cat_prob,chair_prob,couch_prob,cup_prob,dog_prob,fish_prob,frog_prob,house_prob,key_prob,person_prob,phone_prob,rabbit_prob,scissors_prob,sheep_prob,train_prob,tree_prob
0,7895,3,sheep,run_v41540581047662,0.0,0.03999294422472398,0.04661514249562088,0.05087129363526499,0.04073576351918912,0.032464225433397144,0.039397506100051556,0.07357426048848124,0.058194257787244165,0.03245125990062993,0.04191871237073811,0.03212153161023251,0.05331399835826828,0.03560251390945769,0.03483548366317414,0.04751996226072737,0.04281173349459131,0.03506402563822428,0.043680606614239705,0.049850258293007516,0.04221167612725377,0.03829996121188996,0.03999294422472398,0.044765033593027234,0.043707849270565285
