,index,age,target_label,session_id,correct_or_not,target_label_prob,airplane_prob,bear_prob,bike_prob,bird_prob,boat_prob,bowl_prob,car_prob,cat_prob,chair_prob,couch_prob,cup_prob,dog_prob,fish_prob,frog_prob,house_prob,key_prob,person_prob,phone_prob,rabbit_prob,scissors_prob,sheep_prob,train_prob,tree_prob
0,7182,4,scissors,run_v41541634683958,0.0,0.04757194814776646,0.04069856446116179,0.050344756105984184,0.04796551355634656,0.04712922913374875,0.03850974784950943,0.03620916047788928,0.0458786443454298,0.04911202296487584,0.04021854763849581,0.038464409936968556,0.035060126088639704,0.04207600379376491,0.042588980122301466,0.05428442924931348,0.03368733540786008,0.043203168761322644,0.04910663408370922,0.037910906220047634,0.05416552483682381,0.04757194814776646,0.04837606086152653,0.039033136613727065,0.03840514934278691
