,index,age,target_label,session_id,correct_or_not,target_label_prob,airplane_prob,bear_prob,bike_prob,bird_prob,boat_prob,bowl_prob,car_prob,cat_prob,chair_prob,couch_prob,cup_prob,dog_prob,fish_prob,frog_prob,house_prob,key_prob,person_prob,phone_prob,rabbit_prob,scissors_prob,sheep_prob,train_prob,tree_prob
0,4921,2,frog,run_v41538942725307,0.0,0.04514360006207367,0.045450627151862585,0.045253992885977576,0.04319662106795235,0.04887273466775723,0.04818233177883311,0.03767716874160047,0.045649305394974075,0.039648568013576246,0.03711251766134853,0.04366533626855054,0.040397082646368494,0.04204364417451685,0.05066799522583643,0.04514360006207367,0.04402586910550909,0.042856411456821224,0.04472251063431035,0.0434655227306282,0.04517032430096962,0.03821846542897215,0.03951090154381634,0.04291239063906406,0.046156078418680996
