,index,age,target_label,session_id,correct_or_not,target_label_prob,airplane_prob,bear_prob,bike_prob,bird_prob,boat_prob,bowl_prob,car_prob,cat_prob,chair_prob,couch_prob,cup_prob,dog_prob,fish_prob,frog_prob,house_prob,key_prob,person_prob,phone_prob,rabbit_prob,scissors_prob,sheep_prob,train_prob,tree_prob
0,8147,4,train,run_v41541370157908,0.0,0.039361640597598044,0.04120914959947704,0.04931784432310744,0.04184886061956527,0.048208579358254115,0.035957788951455065,0.03731444185905282,0.041590370154105515,0.045444884953748134,0.03913561345850397,0.03551672933634637,0.0440989842283724,0.05031029367822803,0.04424155901034629,0.04715560647548921,0.04099374763943182,0.06342541966772429,0.038258491723934224,0.035418827488219,0.04930581737907419,0.046553767913054024,0.04623680488894378,0.039361640597598044,0.039094776695968995
