,index,age,target_label,session_id,correct_or_not,target_label_prob,airplane_prob,bear_prob,bike_prob,bird_prob,boat_prob,bowl_prob,car_prob,cat_prob,chair_prob,couch_prob,cup_prob,dog_prob,fish_prob,frog_prob,house_prob,key_prob,person_prob,phone_prob,rabbit_prob,scissors_prob,sheep_prob,train_prob,tree_prob
0,7972,4,train,run_v41541634683958,1.0,0.051620343887824605,0.051133768028504355,0.04237909697854826,0.048933663576687166,0.04769035808716755,0.04272623430903525,0.038172351565160974,0.0401232943401873,0.05080314988882406,0.04726906693946521,0.046095856872467714,0.04128062582556374,0.049948443345342666,0.04958346760621398,0.04115048566849344,0.039720340721100006,0.03998553613228238,0.038751245765736665,0.030056675801412535,0.03906824937934539,0.04754203908092689,0.039158379397418064,0.051620343887824605,0.03680732680229182
