,index,age,target_label,session_id,correct_or_not,target_label_prob,airplane_prob,bear_prob,bike_prob,bird_prob,boat_prob,bowl_prob,car_prob,cat_prob,chair_prob,couch_prob,cup_prob,dog_prob,fish_prob,frog_prob,house_prob,key_prob,person_prob,phone_prob,rabbit_prob,scissors_prob,sheep_prob,train_prob,tree_prob
0,4706,4,fish,run_v31533580208532,1.0,0.0682237398286574,0.03607588857432718,0.0480278074934601,0.03408282315914188,0.040906740876331144,0.04252733255379507,0.05346669778089429,0.04432645951138695,0.04477951482898262,0.0415238079954273,0.03398471910569278,0.04173204394580786,0.04539869061291245,0.0682237398286574,0.05130933916671723,0.03928800451771263,0.04718105185848696,0.038103100406115586,0.06227243744412429,0.04197128459272722,0.03490199605355907,0.0375166336549792,0.0338522278808569,0.038547658157903876
