,index,age,target_label,session_id,correct_or_not,target_label_prob,airplane_prob,bear_prob,bike_prob,bird_prob,boat_prob,bowl_prob,car_prob,cat_prob,chair_prob,couch_prob,cup_prob,dog_prob,fish_prob,frog_prob,house_prob,key_prob,person_prob,phone_prob,rabbit_prob,scissors_prob,sheep_prob,train_prob,tree_prob
0,634,6,bear,run_v41542049235926,1.0,0.07634111014479059,0.035608274621004965,0.07634111014479059,0.04684546343161669,0.040814988361972254,0.03539828124153941,0.03715181259850723,0.03491884528375275,0.04451227737841822,0.03807445096605212,0.03670427615127407,0.03297508549686476,0.042002706575963,0.03567990200471067,0.052554681733595676,0.039780845659867226,0.045153463419276306,0.0592305130731506,0.04442327201221075,0.04997196131256293,0.04396266434758182,0.03841502231236722,0.04405863407945237,0.04542146779346851
