,index,age,target_label,session_id,correct_or_not,target_label_prob,airplane_prob,bear_prob,bike_prob,bird_prob,boat_prob,bowl_prob,car_prob,cat_prob,chair_prob,couch_prob,cup_prob,dog_prob,fish_prob,frog_prob,house_prob,key_prob,person_prob,phone_prob,rabbit_prob,scissors_prob,sheep_prob,train_prob,tree_prob
0,3717,6,couch,run_v31531425410975,0.0,0.047096021510778574,0.04730437981124736,0.04253389861230346,0.04125084028788219,0.038793760225787656,0.05929963854685105,0.044457269055747484,0.04407588351097906,0.03916159726685647,0.04418416053120615,0.047096021510778574,0.043620919444685005,0.0366737413544782,0.044053289709092114,0.03852020904245044,0.06803545411017779,0.039140961792957514,0.032914994466063725,0.053800971692275774,0.0381580158758396,0.0365192735059136,0.03751784885114139,0.04286423794590794,0.04002263284937749
