,index,age,target_label,session_id,correct_or_not,target_label_prob,airplane_prob,bear_prob,bike_prob,bird_prob,boat_prob,bowl_prob,car_prob,cat_prob,chair_prob,couch_prob,cup_prob,dog_prob,fish_prob,frog_prob,house_prob,key_prob,person_prob,phone_prob,rabbit_prob,scissors_prob,sheep_prob,train_prob,tree_prob
0,7059,4,rabbit,run_v31530398644776,0.0,0.06467608410616262,0.054105782241043884,0.03435095353707799,0.044291374341125476,0.041509756266441274,0.03916281687075227,0.04112122116799945,0.03891327493497855,0.0539618568538854,0.038494068479475126,0.03444126675962789,0.033762864796121006,0.03848915597938021,0.041079003030926986,0.039697194966618055,0.04799401340296161,0.044047851300156746,0.0401896512708949,0.06924983996919404,0.06467608410616262,0.0542369248024991,0.03747851541702966,0.035658929480321955,0.03308760002532583
