,index,age,target_label,session_id,correct_or_not,target_label_prob,airplane_prob,bear_prob,bike_prob,bird_prob,boat_prob,bowl_prob,car_prob,cat_prob,chair_prob,couch_prob,cup_prob,dog_prob,fish_prob,frog_prob,house_prob,key_prob,person_prob,phone_prob,rabbit_prob,scissors_prob,sheep_prob,train_prob,tree_prob
0,1112,8,bike,run_v31528395207991,1.0,0.07533812133539454,0.046781107470082385,0.046948231811968735,0.07533812133539454,0.038561034181449225,0.0454266164769713,0.04577340457283009,0.040097044806405455,0.044147458479799784,0.030523845107673205,0.0377874765257948,0.048331328377140194,0.036575692091162196,0.04599399637409817,0.03593099866416454,0.03913662180634918,0.046062621374695065,0.04065908575063806,0.03717767869810027,0.05065286621024548,0.04969774857702164,0.035711543036326246,0.0480826831533128,0.03460279511837664
