,index,age,target_label,session_id,correct_or_not,target_label_prob,airplane_prob,bear_prob,bike_prob,bird_prob,boat_prob,bowl_prob,car_prob,cat_prob,chair_prob,couch_prob,cup_prob,dog_prob,fish_prob,frog_prob,house_prob,key_prob,person_prob,phone_prob,rabbit_prob,scissors_prob,sheep_prob,train_prob,tree_prob
0,851,3,bike,run_v31530566593366,0.0,0.0468704759948154,0.043721519985468124,0.044938457226479954,0.0468704759948154,0.04945224364937746,0.038035596468522295,0.04184878705837709,0.032824267441303616,0.04231989585371077,0.04336991212239816,0.03570863049574517,0.03789496593549174,0.048038289300604886,0.03859217231798698,0.04225156379368504,0.03994889533009737,0.05010081849478864,0.044615878099555015,0.036923072769548794,0.048392102104705195,0.04370012350875495,0.04637494603515266,0.03869530970511472,0.06538207630831604
