,index,age,target_label,session_id,correct_or_not,target_label_prob,airplane_prob,bear_prob,bike_prob,bird_prob,boat_prob,bowl_prob,car_prob,cat_prob,chair_prob,couch_prob,cup_prob,dog_prob,fish_prob,frog_prob,house_prob,key_prob,person_prob,phone_prob,rabbit_prob,scissors_prob,sheep_prob,train_prob,tree_prob
0,6246,6,person,run_v31534789944407,0.0,0.05229016079335772,0.04280745513248671,0.0463643275686507,0.04221812447880534,0.050215001731957996,0.03833083816121249,0.053901457146738184,0.032940251668891876,0.04545083819013711,0.037682018968762554,0.03932322949229187,0.03880602822290956,0.04344866863180249,0.047128730501808026,0.041823420902001855,0.0357129528119512,0.055932971807581826,0.05229016079335772,0.04039448195656365,0.04972096595589645,0.04317528305821401,0.03827275802073588,0.04351477101628096,0.040545263780961474
