,index,age,target_label,session_id,correct_or_not,target_label_prob,airplane_prob,bear_prob,bike_prob,bird_prob,boat_prob,bowl_prob,car_prob,cat_prob,chair_prob,couch_prob,cup_prob,dog_prob,fish_prob,frog_prob,house_prob,key_prob,person_prob,phone_prob,rabbit_prob,scissors_prob,sheep_prob,train_prob,tree_prob
0,6383,3,person,run_v31526423557040,0.0,0.04205179649389348,0.04598561147433527,0.038162098944159374,0.06007303720487858,0.04567928773717477,0.053211618061967766,0.04453325954765529,0.0471068326324893,0.03744751825119997,0.033296991411452904,0.03756779760865505,0.042338704766833345,0.03838622771280811,0.04600981680804781,0.04223159947706284,0.038581221753533304,0.05813603866666963,0.04205179649389348,0.0345915336975726,0.04226612491797503,0.06470627492825398,0.039406055091667586,0.03741395589096469,0.030816596920749225
