,index,age,target_label,session_id,correct_or_not,target_label_prob,airplane_prob,bear_prob,bike_prob,bird_prob,boat_prob,bowl_prob,car_prob,cat_prob,chair_prob,couch_prob,cup_prob,dog_prob,fish_prob,frog_prob,house_prob,key_prob,person_prob,phone_prob,rabbit_prob,scissors_prob,sheep_prob,train_prob,tree_prob
0,7400,2,scissors,run_v41541878510984,0.0,0.0482181347389106,0.04285056228231715,0.04400321771889272,0.03510449381462877,0.04362342425194871,0.0430762499721385,0.04234955953889174,0.038831398587440474,0.04303941465917646,0.036317968281261055,0.04424169316214656,0.04768981119625012,0.03982781281681154,0.040562157436604476,0.048167900393330645,0.05397210636113478,0.0373776119477878,0.040128922094056496,0.050733643091254534,0.04315808555742439,0.0482181347389106,0.043711493866960716,0.045378393178885694,0.047635945051746
