,index,age,target_label,session_id,correct_or_not,target_label_prob,airplane_prob,bear_prob,bike_prob,bird_prob,boat_prob,bowl_prob,car_prob,cat_prob,chair_prob,couch_prob,cup_prob,dog_prob,fish_prob,frog_prob,house_prob,key_prob,person_prob,phone_prob,rabbit_prob,scissors_prob,sheep_prob,train_prob,tree_prob
0,6028,2,key,run_v41538855434078,0.0,0.03790209806890642,0.04598902001664334,0.04703624771750343,0.03452363118827512,0.0489854587792362,0.04106583469154247,0.03681647862526645,0.0432842790951973,0.046870520761802315,0.040269053202577565,0.05994537783296646,0.03691384901005413,0.04512472216202955,0.04688600027700538,0.04381616570125009,0.05839602221357394,0.03790209806890642,0.04187717566447248,0.030260987753345073,0.03989835652987647,0.041737039935884804,0.05017505344848165,0.043424635264497996,0.03880199205961147
