,index,age,target_label,session_id,correct_or_not,target_label_prob,airplane_prob,bear_prob,bike_prob,bird_prob,boat_prob,bowl_prob,car_prob,cat_prob,chair_prob,couch_prob,cup_prob,dog_prob,fish_prob,frog_prob,house_prob,key_prob,person_prob,phone_prob,rabbit_prob,scissors_prob,sheep_prob,train_prob,tree_prob
0,1629,4,boat,run_v31533755364261,1.0,0.05997220019232049,0.05013608018222671,0.04193342024228469,0.048670500941519604,0.03965030751657552,0.05997220019232049,0.040472219965672455,0.0398225899684916,0.042710268727241214,0.04048739617566303,0.03447820760011693,0.03614377785338394,0.03855290020113464,0.04286722151082831,0.03860034250167485,0.038876641485738196,0.04377884687929494,0.055246243005204636,0.040615790357295734,0.05320270689001025,0.046765513933152994,0.03981452148001656,0.043529391571293236,0.04367291081885923
