,index,age,target_label,session_id,correct_or_not,target_label_prob,airplane_prob,bear_prob,bike_prob,bird_prob,boat_prob,bowl_prob,car_prob,cat_prob,chair_prob,couch_prob,cup_prob,dog_prob,fish_prob,frog_prob,house_prob,key_prob,person_prob,phone_prob,rabbit_prob,scissors_prob,sheep_prob,train_prob,tree_prob
0,2618,10,car,run_v31534620591426,0.0,0.0482162604109461,0.048920933713845344,0.03722016360064994,0.051795838308179805,0.038505065645232144,0.054362935372521244,0.04817869809003481,0.0482162604109461,0.03401937758619793,0.03158119406526925,0.04757778650701693,0.04794879323856259,0.04238776889148281,0.057752364395348796,0.03857403062375332,0.03415522705282456,0.04453812004995038,0.02950028883017933,0.045695649478856244,0.04338050919286778,0.04101752652074419,0.03725774015899375,0.0629911701450355,0.03442255812150734
