,index,age,target_label,session_id,correct_or_not,target_label_prob,airplane_prob,bear_prob,bike_prob,bird_prob,boat_prob,bowl_prob,car_prob,cat_prob,chair_prob,couch_prob,cup_prob,dog_prob,fish_prob,frog_prob,house_prob,key_prob,person_prob,phone_prob,rabbit_prob,scissors_prob,sheep_prob,train_prob,tree_prob
0,1669,10,boat,run_v31535141635369,1.0,0.08879867274769404,0.04837648773841127,0.038765036232020655,0.04150079138888734,0.036310656756994755,0.08879867274769404,0.06537943320634747,0.044668877219041794,0.037517273327433764,0.05488898473026199,0.03994305722733419,0.04726118661352803,0.03653595211968076,0.03911847421942156,0.03674588990709979,0.04017820046557995,0.03962051040633429,0.04044415093452919,0.03180963033241902,0.03773425426609677,0.03901935371190245,0.037067979523841534,0.04067413087545452,0.03764101604968485
