,index,age,target_label,session_id,correct_or_not,target_label_prob,airplane_prob,bear_prob,bike_prob,bird_prob,boat_prob,bowl_prob,car_prob,cat_prob,chair_prob,couch_prob,cup_prob,dog_prob,fish_prob,frog_prob,house_prob,key_prob,person_prob,phone_prob,rabbit_prob,scissors_prob,sheep_prob,train_prob,tree_prob
0,2164,5,bowl,run_v31528926779657,1.0,0.112251009481077,0.029840748543015265,0.038830846737401774,0.03471159487491168,0.032172488264275524,0.06572915837770078,0.112251009481077,0.035203086422228275,0.03647786636836324,0.04057988933769947,0.05171971218559783,0.06443538414945536,0.03540323109478711,0.029698223919714124,0.03726887806644112,0.03972392127447058,0.04634018478126202,0.04140661518519448,0.03686785056801937,0.03298893138692769,0.039523426864672744,0.037335062157285846,0.03875499947252426,0.04273689048697421
