,index,age,target_label,session_id,correct_or_not,target_label_prob,airplane_prob,bear_prob,bike_prob,bird_prob,boat_prob,bowl_prob,car_prob,cat_prob,chair_prob,couch_prob,cup_prob,dog_prob,fish_prob,frog_prob,house_prob,key_prob,person_prob,phone_prob,rabbit_prob,scissors_prob,sheep_prob,train_prob,tree_prob
0,8366,3,tree,run_v31532545722064,1.0,0.06650429601976543,0.038734702669943694,0.042358725029467435,0.04282876140469796,0.04408161953954872,0.04425762805812157,0.039064465069024286,0.03965639676864974,0.03897372561718835,0.04561864884458042,0.04104584496883719,0.04144491537137292,0.036064160477364,0.04163934173775148,0.04146840523004627,0.04192044640478639,0.05146306391554185,0.04082588558601503,0.047152318498514256,0.04421413449200105,0.04647145106158918,0.04197424235458602,0.04223682088060662,0.06650429601976543
