,index,age,target_label,session_id,correct_or_not,target_label_prob,airplane_prob,bear_prob,bike_prob,bird_prob,boat_prob,bowl_prob,car_prob,cat_prob,chair_prob,couch_prob,cup_prob,dog_prob,fish_prob,frog_prob,house_prob,key_prob,person_prob,phone_prob,rabbit_prob,scissors_prob,sheep_prob,train_prob,tree_prob
0,4540,3,fish,run_v31534796290724,0.0,0.038727344207174955,0.04420843742743717,0.04284404354336743,0.036230121533895876,0.039755051962941636,0.05114071112151484,0.04466089767746198,0.037919489157378826,0.04186178704883424,0.037327662733798686,0.04445729593931472,0.03802405168930149,0.042555252744023504,0.038727344207174955,0.04357296599630697,0.038056084294596206,0.04577250962184175,0.044225688125394784,0.04745687814820835,0.04880506864578768,0.048498087369972485,0.04303043434250542,0.04702148442529594,0.05384865224364515
