,index,age,target_label,session_id,correct_or_not,target_label_prob,airplane_prob,bear_prob,bike_prob,bird_prob,boat_prob,bowl_prob,car_prob,cat_prob,chair_prob,couch_prob,cup_prob,dog_prob,fish_prob,frog_prob,house_prob,key_prob,person_prob,phone_prob,rabbit_prob,scissors_prob,sheep_prob,train_prob,tree_prob
0,6005,8,key,run_v41541189202663,1.0,0.0619083894197183,0.0395673644060145,0.040147116181787665,0.046688888171789907,0.03759825870600101,0.04373020365037489,0.05456124531642162,0.057566856038797236,0.041400083211796265,0.04234186626038583,0.04285075369326492,0.043703763311033914,0.042154475812369786,0.04543164563310587,0.0374218354934478,0.03382227191225791,0.0619083894197183,0.034376274958259574,0.03994314133540264,0.038295315708855124,0.03720941681522076,0.04713048043254015,0.05297312619262331,0.03917722733853129
