,index,age,target_label,session_id,correct_or_not,target_label_prob,airplane_prob,bear_prob,bike_prob,bird_prob,boat_prob,bowl_prob,car_prob,cat_prob,chair_prob,couch_prob,cup_prob,dog_prob,fish_prob,frog_prob,house_prob,key_prob,person_prob,phone_prob,rabbit_prob,scissors_prob,sheep_prob,train_prob,tree_prob
0,6340,3,person,run_v31534971861101,1.0,0.07878314879660332,0.04487889765767458,0.04476993324886748,0.03385560496413042,0.04935078729587846,0.04185766660924109,0.034333336595639655,0.030468149716863412,0.043656911399667875,0.05300445036651281,0.038452400189449946,0.03665152153621346,0.04165763421149341,0.045960778178948884,0.041627101640406346,0.042095300099130595,0.04209511235290273,0.07878314879660332,0.040020230798721884,0.04161639381951895,0.04447895802150332,0.042017901827910306,0.037930709621453916,0.05043707105126715
