,index,age,target_label,session_id,correct_or_not,target_label_prob,airplane_prob,bear_prob,bike_prob,bird_prob,boat_prob,bowl_prob,car_prob,cat_prob,chair_prob,couch_prob,cup_prob,dog_prob,fish_prob,frog_prob,house_prob,key_prob,person_prob,phone_prob,rabbit_prob,scissors_prob,sheep_prob,train_prob,tree_prob
0,5786,3,key,run_v41541008783036,1.0,0.08200254549460423,0.04039133800543682,0.03982030794470857,0.03854178974866428,0.049214352855444975,0.038001541914925774,0.03780858476273014,0.04101944899872081,0.04726718943682722,0.0378213509975975,0.03792474950402527,0.040486011788963765,0.05163139472274136,0.042470930181323564,0.052053706743995794,0.03894602514027451,0.08200254549460423,0.0435894016358826,0.03455076740900126,0.03850018481597361,0.04469840015408874,0.04987939557885704,0.03640194174521251,0.03697864041999985
