,index,age,target_label,session_id,correct_or_not,target_label_prob,airplane_prob,bear_prob,bike_prob,bird_prob,boat_prob,bowl_prob,car_prob,cat_prob,chair_prob,couch_prob,cup_prob,dog_prob,fish_prob,frog_prob,house_prob,key_prob,person_prob,phone_prob,rabbit_prob,scissors_prob,sheep_prob,train_prob,tree_prob
0,6022,9,key,run_v41540330346055,0.0,0.05707458930760747,0.04368582005882078,0.04028694461057876,0.04803792010416296,0.046237936719243485,0.04125813173371782,0.03674935201395121,0.04054201658329382,0.03924416412716091,0.041689069011625585,0.03789646437485047,0.03719805089662852,0.041591042613425104,0.03785233404438621,0.04397030931651707,0.03733481595562234,0.05707458930760747,0.0483205187422821,0.039098684019304164,0.05336627287402791,0.045526935957172034,0.04347570267243821,0.038359680043633076,0.06120324421955019
