,index,age,target_label,session_id,correct_or_not,target_label_prob,airplane_prob,bear_prob,bike_prob,bird_prob,boat_prob,bowl_prob,car_prob,cat_prob,chair_prob,couch_prob,cup_prob,dog_prob,fish_prob,frog_prob,house_prob,key_prob,person_prob,phone_prob,rabbit_prob,scissors_prob,sheep_prob,train_prob,tree_prob
0,2367,2,car,run_v31534196533014,1.0,0.08738166506411497,0.04203677110604491,0.05369191554644231,0.030465067957525342,0.040523915682755055,0.0358823473412637,0.04267766659434694,0.08738166506411497,0.03223787318459928,0.03894630972649286,0.035791019196192105,0.04179008860508444,0.03944920544262694,0.03925429133262154,0.05220991820577202,0.04787218235297225,0.03396802958138622,0.03577841497227119,0.043034283602041805,0.03213063343265619,0.03612564897632659,0.0688050365105659,0.049682829690233875,0.04026488589566348
