,index,age,target_label,session_id,correct_or_not,target_label_prob,airplane_prob,bear_prob,bike_prob,bird_prob,boat_prob,bowl_prob,car_prob,cat_prob,chair_prob,couch_prob,cup_prob,dog_prob,fish_prob,frog_prob,house_prob,key_prob,person_prob,phone_prob,rabbit_prob,scissors_prob,sheep_prob,train_prob,tree_prob
0,7300,4,scissors,run_v41540419377199,0.0,0.04354553382104956,0.04122786219907028,0.042469415361117965,0.05512843664760135,0.04595768470687239,0.04400810481617153,0.043700760330803556,0.03914292608918639,0.04874508601155823,0.044657305216527776,0.034912712932959146,0.039777936125575813,0.04441374041246957,0.045338512795466114,0.0398616526557005,0.03994604837243462,0.05714762184735125,0.03847305516641616,0.04073197517632674,0.04768262134374632,0.04354553382104956,0.038655739077714954,0.04451835597869938,0.03995691291518043
