,index,age,target_label,session_id,correct_or_not,target_label_prob,airplane_prob,bear_prob,bike_prob,bird_prob,boat_prob,bowl_prob,car_prob,cat_prob,chair_prob,couch_prob,cup_prob,dog_prob,fish_prob,frog_prob,house_prob,key_prob,person_prob,phone_prob,rabbit_prob,scissors_prob,sheep_prob,train_prob,tree_prob
0,2770,10,cat,run_v41539553475787,0.0,0.04783255403721647,0.045841590985615355,0.03458648097092137,0.05414144144996513,0.04402882313508964,0.05578291976936158,0.05147763189643661,0.04915675544879427,0.04783255403721647,0.04047135202898108,0.03846411737760591,0.054782887051295144,0.036257516287628744,0.056379474652510225,0.03597530549787898,0.0395757636518336,0.039008638176099994,0.035507843736872116,0.062232766648984486,0.04529476086018592,0.03489586265629448,0.03182113189595316,0.03722290657435996,0.02926147521011576
