,index,age,target_label,session_id,correct_or_not,target_label_prob,airplane_prob,bear_prob,bike_prob,bird_prob,boat_prob,bowl_prob,car_prob,cat_prob,chair_prob,couch_prob,cup_prob,dog_prob,fish_prob,frog_prob,house_prob,key_prob,person_prob,phone_prob,rabbit_prob,scissors_prob,sheep_prob,train_prob,tree_prob
0,1368,10,bird,run_v31531508396519,0.0,0.05179618267533591,0.04876988053525756,0.04020307876650326,0.04321757616462718,0.05179618267533591,0.04197385013524601,0.03892688245043943,0.044611491423804606,0.04140651884321695,0.03797780959188559,0.04342247876222537,0.03245966856693421,0.04190716974942497,0.04425611486878506,0.039520727709985416,0.04378345743652024,0.047014078044912616,0.039919709368826294,0.046581356891499295,0.04047232670343852,0.04138763245782672,0.047704434175588485,0.05033536879834988,0.05235220587936657
