,index,age,target_label,session_id,correct_or_not,target_label_prob,airplane_prob,bear_prob,bike_prob,bird_prob,boat_prob,bowl_prob,car_prob,cat_prob,chair_prob,couch_prob,cup_prob,dog_prob,fish_prob,frog_prob,house_prob,key_prob,person_prob,phone_prob,rabbit_prob,scissors_prob,sheep_prob,train_prob,tree_prob
0,5409,2,house,run_v31534104467272,1.0,0.06700232967383649,0.05465330944330044,0.044499149104520054,0.038028428677593755,0.049880323167601735,0.04943593634976667,0.03839574782658846,0.03530422687994279,0.037613474241560224,0.03240881982574984,0.044994298141816734,0.044025225723273706,0.04220534254570019,0.03831377366645268,0.040202428333190654,0.06700232967383649,0.040872578832210786,0.04374627041385439,0.03351948679536693,0.04320954093115017,0.0420488425893546,0.05037543636483103,0.0420985241318895,0.047166506340448305
