,index,age,target_label,session_id,correct_or_not,target_label_prob,airplane_prob,bear_prob,bike_prob,bird_prob,boat_prob,bowl_prob,car_prob,cat_prob,chair_prob,couch_prob,cup_prob,dog_prob,fish_prob,frog_prob,house_prob,key_prob,person_prob,phone_prob,rabbit_prob,scissors_prob,sheep_prob,train_prob,tree_prob
0,7784,4,sheep,run_v41541802235045,0.0,0.04881131651526126,0.044764107770870934,0.041201545392410756,0.05108669885027083,0.057278965086972666,0.04087849700626415,0.0431503228228148,0.036551840757482565,0.04405899775929375,0.037099679626395904,0.037404156834140403,0.042275861495337505,0.0485164684383282,0.043057030926693184,0.04455436271306247,0.039943991885425224,0.04720053328666915,0.03918982090072532,0.03722344939188388,0.03603375613902208,0.051758717156222024,0.04881131651526126,0.04150133115362744,0.046458548090825356
