,index,age,target_label,session_id,correct_or_not,target_label_prob,airplane_prob,bear_prob,bike_prob,bird_prob,boat_prob,bowl_prob,car_prob,cat_prob,chair_prob,couch_prob,cup_prob,dog_prob,fish_prob,frog_prob,house_prob,key_prob,person_prob,phone_prob,rabbit_prob,scissors_prob,sheep_prob,train_prob,tree_prob
0,6647,5,phone,run_v41540407511972,0.0,0.05000482910406759,0.03431145744078147,0.04784767370191607,0.035892822222679734,0.036153457222272964,0.039561985735654726,0.042166915721868925,0.035917355608711614,0.04305159285455893,0.05874353964197152,0.03996265236616089,0.04028411652115071,0.044543896484495915,0.03518574179385813,0.044976636422363506,0.03808006013742558,0.0410056077339321,0.053354583447924646,0.05000482910406759,0.04841400138684376,0.04121160900575197,0.04712308280713396,0.04237519626249204,0.05983118637598324
