,index,age,target_label,session_id,correct_or_not,target_label_prob,airplane_prob,bear_prob,bike_prob,bird_prob,boat_prob,bowl_prob,car_prob,cat_prob,chair_prob,couch_prob,cup_prob,dog_prob,fish_prob,frog_prob,house_prob,key_prob,person_prob,phone_prob,rabbit_prob,scissors_prob,sheep_prob,train_prob,tree_prob
0,3071,2,chair,run_v31530395947439,1.0,0.06901574686724797,0.04379674076047429,0.03954467884922786,0.04983656308660203,0.040596147384790865,0.045693498833987295,0.032124156166384185,0.049682910432035814,0.03658020150325333,0.06901574686724797,0.04219539795233523,0.05012349014313383,0.039081063459719935,0.040259047073374986,0.04096976328549001,0.05030117432186683,0.04152179853238006,0.0361457772607877,0.0447630243677505,0.03701163054949871,0.03874009828192333,0.038227180284424074,0.05126198669217288,0.042527923911138375
