,index,age,target_label,session_id,correct_or_not,target_label_prob,airplane_prob,bear_prob,bike_prob,bird_prob,boat_prob,bowl_prob,car_prob,cat_prob,chair_prob,couch_prob,cup_prob,dog_prob,fish_prob,frog_prob,house_prob,key_prob,person_prob,phone_prob,rabbit_prob,scissors_prob,sheep_prob,train_prob,tree_prob
0,1683,5,boat,run_v31534615862265,0.0,0.048943152810605295,0.03956838473358309,0.041849793198485474,0.04225650193199319,0.04173432488503877,0.048943152810605295,0.06972528746340849,0.045187313769756966,0.03722328159210726,0.04813751342099856,0.05320935750956108,0.03913453314388638,0.03907108243554689,0.042134425132570784,0.03554410752441764,0.03570291801961183,0.04275213506105025,0.04064249702530871,0.045801483206008645,0.03624974551923428,0.03888675080221489,0.038317134883245695,0.052226486071346376,0.04570178986001964
