,index,age,target_label,session_id,correct_or_not,target_label_prob,airplane_prob,bear_prob,bike_prob,bird_prob,boat_prob,bowl_prob,car_prob,cat_prob,chair_prob,couch_prob,cup_prob,dog_prob,fish_prob,frog_prob,house_prob,key_prob,person_prob,phone_prob,rabbit_prob,scissors_prob,sheep_prob,train_prob,tree_prob
0,8228,7,train,run_v41537138613105,0.0,0.062228801825779806,0.04813659614333737,0.03801391344939249,0.07584679689991156,0.04115566283024085,0.045329196820231905,0.030253094561634643,0.07173344968783706,0.038726572886848235,0.04834418906722801,0.05867837585534982,0.03287689569427036,0.04296456701347093,0.03906116158979885,0.035346563228335716,0.031124999414602384,0.03512146450602302,0.03879900816161752,0.034108416399133375,0.03332918720927279,0.04560260787603326,0.035460165985707746,0.062228801825779806,0.03775831289394234
