,index,age,target_label,session_id,correct_or_not,target_label_prob,airplane_prob,bear_prob,bike_prob,bird_prob,boat_prob,bowl_prob,car_prob,cat_prob,chair_prob,couch_prob,cup_prob,dog_prob,fish_prob,frog_prob,house_prob,key_prob,person_prob,phone_prob,rabbit_prob,scissors_prob,sheep_prob,train_prob,tree_prob
0,3002,7,cat,run_v41537051332236,0.0,0.04100121589383944,0.038612640541945104,0.03940859299321293,0.04672598634847965,0.04699838137793548,0.041933156507773135,0.03893101647339952,0.04848030844763836,0.04100121589383944,0.033818547750119075,0.04464772654416942,0.04691899920229123,0.039318799083686656,0.048618718030181175,0.04312116453880835,0.052869011134417616,0.04253677003104573,0.04275513151521603,0.047631920808194256,0.041509531393191065,0.04131015287103483,0.04249547738629798,0.04337464541942796,0.046982105707695065
