,index,age,target_label,session_id,correct_or_not,target_label_prob,airplane_prob,bear_prob,bike_prob,bird_prob,boat_prob,bowl_prob,car_prob,cat_prob,chair_prob,couch_prob,cup_prob,dog_prob,fish_prob,frog_prob,house_prob,key_prob,person_prob,phone_prob,rabbit_prob,scissors_prob,sheep_prob,train_prob,tree_prob
0,2274,5,car,run_v31534026736404,1.0,0.08284429108063948,0.048474218658652965,0.04464777296837711,0.052238871487118976,0.04589023351777705,0.042061041532342074,0.03444790094969601,0.08284429108063948,0.03793392247861934,0.04094263028779056,0.044328510308545246,0.03964174778821406,0.042657580537465656,0.043748420897599054,0.0407057006528029,0.03408009335231699,0.04284470008436393,0.03617539528107125,0.03599102084697582,0.042741529239866044,0.040485799934665584,0.04059786562033771,0.04386530412729843,0.04265544836746384
