,index,age,target_label,session_id,correct_or_not,target_label_prob,airplane_prob,bear_prob,bike_prob,bird_prob,boat_prob,bowl_prob,car_prob,cat_prob,chair_prob,couch_prob,cup_prob,dog_prob,fish_prob,frog_prob,house_prob,key_prob,person_prob,phone_prob,rabbit_prob,scissors_prob,sheep_prob,train_prob,tree_prob
0,4325,5,dog,run_v31532810188859,0.0,0.045607533374239305,0.046269569280566386,0.04404050296088051,0.04464155915983777,0.03820018875541795,0.04506953903381228,0.04569368855461577,0.05230564324118276,0.03914455303452605,0.04115338161988436,0.03927654616685653,0.04435513492983109,0.045607533374239305,0.050936168148558766,0.04813870076698599,0.04035262719431712,0.04040180386657702,0.04215023991852885,0.0394992791202256,0.047656708864652834,0.039067074430849176,0.038040960479403765,0.05009579217633634,0.037902804921913794
