,index,age,target_label,session_id,correct_or_not,target_label_prob,airplane_prob,bear_prob,bike_prob,bird_prob,boat_prob,bowl_prob,car_prob,cat_prob,chair_prob,couch_prob,cup_prob,dog_prob,fish_prob,frog_prob,house_prob,key_prob,person_prob,phone_prob,rabbit_prob,scissors_prob,sheep_prob,train_prob,tree_prob
0,1641,8,boat,run_v31533166611248,0.0,0.043033263847192936,0.05358210444995251,0.041919222436173985,0.04219710389198289,0.041343322602026084,0.043033263847192936,0.04035982628775262,0.03893854626214231,0.04136414230223148,0.050469957936844556,0.050735060703271134,0.041571816444535545,0.04126682152339346,0.04242348620333948,0.044710732960871684,0.04694062469592605,0.040695938581766185,0.041673482469703545,0.03898790466921079,0.037054194472929305,0.05621141505199309,0.04419841864363945,0.041951237000618,0.03837137656250296
