,index,age,target_label,session_id,correct_or_not,target_label_prob,airplane_prob,bear_prob,bike_prob,bird_prob,boat_prob,bowl_prob,car_prob,cat_prob,chair_prob,couch_prob,cup_prob,dog_prob,fish_prob,frog_prob,house_prob,key_prob,person_prob,phone_prob,rabbit_prob,scissors_prob,sheep_prob,train_prob,tree_prob
0,6451,5,phone,run_v31529527799264,1.0,0.07324309061334014,0.03907437579012668,0.05011562902932951,0.04079715338081909,0.03619612142446827,0.03863131244657229,0.047092025530820085,0.03781893667491114,0.04762992644701335,0.03486497854443693,0.03415236538966832,0.04046469190898526,0.044455158959205605,0.04837257848478027,0.04846292027897948,0.03995753873612839,0.05270124894449376,0.04268200408237269,0.07324309061334014,0.03846421797265556,0.03876563035329998,0.03750512706908724,0.04808114362190724,0.0404718243165989
