,index,age,target_label,session_id,correct_or_not,target_label_prob,airplane_prob,bear_prob,bike_prob,bird_prob,boat_prob,bowl_prob,car_prob,cat_prob,chair_prob,couch_prob,cup_prob,dog_prob,fish_prob,frog_prob,house_prob,key_prob,person_prob,phone_prob,rabbit_prob,scissors_prob,sheep_prob,train_prob,tree_prob
0,6183,3,person,run_v31533768861224,0.0,0.07331003701658666,0.03563467515705179,0.036605940046078284,0.04345507798876461,0.0439610644594057,0.03997390203888354,0.042795571880139875,0.03833232026553286,0.03730290058076218,0.07365087491336818,0.03869238031003338,0.042392383066846034,0.038373245858323,0.03994978966749107,0.035119651080487084,0.033184288170251576,0.053821337022269926,0.07331003701658666,0.033474608516192196,0.034192766490924904,0.046707577454452205,0.038181102276964196,0.033508696967805715,0.0673798087713851
