,index,age,target_label,session_id,correct_or_not,target_label_prob,airplane_prob,bear_prob,bike_prob,bird_prob,boat_prob,bowl_prob,car_prob,cat_prob,chair_prob,couch_prob,cup_prob,dog_prob,fish_prob,frog_prob,house_prob,key_prob,person_prob,phone_prob,rabbit_prob,scissors_prob,sheep_prob,train_prob,tree_prob
0,1736,6,boat,run_v31533065061260,1.0,0.07289666288628384,0.05737434253855622,0.037457672964545684,0.05533582404897755,0.04492623276529034,0.07289666288628384,0.04624690160647208,0.03786420424044607,0.04274240344038749,0.04037297279087068,0.03898155236199586,0.03689642500226917,0.0434858303390495,0.04394323542059305,0.03971936392596673,0.03829876138150263,0.039930508180385266,0.04417363869462849,0.032069335560510004,0.039252781038565,0.046994089013335655,0.04013690603895637,0.04235547944537226,0.038544876315040194
