,index,age,target_label,session_id,correct_or_not,target_label_prob,airplane_prob,bear_prob,bike_prob,bird_prob,boat_prob,bowl_prob,car_prob,cat_prob,chair_prob,couch_prob,cup_prob,dog_prob,fish_prob,frog_prob,house_prob,key_prob,person_prob,phone_prob,rabbit_prob,scissors_prob,sheep_prob,train_prob,tree_prob
0,1066,3,bike,run_v31531852627290,1.0,0.07674411790611321,0.0519212181666511,0.04136935705864747,0.07674411790611321,0.03928917888889616,0.04393030451263569,0.036357289786860175,0.06645907774292345,0.04272065622390099,0.038194938134340196,0.027712093799534432,0.03875195397157982,0.03942471398044749,0.04155964811109087,0.03402080482654493,0.042455892547080515,0.047280801094679935,0.039366118546175784,0.037409008768630306,0.03598699793353265,0.03796330280404861,0.03892509321071516,0.06161166425594011,0.040545767729030735
