,index,age,target_label,session_id,correct_or_not,target_label_prob,airplane_prob,bear_prob,bike_prob,bird_prob,boat_prob,bowl_prob,car_prob,cat_prob,chair_prob,couch_prob,cup_prob,dog_prob,fish_prob,frog_prob,house_prob,key_prob,person_prob,phone_prob,rabbit_prob,scissors_prob,sheep_prob,train_prob,tree_prob
0,2381,4,car,run_v31535740489930,0.0,0.055470008194545124,0.03705048658081226,0.03873638060536462,0.04710835962938021,0.03899663441982367,0.044572769343588226,0.05926427958283079,0.055470008194545124,0.040249187983779786,0.036493671076816746,0.05025168726366024,0.06550657215915205,0.03869077179868334,0.039495311190687964,0.038780890048101764,0.033933030977550314,0.043854761662636486,0.035051111863009264,0.0501923766449216,0.0393056636174002,0.04111595654741895,0.03973131360992781,0.05264442796000708,0.03350434723990173
