,index,age,target_label,session_id,correct_or_not,target_label_prob,airplane_prob,bear_prob,bike_prob,bird_prob,boat_prob,bowl_prob,car_prob,cat_prob,chair_prob,couch_prob,cup_prob,dog_prob,fish_prob,frog_prob,house_prob,key_prob,person_prob,phone_prob,rabbit_prob,scissors_prob,sheep_prob,train_prob,tree_prob
0,5088,5,frog,run_v41537731511716,0.0,0.04254746803857127,0.04018895965221941,0.043135074888557064,0.044167190217306945,0.042783872613563104,0.03260847748531264,0.03620354143440195,0.042866374357751966,0.04190265775563035,0.039334003324289504,0.047799581035865395,0.05197108406370805,0.041513193559286676,0.04103350622324155,0.04254746803857127,0.058735607424736325,0.03686031628613229,0.034327155453916354,0.052719452224893916,0.042765415426715074,0.047937115779630446,0.043766396952107094,0.04640860572926025,0.04842495007290252
