,index,age,target_label,session_id,correct_or_not,target_label_prob,airplane_prob,bear_prob,bike_prob,bird_prob,boat_prob,bowl_prob,car_prob,cat_prob,chair_prob,couch_prob,cup_prob,dog_prob,fish_prob,frog_prob,house_prob,key_prob,person_prob,phone_prob,rabbit_prob,scissors_prob,sheep_prob,train_prob,tree_prob
0,7102,8,rabbit,run_v31528492236649,0.0,0.057847611330512035,0.03891953864360083,0.05785334120865967,0.06311555519602365,0.04259785162066281,0.04111606384091692,0.036168586126400996,0.04754046669447673,0.05200214403091319,0.037426884108203023,0.03674220285044781,0.03811325136812519,0.05125531970745486,0.03419454492716107,0.046272371805685726,0.04198259677477609,0.036387257112819114,0.03644862312899351,0.03549703146111197,0.057847611330512035,0.039596937090364055,0.04619844959159513,0.043736253752220094,0.03898711762887554
