,index,age,target_label,session_id,correct_or_not,target_label_prob,airplane_prob,bear_prob,bike_prob,bird_prob,boat_prob,bowl_prob,car_prob,cat_prob,chair_prob,couch_prob,cup_prob,dog_prob,fish_prob,frog_prob,house_prob,key_prob,person_prob,phone_prob,rabbit_prob,scissors_prob,sheep_prob,train_prob,tree_prob
0,1461,5,bird,run_v31527982528073,0.0,0.05045653225130258,0.04660156623591828,0.04228256445708932,0.04050266024487877,0.05045653225130258,0.04610263074269058,0.047022884343274694,0.04548974905417984,0.05329734070040603,0.03811055434131785,0.03645717782795922,0.04768703075834283,0.04663673454485494,0.059423123484107894,0.045503995825141995,0.041200646049239176,0.03003023774302694,0.05095240447844671,0.02117781529595946,0.03677150488744406,0.042227406689303644,0.0569252018763497,0.04087842495261505,0.03426181321615043
