,index,age,target_label,session_id,correct_or_not,target_label_prob,airplane_prob,bear_prob,bike_prob,bird_prob,boat_prob,bowl_prob,car_prob,cat_prob,chair_prob,couch_prob,cup_prob,dog_prob,fish_prob,frog_prob,house_prob,key_prob,person_prob,phone_prob,rabbit_prob,scissors_prob,sheep_prob,train_prob,tree_prob
0,6344,3,person,run_v31532553380548,0.0,0.052562119223663224,0.03946743635807248,0.03920483041427544,0.03908059600772844,0.04216981718002113,0.04368558250810835,0.03525802388538757,0.041792895679882286,0.03619612494403033,0.028914471878762144,0.038094222362254446,0.04264191857427633,0.04642542827102742,0.04976521462783341,0.03761495985282118,0.042267767651052016,0.05246168607773573,0.052562119223663224,0.05056799506443599,0.03606108960803193,0.04677993365489065,0.04475302991160449,0.048135480473858724,0.06609937579024629
