,index,age,target_label,session_id,correct_or_not,target_label_prob,airplane_prob,bear_prob,bike_prob,bird_prob,boat_prob,bowl_prob,car_prob,cat_prob,chair_prob,couch_prob,cup_prob,dog_prob,fish_prob,frog_prob,house_prob,key_prob,person_prob,phone_prob,rabbit_prob,scissors_prob,sheep_prob,train_prob,tree_prob
0,5460,7,house,run_v31534532877198,1.0,0.0597729820192811,0.0457125713623295,0.038893768050304305,0.04114195358573369,0.04186983511807224,0.057652552662044686,0.03650268882484305,0.04464602349152508,0.04022999741448501,0.03991248175267446,0.04824300490206311,0.049938334959132386,0.03740267161577462,0.04277765583561803,0.039397478033866395,0.0597729820192811,0.04062573295461385,0.03864284758522281,0.051881065217700445,0.04076324292217143,0.03610125793175157,0.038246837058073885,0.04737380712736655,0.04227120957535193
