,index,age,target_label,session_id,correct_or_not,target_label_prob,airplane_prob,bear_prob,bike_prob,bird_prob,boat_prob,bowl_prob,car_prob,cat_prob,chair_prob,couch_prob,cup_prob,dog_prob,fish_prob,frog_prob,house_prob,key_prob,person_prob,phone_prob,rabbit_prob,scissors_prob,sheep_prob,train_prob,tree_prob
0,2664,4,cat,run_v41539985570761,0.0,0.049146600757432365,0.05041293771860948,0.052362379322594396,0.049008035808660734,0.04609851916315375,0.03591012896186329,0.03671321909424269,0.05596077534414742,0.049146600757432365,0.03683672095992913,0.03788630951190499,0.04692492996328162,0.04828456534322138,0.03934202250649592,0.044222985832662674,0.04257929627944085,0.0372680050418789,0.03271011720544373,0.03640077726539881,0.05342891819742797,0.041743351559210495,0.042675749539689146,0.0454753028214152,0.03860835180189524
