,index,age,target_label,session_id,correct_or_not,target_label_prob,airplane_prob,bear_prob,bike_prob,bird_prob,boat_prob,bowl_prob,car_prob,cat_prob,chair_prob,couch_prob,cup_prob,dog_prob,fish_prob,frog_prob,house_prob,key_prob,person_prob,phone_prob,rabbit_prob,scissors_prob,sheep_prob,train_prob,tree_prob
0,2658,6,cat,run_v41541363464430,0.0,0.05201541783894511,0.046336520455126436,0.04354353898183218,0.04038902243132228,0.045488876990919434,0.044297671248206584,0.03768891618570066,0.03732130247147849,0.05201541783894511,0.040363135677669394,0.042659239416444054,0.04445172702764591,0.04746214206258544,0.05452639760721182,0.04923234871652863,0.042445062215265825,0.042386098441060505,0.042951926205068706,0.038736982506051176,0.04471019089806863,0.044414719523440054,0.04596480332397356,0.038802312533567786,0.03381164724188733
