,index,age,target_label,session_id,correct_or_not,target_label_prob,airplane_prob,bear_prob,bike_prob,bird_prob,boat_prob,bowl_prob,car_prob,cat_prob,chair_prob,couch_prob,cup_prob,dog_prob,fish_prob,frog_prob,house_prob,key_prob,person_prob,phone_prob,rabbit_prob,scissors_prob,sheep_prob,train_prob,tree_prob
0,4771,4,fish,run_v31533426757522,0.0,0.04503493481697018,0.039528368054607584,0.041261536267259584,0.0501818646982088,0.046718585762855015,0.04375473216733266,0.039122195150096725,0.05930529573149643,0.040580617456607355,0.04179054919777773,0.049963453536515906,0.03849080315967914,0.0476474782527786,0.04503493481697018,0.04436691985041291,0.03560841950075745,0.04497919385842439,0.041062764990407244,0.037196336982934355,0.036515046933098996,0.040754381367729124,0.046642018184446896,0.04862336147297857,0.04087114260662438
