,index,age,target_label,session_id,correct_or_not,target_label_prob,airplane_prob,bear_prob,bike_prob,bird_prob,boat_prob,bowl_prob,car_prob,cat_prob,chair_prob,couch_prob,cup_prob,dog_prob,fish_prob,frog_prob,house_prob,key_prob,person_prob,phone_prob,rabbit_prob,scissors_prob,sheep_prob,train_prob,tree_prob
0,5254,8,frog,run_v41541886932512,0.0,0.04391024259797389,0.03836985047139773,0.044622875366537015,0.051079049916942725,0.040238074916213895,0.04400526889615597,0.030059541846383212,0.0636116182621531,0.04479672138962562,0.03699134921962017,0.04063270178328813,0.038093207003584054,0.04581164841946387,0.04624857249920144,0.04391024259797389,0.03500194857030207,0.03715720015413979,0.04047258969816983,0.03402718385041409,0.045935935618960116,0.042358904144261446,0.049166477530391106,0.054398294792385685,0.05301074305243487
