,index,age,target_label,session_id,correct_or_not,target_label_prob,airplane_prob,bear_prob,bike_prob,bird_prob,boat_prob,bowl_prob,car_prob,cat_prob,chair_prob,couch_prob,cup_prob,dog_prob,fish_prob,frog_prob,house_prob,key_prob,person_prob,phone_prob,rabbit_prob,scissors_prob,sheep_prob,train_prob,tree_prob
0,4521,2,dog,run_v31534711480577,1.0,0.05401991458727934,0.04302001467584569,0.05154754952144084,0.04202376943303265,0.044547583254666956,0.03738862117495674,0.03684704261768699,0.038927251120947214,0.05120919107273843,0.03722444724942618,0.04372427830777272,0.04256242518295492,0.05401991458727934,0.046194821398857874,0.05111828065393513,0.034837258096319705,0.03933844491554369,0.052354053558471406,0.03493925912170992,0.03814976530589646,0.04163919469900017,0.0467341663746887,0.04646634834778059,0.045186319329047875
