,index,age,target_label,session_id,correct_or_not,target_label_prob,airplane_prob,bear_prob,bike_prob,bird_prob,boat_prob,bowl_prob,car_prob,cat_prob,chair_prob,couch_prob,cup_prob,dog_prob,fish_prob,frog_prob,house_prob,key_prob,person_prob,phone_prob,rabbit_prob,scissors_prob,sheep_prob,train_prob,tree_prob
0,2428,2,car,run_v31534617102179,0.0,0.07212174241458116,0.04185769199251312,0.034445775989405215,0.08293682188909857,0.03338896016911888,0.04215384856894508,0.03798974548186407,0.07212174241458116,0.032444700404526315,0.04376160010141588,0.07095415992556846,0.04283152685968511,0.03791604895984694,0.0387165380122306,0.03312074909271879,0.03365872493328725,0.03957823571761113,0.035311206478740684,0.03961076332867231,0.03237688272178175,0.036565520414247515,0.030450035342312626,0.07178336133373663,0.036025359868091925
