,index,age,target_label,session_id,correct_or_not,target_label_prob,airplane_prob,bear_prob,bike_prob,bird_prob,boat_prob,bowl_prob,car_prob,cat_prob,chair_prob,couch_prob,cup_prob,dog_prob,fish_prob,frog_prob,house_prob,key_prob,person_prob,phone_prob,rabbit_prob,scissors_prob,sheep_prob,train_prob,tree_prob
0,8314,7,train,run_v41541875405974,0.0,0.05170897222849601,0.038712506584763696,0.0430023386622153,0.042668114275089285,0.0362918945702333,0.04753639201236383,0.04527462944999958,0.05261787564909046,0.04216778745025566,0.0410332047202076,0.062091526295042,0.04208828562127303,0.042134200971191194,0.0454961072971416,0.037273809918847295,0.05478878517636431,0.0376127779487842,0.03838875356818853,0.04194967940928774,0.03937394053799123,0.03865837480000685,0.03645951899876041,0.05170897222849601,0.04267052385440688
