,index,age,target_label,session_id,correct_or_not,target_label_prob,airplane_prob,bear_prob,bike_prob,bird_prob,boat_prob,bowl_prob,car_prob,cat_prob,chair_prob,couch_prob,cup_prob,dog_prob,fish_prob,frog_prob,house_prob,key_prob,person_prob,phone_prob,rabbit_prob,scissors_prob,sheep_prob,train_prob,tree_prob
0,6110,3,person,run_v31534882246884,1.0,0.06032042797176124,0.04192996257169674,0.04849880015990656,0.03590787449940117,0.041361230443137234,0.04020220048175072,0.04124277017750543,0.042594218751082304,0.04676673727806706,0.035570895985597636,0.036426728017364025,0.04002082783553234,0.04766397725713125,0.0574164081681109,0.0501637594753279,0.03677737379697109,0.041348843357263076,0.06032042797176124,0.0494951539334481,0.04183333846176332,0.04261651154965856,0.038861369801267275,0.040363290989795325,0.04261729903646081
