,index,age,target_label,session_id,correct_or_not,target_label_prob,airplane_prob,bear_prob,bike_prob,bird_prob,boat_prob,bowl_prob,car_prob,cat_prob,chair_prob,couch_prob,cup_prob,dog_prob,fish_prob,frog_prob,house_prob,key_prob,person_prob,phone_prob,rabbit_prob,scissors_prob,sheep_prob,train_prob,tree_prob
0,3459,9,couch,run_v31530651505372,0.0,0.04973648020051229,0.04669989571886397,0.045212005481536456,0.033775397197898356,0.04245322656580793,0.05558170118523374,0.046409144080740566,0.03450614728335888,0.042278619254693485,0.033393809674962964,0.04973648020051229,0.053218134578483275,0.04034191305964939,0.04084635500968645,0.04216823445759135,0.0625774804743247,0.0382443031014384,0.03337240798736615,0.05671830734601021,0.0462747518461524,0.0411256594177074,0.04042730575656215,0.03785407220723864,0.03678464811418091
