,index,age,target_label,session_id,correct_or_not,target_label_prob,airplane_prob,bear_prob,bike_prob,bird_prob,boat_prob,bowl_prob,car_prob,cat_prob,chair_prob,couch_prob,cup_prob,dog_prob,fish_prob,frog_prob,house_prob,key_prob,person_prob,phone_prob,rabbit_prob,scissors_prob,sheep_prob,train_prob,tree_prob
0,7543,6,scissors,run_v41541621494644,0.0,0.049629871029470585,0.04834289332689584,0.04998344156284287,0.03853860044425244,0.04249405154179261,0.03287430169550608,0.03761887544783398,0.041553885639976154,0.04186896352782793,0.042356161871347414,0.047170196920282126,0.04867403375966296,0.043451915111840954,0.03806627610705814,0.04377870110578519,0.03251934954694613,0.0448362376692435,0.03640102287636742,0.04503392719675937,0.055237142145774853,0.049629871029470585,0.043578274119265875,0.04194965307788075,0.05404222427538698
