,index,age,target_label,session_id,correct_or_not,target_label_prob,airplane_prob,bear_prob,bike_prob,bird_prob,boat_prob,bowl_prob,car_prob,cat_prob,chair_prob,couch_prob,cup_prob,dog_prob,fish_prob,frog_prob,house_prob,key_prob,person_prob,phone_prob,rabbit_prob,scissors_prob,sheep_prob,train_prob,tree_prob
0,853,3,bike,run_v31529703215425,0.0,0.03971108532351963,0.05998494282626219,0.04187573553628282,0.03971108532351963,0.05056470304578778,0.04325617706316822,0.032000324233865236,0.04577378437089912,0.04674290433493098,0.048584300531691105,0.03592394143388576,0.034983422704328276,0.041396456431547615,0.05340747744286413,0.04193367098703386,0.03733127299943609,0.039443061457766444,0.04295430706634225,0.04719594751901162,0.04348368662700097,0.04393286162049721,0.04282806503052717,0.044554805223161055,0.04213706619019052
