,index,age,target_label,session_id,correct_or_not,target_label_prob,airplane_prob,bear_prob,bike_prob,bird_prob,boat_prob,bowl_prob,car_prob,cat_prob,chair_prob,couch_prob,cup_prob,dog_prob,fish_prob,frog_prob,house_prob,key_prob,person_prob,phone_prob,rabbit_prob,scissors_prob,sheep_prob,train_prob,tree_prob
0,182,10,airplane,run_v31531611702316,0.0,0.034505527745205725,0.034505527745205725,0.04389200835108298,0.046364749175225574,0.038963080912182035,0.04409548758931962,0.04836418257304807,0.033463648725235925,0.04739999801843695,0.05140293143981008,0.04040663235575574,0.03845311911854051,0.04756122573714817,0.035573132741590116,0.04285384003289492,0.03684808055073761,0.034645581369049605,0.04746167115047137,0.0526581116916607,0.041768460688629924,0.03859837319225614,0.05477179036698988,0.046973749824146184,0.052974616650582
