,index,age,target_label,session_id,correct_or_not,target_label_prob,airplane_prob,bear_prob,bike_prob,bird_prob,boat_prob,bowl_prob,car_prob,cat_prob,chair_prob,couch_prob,cup_prob,dog_prob,fish_prob,frog_prob,house_prob,key_prob,person_prob,phone_prob,rabbit_prob,scissors_prob,sheep_prob,train_prob,tree_prob
0,481,6,bear,run_v41541369283996,0.0,0.05055218835715171,0.03527514780652883,0.05055218835715171,0.033189844122505745,0.05012072007728213,0.03511010273543589,0.03995823518744378,0.033479781072931966,0.055172522403505384,0.0438708322674636,0.04544261723465676,0.04825818526297838,0.05298847165270077,0.051346658711992586,0.04876955523548551,0.033308699928918356,0.044489283672529356,0.052437329559651726,0.034740745404408344,0.03896012689542801,0.044813660260959794,0.05269622977338394,0.034344854977041046,0.04067420739961645
