,index,age,target_label,session_id,correct_or_not,target_label_prob,airplane_prob,bear_prob,bike_prob,bird_prob,boat_prob,bowl_prob,car_prob,cat_prob,chair_prob,couch_prob,cup_prob,dog_prob,fish_prob,frog_prob,house_prob,key_prob,person_prob,phone_prob,rabbit_prob,scissors_prob,sheep_prob,train_prob,tree_prob
0,6806,3,rabbit,run_v31530728287403,0.0,0.048685167777652166,0.03397369596247709,0.045868913295816126,0.047897825702649895,0.043601166135458565,0.045870928542659895,0.04013389189497352,0.03935953789617157,0.03729708775303078,0.03973093676906277,0.048604873113485214,0.04243257326747721,0.0404713015314355,0.03849206427622067,0.04692352263281633,0.03866432419379828,0.041637163569694165,0.045513954286835245,0.04169506134583723,0.048685167777652166,0.052784120139314515,0.03979728862500128,0.045123156285315394,0.05544144500281669
