,index,age,target_label,session_id,correct_or_not,target_label_prob,airplane_prob,bear_prob,bike_prob,bird_prob,boat_prob,bowl_prob,car_prob,cat_prob,chair_prob,couch_prob,cup_prob,dog_prob,fish_prob,frog_prob,house_prob,key_prob,person_prob,phone_prob,rabbit_prob,scissors_prob,sheep_prob,train_prob,tree_prob
0,8155,5,train,run_v41540333366516,1.0,0.06915535337344397,0.029631019978909746,0.04030694029943989,0.04857687137813927,0.04302092995454519,0.04080321100269594,0.04259540583959238,0.04326954058409444,0.04178153678274798,0.046613716631554974,0.05783837356005512,0.03399032409474602,0.045444868867174554,0.0372057263676135,0.03805896536917563,0.06523967958400362,0.042762274913500604,0.04167393143244593,0.036285772036449795,0.04182024715974845,0.03647559058122136,0.03627115537153169,0.06915535337344397,0.04117856483716981
