,index,age,target_label,session_id,correct_or_not,target_label_prob,airplane_prob,bear_prob,bike_prob,bird_prob,boat_prob,bowl_prob,car_prob,cat_prob,chair_prob,couch_prob,cup_prob,dog_prob,fish_prob,frog_prob,house_prob,key_prob,person_prob,phone_prob,rabbit_prob,scissors_prob,sheep_prob,train_prob,tree_prob
0,2985,3,cat,run_v41541882639925,0.0,0.05005462439377259,0.04052520191371298,0.04862252647992369,0.04144297398068261,0.048564995600826846,0.035059877959319835,0.03770630640411333,0.0393144435448299,0.05005462439377259,0.03863803799319583,0.03948681297084624,0.03870506434685552,0.04385925246537894,0.040099404335842415,0.04910995887347431,0.03899304213374257,0.039630602022378274,0.05637279449494721,0.04547569503485198,0.04223134712689032,0.04317001513964208,0.053264326194590636,0.0419878315957724,0.047684864994409354
