,index,age,target_label,session_id,correct_or_not,target_label_prob,airplane_prob,bear_prob,bike_prob,bird_prob,boat_prob,bowl_prob,car_prob,cat_prob,chair_prob,couch_prob,cup_prob,dog_prob,fish_prob,frog_prob,house_prob,key_prob,person_prob,phone_prob,rabbit_prob,scissors_prob,sheep_prob,train_prob,tree_prob
0,2754,6,cat,run_v41541878816184,0.0,0.040743693733127154,0.053725796508240976,0.041533790993374585,0.04290736163973432,0.0386036675728593,0.040322267710800254,0.038250314956724075,0.054290190847042445,0.040743693733127154,0.05121434959686537,0.07069366008396423,0.03884995600500751,0.04727628390147772,0.042074416426171046,0.03785155381621923,0.0416742415382987,0.03961347746183143,0.039369532767914356,0.027024864490140917,0.04200247289003603,0.03561129531485815,0.044868596595089655,0.049309704613195664,0.04218851053702705
