,index,age,target_label,session_id,correct_or_not,target_label_prob,airplane_prob,bear_prob,bike_prob,bird_prob,boat_prob,bowl_prob,car_prob,cat_prob,chair_prob,couch_prob,cup_prob,dog_prob,fish_prob,frog_prob,house_prob,key_prob,person_prob,phone_prob,rabbit_prob,scissors_prob,sheep_prob,train_prob,tree_prob
0,2238,4,bowl,run_v31531858496244,1.0,0.06713495163184029,0.035885683583649804,0.04176073883717695,0.03201672208689422,0.03837765807768455,0.05131597484129957,0.06713495163184029,0.055996295246094,0.033232808323267374,0.04191745931251441,0.0528554424022427,0.035814657784568486,0.040045303731859896,0.04982907174940995,0.03716058888394098,0.039094352845056225,0.04346573252429363,0.04355205116455841,0.04368616985440127,0.03808268752297032,0.046727253244917846,0.04005571079798921,0.045892166354356764,0.04610051919901318
