,index,age,target_label,session_id,correct_or_not,target_label_prob,airplane_prob,bear_prob,bike_prob,bird_prob,boat_prob,bowl_prob,car_prob,cat_prob,chair_prob,couch_prob,cup_prob,dog_prob,fish_prob,frog_prob,house_prob,key_prob,person_prob,phone_prob,rabbit_prob,scissors_prob,sheep_prob,train_prob,tree_prob
0,1110,10,bike,run_v31529019290226,1.0,0.09659814901551936,0.049517978596677975,0.03914492347846384,0.09659814901551936,0.041966078571159735,0.04416121072176492,0.03703108191430053,0.04665331779684718,0.0404901580899596,0.03660258388131923,0.04231174748885847,0.035255618654217884,0.04484384261974259,0.04444968900938316,0.0418764464417281,0.035970650986765905,0.038850222973259206,0.04086735631643282,0.034892196987043905,0.04233635202396081,0.04162571278703244,0.04101885954501889,0.04622738711580543,0.03730843498473795
