,index,age,target_label,session_id,correct_or_not,target_label_prob,airplane_prob,bear_prob,bike_prob,bird_prob,boat_prob,bowl_prob,car_prob,cat_prob,chair_prob,couch_prob,cup_prob,dog_prob,fish_prob,frog_prob,house_prob,key_prob,person_prob,phone_prob,rabbit_prob,scissors_prob,sheep_prob,train_prob,tree_prob
0,866,10,bike,run_v31531952560214,1.0,0.10488877876310998,0.03570982775210745,0.03681402973431879,0.10488877876310998,0.030737382071867925,0.034085669372829086,0.06271845035653507,0.05589917334864898,0.0433167361026741,0.052656718997099235,0.040332524912902255,0.04604663532550389,0.0430505263479285,0.027595357889340442,0.036948490388808514,0.020177862252673696,0.04366745072007765,0.036029911198192814,0.03893028054004934,0.04027799197033829,0.035415020989677366,0.03597984958612911,0.060613834151704536,0.038107497227483106
