,index,age,target_label,session_id,correct_or_not,target_label_prob,airplane_prob,bear_prob,bike_prob,bird_prob,boat_prob,bowl_prob,car_prob,cat_prob,chair_prob,couch_prob,cup_prob,dog_prob,fish_prob,frog_prob,house_prob,key_prob,person_prob,phone_prob,rabbit_prob,scissors_prob,sheep_prob,train_prob,tree_prob
0,5390,7,house,run_v31533165861944,1.0,0.07691627628021096,0.03597702997252951,0.039045914357415695,0.04030341566673509,0.04010108057517802,0.05567417639566566,0.03440013427092311,0.041770142876775856,0.03657503345128546,0.032922609362685706,0.044782315713855055,0.048522345521891885,0.039763515539650116,0.04118757457447652,0.04240501292277848,0.07691627628021096,0.041466349317529134,0.049743226542907415,0.04943157735031013,0.03959185057574434,0.04090020325088101,0.0406961654106993,0.04277951448962986,0.04504453558024172
