,index,age,target_label,session_id,correct_or_not,target_label_prob,airplane_prob,bear_prob,bike_prob,bird_prob,boat_prob,bowl_prob,car_prob,cat_prob,chair_prob,couch_prob,cup_prob,dog_prob,fish_prob,frog_prob,house_prob,key_prob,person_prob,phone_prob,rabbit_prob,scissors_prob,sheep_prob,train_prob,tree_prob
0,7969,6,train,run_v41541184498105,0.0,0.04597806941099749,0.04580623029033572,0.038961718491578166,0.04721225389103521,0.04017427348354585,0.05123529202931268,0.05098173597154988,0.05345868839024599,0.04784830345787052,0.03662096422287781,0.04423657457586358,0.04123246779192808,0.04358765896744475,0.05907134920459846,0.04195350703272779,0.046712840886053826,0.03759395830667559,0.040911741344703365,0.03741062028042177,0.04380729313763259,0.033286119739078766,0.03877269779882477,0.04597806941099749,0.03314564129469706
