,index,age,target_label,session_id,correct_or_not,target_label_prob,airplane_prob,bear_prob,bike_prob,bird_prob,boat_prob,bowl_prob,car_prob,cat_prob,chair_prob,couch_prob,cup_prob,dog_prob,fish_prob,frog_prob,house_prob,key_prob,person_prob,phone_prob,rabbit_prob,scissors_prob,sheep_prob,train_prob,tree_prob
0,2557,4,car,run_v31533507748485,0.0,0.054015841874197494,0.04425812395066101,0.059495042982112945,0.045410969846904896,0.040405611230799776,0.04430647263590015,0.041463561288216474,0.054015841874197494,0.040084632667477554,0.04124783339430492,0.03899702292576076,0.03092000364833792,0.041938052549949784,0.04015055463541346,0.044916314163823655,0.039048215502885134,0.04388217804580882,0.04813583681694309,0.04186962974008249,0.05128316339248136,0.0454489854008724,0.03494934527810481,0.04249046359753368,0.0452821444314273
