,index,age,target_label,session_id,correct_or_not,target_label_prob,airplane_prob,bear_prob,bike_prob,bird_prob,boat_prob,bowl_prob,car_prob,cat_prob,chair_prob,couch_prob,cup_prob,dog_prob,fish_prob,frog_prob,house_prob,key_prob,person_prob,phone_prob,rabbit_prob,scissors_prob,sheep_prob,train_prob,tree_prob
0,5689,3,key,run_v41540063191685,0.0,0.03538881531619165,0.04151588322388196,0.046969192058036915,0.04115784376509042,0.04833137895337239,0.04210473391435489,0.04458315722035792,0.033020821699680805,0.053963266682194526,0.03889337068597415,0.03829332337606277,0.042880669815647636,0.05364619846175597,0.04284352748454386,0.043915593799829615,0.038751458845814525,0.03538881531619165,0.03763899207840837,0.034833113987442224,0.05452936540424098,0.0527773474714893,0.048788447051394394,0.04396810245993508,0.04120539624429956
