,index,age,target_label,session_id,correct_or_not,target_label_prob,airplane_prob,bear_prob,bike_prob,bird_prob,boat_prob,bowl_prob,car_prob,cat_prob,chair_prob,couch_prob,cup_prob,dog_prob,fish_prob,frog_prob,house_prob,key_prob,person_prob,phone_prob,rabbit_prob,scissors_prob,sheep_prob,train_prob,tree_prob
0,3584,7,couch,run_v31528838399095,1.0,0.07223511156480333,0.038804668796462424,0.04047115101370271,0.04470555766132596,0.03882458544167177,0.03547153524581159,0.04781400645930753,0.0468095005025806,0.0437120727123976,0.04348951768940591,0.07223511156480333,0.033035154720820144,0.04696712920982397,0.04041318612718769,0.04003528750342799,0.03733107787511693,0.035320048701543455,0.03923697428686866,0.0629746267347963,0.040117604183362895,0.033848835172958995,0.042311598304221126,0.061009834076752346,0.03506093601565004
