,index,age,target_label,session_id,correct_or_not,target_label_prob,airplane_prob,bear_prob,bike_prob,bird_prob,boat_prob,bowl_prob,car_prob,cat_prob,chair_prob,couch_prob,cup_prob,dog_prob,fish_prob,frog_prob,house_prob,key_prob,person_prob,phone_prob,rabbit_prob,scissors_prob,sheep_prob,train_prob,tree_prob
0,2701,7,cat,run_v41536518758194,0.0,0.04841258626052101,0.035018160438806574,0.03661421053852043,0.03390253702458376,0.049689454827767224,0.04455982261182606,0.03801137918832946,0.04465748105770342,0.04841258626052101,0.04435507275412654,0.04236096739805764,0.04091240585863396,0.052478408524818,0.04462365969299762,0.04281675154900922,0.04544512595029689,0.05349685612399323,0.04728250379874202,0.04661489188908249,0.04998829636498102,0.036972807749054225,0.048749751870431936,0.03917006778600585,0.03386680074171126
