,index,age,target_label,session_id,correct_or_not,target_label_prob,airplane_prob,bear_prob,bike_prob,bird_prob,boat_prob,bowl_prob,car_prob,cat_prob,chair_prob,couch_prob,cup_prob,dog_prob,fish_prob,frog_prob,house_prob,key_prob,person_prob,phone_prob,rabbit_prob,scissors_prob,sheep_prob,train_prob,tree_prob
0,7244,4,scissors,run_v41538852792832,1.0,0.06665726933293306,0.04780141399044738,0.0391507195960731,0.04396763056561004,0.03987616373594781,0.04881796483598112,0.04328766133274639,0.046380508824300025,0.03734669086539755,0.038857960598859626,0.038052617350141385,0.04522592084432102,0.03824223377525141,0.04261732707634558,0.04144060402362398,0.03647030536781077,0.049169634736112834,0.041165817374699196,0.0477251861976798,0.04283062311851402,0.06665726933293306,0.04098653972074908,0.04436326289743471,0.0395659438390201
