,index,age,target_label,session_id,correct_or_not,target_label_prob,airplane_prob,bear_prob,bike_prob,bird_prob,boat_prob,bowl_prob,car_prob,cat_prob,chair_prob,couch_prob,cup_prob,dog_prob,fish_prob,frog_prob,house_prob,key_prob,person_prob,phone_prob,rabbit_prob,scissors_prob,sheep_prob,train_prob,tree_prob
0,6138,3,person,run_v31534796290724,0.0,0.05894922278831022,0.037022497995359005,0.04348406763180446,0.04184433801148345,0.03961761004060578,0.03541466683852034,0.03651420524398145,0.04195887963845429,0.035483753633211136,0.044832862786439144,0.04159267025532586,0.042162797063074596,0.03953851096688679,0.03749045804676262,0.04100375832802449,0.05581416997381126,0.04375861108708249,0.05894922278831022,0.048331154594239686,0.03850524426720628,0.04009218761212623,0.0362741711702427,0.045861588782641086,0.07445257324440668
