,index,age,target_label,session_id,correct_or_not,target_label_prob,airplane_prob,bear_prob,bike_prob,bird_prob,boat_prob,bowl_prob,car_prob,cat_prob,chair_prob,couch_prob,cup_prob,dog_prob,fish_prob,frog_prob,house_prob,key_prob,person_prob,phone_prob,rabbit_prob,scissors_prob,sheep_prob,train_prob,tree_prob
0,2709,7,cat,run_v41539885875694,0.0,0.040742932915686,0.03292598256680811,0.03762609381511931,0.03605385665946123,0.03854174790031538,0.034288523380997624,0.039226307063542534,0.032899193793647336,0.040742932915686,0.09196407073851982,0.07407969736530916,0.038293878618306444,0.04703514054006408,0.03221615049588799,0.03695700116107522,0.043946874369162225,0.03992545014460013,0.03503568808275137,0.03336490324692194,0.035786656150114886,0.032187669279272794,0.05016958452985694,0.05533080865450372,0.061401788528075936
