,index,age,target_label,session_id,correct_or_not,target_label_prob,airplane_prob,bear_prob,bike_prob,bird_prob,boat_prob,bowl_prob,car_prob,cat_prob,chair_prob,couch_prob,cup_prob,dog_prob,fish_prob,frog_prob,house_prob,key_prob,person_prob,phone_prob,rabbit_prob,scissors_prob,sheep_prob,train_prob,tree_prob
0,6024,5,key,run_v41542054080714,0.0,0.03664247550485428,0.04273722546245091,0.04977648936083814,0.04456961113970513,0.046657806252456815,0.04048821179003723,0.036031248241109225,0.04918948044059049,0.0454115667559032,0.03926502664680357,0.04431227928121516,0.04127336027698879,0.048168211457118304,0.04321050431360515,0.04654840267408119,0.042720642798567694,0.03664247550485428,0.044827034427087555,0.0383112110871129,0.04587435260578619,0.04090671634759433,0.0466942397241837,0.049314992967178575,0.03706891044473161
