,index,age,target_label,session_id,correct_or_not,target_label_prob,airplane_prob,bear_prob,bike_prob,bird_prob,boat_prob,bowl_prob,car_prob,cat_prob,chair_prob,couch_prob,cup_prob,dog_prob,fish_prob,frog_prob,house_prob,key_prob,person_prob,phone_prob,rabbit_prob,scissors_prob,sheep_prob,train_prob,tree_prob
0,7093,6,rabbit,run_v31531417799244,0.0,0.06432006027409061,0.03748165299422184,0.057002930758645196,0.049944706939580044,0.0465345455069096,0.03800742582742003,0.032510711935577,0.038332952244388104,0.06867713144545595,0.037482145282213296,0.038434069408692255,0.03491615744008195,0.0474362022989186,0.04396485190358366,0.05137126451321146,0.030896717586119116,0.03597469346852767,0.0571938108282325,0.030018482643362265,0.06432006027409061,0.03538967176348209,0.04665484596427466,0.04048910789948819,0.03696586107352377
