,index,age,target_label,session_id,correct_or_not,target_label_prob,airplane_prob,bear_prob,bike_prob,bird_prob,boat_prob,bowl_prob,car_prob,cat_prob,chair_prob,couch_prob,cup_prob,dog_prob,fish_prob,frog_prob,house_prob,key_prob,person_prob,phone_prob,rabbit_prob,scissors_prob,sheep_prob,train_prob,tree_prob
0,7159,8,rabbit,run_v31530484377182,0.0,0.04240676652890106,0.042843901910061974,0.04053683986445869,0.06620068404042936,0.047221393985633436,0.0370279077684821,0.03179176241698596,0.0549423869751766,0.044321897855465135,0.029775976688569853,0.04003497092441126,0.04443945239549113,0.0503581565858556,0.04601862267588354,0.04186864668216233,0.033128010644559246,0.06116104389012834,0.04356988954455229,0.033036712243019836,0.04240676652890106,0.04362455959750524,0.043096520893404745,0.05054850073130108,0.03204539515756144
