,index,age,target_label,session_id,correct_or_not,target_label_prob,airplane_prob,bear_prob,bike_prob,bird_prob,boat_prob,bowl_prob,car_prob,cat_prob,chair_prob,couch_prob,cup_prob,dog_prob,fish_prob,frog_prob,house_prob,key_prob,person_prob,phone_prob,rabbit_prob,scissors_prob,sheep_prob,train_prob,tree_prob
0,7723,6,sheep,run_v41542058738344,1.0,0.06711183980206516,0.03683591798650066,0.06106358984811203,0.06706571599279969,0.034059038523106155,0.041433928763892916,0.0405601347614299,0.038543249548907255,0.0410701639812282,0.04005157410898786,0.03733415190588202,0.04074239174157075,0.04458987096148845,0.03804837431742922,0.046053659047499515,0.04484034263649495,0.030965172277622365,0.04616720584272099,0.035657407184416116,0.04555498195790377,0.030261654095961567,0.06711183980206516,0.04208914332049383,0.04990049139348655
