,index,age,target_label,session_id,correct_or_not,target_label_prob,airplane_prob,bear_prob,bike_prob,bird_prob,boat_prob,bowl_prob,car_prob,cat_prob,chair_prob,couch_prob,cup_prob,dog_prob,fish_prob,frog_prob,house_prob,key_prob,person_prob,phone_prob,rabbit_prob,scissors_prob,sheep_prob,train_prob,tree_prob
0,5150,6,frog,run_v41539471702460,0.0,0.04297837206301866,0.060155321726419776,0.040201263433870434,0.04106429860367968,0.04441180066977452,0.05800900947652495,0.039265234818880765,0.041722915130150265,0.040863368015688704,0.05051095434028883,0.03935973911100288,0.04583217392149052,0.04169720468172794,0.04647507946873373,0.04297837206301866,0.04263474217344635,0.04204000649743909,0.03750594130612938,0.03619006610141942,0.04109930684914115,0.04847884945455991,0.04221795159728952,0.04263749535032212,0.03464890520900132
