,index,age,target_label,session_id,correct_or_not,target_label_prob,airplane_prob,bear_prob,bike_prob,bird_prob,boat_prob,bowl_prob,car_prob,cat_prob,chair_prob,couch_prob,cup_prob,dog_prob,fish_prob,frog_prob,house_prob,key_prob,person_prob,phone_prob,rabbit_prob,scissors_prob,sheep_prob,train_prob,tree_prob
0,7805,3,sheep,run_v41542056657673,0.0,0.042457940606339874,0.036781784658820725,0.04600696328976604,0.03575014346594181,0.03930962620199924,0.03963248893651655,0.04750457553060313,0.03588215592877847,0.051028514797195106,0.0380448587947659,0.03800207085107572,0.05129447320412511,0.04797027518623296,0.04296897758287652,0.04081421150394744,0.03881774267320824,0.05789474588474432,0.0404301161473359,0.04530484228949988,0.04609170280494632,0.04912058656068835,0.042457940606339874,0.04200379782124077,0.046887405279351486
