,index,age,target_label,session_id,correct_or_not,target_label_prob,airplane_prob,bear_prob,bike_prob,bird_prob,boat_prob,bowl_prob,car_prob,cat_prob,chair_prob,couch_prob,cup_prob,dog_prob,fish_prob,frog_prob,house_prob,key_prob,person_prob,phone_prob,rabbit_prob,scissors_prob,sheep_prob,train_prob,tree_prob
0,8260,8,train,run_v41541965592644,0.0,0.03413661259624544,0.0489803315887754,0.04102157377846005,0.04461298131877437,0.04143983072332596,0.07250546717472499,0.05324931966386261,0.036878226782747776,0.04279857483112302,0.035861006289843095,0.03441012837724113,0.039367124791535875,0.041985984212128576,0.047813411330186316,0.039217677838719024,0.04281746492831926,0.041031480525073764,0.03977020086539348,0.043549607370523234,0.04071520079511568,0.05437845106478035,0.04567772239463469,0.03413661259624544,0.037781620758465896
