,index,age,target_label,session_id,correct_or_not,target_label_prob,airplane_prob,bear_prob,bike_prob,bird_prob,boat_prob,bowl_prob,car_prob,cat_prob,chair_prob,couch_prob,cup_prob,dog_prob,fish_prob,frog_prob,house_prob,key_prob,person_prob,phone_prob,rabbit_prob,scissors_prob,sheep_prob,train_prob,tree_prob
0,6952,9,rabbit,run_v31531603807178,0.0,0.07122356712511796,0.0462582797043041,0.07363232121383458,0.041811238088262606,0.05407326540340458,0.04087527731682834,0.03830564665792033,0.034146025765724536,0.04673438951768072,0.04106873532816543,0.04086361514766,0.04704355595383885,0.04319675507943541,0.03832670334693565,0.04216692643240813,0.03370106007142237,0.045449892201195274,0.04083550266959297,0.03173352825695717,0.07122356712511796,0.039192383185965796,0.03444982586229224,0.04198289297044109,0.03292861270061207
