,index,age,target_label,session_id,correct_or_not,target_label_prob,airplane_prob,bear_prob,bike_prob,bird_prob,boat_prob,bowl_prob,car_prob,cat_prob,chair_prob,couch_prob,cup_prob,dog_prob,fish_prob,frog_prob,house_prob,key_prob,person_prob,phone_prob,rabbit_prob,scissors_prob,sheep_prob,train_prob,tree_prob
0,5911,3,key,run_v41536529414716,1.0,0.08681388633465643,0.03901205682690381,0.0367468741922321,0.05869451719236366,0.03693523855687466,0.04345735242286331,0.03608299720207036,0.034649128944596444,0.03960564834521458,0.039055716884002396,0.044237224309168925,0.034395662529506286,0.03653630080548991,0.03431813888142808,0.04415504525886953,0.03462313659663633,0.08681388633465643,0.06115729173419623,0.05024977604307011,0.049163432988752365,0.04738638950458289,0.035036456394767136,0.03511569126129669,0.04257203679045773
