,index,age,target_label,session_id,correct_or_not,target_label_prob,airplane_prob,bear_prob,bike_prob,bird_prob,boat_prob,bowl_prob,car_prob,cat_prob,chair_prob,couch_prob,cup_prob,dog_prob,fish_prob,frog_prob,house_prob,key_prob,person_prob,phone_prob,rabbit_prob,scissors_prob,sheep_prob,train_prob,tree_prob
0,5705,3,key,run_v41540418124992,1.0,0.06862718903266009,0.03439341744459187,0.039449251101158274,0.0428459575910444,0.04543522594561569,0.03706102419208957,0.03713787950698563,0.04400066824789392,0.039307896238188964,0.03707076459789242,0.03665731506653691,0.04806125413817805,0.04459859670581323,0.03792849615408003,0.04302051763333502,0.040708118065701515,0.06862718903266009,0.04904872266120775,0.05665961119045846,0.04141402188094864,0.03598411509405818,0.040466674143782404,0.04032007716317867,0.059803206204600376
