,index,age,target_label,session_id,correct_or_not,target_label_prob,airplane_prob,bear_prob,bike_prob,bird_prob,boat_prob,bowl_prob,car_prob,cat_prob,chair_prob,couch_prob,cup_prob,dog_prob,fish_prob,frog_prob,house_prob,key_prob,person_prob,phone_prob,rabbit_prob,scissors_prob,sheep_prob,train_prob,tree_prob
0,2427,9,car,run_v31532977275424,1.0,0.06513043136156547,0.034507916663584895,0.03707942166714182,0.04187335647864898,0.03641587737176476,0.031097385508215343,0.05127105398451512,0.06513043136156547,0.0371375574828116,0.04368885677656422,0.060611048817365155,0.05082736562204086,0.04784605604928978,0.04321076527448728,0.03871234549137831,0.04112451359423328,0.04154440290020311,0.03927442764536935,0.04717018028976276,0.03850237252215803,0.03955018008938443,0.04385553869433803,0.051118264027065666,0.038450681688111846
