,index,age,target_label,session_id,correct_or_not,target_label_prob,airplane_prob,bear_prob,bike_prob,bird_prob,boat_prob,bowl_prob,car_prob,cat_prob,chair_prob,couch_prob,cup_prob,dog_prob,fish_prob,frog_prob,house_prob,key_prob,person_prob,phone_prob,rabbit_prob,scissors_prob,sheep_prob,train_prob,tree_prob
0,599,7,bear,run_v41537050227784,0.0,0.042342683821893545,0.03971662535447194,0.042342683821893545,0.043721745879420675,0.047413830208541397,0.03250852791134284,0.032526955057604515,0.041145401108771726,0.04455480966018993,0.05233576119684337,0.04541337250228413,0.04594093294009906,0.051756295889760495,0.0493304666158989,0.0390704293549519,0.05396528528186242,0.04031305514685899,0.04100875632402355,0.0417875527240458,0.03845295044777587,0.030493648236274647,0.04751914301587316,0.05289737298504174,0.04578439833616935
