,index,age,target_label,session_id,correct_or_not,target_label_prob,airplane_prob,bear_prob,bike_prob,bird_prob,boat_prob,bowl_prob,car_prob,cat_prob,chair_prob,couch_prob,cup_prob,dog_prob,fish_prob,frog_prob,house_prob,key_prob,person_prob,phone_prob,rabbit_prob,scissors_prob,sheep_prob,train_prob,tree_prob
0,4338,5,dog,run_v31526157427450,0.0,0.04473314936751505,0.04375032329236218,0.04364071626610189,0.04289486007175635,0.043663348248593754,0.04664522732832814,0.049033100844448486,0.03917114264864562,0.04332226118008701,0.03836455168285187,0.038148541573993784,0.03846622945346713,0.04473314936751505,0.04536841554687048,0.04744877017747258,0.03920676229478587,0.04290179014463305,0.04719032451654151,0.03926979237505513,0.04343637755891517,0.050878741876235666,0.04393971874706308,0.04086718051951676,0.047658674284759395
