,index,age,target_label,session_id,correct_or_not,target_label_prob,airplane_prob,bear_prob,bike_prob,bird_prob,boat_prob,bowl_prob,car_prob,cat_prob,chair_prob,couch_prob,cup_prob,dog_prob,fish_prob,frog_prob,house_prob,key_prob,person_prob,phone_prob,rabbit_prob,scissors_prob,sheep_prob,train_prob,tree_prob
0,7636,7,sheep,run_v41539885875694,0.0,0.055171672672474,0.03165411974483347,0.04805085109219749,0.03174661186853404,0.051559951722554925,0.03598301602537533,0.03681029886353208,0.03625791605181828,0.05043537293113266,0.033040810880884806,0.04038979912989012,0.044340198914116356,0.047514852362713224,0.04373027817548954,0.05430907162319271,0.04031373691413677,0.07227256436706189,0.04453566655785552,0.03529510000613939,0.03940009597522381,0.05387350449305929,0.055171672672474,0.036855993430502706,0.03645851619728154
