,index,age,target_label,session_id,correct_or_not,target_label_prob,airplane_prob,bear_prob,bike_prob,bird_prob,boat_prob,bowl_prob,car_prob,cat_prob,chair_prob,couch_prob,cup_prob,dog_prob,fish_prob,frog_prob,house_prob,key_prob,person_prob,phone_prob,rabbit_prob,scissors_prob,sheep_prob,train_prob,tree_prob
0,8280,3,train,run_v41539549419186,0.0,0.04934332415727574,0.04499878137145248,0.04559945854837691,0.03932239739242703,0.05150197565821503,0.04260011086893928,0.03651070792381195,0.04566828260020226,0.04358596144896276,0.03840601920689963,0.03700198199864812,0.038731610161115836,0.046973706618141826,0.050729296126343686,0.044869823686427,0.03761745400809115,0.04589481167774191,0.045675979032204855,0.042703899855823034,0.0414153218336202,0.038887019223566494,0.04736637505172599,0.04934332415727574,0.04459570154998671
