,index,age,target_label,session_id,correct_or_not,target_label_prob,airplane_prob,bear_prob,bike_prob,bird_prob,boat_prob,bowl_prob,car_prob,cat_prob,chair_prob,couch_prob,cup_prob,dog_prob,fish_prob,frog_prob,house_prob,key_prob,person_prob,phone_prob,rabbit_prob,scissors_prob,sheep_prob,train_prob,tree_prob
0,1054,6,bike,run_v31531425410975,1.0,0.05472419058424749,0.04458292681649833,0.053287300895149485,0.05472419058424749,0.045516234933400845,0.035966686067475336,0.040749560166587116,0.04778434413480494,0.03991049765909543,0.036777829304614144,0.04065986211742231,0.039607052907071595,0.0433696243221802,0.03519224597867733,0.04163357468601341,0.04260826810801119,0.04675910845247999,0.051190427623235966,0.03766939130354111,0.04402943110183733,0.053665168390025754,0.03989924984032371,0.0474559107649332,0.03696111384237356
