,index,age,target_label,session_id,correct_or_not,target_label_prob,airplane_prob,bear_prob,bike_prob,bird_prob,boat_prob,bowl_prob,car_prob,cat_prob,chair_prob,couch_prob,cup_prob,dog_prob,fish_prob,frog_prob,house_prob,key_prob,person_prob,phone_prob,rabbit_prob,scissors_prob,sheep_prob,train_prob,tree_prob
0,2500,6,car,run_v31534544826607,1.0,0.054659209456015545,0.03968507962146052,0.045259007819392426,0.04470743990373637,0.044528943844020105,0.035357450724995514,0.04122859246744645,0.054659209456015545,0.042624835154003074,0.04418710641598277,0.03544440579023927,0.043426806191236296,0.05015449762561932,0.052583890830231385,0.053077469273764825,0.03763206337034008,0.045865489727648756,0.036879138511382546,0.038623245528183366,0.038815056816574746,0.040477695339940986,0.05000338921154667,0.05190757862864516,0.03287160774759394
