,index,age,target_label,session_id,correct_or_not,target_label_prob,airplane_prob,bear_prob,bike_prob,bird_prob,boat_prob,bowl_prob,car_prob,cat_prob,chair_prob,couch_prob,cup_prob,dog_prob,fish_prob,frog_prob,house_prob,key_prob,person_prob,phone_prob,rabbit_prob,scissors_prob,sheep_prob,train_prob,tree_prob
0,8283,5,train,run_v41541181301543,0.0,0.047107897015199914,0.03702599290995611,0.04025406223574178,0.04246361035453156,0.03644085870539969,0.04444698591048188,0.03824141539235597,0.04246626387131873,0.047203499768581236,0.0519528962215355,0.03584774867408649,0.03857861776042337,0.04375375095135228,0.040260655306464804,0.040517965849676284,0.05996044916906569,0.04283590333768461,0.04510872807112229,0.06732422455074599,0.04319970965864532,0.037225426902785116,0.03911514052781315,0.047107897015199914,0.038668196855032026
