,index,age,target_label,session_id,correct_or_not,target_label_prob,airplane_prob,bear_prob,bike_prob,bird_prob,boat_prob,bowl_prob,car_prob,cat_prob,chair_prob,couch_prob,cup_prob,dog_prob,fish_prob,frog_prob,house_prob,key_prob,person_prob,phone_prob,rabbit_prob,scissors_prob,sheep_prob,train_prob,tree_prob
0,2048,6,bowl,run_v31528746703642,1.0,0.06330029210786053,0.03541362764082087,0.041426983150910555,0.048199263224041194,0.042885278382008014,0.03664317767387321,0.06330029210786053,0.046291415131238314,0.03757612352804712,0.042426726925345236,0.0394464642188623,0.0521236168712876,0.04017496042302813,0.0586055773575743,0.046592590992728326,0.03695722286399785,0.04724855620609436,0.044458512153198786,0.0407472730909638,0.04156794646847077,0.041377692864363845,0.04240168368723871,0.03390005257270472,0.04023496246534151
