,index,age,target_label,session_id,correct_or_not,target_label_prob,airplane_prob,bear_prob,bike_prob,bird_prob,boat_prob,bowl_prob,car_prob,cat_prob,chair_prob,couch_prob,cup_prob,dog_prob,fish_prob,frog_prob,house_prob,key_prob,person_prob,phone_prob,rabbit_prob,scissors_prob,sheep_prob,train_prob,tree_prob
0,3312,2,chair,run_v31529440199211,0.0,0.03691066346360628,0.04637105309662333,0.043319270122751774,0.05293175078507163,0.043261491824817415,0.07213056374971964,0.060241753001836845,0.037013478741513554,0.04281815283686248,0.03691066346360628,0.03998830731812921,0.044655799636000595,0.04333636289257716,0.04892089679736797,0.04392671963150424,0.03415723095095046,0.03970743829653298,0.04043090407320098,0.035447130912400496,0.036468134580069096,0.04320658020641166,0.04153004210047738,0.0378254724895513,0.03540080249202354
