,index,age,target_label,session_id,correct_or_not,target_label_prob,airplane_prob,bear_prob,bike_prob,bird_prob,boat_prob,bowl_prob,car_prob,cat_prob,chair_prob,couch_prob,cup_prob,dog_prob,fish_prob,frog_prob,house_prob,key_prob,person_prob,phone_prob,rabbit_prob,scissors_prob,sheep_prob,train_prob,tree_prob
0,4871,2,fish,run_v31534968240341,0.0,0.04231285053405822,0.04487819858757855,0.04301177197706713,0.03384625285177801,0.045677960696178216,0.050825371484589335,0.05884186399700425,0.03613628236869965,0.04733825584527748,0.03823004620827088,0.03264985802371679,0.047113167804028515,0.04225990368865283,0.04231285053405822,0.04028016376115674,0.037533599947514804,0.040987755708506775,0.04202287123192119,0.045896341035728934,0.040739874951276844,0.04343576679638549,0.04797354255432189,0.04619764796248194,0.051810651983805606
