,index,age,target_label,session_id,correct_or_not,target_label_prob,airplane_prob,bear_prob,bike_prob,bird_prob,boat_prob,bowl_prob,car_prob,cat_prob,chair_prob,couch_prob,cup_prob,dog_prob,fish_prob,frog_prob,house_prob,key_prob,person_prob,phone_prob,rabbit_prob,scissors_prob,sheep_prob,train_prob,tree_prob
0,112,3,airplane,run_v31528578938334,0.0,0.039996632209324645,0.039996632209324645,0.041478192023163614,0.04243797562673084,0.040084817321432646,0.04481472735788822,0.0352813627568387,0.03758312533869521,0.03829978353061254,0.05838081163114012,0.056004585000630186,0.03983997041953278,0.04086569248675993,0.041992530623249515,0.040933506148315986,0.06467275413952574,0.03834975145959018,0.03709322506566573,0.04380369588621126,0.04132458807377449,0.04079831687241221,0.04233397541859064,0.04826540813618232,0.04536457247373242
