,index,age,target_label,session_id,correct_or_not,target_label_prob,airplane_prob,bear_prob,bike_prob,bird_prob,boat_prob,bowl_prob,car_prob,cat_prob,chair_prob,couch_prob,cup_prob,dog_prob,fish_prob,frog_prob,house_prob,key_prob,person_prob,phone_prob,rabbit_prob,scissors_prob,sheep_prob,train_prob,tree_prob
0,284,4,airplane,run_v31527969790348,1.0,0.05575567479592164,0.05575567479592164,0.035541446839564596,0.044287288126574544,0.04213689582367074,0.04876846034278832,0.034375544517580056,0.04559476672341941,0.04255533853748713,0.04568858300098137,0.04366828111604675,0.04086708566626842,0.04270599726693694,0.04278529159201104,0.045645258610560055,0.04132468858150999,0.03778693520000552,0.038408970635471724,0.0388016909132547,0.047533759691988774,0.04365390912597899,0.04959346269514799,0.05283338557427003,0.03968728462256134
