,index,age,target_label,session_id,correct_or_not,target_label_prob,airplane_prob,bear_prob,bike_prob,bird_prob,boat_prob,bowl_prob,car_prob,cat_prob,chair_prob,couch_prob,cup_prob,dog_prob,fish_prob,frog_prob,house_prob,key_prob,person_prob,phone_prob,rabbit_prob,scissors_prob,sheep_prob,train_prob,tree_prob
0,1725,8,boat,run_v31533070361004,0.0,0.048049044716483344,0.03640628849343697,0.04286803686849381,0.03202655271240112,0.03882639807644432,0.048049044716483344,0.03656605021321056,0.039022110651403236,0.037515068329475765,0.039464925453029896,0.08490190638085911,0.0509585278916059,0.0383543863407553,0.04098282260334483,0.04472144443219903,0.037518320937745514,0.0404715528919847,0.04413186734651938,0.051837497999980414,0.04277574580524343,0.04023350087248711,0.03852357396440933,0.05018534000024415,0.043659037018242544
