,index,age,target_label,session_id,correct_or_not,target_label_prob,airplane_prob,bear_prob,bike_prob,bird_prob,boat_prob,bowl_prob,car_prob,cat_prob,chair_prob,couch_prob,cup_prob,dog_prob,fish_prob,frog_prob,house_prob,key_prob,person_prob,phone_prob,rabbit_prob,scissors_prob,sheep_prob,train_prob,tree_prob
0,4701,5,fish,run_v31532802171541,0.0,0.060656927878597534,0.03757909567637824,0.04145259561627283,0.04246760344296942,0.046509875123267826,0.043830438220568216,0.062465492292961916,0.040931527768289226,0.037262786126380974,0.04158012026042917,0.040602433738361185,0.050765247126032344,0.04179651446953978,0.060656927878597534,0.046427285465496376,0.03577427725067332,0.04289695073425927,0.04392501974457647,0.03693880676866419,0.04437930745957927,0.041444883470796966,0.03703330488691104,0.039263518605143606,0.04401598787385066
