,index,age,target_label,session_id,correct_or_not,target_label_prob,airplane_prob,bear_prob,bike_prob,bird_prob,boat_prob,bowl_prob,car_prob,cat_prob,chair_prob,couch_prob,cup_prob,dog_prob,fish_prob,frog_prob,house_prob,key_prob,person_prob,phone_prob,rabbit_prob,scissors_prob,sheep_prob,train_prob,tree_prob
0,8108,8,train,run_v41538867264244,1.0,0.0842404713802651,0.04957406142629812,0.046759794213738666,0.06079970184009014,0.03542214448101567,0.03888092046368756,0.04080167004597859,0.06611896411433764,0.03383822266459362,0.03226064181879032,0.042322959013591566,0.03274921808468777,0.043581984288178624,0.041453425570040045,0.04041768977864682,0.03296494013215746,0.02879649285767212,0.034291081917993786,0.05797438733086315,0.031479526085152844,0.04131079415844322,0.047109803799316854,0.0842404713802651,0.03685110453446026
