,index,age,target_label,session_id,correct_or_not,target_label_prob,airplane_prob,bear_prob,bike_prob,bird_prob,boat_prob,bowl_prob,car_prob,cat_prob,chair_prob,couch_prob,cup_prob,dog_prob,fish_prob,frog_prob,house_prob,key_prob,person_prob,phone_prob,rabbit_prob,scissors_prob,sheep_prob,train_prob,tree_prob
0,2949,3,cat,run_v41541269985919,0.0,0.03863650971235509,0.03560223737957341,0.04094558282928719,0.04190168839175844,0.051294353417335535,0.04282133477057849,0.03710742469475838,0.05718973910411386,0.03863650971235509,0.03568774410895922,0.042831958939458625,0.044676053397331134,0.05113361883507424,0.03838433243307094,0.0330279465817888,0.040733972188899,0.03752058028724902,0.04334272669918723,0.03908967555654744,0.04637753761150887,0.042682306658788485,0.049560965776953625,0.0589285801739202,0.05052313045150269
