,index,age,target_label,session_id,correct_or_not,target_label_prob,airplane_prob,bear_prob,bike_prob,bird_prob,boat_prob,bowl_prob,car_prob,cat_prob,chair_prob,couch_prob,cup_prob,dog_prob,fish_prob,frog_prob,house_prob,key_prob,person_prob,phone_prob,rabbit_prob,scissors_prob,sheep_prob,train_prob,tree_prob
0,6661,6,phone,run_v31530390310095,0.0,0.04284195602627231,0.0508990958497326,0.0379192200645998,0.043064144675491495,0.04395470069767652,0.055623254582791444,0.04755923672837945,0.04144603314724083,0.03828927931724245,0.04573242535822992,0.0396412602329801,0.04876371241254465,0.03739374537112887,0.039351068387815144,0.04052341723299244,0.037527876843716154,0.05049113043463945,0.04100358407929271,0.04284195602627231,0.03900747253442365,0.04558189937319367,0.04041686651351313,0.039533595941579215,0.05343502419452394
