,index,age,target_label,session_id,correct_or_not,target_label_prob,airplane_prob,bear_prob,bike_prob,bird_prob,boat_prob,bowl_prob,car_prob,cat_prob,chair_prob,couch_prob,cup_prob,dog_prob,fish_prob,frog_prob,house_prob,key_prob,person_prob,phone_prob,rabbit_prob,scissors_prob,sheep_prob,train_prob,tree_prob
0,5638,5,house,run_v31532979795589,1.0,0.09502515224250854,0.0493095040495974,0.035329368439172,0.05127460079866999,0.04083026193288965,0.06562826658515113,0.033419595807311936,0.050000967694765364,0.035994125057889494,0.03439801937989353,0.03601213653915169,0.04117929538118787,0.03952174852888958,0.04808805417617151,0.037587289994831956,0.09502515224250854,0.03997129270627603,0.03487422621039079,0.03499497783187958,0.03895809031693584,0.03997155504509056,0.04003210338685057,0.044678931967747144,0.03292043592674762
