,index,age,target_label,session_id,correct_or_not,target_label_prob,airplane_prob,bear_prob,bike_prob,bird_prob,boat_prob,bowl_prob,car_prob,cat_prob,chair_prob,couch_prob,cup_prob,dog_prob,fish_prob,frog_prob,house_prob,key_prob,person_prob,phone_prob,rabbit_prob,scissors_prob,sheep_prob,train_prob,tree_prob
0,5082,5,frog,run_v41536523040650,1.0,0.05245725637206854,0.03839051466251075,0.047696567177794025,0.0455658590410376,0.045833238215375646,0.0384832877040134,0.035430320325937875,0.039927594008020574,0.04879191371420571,0.04085002027156281,0.040892912451232534,0.039919133228076664,0.047143120831611325,0.04742983128692609,0.05245725637206854,0.03599292631312929,0.05163502706784741,0.042310461761316503,0.04121858796734905,0.045180978785761536,0.04872547171177002,0.0487735907277606,0.041515252421907026,0.03583613395278503
