,index,age,target_label,session_id,correct_or_not,target_label_prob,airplane_prob,bear_prob,bike_prob,bird_prob,boat_prob,bowl_prob,car_prob,cat_prob,chair_prob,couch_prob,cup_prob,dog_prob,fish_prob,frog_prob,house_prob,key_prob,person_prob,phone_prob,rabbit_prob,scissors_prob,sheep_prob,train_prob,tree_prob
0,2293,5,car,run_v31534712177017,1.0,0.07440094699561581,0.0368101763450668,0.04252641282557068,0.05980353430734719,0.04144090462291355,0.03520191449704933,0.03613020702606309,0.07440094699561581,0.04645594156517038,0.0413847527081899,0.03536750404425037,0.039086127033157544,0.05588466928853891,0.04724294662138926,0.04096419388343065,0.03936712034324973,0.03181477460838814,0.0322038023884915,0.03283073565606347,0.05189394828856115,0.03787079238397633,0.0520819839422533,0.04402425448033889,0.04521235614492394
