,index,age,target_label,session_id,correct_or_not,target_label_prob,airplane_prob,bear_prob,bike_prob,bird_prob,boat_prob,bowl_prob,car_prob,cat_prob,chair_prob,couch_prob,cup_prob,dog_prob,fish_prob,frog_prob,house_prob,key_prob,person_prob,phone_prob,rabbit_prob,scissors_prob,sheep_prob,train_prob,tree_prob
0,5659,5,house,run_v31526072947360,1.0,0.08038650079236086,0.0366427557524952,0.04273754344179194,0.03837048564234237,0.04326984629133671,0.047809712281348934,0.03696736765240673,0.03187301289169207,0.044496339696118895,0.053222598789387815,0.04962151348821928,0.0440852839624088,0.04345141809455344,0.04007166367409975,0.04211378242656711,0.08038650079236086,0.03484676216810066,0.044568958827376264,0.043942363216802276,0.03948904461265559,0.03362593366949268,0.043353740110695066,0.040343592391346855,0.04470978012640056
