,index,age,target_label,session_id,correct_or_not,target_label_prob,airplane_prob,bear_prob,bike_prob,bird_prob,boat_prob,bowl_prob,car_prob,cat_prob,chair_prob,couch_prob,cup_prob,dog_prob,fish_prob,frog_prob,house_prob,key_prob,person_prob,phone_prob,rabbit_prob,scissors_prob,sheep_prob,train_prob,tree_prob
0,8103,6,train,run_v41537563131629,1.0,0.07008055108953261,0.04833027641151335,0.037438851339086275,0.039944967918768955,0.03448919833286492,0.041986545695511995,0.03807275169043163,0.06433563061938445,0.039467190262925396,0.04303293617409491,0.057289286262331436,0.03324701376041016,0.03962239365766718,0.04970837385934245,0.0384098704738355,0.047580841479904525,0.04110629594153351,0.03625945766554367,0.055563679248911146,0.03625722793064256,0.03477218213061835,0.036441359097285866,0.07008055108953261,0.03656311895785939
