,index,age,target_label,session_id,correct_or_not,target_label_prob,airplane_prob,bear_prob,bike_prob,bird_prob,boat_prob,bowl_prob,car_prob,cat_prob,chair_prob,couch_prob,cup_prob,dog_prob,fish_prob,frog_prob,house_prob,key_prob,person_prob,phone_prob,rabbit_prob,scissors_prob,sheep_prob,train_prob,tree_prob
0,6906,7,rabbit,run_v31528065927196,0.0,0.05337679076252468,0.045807291352749135,0.05071996181834097,0.050336054236447,0.04308522035237589,0.040985579830940956,0.035979710509944696,0.0558816123981065,0.044186378061640684,0.04001323971329485,0.03901832352743531,0.03862754025605228,0.04577917176060323,0.04224674394975845,0.049668971870538925,0.04031792112030939,0.041540925751691285,0.040539179193201026,0.03727152862002673,0.05337679076252468,0.03874708939629357,0.04211549734816629,0.04513449621415746,0.038620771955400854
