,index,age,target_label,session_id,correct_or_not,target_label_prob,airplane_prob,bear_prob,bike_prob,bird_prob,boat_prob,bowl_prob,car_prob,cat_prob,chair_prob,couch_prob,cup_prob,dog_prob,fish_prob,frog_prob,house_prob,key_prob,person_prob,phone_prob,rabbit_prob,scissors_prob,sheep_prob,train_prob,tree_prob
0,39,7,airplane,run_v31532115662128,0.0,0.04740269558827046,0.04740269558827046,0.041467105414275555,0.04499323996028411,0.0435360990183318,0.05737111072706731,0.052078318361147055,0.03803681768288412,0.040649299073661695,0.039925139494166734,0.03860934953097634,0.061253760115745425,0.03851146650045345,0.0406694117520878,0.04590166347133371,0.033630110778769436,0.04073798982794287,0.03803271474076686,0.037511511603716054,0.04401673070605098,0.04685782464915054,0.04205732080668675,0.046254045447545813,0.040496274748685154
