,index,age,target_label,session_id,correct_or_not,target_label_prob,airplane_prob,bear_prob,bike_prob,bird_prob,boat_prob,bowl_prob,car_prob,cat_prob,chair_prob,couch_prob,cup_prob,dog_prob,fish_prob,frog_prob,house_prob,key_prob,person_prob,phone_prob,rabbit_prob,scissors_prob,sheep_prob,train_prob,tree_prob
0,2187,9,bowl,run_v31531603807178,1.0,0.08155686704529888,0.036809691870846456,0.04256883286402393,0.04123204826010115,0.040897703687315,0.053032902281991895,0.08155686704529888,0.03604318801495989,0.03814718129583877,0.04064866668593302,0.03405497925724497,0.05635437605194413,0.03883044981388573,0.05402604663766294,0.039325887424995494,0.041961132446008735,0.044657641124612374,0.04059004480463549,0.035636251218578205,0.040502459639593626,0.04517704637154909,0.036701448593096694,0.038612064787261334,0.042633089822622254
