,index,age,target_label,session_id,correct_or_not,target_label_prob,airplane_prob,bear_prob,bike_prob,bird_prob,boat_prob,bowl_prob,car_prob,cat_prob,chair_prob,couch_prob,cup_prob,dog_prob,fish_prob,frog_prob,house_prob,key_prob,person_prob,phone_prob,rabbit_prob,scissors_prob,sheep_prob,train_prob,tree_prob
0,7707,3,sheep,run_v41541800235680,0.0,0.051285897225416106,0.04109006388259781,0.04885569916664478,0.042599613096261285,0.03612771339985817,0.04556615604287275,0.038208189896059536,0.04972813409798586,0.04396487663424524,0.03925098046761089,0.04341964564829711,0.04117185856724933,0.044048845115957955,0.03650810073556268,0.04988409055416072,0.0376261951019792,0.03843759449137964,0.04239295961207586,0.04002367459604096,0.052773178806598,0.0484412599485706,0.051285897225416106,0.043441145566442046,0.0451541273461334
