,index,age,target_label,session_id,correct_or_not,target_label_prob,airplane_prob,bear_prob,bike_prob,bird_prob,boat_prob,bowl_prob,car_prob,cat_prob,chair_prob,couch_prob,cup_prob,dog_prob,fish_prob,frog_prob,house_prob,key_prob,person_prob,phone_prob,rabbit_prob,scissors_prob,sheep_prob,train_prob,tree_prob
0,1840,10,boat,run_v31532635294487,1.0,0.09530841577903619,0.051879961388549216,0.041112355439053165,0.03925645675763228,0.037499124758342016,0.09530841577903619,0.051618397991293564,0.029792266071643116,0.04187807407305714,0.056749798253659674,0.054232807239102405,0.03773920481842791,0.03716087558607662,0.04007045009012823,0.03648915674137129,0.04082901811325182,0.04808257436226229,0.028760073483397708,0.03802248768230968,0.043755042464739095,0.03839443024833993,0.04178035656903243,0.03633023766701294,0.03325843442228112
