,index,age,target_label,session_id,correct_or_not,target_label_prob,airplane_prob,bear_prob,bike_prob,bird_prob,boat_prob,bowl_prob,car_prob,cat_prob,chair_prob,couch_prob,cup_prob,dog_prob,fish_prob,frog_prob,house_prob,key_prob,person_prob,phone_prob,rabbit_prob,scissors_prob,sheep_prob,train_prob,tree_prob
0,878,4,bike,run_v31530310159455,0.0,0.0426568486614956,0.03890754884246172,0.042006619285011794,0.0426568486614956,0.041916823835079456,0.03766571728060671,0.04421378021257463,0.06220888642286369,0.04152527467307531,0.04244271695412103,0.03843693982089495,0.042317597811518844,0.04435867517592806,0.05678590440419993,0.050652004854804616,0.038386703422997936,0.048536855974485336,0.04143562583348067,0.0394089444595514,0.03988913798513533,0.04121550354510841,0.04921317524770563,0.03679290414768293,0.03902581114921617
