,index,age,target_label,session_id,correct_or_not,target_label_prob,airplane_prob,bear_prob,bike_prob,bird_prob,boat_prob,bowl_prob,car_prob,cat_prob,chair_prob,couch_prob,cup_prob,dog_prob,fish_prob,frog_prob,house_prob,key_prob,person_prob,phone_prob,rabbit_prob,scissors_prob,sheep_prob,train_prob,tree_prob
0,1332,4,bird,run_v31532119480468,0.0,0.05457955460592303,0.04623902213703296,0.04667014001557984,0.047928727719041456,0.05457955460592303,0.04469744639037795,0.036831528117633544,0.03825982065556277,0.044959522574934546,0.040958163095835144,0.03892830936533826,0.04159434184004006,0.04467321851740557,0.03981043221223027,0.04309679832309148,0.03846269761123426,0.04151548289027683,0.050234377648257396,0.0339971738822453,0.046150291118966916,0.04081445046109256,0.03865713678047289,0.039616056950884146,0.061325307086542956
