,index,age,target_label,session_id,correct_or_not,target_label_prob,airplane_prob,bear_prob,bike_prob,bird_prob,boat_prob,bowl_prob,car_prob,cat_prob,chair_prob,couch_prob,cup_prob,dog_prob,fish_prob,frog_prob,house_prob,key_prob,person_prob,phone_prob,rabbit_prob,scissors_prob,sheep_prob,train_prob,tree_prob
0,2266,3,bowl,run_v31530475738016,0.0,0.037686721587455,0.04131648441468275,0.044016174825794965,0.03112972330441832,0.043810904428132735,0.0461825216212991,0.037686721587455,0.045704269306711995,0.04040910170439513,0.04312778092673718,0.05587140054710571,0.039273819462527074,0.0494566853333246,0.048374424442116995,0.04250431342062697,0.03748338594060982,0.0392022843658478,0.04228265981281715,0.03906947994347339,0.03641739653469868,0.057578986912756126,0.05335577481280617,0.0428641845773803,0.042881521774282075
