,index,age,target_label,session_id,correct_or_not,target_label_prob,airplane_prob,bear_prob,bike_prob,bird_prob,boat_prob,bowl_prob,car_prob,cat_prob,chair_prob,couch_prob,cup_prob,dog_prob,fish_prob,frog_prob,house_prob,key_prob,person_prob,phone_prob,rabbit_prob,scissors_prob,sheep_prob,train_prob,tree_prob
0,6083,4,person,run_v31533842874893,0.0,0.04393549213469131,0.04228979346218502,0.03995845055283655,0.047345634211119196,0.04312618228559902,0.03812930062196573,0.043748118720037456,0.07640056017397066,0.04221103894672784,0.04299266325466465,0.04231702924491779,0.040478044311166576,0.04348104595528948,0.042179777498306655,0.04305096766930821,0.03819584473385936,0.03763250614244637,0.04393549213469131,0.03217703496649995,0.04490026084006786,0.045931728881063213,0.046622867521196945,0.042973456283713386,0.039922201588366936
