,index,age,target_label,session_id,correct_or_not,target_label_prob,airplane_prob,bear_prob,bike_prob,bird_prob,boat_prob,bowl_prob,car_prob,cat_prob,chair_prob,couch_prob,cup_prob,dog_prob,fish_prob,frog_prob,house_prob,key_prob,person_prob,phone_prob,rabbit_prob,scissors_prob,sheep_prob,train_prob,tree_prob
0,1222,6,bird,run_v31531691181338,0.0,0.05957951801822827,0.036962961804338695,0.046150931737025586,0.041378983379323775,0.05957951801822827,0.03515412001191151,0.041200250381253876,0.033981590068433175,0.04771052917853024,0.0397284457078357,0.03505729023970859,0.037839989549390926,0.05905420814044939,0.03815513258024447,0.054006931868436116,0.03876802253291587,0.05132652802962468,0.042424852089638455,0.02676772760464627,0.03736640062351392,0.04560133875696828,0.07439983806971656,0.037529723863732316,0.03985468576413319
