,index,age,target_label,session_id,correct_or_not,target_label_prob,airplane_prob,bear_prob,bike_prob,bird_prob,boat_prob,bowl_prob,car_prob,cat_prob,chair_prob,couch_prob,cup_prob,dog_prob,fish_prob,frog_prob,house_prob,key_prob,person_prob,phone_prob,rabbit_prob,scissors_prob,sheep_prob,train_prob,tree_prob
0,6154,6,person,run_v31526665223948,0.0,0.06243705507893933,0.031202137286371223,0.044085737466095565,0.04084421074274783,0.040375367907236746,0.035110761196070324,0.03955936223908147,0.03496868665317322,0.04123213209931398,0.04118384333847074,0.03835179027043035,0.04371771355380609,0.0424363268471301,0.04531410864597471,0.04706571065859933,0.03465230895695564,0.06543932187687733,0.06243705507893933,0.05163476168739919,0.04319801836159634,0.04936559913966366,0.037028630285953754,0.037485970922463696,0.05331044478564931
