,index,age,target_label,session_id,correct_or_not,target_label_prob,airplane_prob,bear_prob,bike_prob,bird_prob,boat_prob,bowl_prob,car_prob,cat_prob,chair_prob,couch_prob,cup_prob,dog_prob,fish_prob,frog_prob,house_prob,key_prob,person_prob,phone_prob,rabbit_prob,scissors_prob,sheep_prob,train_prob,tree_prob
0,7413,2,scissors,run_v41540146150975,1.0,0.05943597747272249,0.04467449906051511,0.043657895669136394,0.04291433240993723,0.0381613878674748,0.046179417195216475,0.03965579338974131,0.04447683299820212,0.04848153132456089,0.04133499563536923,0.04048329492265203,0.042070580502778655,0.038688055211554946,0.04156276656842801,0.041336796427802275,0.03628510096033781,0.04880984191343753,0.03452067226723768,0.04466417993071812,0.05424470123446719,0.05943597747272249,0.0393048743464084,0.047498233591476646,0.041558239099824736
