,index,age,target_label,session_id,correct_or_not,target_label_prob,airplane_prob,bear_prob,bike_prob,bird_prob,boat_prob,bowl_prob,car_prob,cat_prob,chair_prob,couch_prob,cup_prob,dog_prob,fish_prob,frog_prob,house_prob,key_prob,person_prob,phone_prob,rabbit_prob,scissors_prob,sheep_prob,train_prob,tree_prob
0,4878,2,fish,run_v31535395221258,0.0,0.03607142085339957,0.041544785120138754,0.05086175105210795,0.04414237653331932,0.04679256303544659,0.03539361133126845,0.038236357823136516,0.03910701061337791,0.0526899095395694,0.04071573180817083,0.03441341893710088,0.03467739848483058,0.05231274293978923,0.03607142085339957,0.04640235980443618,0.037911135332950416,0.043151630737910236,0.0439251521971932,0.034885931489643016,0.04851148518226184,0.04319167928905166,0.05650816709975297,0.04256789083910164,0.05598548995604286
