,index,age,target_label,session_id,correct_or_not,target_label_prob,airplane_prob,bear_prob,bike_prob,bird_prob,boat_prob,bowl_prob,car_prob,cat_prob,chair_prob,couch_prob,cup_prob,dog_prob,fish_prob,frog_prob,house_prob,key_prob,person_prob,phone_prob,rabbit_prob,scissors_prob,sheep_prob,train_prob,tree_prob
0,6527,6,phone,run_v41537651046290,1.0,0.06736414103794051,0.04520093188051536,0.03892085467127664,0.03869745481422081,0.04180570106984222,0.03685290320194353,0.03604251899075063,0.03857806187624342,0.04502631790499891,0.03586685330094982,0.04738855861034692,0.05736693109288594,0.03984649689299917,0.04045105357055412,0.04274402174392346,0.04468077159702849,0.04814998484297628,0.04311446238399865,0.06736414103794051,0.04136614919494958,0.0442939016150934,0.04441433898115266,0.038906102018775424,0.04292148870663404
