,index,age,target_label,session_id,correct_or_not,target_label_prob,airplane_prob,bear_prob,bike_prob,bird_prob,boat_prob,bowl_prob,car_prob,cat_prob,chair_prob,couch_prob,cup_prob,dog_prob,fish_prob,frog_prob,house_prob,key_prob,person_prob,phone_prob,rabbit_prob,scissors_prob,sheep_prob,train_prob,tree_prob
0,4702,3,fish,run_v31534176000302,0.0,0.042096613824956094,0.045123128000059194,0.04368297299638439,0.04246637300470137,0.041760527106684146,0.042975014594830066,0.035585549801264896,0.04254712032591105,0.044245019186336935,0.042295541093484594,0.04643839703518163,0.043429852659930254,0.045343190677334555,0.042096613824956094,0.04359415151182088,0.03933135443671331,0.04639331619644352,0.04632298264174208,0.04348335774578408,0.044537356974682064,0.04473143706749686,0.04271091554532613,0.045940608236326744,0.0449652193366051
