,index,age,target_label,session_id,correct_or_not,target_label_prob,airplane_prob,bear_prob,bike_prob,bird_prob,boat_prob,bowl_prob,car_prob,cat_prob,chair_prob,couch_prob,cup_prob,dog_prob,fish_prob,frog_prob,house_prob,key_prob,person_prob,phone_prob,rabbit_prob,scissors_prob,sheep_prob,train_prob,tree_prob
0,2779,4,cat,run_v41539377798096,0.0,0.0447622996883258,0.04621681808098714,0.044724365872684545,0.04799333340542449,0.04029251962217229,0.03785254373566993,0.037598012382445714,0.04455724960132767,0.0447622996883258,0.0491852108270482,0.0494659701856027,0.03778041024675851,0.048142521652959805,0.04366526361012045,0.04246693938071017,0.046687781556835256,0.036773142883996156,0.05591164006603617,0.03754103174334171,0.039374222341398805,0.03858647831008984,0.03938538497848599,0.05074130467949723,0.04029555514808147
