,index,age,target_label,session_id,correct_or_not,target_label_prob,airplane_prob,bear_prob,bike_prob,bird_prob,boat_prob,bowl_prob,car_prob,cat_prob,chair_prob,couch_prob,cup_prob,dog_prob,fish_prob,frog_prob,house_prob,key_prob,person_prob,phone_prob,rabbit_prob,scissors_prob,sheep_prob,train_prob,tree_prob
0,766,6,bike,run_v31531691181338,1.0,0.09570993549874082,0.05768965704270369,0.037818409379354205,0.09570993549874082,0.04651278858942188,0.048771367368048234,0.037409446646586984,0.03939930994868229,0.04016706086446466,0.03922680455316405,0.031644028332932284,0.04369333924544384,0.045269557216543084,0.04701860905543907,0.03656823081904926,0.042662690171835146,0.051769382675572274,0.03793112936493835,0.03199136236795491,0.03865710942967073,0.038629908613092456,0.03487219687797353,0.04156880958857891,0.035018866349809274
