,index,age,target_label,session_id,correct_or_not,target_label_prob,airplane_prob,bear_prob,bike_prob,bird_prob,boat_prob,bowl_prob,car_prob,cat_prob,chair_prob,couch_prob,cup_prob,dog_prob,fish_prob,frog_prob,house_prob,key_prob,person_prob,phone_prob,rabbit_prob,scissors_prob,sheep_prob,train_prob,tree_prob
0,4465,5,dog,run_v31533931810912,0.0,0.03992089504491947,0.052783524753949616,0.0436636085737363,0.04481403201720884,0.04307286748578045,0.05783567303048174,0.04012092824455223,0.039958835406512634,0.04000254381659967,0.044433653460130514,0.043136600958636036,0.03920421559588221,0.03992089504491947,0.03767579319921726,0.042073325682949546,0.04867266917363091,0.039358746105420964,0.048490481181723125,0.03564289690270915,0.04266066523768398,0.04393228513764012,0.039050779352449876,0.047578043502586334,0.04591693613559895
