,index,age,target_label,session_id,correct_or_not,target_label_prob,airplane_prob,bear_prob,bike_prob,bird_prob,boat_prob,bowl_prob,car_prob,cat_prob,chair_prob,couch_prob,cup_prob,dog_prob,fish_prob,frog_prob,house_prob,key_prob,person_prob,phone_prob,rabbit_prob,scissors_prob,sheep_prob,train_prob,tree_prob
0,3040,3,chair,run_v31528841058316,0.0,0.05516510326000814,0.030713923887954735,0.040324840289670136,0.052300539722938515,0.04592441437142401,0.048043673286884414,0.03720733957141801,0.04054798258125606,0.03646564178696769,0.05516510326000814,0.05109066203631408,0.0630810794977837,0.04623200626210248,0.05755875084737773,0.03634731976513065,0.05023984866270806,0.036892876245255175,0.041402765353001504,0.02591795009849009,0.03653556420400187,0.03530201175776137,0.04066503263715518,0.044391821466770086,0.047648852407626154
