,index,age,target_label,session_id,correct_or_not,target_label_prob,airplane_prob,bear_prob,bike_prob,bird_prob,boat_prob,bowl_prob,car_prob,cat_prob,chair_prob,couch_prob,cup_prob,dog_prob,fish_prob,frog_prob,house_prob,key_prob,person_prob,phone_prob,rabbit_prob,scissors_prob,sheep_prob,train_prob,tree_prob
0,3357,4,chair,run_v31532111078231,1.0,0.07964113564269316,0.04507452788377881,0.03833164411116889,0.05132834395711756,0.039724484402258994,0.040721328462786255,0.03631634809499546,0.045250166804626527,0.04628613416268466,0.07964113564269316,0.04392505575993771,0.039553520293232,0.04527564675756779,0.03926822967109587,0.039646650141515,0.03455288027795221,0.0386476698694422,0.030263581282657416,0.04318462366228605,0.04156255416783538,0.04523151291237606,0.04372614375952619,0.055401687935784254,0.037086129986681565
