,index,age,target_label,session_id,correct_or_not,target_label_prob,airplane_prob,bear_prob,bike_prob,bird_prob,boat_prob,bowl_prob,car_prob,cat_prob,chair_prob,couch_prob,cup_prob,dog_prob,fish_prob,frog_prob,house_prob,key_prob,person_prob,phone_prob,rabbit_prob,scissors_prob,sheep_prob,train_prob,tree_prob
0,3173,5,chair,run_v31530485447745,1.0,0.125683417943614,0.041601265459711996,0.04025098544315464,0.04096257189666745,0.04101253361268179,0.050518698467934574,0.037787654290619865,0.04163075972290494,0.03992788228174798,0.125683417943614,0.050419140841487325,0.05872738620511077,0.03444781122805136,0.038847970124270555,0.040013025987067644,0.021693064844216813,0.04208567149899317,0.036164749623602346,0.03225067939514379,0.03711567731308876,0.03828492249424345,0.03405764378319251,0.033092043199531726,0.04342444434296244
