,index,age,target_label,session_id,correct_or_not,target_label_prob,airplane_prob,bear_prob,bike_prob,bird_prob,boat_prob,bowl_prob,car_prob,cat_prob,chair_prob,couch_prob,cup_prob,dog_prob,fish_prob,frog_prob,house_prob,key_prob,person_prob,phone_prob,rabbit_prob,scissors_prob,sheep_prob,train_prob,tree_prob
0,7078,5,rabbit,run_v31528834869549,0.0,0.054754887826713394,0.03711073939785038,0.04253558559530295,0.04766372880705965,0.041094628237929885,0.036043388443167804,0.04669151455951636,0.04413404779011456,0.04358604632144885,0.0417800220666795,0.039105500703674426,0.0487702614773102,0.039985862453476136,0.04131955245052307,0.043668440253036504,0.033691058073538345,0.07257544423775104,0.035827410583175776,0.043773077834542914,0.054754887826713394,0.044503890236998606,0.03847491152626764,0.03874041337333763,0.044169587750584514
