,index,age,target_label,session_id,correct_or_not,target_label_prob,airplane_prob,bear_prob,bike_prob,bird_prob,boat_prob,bowl_prob,car_prob,cat_prob,chair_prob,couch_prob,cup_prob,dog_prob,fish_prob,frog_prob,house_prob,key_prob,person_prob,phone_prob,rabbit_prob,scissors_prob,sheep_prob,train_prob,tree_prob
0,7424,4,scissors,run_v41541876612699,0.0,0.04306926113232787,0.041440943091663456,0.03608594203757383,0.04081531431805204,0.04443000026222867,0.040656945007878996,0.03585688255167412,0.04379151935366304,0.046537178720998794,0.03891688060588264,0.04174190397787549,0.042594866779719215,0.04922344862596922,0.051641928070974466,0.05788984889658876,0.03849897755605443,0.045433718359062715,0.039208052150326474,0.03935872028437322,0.04315300447565586,0.04306926113232787,0.046006394992973244,0.05654845342466655,0.03709981532381685
