,index,age,target_label,session_id,correct_or_not,target_label_prob,airplane_prob,bear_prob,bike_prob,bird_prob,boat_prob,bowl_prob,car_prob,cat_prob,chair_prob,couch_prob,cup_prob,dog_prob,fish_prob,frog_prob,house_prob,key_prob,person_prob,phone_prob,rabbit_prob,scissors_prob,sheep_prob,train_prob,tree_prob
0,7837,10,sheep,run_v41537572010819,1.0,0.09168915402779125,0.031315108287125346,0.04712026322352941,0.04001790105282289,0.051092130439750985,0.03961908841372134,0.04140094672337347,0.03673751503858688,0.05469013060580774,0.03611270787293401,0.03501070756926883,0.03536279914165584,0.05567584311865154,0.03218615469860943,0.04645827336795484,0.037097857215855616,0.0527766715204739,0.034996074272379656,0.02813477084067956,0.040347114722250145,0.04040595296745746,0.09168915402779125,0.040366858408200985,0.05138597647111886
