,index,age,target_label,session_id,correct_or_not,target_label_prob,airplane_prob,bear_prob,bike_prob,bird_prob,boat_prob,bowl_prob,car_prob,cat_prob,chair_prob,couch_prob,cup_prob,dog_prob,fish_prob,frog_prob,house_prob,key_prob,person_prob,phone_prob,rabbit_prob,scissors_prob,sheep_prob,train_prob,tree_prob
0,723,2,bear,run_v41542133434272,0.0,0.053662118443715115,0.03554168520168973,0.053662118443715115,0.040784873099648726,0.04666571834819102,0.03869787514616288,0.03631662787698435,0.03899140103931202,0.04475894894343527,0.03627224397003214,0.03680614482214789,0.04029621051312743,0.04189400137512318,0.03824049673881532,0.04934063346878521,0.036282103803623574,0.04452761569262117,0.05148483553139504,0.03375237321108425,0.03878638626762747,0.03952241169065932,0.06711233060271257,0.059787588264984974,0.050475375948121515
