,index,age,target_label,session_id,correct_or_not,target_label_prob,airplane_prob,bear_prob,bike_prob,bird_prob,boat_prob,bowl_prob,car_prob,cat_prob,chair_prob,couch_prob,cup_prob,dog_prob,fish_prob,frog_prob,house_prob,key_prob,person_prob,phone_prob,rabbit_prob,scissors_prob,sheep_prob,train_prob,tree_prob
0,6400,4,person,run_v31527719230278,1.0,0.06663803748470684,0.03949660423753058,0.045589700728788485,0.04507119458665492,0.04201447830813142,0.04077982255886773,0.04318236328348901,0.04085997698800194,0.043509304480373004,0.03660447284985262,0.03886511723867744,0.042031599332851485,0.03975644052948356,0.04376850157274304,0.047626112114989384,0.03804743418198337,0.058424712535392095,0.06663803748470684,0.03943859129159544,0.03714610502807842,0.04805421736882534,0.038408058086795954,0.04024753931825004,0.04443961589393809
