,index,age,target_label,session_id,correct_or_not,target_label_prob,airplane_prob,bear_prob,bike_prob,bird_prob,boat_prob,bowl_prob,car_prob,cat_prob,chair_prob,couch_prob,cup_prob,dog_prob,fish_prob,frog_prob,house_prob,key_prob,person_prob,phone_prob,rabbit_prob,scissors_prob,sheep_prob,train_prob,tree_prob
0,5926,6,key,run_v41536522290128,0.0,0.042136359829010615,0.04104737467067556,0.04641393352878756,0.04277386971986393,0.04817040994989646,0.039791594413260564,0.04158654511655813,0.04126101061556381,0.0453346780794602,0.032762334480054396,0.05076255494941494,0.04269867099541626,0.04369162197197081,0.04515187058077313,0.04571842476593461,0.03866592421159192,0.042136359829010615,0.0467365395101228,0.04708057406688633,0.046845564455562254,0.04728739512168363,0.05225351359851985,0.03619768868766089,0.03563154668133148
