,index,age,target_label,session_id,correct_or_not,target_label_prob,airplane_prob,bear_prob,bike_prob,bird_prob,boat_prob,bowl_prob,car_prob,cat_prob,chair_prob,couch_prob,cup_prob,dog_prob,fish_prob,frog_prob,house_prob,key_prob,person_prob,phone_prob,rabbit_prob,scissors_prob,sheep_prob,train_prob,tree_prob
0,6155,3,person,run_v31534108951480,0.0,0.04069811578060226,0.04178154914341329,0.04257626605329257,0.034837770813409365,0.043277354429917585,0.043669645603161784,0.03922454460826512,0.043659088846993516,0.04482223702542737,0.04066987949851435,0.03792780028592035,0.038211196414705835,0.038170714518278547,0.037897892422608014,0.04309375064457987,0.050351885825011246,0.04247861051329585,0.04069811578060226,0.05267705119021388,0.04075917619638037,0.0592185513414041,0.050152145088679455,0.048336327467721055,0.04550844628820421
