,index,age,target_label,session_id,correct_or_not,target_label_prob,airplane_prob,bear_prob,bike_prob,bird_prob,boat_prob,bowl_prob,car_prob,cat_prob,chair_prob,couch_prob,cup_prob,dog_prob,fish_prob,frog_prob,house_prob,key_prob,person_prob,phone_prob,rabbit_prob,scissors_prob,sheep_prob,train_prob,tree_prob
0,8487,4,tree,run_v31536005375097,1.0,0.06343405069486066,0.03793724439983013,0.04264533897038188,0.04236142237088578,0.044994171330120514,0.03915152369137563,0.03825208825545321,0.037931694494613755,0.04251730042296608,0.03553149272115707,0.03914017745505177,0.03985122043385388,0.045025979663090784,0.04832434894426747,0.03931118997490353,0.04159416669988354,0.04758171133358994,0.05489913904153016,0.049376706881479826,0.04245627344397393,0.04324979549129453,0.043497290299799145,0.04093567298563682,0.06343405069486066
