,index,age,target_label,session_id,correct_or_not,target_label_prob,airplane_prob,bear_prob,bike_prob,bird_prob,boat_prob,bowl_prob,car_prob,cat_prob,chair_prob,couch_prob,cup_prob,dog_prob,fish_prob,frog_prob,house_prob,key_prob,person_prob,phone_prob,rabbit_prob,scissors_prob,sheep_prob,train_prob,tree_prob
0,2784,5,cat,run_v41541976072035,0.0,0.04709715793750979,0.04844919268751139,0.0450505266726153,0.04364920942451172,0.048376752023941184,0.04425384638359753,0.03608054452518688,0.03916581367150276,0.04709715793750979,0.039825795263942414,0.037866640659321237,0.04245495972168639,0.041048552597660874,0.05093172817328528,0.044869509945281986,0.0379505313072814,0.04059968621549144,0.055804759204683786,0.042379532690868256,0.0394934805894369,0.03890486611428337,0.04045993253453599,0.04414156045986192,0.0511454211960021
