,index,age,target_label,session_id,correct_or_not,target_label_prob,airplane_prob,bear_prob,bike_prob,bird_prob,boat_prob,bowl_prob,car_prob,cat_prob,chair_prob,couch_prob,cup_prob,dog_prob,fish_prob,frog_prob,house_prob,key_prob,person_prob,phone_prob,rabbit_prob,scissors_prob,sheep_prob,train_prob,tree_prob
0,2825,3,cat,run_v41541881098397,0.0,0.0397247501369523,0.051812546825889094,0.04004851269434729,0.04311686503440833,0.04796271539665658,0.05465535740078338,0.04028397751927929,0.05238646345668875,0.0397247501369523,0.0417213836073536,0.039432526019807124,0.03450614694083798,0.041031893301559645,0.05246549284344925,0.042607806393140255,0.0393686165012151,0.047134483385387956,0.036711576819984326,0.03689329240897751,0.03884092093746549,0.04877883184659482,0.047709324965644895,0.04412661316391935,0.038679902399657594
