,index,age,target_label,session_id,correct_or_not,target_label_prob,airplane_prob,bear_prob,bike_prob,bird_prob,boat_prob,bowl_prob,car_prob,cat_prob,chair_prob,couch_prob,cup_prob,dog_prob,fish_prob,frog_prob,house_prob,key_prob,person_prob,phone_prob,rabbit_prob,scissors_prob,sheep_prob,train_prob,tree_prob
0,3134,3,chair,run_v31527979199137,0.0,0.05211630531408446,0.04251614394991908,0.040217795319983984,0.03995627440428248,0.04567992350572804,0.03502273800939077,0.03911959159390951,0.04256786141657725,0.039160520201062955,0.05211630531408446,0.04855385958127938,0.059026764220029504,0.037956138349740536,0.047896508262145684,0.038373936753246685,0.054957099001686695,0.04455060756497646,0.03400214255985385,0.04846978758400863,0.036401626944816794,0.05460790844286065,0.04197221924878633,0.04014566911526799,0.036728578656362185
