,index,age,target_label,session_id,correct_or_not,target_label_prob,airplane_prob,bear_prob,bike_prob,bird_prob,boat_prob,bowl_prob,car_prob,cat_prob,chair_prob,couch_prob,cup_prob,dog_prob,fish_prob,frog_prob,house_prob,key_prob,person_prob,phone_prob,rabbit_prob,scissors_prob,sheep_prob,train_prob,tree_prob
0,6729,7,phone,run_v41541367390536,0.0,0.041569160899269264,0.04338048045534956,0.040008753861854915,0.039700997480642354,0.04041284212242206,0.051093788142370776,0.05035743234034099,0.04537739947375022,0.044857199824446296,0.03604140471502114,0.042146797281469604,0.03785185350364999,0.03946685016232515,0.05277286802881815,0.041380612618649885,0.05487677186118914,0.04204288227488131,0.037866569579724604,0.041569160899269264,0.042868767301881085,0.052245314025988025,0.04014059062365343,0.04179203390846202,0.04174862951383963
