,index,age,target_label,session_id,correct_or_not,target_label_prob,airplane_prob,bear_prob,bike_prob,bird_prob,boat_prob,bowl_prob,car_prob,cat_prob,chair_prob,couch_prob,cup_prob,dog_prob,fish_prob,frog_prob,house_prob,key_prob,person_prob,phone_prob,rabbit_prob,scissors_prob,sheep_prob,train_prob,tree_prob
0,5614,10,house,run_v31533938139882,1.0,0.09265720490260576,0.05082328446330985,0.04526626436580566,0.036177588119801006,0.04199988288209873,0.056835204060724294,0.0343602683838916,0.04189144618192809,0.03676910212427583,0.07518134264973113,0.034722054545189396,0.037514363462704585,0.042166923666752475,0.03651432521762207,0.04049944861320651,0.09265720490260576,0.0384372115269157,0.037087690353685324,0.02553056329179583,0.038316333925432426,0.03753864482618707,0.04180018205482945,0.03814726353582227,0.039763406845684766
