,index,age,target_label,session_id,correct_or_not,target_label_prob,airplane_prob,bear_prob,bike_prob,bird_prob,boat_prob,bowl_prob,car_prob,cat_prob,chair_prob,couch_prob,cup_prob,dog_prob,fish_prob,frog_prob,house_prob,key_prob,person_prob,phone_prob,rabbit_prob,scissors_prob,sheep_prob,train_prob,tree_prob
0,7862,5,sheep,run_v41540062288602,0.0,0.04214800092287496,0.039152639159979886,0.047443381056643294,0.04588586342727104,0.042713376571681796,0.040069269503250855,0.04429444409933026,0.042979845427348895,0.043990672966294345,0.041351748660780445,0.03887198776356134,0.04696863263895992,0.04623367585529536,0.059902431222606474,0.056310861054604186,0.03725587656688512,0.056174605517553364,0.04250361421963922,0.033136260585146175,0.036697462135817864,0.04042574611851255,0.04214800092287496,0.037577141836143704,0.03791246268981896
