,index,age,target_label,session_id,correct_or_not,target_label_prob,airplane_prob,bear_prob,bike_prob,bird_prob,boat_prob,bowl_prob,car_prob,cat_prob,chair_prob,couch_prob,cup_prob,dog_prob,fish_prob,frog_prob,house_prob,key_prob,person_prob,phone_prob,rabbit_prob,scissors_prob,sheep_prob,train_prob,tree_prob
0,7467,7,scissors,run_v41539541441637,1.0,0.07020677474986392,0.03936656814663736,0.04448120562182085,0.039156136868051576,0.04294915101218855,0.04083227621932623,0.049139669008936716,0.03556943769089702,0.04990196766899516,0.03557813692824466,0.03666668057447627,0.04153106915406286,0.043544232319461855,0.04070132386357779,0.039441999659388355,0.02901398701260978,0.06337952047660084,0.04236461093766239,0.043294357751539905,0.05573625501885314,0.07020677474986392,0.038583897661375766,0.0357910897984281,0.04276965185700095
