,index,age,target_label,session_id,correct_or_not,target_label_prob,airplane_prob,bear_prob,bike_prob,bird_prob,boat_prob,bowl_prob,car_prob,cat_prob,chair_prob,couch_prob,cup_prob,dog_prob,fish_prob,frog_prob,house_prob,key_prob,person_prob,phone_prob,rabbit_prob,scissors_prob,sheep_prob,train_prob,tree_prob
0,1689,6,boat,run_v31534447983969,0.0,0.059034772418518094,0.05454055152810897,0.0432145233145057,0.039542708555858834,0.03933908483815899,0.059034772418518094,0.06601642724214016,0.03947497928021528,0.03606707029838691,0.03727439514851936,0.0468889673095704,0.044713991872048144,0.04221865806719156,0.0478709362845932,0.038632651271136895,0.026757703372819977,0.04202345253444845,0.043633220972314146,0.04224559646737928,0.039164527950886444,0.05017327809313017,0.04309836670231906,0.03754880814128928,0.04052532833646066
