,index,age,target_label,session_id,correct_or_not,target_label_prob,airplane_prob,bear_prob,bike_prob,bird_prob,boat_prob,bowl_prob,car_prob,cat_prob,chair_prob,couch_prob,cup_prob,dog_prob,fish_prob,frog_prob,house_prob,key_prob,person_prob,phone_prob,rabbit_prob,scissors_prob,sheep_prob,train_prob,tree_prob
0,3122,10,chair,run_v31527970199200,1.0,0.07812078767000831,0.04365410987824649,0.039279749150792596,0.03922985365255892,0.04360637194306406,0.04707369574050123,0.03291592539619491,0.041673607794249244,0.03964845214775565,0.07812078767000831,0.0663573273355122,0.04153456426341453,0.03777204032973004,0.04361593062962798,0.03595934427989305,0.03789604160174085,0.038777042218616116,0.03996007321866069,0.03824001483195031,0.048565660611008976,0.04349213652327941,0.039649956709414826,0.044044859900096656,0.038932454173682934
