,index,age,target_label,session_id,correct_or_not,target_label_prob,airplane_prob,bear_prob,bike_prob,bird_prob,boat_prob,bowl_prob,car_prob,cat_prob,chair_prob,couch_prob,cup_prob,dog_prob,fish_prob,frog_prob,house_prob,key_prob,person_prob,phone_prob,rabbit_prob,scissors_prob,sheep_prob,train_prob,tree_prob
0,52,6,airplane,run_v31531697804442,1.0,0.07799646654080145,0.07799646654080145,0.03654008215043172,0.03879863859475813,0.04400985981025087,0.0489078515624695,0.03168144551792248,0.042627486508389795,0.042158034140086925,0.04663986904466994,0.034222062825556974,0.035671642456288594,0.04241084525702827,0.044798681328877356,0.037096772429922,0.05341669709652054,0.040664444788061374,0.055936422803328084,0.03863773969450929,0.04643877708936665,0.040438771785359276,0.041797897464860956,0.036868082160795214,0.04224142894974448
