,index,age,target_label,session_id,correct_or_not,target_label_prob,airplane_prob,bear_prob,bike_prob,bird_prob,boat_prob,bowl_prob,car_prob,cat_prob,chair_prob,couch_prob,cup_prob,dog_prob,fish_prob,frog_prob,house_prob,key_prob,person_prob,phone_prob,rabbit_prob,scissors_prob,sheep_prob,train_prob,tree_prob
0,663,5,bear,run_v41540072238708,0.0,0.048787009503048206,0.036298687699621586,0.048787009503048206,0.03768092610592778,0.044029191064570206,0.04069262540942408,0.041633900864825796,0.05280972948810251,0.04526415763776711,0.03914116619141034,0.04246388318412632,0.04067223327451806,0.04996094613144991,0.049677311648482346,0.04962015363472543,0.04493349887002758,0.03816814565630247,0.03655229586892493,0.04213861493641749,0.04358809345218748,0.03768039201376569,0.05169632743742088,0.04588679853100888,0.04062391139594492
