,index,age,target_label,session_id,correct_or_not,target_label_prob,airplane_prob,bear_prob,bike_prob,bird_prob,boat_prob,bowl_prob,car_prob,cat_prob,chair_prob,couch_prob,cup_prob,dog_prob,fish_prob,frog_prob,house_prob,key_prob,person_prob,phone_prob,rabbit_prob,scissors_prob,sheep_prob,train_prob,tree_prob
0,6219,8,person,run_v31526253016255,0.0,0.04850063405847614,0.032161296662746426,0.03625424136565309,0.05633087067506701,0.033486250901427456,0.04930833290713138,0.03963998644514402,0.03843219865415452,0.038384416058556865,0.06817502330031788,0.039242344036281074,0.04499140223968019,0.03734951045149338,0.041155319166299706,0.03691592385262595,0.054880123678463844,0.04190517957855206,0.04850063405847614,0.045402900520280835,0.035889449138362145,0.03485093309377651,0.03689747260817267,0.04571134835344282,0.06413484225389406
