,index,age,target_label,session_id,correct_or_not,target_label_prob,airplane_prob,bear_prob,bike_prob,bird_prob,boat_prob,bowl_prob,car_prob,cat_prob,chair_prob,couch_prob,cup_prob,dog_prob,fish_prob,frog_prob,house_prob,key_prob,person_prob,phone_prob,rabbit_prob,scissors_prob,sheep_prob,train_prob,tree_prob
0,5555,3,house,run_v31534623270254,0.0,0.04497688311596051,0.03618796353503715,0.038956814936057335,0.06198264296031865,0.042261623007615365,0.04112593541475729,0.041330229461204245,0.04470431851962866,0.03792417471108738,0.03386375659438522,0.04167819941607068,0.03953448910749164,0.03511420093848438,0.03522224408918631,0.04605272975651557,0.04497688311596051,0.0388573971116609,0.053055446590971916,0.05689944630464569,0.042648192382772475,0.03451767953454502,0.04901098725550773,0.06091357034339323,0.04318107491270268
