,index,age,target_label,session_id,correct_or_not,target_label_prob,airplane_prob,bear_prob,bike_prob,bird_prob,boat_prob,bowl_prob,car_prob,cat_prob,chair_prob,couch_prob,cup_prob,dog_prob,fish_prob,frog_prob,house_prob,key_prob,person_prob,phone_prob,rabbit_prob,scissors_prob,sheep_prob,train_prob,tree_prob
0,2831,3,cat,run_v41540072644117,0.0,0.05354340849223645,0.03525741791366334,0.04631753960190549,0.035650792893102225,0.053742938949853575,0.03185211475594589,0.037132853400695935,0.03799092495106764,0.05354340849223645,0.03636474777711987,0.04070949890541216,0.043301262116356605,0.05298273107692548,0.04735045487963907,0.05332249237477645,0.03820280517815373,0.03950129654357336,0.05174160193423583,0.03496796522227543,0.04034253682030794,0.0469174464706379,0.06718189568549973,0.03993578324932859,0.035689490807287304
