,index,age,target_label,session_id,correct_or_not,target_label_prob,airplane_prob,bear_prob,bike_prob,bird_prob,boat_prob,bowl_prob,car_prob,cat_prob,chair_prob,couch_prob,cup_prob,dog_prob,fish_prob,frog_prob,house_prob,key_prob,person_prob,phone_prob,rabbit_prob,scissors_prob,sheep_prob,train_prob,tree_prob
0,5833,10,key,run_v41537649559247,0.0,0.04516520219514262,0.03977461068144828,0.05350638718558876,0.041808662935630084,0.050584294251885716,0.04287342980717606,0.040119563255249284,0.043087028129653586,0.04552131318556193,0.038062106639937476,0.03692734568958602,0.04060382185164601,0.04712878283343769,0.05347622272713879,0.05311866369842763,0.03851684119694604,0.04516520219514262,0.05541375639799201,0.03381586571726382,0.043294944553324444,0.0427334754015954,0.03878314829911007,0.03820679241791471,0.03747774094834367
