,index,age,target_label,session_id,correct_or_not,target_label_prob,airplane_prob,bear_prob,bike_prob,bird_prob,boat_prob,bowl_prob,car_prob,cat_prob,chair_prob,couch_prob,cup_prob,dog_prob,fish_prob,frog_prob,house_prob,key_prob,person_prob,phone_prob,rabbit_prob,scissors_prob,sheep_prob,train_prob,tree_prob
0,2536,3,car,run_v31533337689129,0.0,0.04625814994029327,0.0496640860344586,0.03613310892113152,0.04427136854029918,0.04255638576536972,0.04908003096595334,0.036777669528471925,0.04625814994029327,0.04583249989364154,0.03335365197336332,0.03305855783716117,0.046465221520638554,0.036930738021631805,0.04634055888139465,0.04299192264330367,0.04682189618289654,0.051365846324180876,0.036436541007881997,0.04393470454357483,0.04930428218397708,0.06489091005058957,0.038567427460066764,0.0422284926863769,0.03673594909334323
