,index,age,target_label,session_id,correct_or_not,target_label_prob,airplane_prob,bear_prob,bike_prob,bird_prob,boat_prob,bowl_prob,car_prob,cat_prob,chair_prob,couch_prob,cup_prob,dog_prob,fish_prob,frog_prob,house_prob,key_prob,person_prob,phone_prob,rabbit_prob,scissors_prob,sheep_prob,train_prob,tree_prob
0,3630,8,couch,run_v31532037422524,1.0,0.07425872372497845,0.04002636870512869,0.04517114682998411,0.0389664974981678,0.03383181166048166,0.045339622725880165,0.05781643910256467,0.04542770486603099,0.03409176436783335,0.04124225545274344,0.07425872372497845,0.03768026953440662,0.035345830180227106,0.03180007103496341,0.04037366897853058,0.030948651931425198,0.04026697236624089,0.04890940838904625,0.06552680419763957,0.03947297931003885,0.03371295948784133,0.03890670674358855,0.05926039652036325,0.04162294639189507
