,index,age,target_label,session_id,correct_or_not,target_label_prob,airplane_prob,bear_prob,bike_prob,bird_prob,boat_prob,bowl_prob,car_prob,cat_prob,chair_prob,couch_prob,cup_prob,dog_prob,fish_prob,frog_prob,house_prob,key_prob,person_prob,phone_prob,rabbit_prob,scissors_prob,sheep_prob,train_prob,tree_prob
0,5417,4,house,run_v31533938412798,0.0,0.044294635713388805,0.04167442986120049,0.04343032486429511,0.03825285830150532,0.04768177854706195,0.037484268702548944,0.05003836340003653,0.03927875704397519,0.03999478398667393,0.03988331575775395,0.042586470632202875,0.045098591207533685,0.04344633023927763,0.04372478206685873,0.04852949170622261,0.044294635713388805,0.045258339370246335,0.04531860845390694,0.041624313663424256,0.04281634142612064,0.045477298861335023,0.04656694593928749,0.037132304709249435,0.0504066655458942
