,index,age,target_label,session_id,correct_or_not,target_label_prob,airplane_prob,bear_prob,bike_prob,bird_prob,boat_prob,bowl_prob,car_prob,cat_prob,chair_prob,couch_prob,cup_prob,dog_prob,fish_prob,frog_prob,house_prob,key_prob,person_prob,phone_prob,rabbit_prob,scissors_prob,sheep_prob,train_prob,tree_prob
0,294,2,airplane,run_v31529444194512,0.0,0.05217683196480566,0.05217683196480566,0.0454370728897356,0.03327713986124699,0.04233180445486994,0.047666861829998575,0.035747429314049485,0.041267212850259805,0.04778980818070239,0.048347795176040056,0.04635480139036084,0.03329349833827387,0.04240192378971745,0.04288739010603017,0.03980411285624746,0.041219446280599474,0.041302263849352254,0.04217508311895566,0.036132979825711904,0.049942494279460466,0.04295584813436491,0.04412427181763449,0.04651294463824416,0.05685098505333824
