,index,age,target_label,session_id,correct_or_not,target_label_prob,airplane_prob,bear_prob,bike_prob,bird_prob,boat_prob,bowl_prob,car_prob,cat_prob,chair_prob,couch_prob,cup_prob,dog_prob,fish_prob,frog_prob,house_prob,key_prob,person_prob,phone_prob,rabbit_prob,scissors_prob,sheep_prob,train_prob,tree_prob
0,4969,3,frog,run_v41540075054882,0.0,0.04138831688785048,0.04158372609988522,0.039167612299788226,0.04436668739957069,0.044872668712360335,0.05217984465898667,0.04539706375889418,0.040259684599152835,0.03682510402203969,0.04751842889069162,0.04654749163866351,0.04514840681623997,0.04150508547317109,0.03642836671911042,0.04138831688785048,0.03599532100640756,0.043755178521020496,0.04344920388936533,0.04217816460484055,0.042158919596306826,0.042922238169855846,0.04050213269334254,0.04402301342680782,0.061827340115648256
