,index,age,target_label,session_id,correct_or_not,target_label_prob,airplane_prob,bear_prob,bike_prob,bird_prob,boat_prob,bowl_prob,car_prob,cat_prob,chair_prob,couch_prob,cup_prob,dog_prob,fish_prob,frog_prob,house_prob,key_prob,person_prob,phone_prob,rabbit_prob,scissors_prob,sheep_prob,train_prob,tree_prob
0,8079,6,train,run_v41540068107272,0.0,0.05229749157976588,0.04138606730060187,0.03837535998952665,0.04049459559200193,0.038111860410925326,0.039317290019770364,0.04634685716011222,0.05873172824063346,0.04455645170325623,0.040050014378518364,0.060700100938993806,0.05835686549905948,0.0444659332919049,0.0487843121426883,0.03951434811919008,0.03995553423231003,0.04099800634213115,0.03491036306724581,0.04079378160944916,0.037910965133619225,0.03873656148382229,0.04010852099982413,0.05229749157976588,0.03509699076464928
