,index,age,target_label,session_id,correct_or_not,target_label_prob,airplane_prob,bear_prob,bike_prob,bird_prob,boat_prob,bowl_prob,car_prob,cat_prob,chair_prob,couch_prob,cup_prob,dog_prob,fish_prob,frog_prob,house_prob,key_prob,person_prob,phone_prob,rabbit_prob,scissors_prob,sheep_prob,train_prob,tree_prob
0,5069,4,frog,run_v41541895257111,0.0,0.0505800221025945,0.04022588967609698,0.04203263166101655,0.03979918608743071,0.04026523780261821,0.04199223876057152,0.040302149007231794,0.05578773214559302,0.044491738275153854,0.03265826797312363,0.03918877804922633,0.038785060174452386,0.0403235478864803,0.04077076189461129,0.0505800221025945,0.04453248472341931,0.04746069884167331,0.039041633731269676,0.05719851653513015,0.04550155572455815,0.043487002445392456,0.04570903710282991,0.04925888955633091,0.040606939843195196
