,index,age,target_label,session_id,correct_or_not,target_label_prob,airplane_prob,bear_prob,bike_prob,bird_prob,boat_prob,bowl_prob,car_prob,cat_prob,chair_prob,couch_prob,cup_prob,dog_prob,fish_prob,frog_prob,house_prob,key_prob,person_prob,phone_prob,rabbit_prob,scissors_prob,sheep_prob,train_prob,tree_prob
0,1446,4,bird,run_v31532117279024,0.0,0.04680244325866937,0.053241495942896865,0.04452870118901653,0.048231395803871514,0.04680244325866937,0.0467998966145297,0.04003142240134522,0.04235970774134161,0.040044992665056026,0.040983389161096444,0.0453714827426693,0.04834512433208568,0.043642400276047835,0.04922122623044667,0.04323294505357071,0.03737012696565807,0.03592173200958876,0.040078493520215176,0.0355784805436895,0.045156345650815076,0.03983237890852301,0.04174004131570943,0.0453254668641815,0.04616031080897599
