,index,age,target_label,session_id,correct_or_not,target_label_prob,airplane_prob,bear_prob,bike_prob,bird_prob,boat_prob,bowl_prob,car_prob,cat_prob,chair_prob,couch_prob,cup_prob,dog_prob,fish_prob,frog_prob,house_prob,key_prob,person_prob,phone_prob,rabbit_prob,scissors_prob,sheep_prob,train_prob,tree_prob
0,4725,8,fish,run_v31533234855582,1.0,0.06097519826109363,0.04275244622100377,0.052363122807224056,0.039454470570435454,0.04305544200671344,0.04568738318583111,0.05100563564080693,0.03295575810992507,0.05231751657792872,0.039974108636369014,0.03512243285296916,0.04411983382637574,0.04471974862958681,0.06097519826109363,0.052795757659722116,0.041973819065588114,0.03596638574686713,0.044240156922609186,0.04308526161897539,0.039968036430648154,0.038370915853447235,0.04143301330035851,0.04037223445772648,0.03729132161779489
