,index,age,target_label,session_id,correct_or_not,target_label_prob,airplane_prob,bear_prob,bike_prob,bird_prob,boat_prob,bowl_prob,car_prob,cat_prob,chair_prob,couch_prob,cup_prob,dog_prob,fish_prob,frog_prob,house_prob,key_prob,person_prob,phone_prob,rabbit_prob,scissors_prob,sheep_prob,train_prob,tree_prob
0,7583,6,sheep,run_v41541966815102,0.0,0.04073771733244203,0.04085910400940178,0.04721344331637163,0.05097594090989338,0.04589118231285864,0.03655166832821604,0.042345948076288144,0.04071835943265416,0.041363340261312304,0.04184295571710757,0.03924180625794647,0.04604583429732134,0.04776305946279416,0.0464375053904178,0.043271196195256566,0.035718129176792214,0.04990189160648635,0.04452446730183275,0.03475767073920923,0.04661560581552868,0.04602442871910743,0.04073771733244203,0.03882198134467121,0.05237676399609019
