,index,age,target_label,session_id,correct_or_not,target_label_prob,airplane_prob,bear_prob,bike_prob,bird_prob,boat_prob,bowl_prob,car_prob,cat_prob,chair_prob,couch_prob,cup_prob,dog_prob,fish_prob,frog_prob,house_prob,key_prob,person_prob,phone_prob,rabbit_prob,scissors_prob,sheep_prob,train_prob,tree_prob
0,2844,9,cat,run_v41541284716655,0.0,0.0462648077114966,0.03899832810569541,0.04584537652352083,0.05369180558947916,0.04553123771019471,0.04075041558217833,0.042978504357577815,0.03737186492379144,0.0462648077114966,0.043334759203498344,0.04316887780045741,0.04131157378033876,0.03978830607586079,0.036389397910059004,0.04301853438571798,0.04364853812997071,0.04227008796310598,0.04780684936274152,0.04161770403044377,0.03852446253325878,0.048615064663651494,0.04222762034601881,0.042474256918886934,0.054371626392055256
