,index,age,target_label,session_id,correct_or_not,target_label_prob,airplane_prob,bear_prob,bike_prob,bird_prob,boat_prob,bowl_prob,car_prob,cat_prob,chair_prob,couch_prob,cup_prob,dog_prob,fish_prob,frog_prob,house_prob,key_prob,person_prob,phone_prob,rabbit_prob,scissors_prob,sheep_prob,train_prob,tree_prob
0,6355,4,person,run_v31532806070697,1.0,0.06709274613514006,0.035727422856711585,0.042987522740584774,0.04445998576737369,0.04648101643881256,0.03945723713222098,0.04421802765737038,0.042787605912755475,0.04316028608034294,0.03940631736682055,0.039466278589249386,0.04010787493521134,0.046909291673315645,0.0449778479000823,0.04230245778459963,0.03895467767889608,0.03964726754707098,0.06709274613514006,0.04594704068957187,0.04017406092357539,0.04324238318887607,0.04092782398882474,0.04132653634566178,0.050238290666931786
