,index,age,target_label,session_id,correct_or_not,target_label_prob,airplane_prob,bear_prob,bike_prob,bird_prob,boat_prob,bowl_prob,car_prob,cat_prob,chair_prob,couch_prob,cup_prob,dog_prob,fish_prob,frog_prob,house_prob,key_prob,person_prob,phone_prob,rabbit_prob,scissors_prob,sheep_prob,train_prob,tree_prob
0,2571,3,car,run_v31534621458784,0.0,0.04743723654112304,0.049504462478860665,0.04545451395402632,0.0473381380304198,0.042485479675083024,0.04445105996497365,0.038429802370088084,0.04743723654112304,0.046639992997469897,0.02835279832908304,0.05358154101065442,0.04303869462174094,0.048006320621330804,0.04344178190558194,0.04624273974603947,0.03011916517271378,0.037985736004417896,0.041988537567171406,0.05038119712950474,0.04454215933689254,0.04252672344194806,0.044649678793627,0.04700699456627378,0.036395245740975815
