,index,age,target_label,session_id,correct_or_not,target_label_prob,airplane_prob,bear_prob,bike_prob,bird_prob,boat_prob,bowl_prob,car_prob,cat_prob,chair_prob,couch_prob,cup_prob,dog_prob,fish_prob,frog_prob,house_prob,key_prob,person_prob,phone_prob,rabbit_prob,scissors_prob,sheep_prob,train_prob,tree_prob
0,1238,6,bird,run_v31528320073908,0.0,0.04669953284339034,0.04328114878793466,0.043329938370600486,0.052904521559786505,0.04669953284339034,0.04692667615504757,0.04254643299240254,0.043845228146189956,0.03886547612624084,0.03460133740825321,0.038047035088510914,0.04910434068311048,0.043242106097874426,0.04508265629712808,0.04451808300120556,0.04027550936823209,0.04790862633360009,0.04353751896155717,0.041656636281434456,0.04868357013497012,0.03815843105140026,0.03759645903283515,0.04148657158223987,0.047702163696055185
