,index,age,target_label,session_id,correct_or_not,target_label_prob,airplane_prob,bear_prob,bike_prob,bird_prob,boat_prob,bowl_prob,car_prob,cat_prob,chair_prob,couch_prob,cup_prob,dog_prob,fish_prob,frog_prob,house_prob,key_prob,person_prob,phone_prob,rabbit_prob,scissors_prob,sheep_prob,train_prob,tree_prob
0,7438,5,scissors,run_v41541806890157,0.0,0.05612317602739319,0.04093239917627662,0.0367979760911768,0.04451607922306414,0.036890724133427276,0.04599546341454155,0.03686377874315499,0.04633084437158413,0.04177524548065201,0.030516670761312287,0.03160728977394623,0.036894451038897214,0.03410227758705837,0.03513640054180682,0.037873776203784966,0.07023747072947253,0.05214681982783388,0.0427357224176938,0.060335049895386274,0.04731843279820209,0.05612317602739319,0.036534896080158044,0.050280513538200906,0.04805454214497586
