,index,age,target_label,session_id,correct_or_not,target_label_prob,airplane_prob,bear_prob,bike_prob,bird_prob,boat_prob,bowl_prob,car_prob,cat_prob,chair_prob,couch_prob,cup_prob,dog_prob,fish_prob,frog_prob,house_prob,key_prob,person_prob,phone_prob,rabbit_prob,scissors_prob,sheep_prob,train_prob,tree_prob
0,7082,3,rabbit,run_v31531954401835,1.0,0.06642575554747515,0.04696182266666131,0.049607222492201834,0.04225669447109403,0.046379055520740814,0.0407149258099583,0.03443855035705064,0.03437577015852661,0.0500157887699547,0.03964147394746873,0.035689461100366575,0.0405860525948316,0.047739451517546855,0.03793319611602381,0.04520338987434509,0.04002966571036847,0.03521922731698438,0.04655726235996121,0.041589396169441246,0.06642575554747515,0.041311362772952866,0.04344895457737866,0.04266385365979942,0.05121166648886777
