,index,age,target_label,session_id,correct_or_not,target_label_prob,airplane_prob,bear_prob,bike_prob,bird_prob,boat_prob,bowl_prob,car_prob,cat_prob,chair_prob,couch_prob,cup_prob,dog_prob,fish_prob,frog_prob,house_prob,key_prob,person_prob,phone_prob,rabbit_prob,scissors_prob,sheep_prob,train_prob,tree_prob
0,150,7,airplane,run_v31528394999246,1.0,0.0648757456432225,0.0648757456432225,0.040042465887399986,0.03958210601300191,0.04298385512281659,0.05859434730669915,0.042505568888665454,0.03654648456090757,0.04372404328581887,0.05638803534918902,0.035267898844944884,0.046093855974829935,0.03646824815292949,0.04698200551320903,0.03950044184363045,0.05792774741397664,0.04310426139020291,0.033464145751701646,0.03225168994310148,0.04516664585163281,0.04250737503388453,0.041927048692520036,0.03976899454793673,0.034326988987778355
