,index,age,target_label,session_id,correct_or_not,target_label_prob,airplane_prob,bear_prob,bike_prob,bird_prob,boat_prob,bowl_prob,car_prob,cat_prob,chair_prob,couch_prob,cup_prob,dog_prob,fish_prob,frog_prob,house_prob,key_prob,person_prob,phone_prob,rabbit_prob,scissors_prob,sheep_prob,train_prob,tree_prob
0,7819,8,sheep,run_v41541367019106,0.0,0.04203778994336457,0.04203927004061689,0.04449277013490263,0.05021592251333545,0.0436334256333848,0.03673884350258757,0.044689105679725796,0.04936459830983832,0.04141050450912445,0.03832704816079287,0.039287392170553326,0.04830454399246177,0.0447223249509888,0.05510538835030703,0.05160772931461071,0.03605441301427082,0.06523221972309518,0.032729507437472105,0.04116754650308646,0.037754865471850925,0.04232444444643032,0.04203778994336457,0.03598778058029759,0.036772565616901676
