,index,age,target_label,session_id,correct_or_not,target_label_prob,airplane_prob,bear_prob,bike_prob,bird_prob,boat_prob,bowl_prob,car_prob,cat_prob,chair_prob,couch_prob,cup_prob,dog_prob,fish_prob,frog_prob,house_prob,key_prob,person_prob,phone_prob,rabbit_prob,scissors_prob,sheep_prob,train_prob,tree_prob
0,2838,6,cat,run_v41542049900608,1.0,0.056742817463431586,0.03378076188900547,0.05226745848827622,0.039756727966133686,0.05078139835295025,0.03533005472152902,0.036280088517038275,0.03720894553611953,0.056742817463431586,0.04055578754062969,0.04103840153042836,0.0469519066331292,0.051883620762099104,0.05502857897550205,0.04883832894152268,0.0383993995315656,0.041398294612847504,0.0388371216786407,0.04382190549954434,0.04150556677270273,0.03685328360347889,0.05463185715063713,0.03979561650352417,0.03831207732926389
