,index,age,target_label,session_id,correct_or_not,target_label_prob,airplane_prob,bear_prob,bike_prob,bird_prob,boat_prob,bowl_prob,car_prob,cat_prob,chair_prob,couch_prob,cup_prob,dog_prob,fish_prob,frog_prob,house_prob,key_prob,person_prob,phone_prob,rabbit_prob,scissors_prob,sheep_prob,train_prob,tree_prob
0,7080,3,rabbit,run_v31531423486313,1.0,0.06671917075202541,0.04738417816242086,0.04786606155380218,0.03632538221098827,0.039910928905923106,0.04047358784076384,0.039599249939925765,0.04477714044934607,0.04448746597095028,0.03796726638476469,0.03975197734353328,0.041224242220860866,0.04124486734671961,0.03651901449422212,0.04241913150547665,0.04671433096700496,0.04177145577255207,0.038067967666469006,0.05308596355500263,0.06671917075202541,0.04171756481339023,0.03886831386816028,0.04290746531230499,0.050197272963392985
