,index,age,target_label,session_id,correct_or_not,target_label_prob,airplane_prob,bear_prob,bike_prob,bird_prob,boat_prob,bowl_prob,car_prob,cat_prob,chair_prob,couch_prob,cup_prob,dog_prob,fish_prob,frog_prob,house_prob,key_prob,person_prob,phone_prob,rabbit_prob,scissors_prob,sheep_prob,train_prob,tree_prob
0,2493,9,car,run_v31532893265078,1.0,0.06157184049140493,0.04027526119898069,0.04877404878168447,0.05952221676835218,0.03783634559934964,0.04007817071270901,0.0411260697621065,0.06157184049140493,0.042869295407512074,0.04067617907716493,0.03598414837176783,0.03777143348157802,0.04846493756751102,0.043062735594112105,0.05328096805673371,0.03834723203060949,0.04094023233272526,0.03900978798111746,0.03224415886201367,0.0563144895365196,0.03915899844813225,0.04660637680825005,0.03877176088239036,0.0373133122472747
