,index,age,target_label,session_id,correct_or_not,target_label_prob,airplane_prob,bear_prob,bike_prob,bird_prob,boat_prob,bowl_prob,car_prob,cat_prob,chair_prob,couch_prob,cup_prob,dog_prob,fish_prob,frog_prob,house_prob,key_prob,person_prob,phone_prob,rabbit_prob,scissors_prob,sheep_prob,train_prob,tree_prob
0,6407,3,person,run_v31533074167022,1.0,0.07846839000484329,0.03950717890172692,0.04341555838652182,0.03762468134615539,0.03847050646516347,0.046478279041491995,0.04062204431092798,0.038827849024179115,0.04141492037505813,0.04530831444822114,0.03323843104943887,0.04113975673746919,0.04158808143281596,0.040790583297521915,0.041052315817197406,0.042893570603613124,0.04514234063634665,0.07846839000484329,0.03271044920286116,0.046041801103223104,0.056594696850119273,0.03949330067928687,0.03209529141532897,0.057081658870488376
