,index,age,target_label,session_id,correct_or_not,target_label_prob,airplane_prob,bear_prob,bike_prob,bird_prob,boat_prob,bowl_prob,car_prob,cat_prob,chair_prob,couch_prob,cup_prob,dog_prob,fish_prob,frog_prob,house_prob,key_prob,person_prob,phone_prob,rabbit_prob,scissors_prob,sheep_prob,train_prob,tree_prob
0,3841,5,cup,run_v31534616510290,0.0,0.0667859819075788,0.04229454282223039,0.037709017453788844,0.04696057250927485,0.04209862485980259,0.0410554150337861,0.06706191017632016,0.05778256128137402,0.03375999689617823,0.04083982593199713,0.047905396877663355,0.0667859819075788,0.03799660511075194,0.05088569789012938,0.036162361916732666,0.037592285886573665,0.0424002000825557,0.03767210368636066,0.042890444324154814,0.036833951429325155,0.03709637490172791,0.038496277093499,0.04577174519901112,0.0319481067291835
