,index,age,target_label,session_id,correct_or_not,target_label_prob,airplane_prob,bear_prob,bike_prob,bird_prob,boat_prob,bowl_prob,car_prob,cat_prob,chair_prob,couch_prob,cup_prob,dog_prob,fish_prob,frog_prob,house_prob,key_prob,person_prob,phone_prob,rabbit_prob,scissors_prob,sheep_prob,train_prob,tree_prob
0,6692,9,phone,run_v31530822366007,1.0,0.06542545433588745,0.04877025939614962,0.03908349635151584,0.04898209005728337,0.04022098368743491,0.04189841174399931,0.04547356651542794,0.038226747879009836,0.04313636905808185,0.034621497788038594,0.04158304582473454,0.04544468566488267,0.04575392769393042,0.04869285006451362,0.04045153259013404,0.049480544709873044,0.041695298369885864,0.03416007068324122,0.06542545433588745,0.04636660455588596,0.03999441631993551,0.04015293137149409,0.04378836877612225,0.03659684656253788
