,index,age,target_label,session_id,correct_or_not,target_label_prob,airplane_prob,bear_prob,bike_prob,bird_prob,boat_prob,bowl_prob,car_prob,cat_prob,chair_prob,couch_prob,cup_prob,dog_prob,fish_prob,frog_prob,house_prob,key_prob,person_prob,phone_prob,rabbit_prob,scissors_prob,sheep_prob,train_prob,tree_prob
0,4480,3,dog,run_v31534016115094,0.0,0.05201878113604293,0.0387506213364955,0.05188554380762118,0.03238295892387688,0.05389797825595542,0.03145517473626454,0.03842587014781668,0.03577173804845503,0.046929106712987,0.03704169373803138,0.04080792436174303,0.03997501785866872,0.05201878113604293,0.04609665586404508,0.04493338327174506,0.03150765885404543,0.043012811023249754,0.06825248449569178,0.03647122222064916,0.03712104162868994,0.04137406113647123,0.052176543568733844,0.0381508370047386,0.06156089186798185
