,index,age,target_label,session_id,correct_or_not,target_label_prob,airplane_prob,bear_prob,bike_prob,bird_prob,boat_prob,bowl_prob,car_prob,cat_prob,chair_prob,couch_prob,cup_prob,dog_prob,fish_prob,frog_prob,house_prob,key_prob,person_prob,phone_prob,rabbit_prob,scissors_prob,sheep_prob,train_prob,tree_prob
0,5609,8,house,run_v31533148815589,1.0,0.07268072887079842,0.042805427117586475,0.041004026663338966,0.03954626687612696,0.041413930497428995,0.04972861299042475,0.03104354385117373,0.043987012994632486,0.039967848047238394,0.05862875497923597,0.05603157813798968,0.04174352171528744,0.03520155217059791,0.043241996185039974,0.03709813222398741,0.07268072887079842,0.04603508510514273,0.03703807028540295,0.03606131182957063,0.03937283225552677,0.039005174214131785,0.03879319063256398,0.04739470734768348,0.04217669500909002
