,index,age,target_label,session_id,correct_or_not,target_label_prob,airplane_prob,bear_prob,bike_prob,bird_prob,boat_prob,bowl_prob,car_prob,cat_prob,chair_prob,couch_prob,cup_prob,dog_prob,fish_prob,frog_prob,house_prob,key_prob,person_prob,phone_prob,rabbit_prob,scissors_prob,sheep_prob,train_prob,tree_prob
0,1473,8,bird,run_v31528406399205,0.0,0.04300933591259159,0.03968449163394241,0.042132421060116165,0.03697448281351574,0.04300933591259159,0.04248171680885768,0.0578775698316841,0.04117635200099839,0.04139335951687077,0.03982374784733178,0.038640282526129076,0.04314889159034932,0.04586814529422974,0.0547370264401262,0.052756200053080335,0.03996102177311301,0.05247866944734913,0.04126136440632001,0.04261206503609021,0.03996478071057981,0.04552310230707522,0.041616598261425164,0.037066846322295594,0.03981152840592866
