,index,age,target_label,session_id,correct_or_not,target_label_prob,airplane_prob,bear_prob,bike_prob,bird_prob,boat_prob,bowl_prob,car_prob,cat_prob,chair_prob,couch_prob,cup_prob,dog_prob,fish_prob,frog_prob,house_prob,key_prob,person_prob,phone_prob,rabbit_prob,scissors_prob,sheep_prob,train_prob,tree_prob
0,8463,5,tree,run_v31532982445797,1.0,0.07551887643545992,0.04436214058148469,0.04585962525453428,0.0487907913141018,0.04364514709028632,0.03762396652936451,0.03534351814105655,0.03929513975031319,0.040104462015903154,0.03952763350631417,0.03295183178125274,0.03857964081821825,0.04033553001019586,0.03436482807604227,0.034223897586117956,0.03438727287467042,0.06508332914538625,0.0621338229047135,0.035738504931853876,0.052333973680006904,0.04729927994666655,0.03987311147955686,0.032623676146499705,0.07551887643545992
