,index,age,target_label,session_id,correct_or_not,target_label_prob,airplane_prob,bear_prob,bike_prob,bird_prob,boat_prob,bowl_prob,car_prob,cat_prob,chair_prob,couch_prob,cup_prob,dog_prob,fish_prob,frog_prob,house_prob,key_prob,person_prob,phone_prob,rabbit_prob,scissors_prob,sheep_prob,train_prob,tree_prob
0,6316,3,person,run_v31532719492117,0.0,0.05423563899801784,0.04506566159931545,0.04210884966823577,0.04939421863086085,0.04018755312613551,0.04061662260100473,0.04391056533027335,0.04465387859121383,0.039614347360367015,0.036984266088814624,0.03831462296245192,0.03951592175440462,0.040899518810016175,0.040438876826529836,0.0454309715526393,0.03882443886708445,0.050106627824195,0.05423563899801784,0.04287211765548365,0.031731732551104175,0.05673318979719883,0.046168864568394315,0.043511411141390816,0.04868010369486786
