,index,age,target_label,session_id,correct_or_not,target_label_prob,airplane_prob,bear_prob,bike_prob,bird_prob,boat_prob,bowl_prob,car_prob,cat_prob,chair_prob,couch_prob,cup_prob,dog_prob,fish_prob,frog_prob,house_prob,key_prob,person_prob,phone_prob,rabbit_prob,scissors_prob,sheep_prob,train_prob,tree_prob
0,997,3,bike,run_v31528227893962,1.0,0.06703157110333882,0.04323219198367619,0.04331430303954602,0.06703157110333882,0.04467356216517043,0.037969947290315935,0.03388765981727545,0.05259109838981329,0.044531673579968484,0.04406304796945052,0.03911892845150551,0.04273196370541389,0.04700158302430737,0.04900489455258241,0.04564874037498767,0.034178677542870975,0.0480468961396571,0.03673637990691262,0.03518453660074181,0.03595824275233782,0.04487376876158428,0.04473633844814743,0.04773471103302607,0.03774928336736984
