,index,age,target_label,session_id,correct_or_not,target_label_prob,airplane_prob,bear_prob,bike_prob,bird_prob,boat_prob,bowl_prob,car_prob,cat_prob,chair_prob,couch_prob,cup_prob,dog_prob,fish_prob,frog_prob,house_prob,key_prob,person_prob,phone_prob,rabbit_prob,scissors_prob,sheep_prob,train_prob,tree_prob
0,1080,5,bike,run_v31528066914558,1.0,0.0898115152770751,0.04701028618126282,0.04007937458719749,0.0898115152770751,0.03491608838354181,0.03556917022887474,0.0383942387956279,0.07447347088395335,0.04487847163572822,0.0397713615620446,0.04211379190467268,0.052726079030384745,0.04020431839044344,0.04858884287343085,0.03047765291049791,0.03262713782288001,0.0352993132075174,0.03284625573141738,0.05557062558955288,0.035032521427923326,0.03360788346569063,0.03918387084588787,0.04961343474159675,0.02720429452279792
