,index,age,target_label,session_id,correct_or_not,target_label_prob,airplane_prob,bear_prob,bike_prob,bird_prob,boat_prob,bowl_prob,car_prob,cat_prob,chair_prob,couch_prob,cup_prob,dog_prob,fish_prob,frog_prob,house_prob,key_prob,person_prob,phone_prob,rabbit_prob,scissors_prob,sheep_prob,train_prob,tree_prob
0,3337,4,chair,run_v31531599507205,0.0,0.045736784302194015,0.03795932730201893,0.04306414599938861,0.04825612512791454,0.041822492377903704,0.04370166574144607,0.04508664151957768,0.044327508844821374,0.041380539343514586,0.045736784302194015,0.038600807187462824,0.0391601979324891,0.04720384775276495,0.042266415285018746,0.03845011628345377,0.04480602438948984,0.062411898079275996,0.03823634896330394,0.036035726448894224,0.03158866449773582,0.04215345487078791,0.04928981304214325,0.04719999496508393,0.05126145974331625
