,index,age,target_label,session_id,correct_or_not,target_label_prob,airplane_prob,bear_prob,bike_prob,bird_prob,boat_prob,bowl_prob,car_prob,cat_prob,chair_prob,couch_prob,cup_prob,dog_prob,fish_prob,frog_prob,house_prob,key_prob,person_prob,phone_prob,rabbit_prob,scissors_prob,sheep_prob,train_prob,tree_prob
0,2144,5,bowl,run_v31531341840525,1.0,0.08962170255907016,0.03400800110241551,0.04103322807802004,0.03807703285620758,0.03749374220897174,0.061529530535522445,0.08962170255907016,0.04020067220230974,0.04500873150808061,0.03470440656778176,0.04088226744539302,0.061084235149186816,0.039704309017168,0.037034974926565954,0.03758801497139228,0.04520946031923571,0.03795610643651809,0.03540280365713,0.041658172429238256,0.041447492910661535,0.03728056845714711,0.040304006012623,0.04420757036532117,0.03856297028403936
