,index,age,target_label,session_id,correct_or_not,target_label_prob,airplane_prob,bear_prob,bike_prob,bird_prob,boat_prob,bowl_prob,car_prob,cat_prob,chair_prob,couch_prob,cup_prob,dog_prob,fish_prob,frog_prob,house_prob,key_prob,person_prob,phone_prob,rabbit_prob,scissors_prob,sheep_prob,train_prob,tree_prob
0,2279,6,car,run_v31532546378789,0.0,0.055177522453227636,0.03850590504080107,0.04705526044683965,0.058450305901721504,0.04314578355231569,0.04433833665032701,0.04554482054551865,0.055177522453227636,0.046455915346026076,0.0436984232278753,0.03952164166837853,0.04306408535891241,0.04261243328972805,0.05410333332806779,0.04420172664082476,0.03580403785526542,0.04018179794413644,0.04465394462179638,0.03722867999845873,0.038017087759678825,0.03875128423682646,0.03880723969237691,0.047722543197858895,0.03295789124303783
