,index,age,target_label,session_id,correct_or_not,target_label_prob,airplane_prob,bear_prob,bike_prob,bird_prob,boat_prob,bowl_prob,car_prob,cat_prob,chair_prob,couch_prob,cup_prob,dog_prob,fish_prob,frog_prob,house_prob,key_prob,person_prob,phone_prob,rabbit_prob,scissors_prob,sheep_prob,train_prob,tree_prob
0,7111,3,rabbit,run_v31528227893962,1.0,0.06119795076515481,0.029906978230695616,0.05096336267552837,0.038518659300450175,0.041177645224124856,0.037305621196068096,0.04116913602204874,0.03380437874225585,0.05043208039311161,0.03625729848812556,0.03738938222307058,0.03593198841538567,0.047959758546299164,0.037996589804178534,0.05856367539525097,0.0339182142018729,0.05976580586280599,0.037991074046976776,0.04036465732006472,0.06119795076515481,0.06039272763262521,0.05768654844600217,0.036080499716734424,0.035225967351169396
