,index,age,target_label,session_id,correct_or_not,target_label_prob,airplane_prob,bear_prob,bike_prob,bird_prob,boat_prob,bowl_prob,car_prob,cat_prob,chair_prob,couch_prob,cup_prob,dog_prob,fish_prob,frog_prob,house_prob,key_prob,person_prob,phone_prob,rabbit_prob,scissors_prob,sheep_prob,train_prob,tree_prob
0,6053,3,person,run_v31533495788944,0.0,0.032651253636894154,0.036862109399316466,0.042275378642756885,0.04371123459309158,0.043681172203416385,0.03834206695430088,0.039455717604835044,0.044106843672397894,0.04493079662604788,0.028706479492387506,0.05055865016786775,0.048956263084080846,0.04897202802835547,0.04716920473051691,0.04525185603231716,0.05105675627128011,0.03323718845964558,0.032651253636894154,0.0513537055540312,0.04819393273021952,0.04530158120436522,0.04345006138811127,0.04960074679605392,0.04217497272771047
