,index,age,target_label,session_id,correct_or_not,target_label_prob,airplane_prob,bear_prob,bike_prob,bird_prob,boat_prob,bowl_prob,car_prob,cat_prob,chair_prob,couch_prob,cup_prob,dog_prob,fish_prob,frog_prob,house_prob,key_prob,person_prob,phone_prob,rabbit_prob,scissors_prob,sheep_prob,train_prob,tree_prob
0,8292,4,train,run_v41539980270673,1.0,0.05839819122189137,0.05152093247643824,0.039469888541693546,0.04086052446512281,0.04637381106718492,0.03909130051081594,0.03909956034968465,0.04503235682721638,0.0428488090322986,0.035505996705110815,0.04246164431241611,0.03692795515836414,0.04335505814211976,0.05017751470724992,0.04013562234600927,0.03590994457610849,0.04764557853852901,0.03911898396108159,0.04870241226631363,0.040861938347595134,0.03758107279536692,0.051728438200161424,0.05839819122189137,0.04719246545122719
