,index,age,target_label,session_id,correct_or_not,target_label_prob,airplane_prob,bear_prob,bike_prob,bird_prob,boat_prob,bowl_prob,car_prob,cat_prob,chair_prob,couch_prob,cup_prob,dog_prob,fish_prob,frog_prob,house_prob,key_prob,person_prob,phone_prob,rabbit_prob,scissors_prob,sheep_prob,train_prob,tree_prob
0,57,7,airplane,run_v31530817208588,1.0,0.0997400401306855,0.0997400401306855,0.04401370811121141,0.04254377755197753,0.042826672111446897,0.05475457574108324,0.036539227257367905,0.04588159665343302,0.03807916987790101,0.030610488477554886,0.03218940917521466,0.037072358552023156,0.03533915346142366,0.03820687870553547,0.03211190582236627,0.0763133981948239,0.04452372946332931,0.03317328819497091,0.041830218291443455,0.05735209664476555,0.030127832591106993,0.03348696064318902,0.03990139319257619,0.033382121154570024
