,index,age,target_label,session_id,correct_or_not,target_label_prob,airplane_prob,bear_prob,bike_prob,bird_prob,boat_prob,bowl_prob,car_prob,cat_prob,chair_prob,couch_prob,cup_prob,dog_prob,fish_prob,frog_prob,house_prob,key_prob,person_prob,phone_prob,rabbit_prob,scissors_prob,sheep_prob,train_prob,tree_prob
0,788,6,bike,run_v31531776375845,1.0,0.07336118752008186,0.04814703737384417,0.03551708302437659,0.07336118752008186,0.040512890624032835,0.04152947548212978,0.042272075352309035,0.049364956190688536,0.042737338082988824,0.05184600449333517,0.047414576314682585,0.03625590431442405,0.03920731145593782,0.03977298203962959,0.036886657430641394,0.03844595321454471,0.036523303984084786,0.04067379520108286,0.04278495414548828,0.041083657823323794,0.05565382849148767,0.03886438411624923,0.05174544263489762,0.02939920068973904
