,index,age,target_label,session_id,correct_or_not,target_label_prob,airplane_prob,bear_prob,bike_prob,bird_prob,boat_prob,bowl_prob,car_prob,cat_prob,chair_prob,couch_prob,cup_prob,dog_prob,fish_prob,frog_prob,house_prob,key_prob,person_prob,phone_prob,rabbit_prob,scissors_prob,sheep_prob,train_prob,tree_prob
0,7480,3,scissors,run_v41537388576931,0.0,0.04059943367430682,0.04486449611703176,0.04079463360628099,0.04398475341041147,0.04226078703081662,0.04532963201489722,0.04023198220097924,0.0458952560390558,0.04082432410600285,0.03755995930713533,0.048109722667084215,0.05443041080525261,0.041599279656526024,0.04298613654932017,0.03980398274239364,0.04086124324384088,0.04348867446795045,0.040322140098391246,0.04642301443332009,0.04207179466744615,0.04059943367430682,0.04103458140940701,0.048542073584485035,0.04798168816766446
