,index,age,target_label,session_id,correct_or_not,target_label_prob,airplane_prob,bear_prob,bike_prob,bird_prob,boat_prob,bowl_prob,car_prob,cat_prob,chair_prob,couch_prob,cup_prob,dog_prob,fish_prob,frog_prob,house_prob,key_prob,person_prob,phone_prob,rabbit_prob,scissors_prob,sheep_prob,train_prob,tree_prob
0,5674,7,key,run_v41537138613105,0.0,0.05833343671300281,0.0376541870291953,0.048147498409535104,0.03720627475404996,0.038597324143219335,0.03595531010317451,0.04142448401344359,0.03794868972288541,0.04080435817237398,0.040050762504738116,0.0395357519360697,0.04524792217856512,0.041073613913450185,0.04337171610572599,0.04587449507656135,0.030238884449765618,0.05833343671300281,0.061508811402272934,0.05631959444048063,0.05032472776744433,0.04829739094381364,0.0365221276433236,0.03701497811123012,0.04854766046567863
