,index,age,target_label,session_id,correct_or_not,target_label_prob,airplane_prob,bear_prob,bike_prob,bird_prob,boat_prob,bowl_prob,car_prob,cat_prob,chair_prob,couch_prob,cup_prob,dog_prob,fish_prob,frog_prob,house_prob,key_prob,person_prob,phone_prob,rabbit_prob,scissors_prob,sheep_prob,train_prob,tree_prob
0,7725,3,sheep,run_v41537132863659,1.0,0.05807672033269913,0.030558233184685642,0.04757103500565611,0.054391846325395427,0.03122447791236769,0.038004162374772166,0.044579072010922656,0.03933104709879812,0.0456294473581561,0.04668617179223612,0.03744090344121173,0.04741354018346877,0.038609159553993806,0.03891883016548509,0.03897076385154273,0.034278456782201934,0.046848100486938576,0.04437505860566595,0.04120515942000568,0.0460827908917685,0.04302342317197928,0.05807672033269913,0.05055687386190815,0.05622472618814048
