,index,age,target_label,session_id,correct_or_not,target_label_prob,airplane_prob,bear_prob,bike_prob,bird_prob,boat_prob,bowl_prob,car_prob,cat_prob,chair_prob,couch_prob,cup_prob,dog_prob,fish_prob,frog_prob,house_prob,key_prob,person_prob,phone_prob,rabbit_prob,scissors_prob,sheep_prob,train_prob,tree_prob
0,3361,6,chair,run_v31531341474003,1.0,0.07706815871773275,0.04312067144125536,0.042309941923958976,0.031822599805098634,0.03920550754165404,0.051360850615972224,0.052965337455340544,0.042572299170590085,0.03631940482372041,0.07706815871773275,0.038115534169516685,0.04441270683230947,0.03917779725904299,0.04369696884386825,0.04368282098126811,0.04831591654050987,0.048104748210649945,0.04600601766242877,0.03582613542178474,0.03626965200467768,0.03703294909483683,0.039827337610536126,0.04394008584288108,0.03884655803036642
