,index,age,target_label,session_id,correct_or_not,target_label_prob,airplane_prob,bear_prob,bike_prob,bird_prob,boat_prob,bowl_prob,car_prob,cat_prob,chair_prob,couch_prob,cup_prob,dog_prob,fish_prob,frog_prob,house_prob,key_prob,person_prob,phone_prob,rabbit_prob,scissors_prob,sheep_prob,train_prob,tree_prob
0,4291,8,dog,run_v31533763281995,0.0,0.041606572813210035,0.05017407777851765,0.0377618179547675,0.046929689810393235,0.03477488093353804,0.04900760447864184,0.06255774327398402,0.06403107283776013,0.034618347217051065,0.03667492197821605,0.050147283355672756,0.04800770688796904,0.041606572813210035,0.04038008451442697,0.03830327789740607,0.03255017603622446,0.05157033132601267,0.03779601670853481,0.0337646912117257,0.03567435526442128,0.04595221088117441,0.03913023466496324,0.05067936139413356,0.037907540781255404
