,index,age,target_label,session_id,correct_or_not,target_label_prob,airplane_prob,bear_prob,bike_prob,bird_prob,boat_prob,bowl_prob,car_prob,cat_prob,chair_prob,couch_prob,cup_prob,dog_prob,fish_prob,frog_prob,house_prob,key_prob,person_prob,phone_prob,rabbit_prob,scissors_prob,sheep_prob,train_prob,tree_prob
0,5944,4,key,run_v41542051051527,1.0,0.054560357840200246,0.04207281657549403,0.04159896223869084,0.04217044993608023,0.048514184845658496,0.037124333325698346,0.04232077773567937,0.04679611706184066,0.0395455569618101,0.04223094398724932,0.039147255771645344,0.04374377112102015,0.04215669886942676,0.04867382789344842,0.041846758110223425,0.04284885375532976,0.054560357840200246,0.044926852552451414,0.0382726834602439,0.03642835645467078,0.0442557755535936,0.04969286771174573,0.038149093655538854,0.05292270458226018
