,index,age,target_label,session_id,correct_or_not,target_label_prob,airplane_prob,bear_prob,bike_prob,bird_prob,boat_prob,bowl_prob,car_prob,cat_prob,chair_prob,couch_prob,cup_prob,dog_prob,fish_prob,frog_prob,house_prob,key_prob,person_prob,phone_prob,rabbit_prob,scissors_prob,sheep_prob,train_prob,tree_prob
0,1486,7,bird,run_v31528478999353,1.0,0.05747802012603164,0.0365075767177968,0.04910164720177064,0.04424326317791794,0.05747802012603164,0.03894405081995431,0.041503033505305036,0.041140207215900594,0.052087447664398344,0.03678437667835818,0.03584646720204388,0.0407858958184861,0.04999776641507923,0.04998281023178531,0.04735487053967029,0.03756696605903028,0.048975634353190405,0.05324508739684553,0.0280796110160716,0.03774915063853868,0.0462412915022691,0.043264567574968854,0.043145069146169564,0.03997518899841769
