,index,age,target_label,session_id,correct_or_not,target_label_prob,airplane_prob,bear_prob,bike_prob,bird_prob,boat_prob,bowl_prob,car_prob,cat_prob,chair_prob,couch_prob,cup_prob,dog_prob,fish_prob,frog_prob,house_prob,key_prob,person_prob,phone_prob,rabbit_prob,scissors_prob,sheep_prob,train_prob,tree_prob
0,7906,4,sheep,run_v41537566009464,0.0,0.04130457818443579,0.04721484133092498,0.03670326328312289,0.04486567754015806,0.039986072422312995,0.05627794413485484,0.043647604416168544,0.043028843432699894,0.03495111743998429,0.0498276605513054,0.03753633560308153,0.0453306508523287,0.045040539067982666,0.0463079392428483,0.0366858244460961,0.029452265455291598,0.046450532449241376,0.0497970051949958,0.04121437727570764,0.03845233033063173,0.053666170006437,0.04130457818443579,0.04345306964648302,0.048805357692907066
