,index,age,target_label,session_id,correct_or_not,target_label_prob,airplane_prob,bear_prob,bike_prob,bird_prob,boat_prob,bowl_prob,car_prob,cat_prob,chair_prob,couch_prob,cup_prob,dog_prob,fish_prob,frog_prob,house_prob,key_prob,person_prob,phone_prob,rabbit_prob,scissors_prob,sheep_prob,train_prob,tree_prob
0,4558,5,fish,run_v31535923704206,0.0,0.04313601874312317,0.039780721648664544,0.05307387687011658,0.04163242011610011,0.04595613271881501,0.04658841506756568,0.04004364188988436,0.039644922666528706,0.04472538550536456,0.0370302775598797,0.03906197371642139,0.038038513868819006,0.04345921781600445,0.04313601874312317,0.0484726292288566,0.03924776980025473,0.03639498217649271,0.05353227194017994,0.041063788718548135,0.04924062482564173,0.04080544849071258,0.04388837195428751,0.0418296306899706,0.053352963987768336
