,index,age,target_label,session_id,correct_or_not,target_label_prob,airplane_prob,bear_prob,bike_prob,bird_prob,boat_prob,bowl_prob,car_prob,cat_prob,chair_prob,couch_prob,cup_prob,dog_prob,fish_prob,frog_prob,house_prob,key_prob,person_prob,phone_prob,rabbit_prob,scissors_prob,sheep_prob,train_prob,tree_prob
0,803,3,bike,run_v31530813220003,1.0,0.05069735697482897,0.03881405343545627,0.04816072764919315,0.05069735697482897,0.04463017197999809,0.04215791429098772,0.04796886174575321,0.0489396897388705,0.04513761130061431,0.04094018705270974,0.035178527240459743,0.036885464138725635,0.04254332256071812,0.04286305962336052,0.04361700195994975,0.0435506527357393,0.04497787798404368,0.04183888372149077,0.03859447322770961,0.04770542039917677,0.04361576360233576,0.041952088638545625,0.04644708013151581,0.04278380986781665
