,index,age,target_label,session_id,correct_or_not,target_label_prob,airplane_prob,bear_prob,bike_prob,bird_prob,boat_prob,bowl_prob,car_prob,cat_prob,chair_prob,couch_prob,cup_prob,dog_prob,fish_prob,frog_prob,house_prob,key_prob,person_prob,phone_prob,rabbit_prob,scissors_prob,sheep_prob,train_prob,tree_prob
0,8170,3,train,run_v41542056657673,0.0,0.04455491181017815,0.045444007015524666,0.04123151652778745,0.03662438547012529,0.04435034181960214,0.04196855008124407,0.039006612178142,0.04603499330490707,0.04625436449406445,0.03920672452821569,0.04785202503292653,0.04285113513276282,0.04219518406463881,0.0474750880706342,0.03981942278166488,0.04192171592842376,0.0427256073569307,0.0414243067655463,0.03976111305067967,0.04679804610323774,0.04672798178636764,0.04792982453758863,0.04455491181017815,0.04784214215880732
