,index,age,target_label,session_id,correct_or_not,target_label_prob,airplane_prob,bear_prob,bike_prob,bird_prob,boat_prob,bowl_prob,car_prob,cat_prob,chair_prob,couch_prob,cup_prob,dog_prob,fish_prob,frog_prob,house_prob,key_prob,person_prob,phone_prob,rabbit_prob,scissors_prob,sheep_prob,train_prob,tree_prob
0,3807,10,cup,run_v31532633647812,0.0,0.03487903700535164,0.05020276608405884,0.04302528510248773,0.03966396584827088,0.046384877685399596,0.04606875913655703,0.03452949053464015,0.04197232676807086,0.03825146618380554,0.0585678830644817,0.04383656260552128,0.03487903700535164,0.04097032366120727,0.0402519798567661,0.04008947234668592,0.053930019310276044,0.04830694044902104,0.03776384532949729,0.04226201410092664,0.04029711866927279,0.04085517338992045,0.04823794842402047,0.04643567388590157,0.04321707055785905
