,index,age,target_label,session_id,correct_or_not,target_label_prob,airplane_prob,bear_prob,bike_prob,bird_prob,boat_prob,bowl_prob,car_prob,cat_prob,chair_prob,couch_prob,cup_prob,dog_prob,fish_prob,frog_prob,house_prob,key_prob,person_prob,phone_prob,rabbit_prob,scissors_prob,sheep_prob,train_prob,tree_prob
0,4943,2,frog,run_v41541712876369,0.0,0.046181952920426005,0.04457104931126155,0.04383999424919744,0.046584132544812695,0.048903693552620336,0.04163248619100868,0.03802025650965262,0.04201507970826946,0.04707776097218257,0.03764404951253095,0.043312841070667685,0.0399735671288334,0.04654266618544157,0.04419562411784261,0.046181952920426005,0.04141726638569225,0.04051219231922945,0.04641358748111228,0.04074591731593686,0.03889360620040847,0.03812833694993939,0.05038183699598871,0.0511957050875082,0.041816397289436896
