,index,age,target_label,session_id,correct_or_not,target_label_prob,airplane_prob,bear_prob,bike_prob,bird_prob,boat_prob,bowl_prob,car_prob,cat_prob,chair_prob,couch_prob,cup_prob,dog_prob,fish_prob,frog_prob,house_prob,key_prob,person_prob,phone_prob,rabbit_prob,scissors_prob,sheep_prob,train_prob,tree_prob
0,7588,5,sheep,run_v41541276975214,0.0,0.04941146757410977,0.041608974703778036,0.042538593923806725,0.03434537539690155,0.051127488459153506,0.04077194961759438,0.037935591986628825,0.038544621950767854,0.05194998145626961,0.03897013483869941,0.040707234551229717,0.038810302112894046,0.04798630104256349,0.0442720095537093,0.044453199250630925,0.03775637265204833,0.04164220223367663,0.048899182989228546,0.04580093457130957,0.04761932469188148,0.047800269750074356,0.04941146757410977,0.04158100342577393,0.045467483267270084
