,index,age,target_label,session_id,correct_or_not,target_label_prob,airplane_prob,bear_prob,bike_prob,bird_prob,boat_prob,bowl_prob,car_prob,cat_prob,chair_prob,couch_prob,cup_prob,dog_prob,fish_prob,frog_prob,house_prob,key_prob,person_prob,phone_prob,rabbit_prob,scissors_prob,sheep_prob,train_prob,tree_prob
0,1744,9,boat,run_v31533596022363,0.0,0.07653363661951297,0.04873818577695869,0.043811147783346355,0.029849676464696776,0.04518445728095097,0.07653363661951297,0.04054999395057293,0.03440926686001474,0.04426155921980266,0.03029062308885432,0.0319944148427581,0.03720927878455202,0.03650308661144041,0.03623759579106032,0.04633738677692214,0.07843076989674698,0.041165246248283036,0.04838410600576015,0.02955638707636667,0.04322611856043181,0.04165388229113852,0.04096492452415064,0.037257393782787626,0.0574508617628913
