,index,age,target_label,session_id,correct_or_not,target_label_prob,airplane_prob,bear_prob,bike_prob,bird_prob,boat_prob,bowl_prob,car_prob,cat_prob,chair_prob,couch_prob,cup_prob,dog_prob,fish_prob,frog_prob,house_prob,key_prob,person_prob,phone_prob,rabbit_prob,scissors_prob,sheep_prob,train_prob,tree_prob
0,3556,4,couch,run_v31531689892498,0.0,0.05825742165406715,0.03900073006042317,0.03524647479407145,0.04722500029360003,0.043092243319143214,0.04064910159473779,0.04165232122162517,0.03454567689728222,0.036816035238835046,0.08501937775440617,0.05825742165406715,0.05501432322365659,0.04180642573870506,0.03697998403948339,0.035172542319062125,0.04201999672304793,0.034674169260754284,0.03623826458961543,0.05553688264918488,0.03448356523497439,0.03985877711572569,0.04468208093742996,0.04020453949632455,0.04182406584384438
