,index,age,target_label,session_id,correct_or_not,target_label_prob,airplane_prob,bear_prob,bike_prob,bird_prob,boat_prob,bowl_prob,car_prob,cat_prob,chair_prob,couch_prob,cup_prob,dog_prob,fish_prob,frog_prob,house_prob,key_prob,person_prob,phone_prob,rabbit_prob,scissors_prob,sheep_prob,train_prob,tree_prob
0,575,3,bear,run_v41536695204877,0.0,0.0553465536847378,0.038750491520979424,0.0553465536847378,0.04384708408919627,0.041843100143003666,0.055864700124063665,0.04690314900224917,0.043303269826397886,0.03864574573441569,0.03929916883758739,0.062019066054239194,0.04098477511577924,0.03484479129597023,0.03967520343226717,0.054401411549319954,0.039734853242125875,0.04226151276420712,0.05044543963337345,0.036309105187266676,0.03294457844962248,0.034670002312974554,0.04671472161850672,0.039059555728880965,0.042131720652835436
