,index,age,target_label,session_id,correct_or_not,target_label_prob,airplane_prob,bear_prob,bike_prob,bird_prob,boat_prob,bowl_prob,car_prob,cat_prob,chair_prob,couch_prob,cup_prob,dog_prob,fish_prob,frog_prob,house_prob,key_prob,person_prob,phone_prob,rabbit_prob,scissors_prob,sheep_prob,train_prob,tree_prob
0,3221,4,chair,run_v31530481705566,1.0,0.07282739885099501,0.0449169570968962,0.04415541290110043,0.038452681337949025,0.0427078493238844,0.03348955864120728,0.032665556037769085,0.040975331187840136,0.0379704317330812,0.07282739885099501,0.040052191854107674,0.042577313189399286,0.04243916188087993,0.04654545029602849,0.042119431785475,0.04799890183746729,0.04240428483459522,0.04125526684382658,0.04408695986201859,0.03895105099095099,0.04554967607206247,0.042016908307432786,0.044039958268558096,0.051802266866474815
