,index,age,target_label,session_id,correct_or_not,target_label_prob,airplane_prob,bear_prob,bike_prob,bird_prob,boat_prob,bowl_prob,car_prob,cat_prob,chair_prob,couch_prob,cup_prob,dog_prob,fish_prob,frog_prob,house_prob,key_prob,person_prob,phone_prob,rabbit_prob,scissors_prob,sheep_prob,train_prob,tree_prob
0,2498,2,car,run_v31534110306588,0.0,0.03503218518211516,0.03506217135657252,0.0396244427461581,0.032189511436060275,0.05223879143051804,0.045959780473513685,0.040319031302675175,0.03503218518211516,0.04206147317660136,0.06517866726876584,0.040167177604367534,0.04764056059795667,0.03642370825443927,0.043985875643638164,0.040332731811147,0.04103463915142785,0.04397278316316925,0.03396096007953741,0.04871313658138924,0.039684479018430606,0.05541739369072142,0.051459987747932916,0.05336691434131172,0.0361735979415507
