,index,age,target_label,session_id,correct_or_not,target_label_prob,airplane_prob,bear_prob,bike_prob,bird_prob,boat_prob,bowl_prob,car_prob,cat_prob,chair_prob,couch_prob,cup_prob,dog_prob,fish_prob,frog_prob,house_prob,key_prob,person_prob,phone_prob,rabbit_prob,scissors_prob,sheep_prob,train_prob,tree_prob
0,4050,10,cup,run_v31533938139882,0.0,0.048471914381336655,0.03765721512456904,0.04130577985396283,0.05275816076532403,0.044458960460267406,0.04339635914692892,0.043878354549812926,0.04320424027098659,0.04559995187424735,0.03703813066094707,0.036954221571693646,0.048471914381336655,0.04382190601109961,0.04656355971513372,0.0361852933608746,0.04467788929236504,0.05046479358241176,0.03711834158100573,0.05467854856101761,0.04215149687961556,0.04220309505551421,0.0377112880109868,0.0464103812510134,0.04329011803888533
