,index,age,target_label,session_id,correct_or_not,target_label_prob,airplane_prob,bear_prob,bike_prob,bird_prob,boat_prob,bowl_prob,car_prob,cat_prob,chair_prob,couch_prob,cup_prob,dog_prob,fish_prob,frog_prob,house_prob,key_prob,person_prob,phone_prob,rabbit_prob,scissors_prob,sheep_prob,train_prob,tree_prob
0,3709,6,couch,run_v31528491599199,0.0,0.059850901337483366,0.048309517275444504,0.04191204512032948,0.04380306887935182,0.03388696431169442,0.04318592087438584,0.038571269239337416,0.03845934686220349,0.04066926621721743,0.06092233865882082,0.059850901337483366,0.03879475893053315,0.04225550556069395,0.04594704584335467,0.03685009081187281,0.0462262112111275,0.038406979517661824,0.03826906334284704,0.04386294485746203,0.03786615126744111,0.0453844511719952,0.04022203601881166,0.05440251985980711,0.04194160283012342
