,index,age,target_label,session_id,correct_or_not,target_label_prob,airplane_prob,bear_prob,bike_prob,bird_prob,boat_prob,bowl_prob,car_prob,cat_prob,chair_prob,couch_prob,cup_prob,dog_prob,fish_prob,frog_prob,house_prob,key_prob,person_prob,phone_prob,rabbit_prob,scissors_prob,sheep_prob,train_prob,tree_prob
0,7575,2,sheep,run_v41540164006122,1.0,0.052541972863885976,0.04403121489174161,0.04625763799563628,0.04857255366584679,0.039467386858219024,0.041371070584298335,0.03786973187753284,0.04868892226710144,0.04766171746521426,0.039446359352461116,0.04038999442142425,0.0400241199766922,0.04875497565747892,0.050782483474933644,0.04394679163363523,0.036658945898734335,0.032535676467878936,0.039915109056283475,0.04128049893427527,0.045458699823711674,0.042895526525689474,0.052541972863885976,0.050026711665475086,0.04142189864184974
