,index,age,target_label,session_id,correct_or_not,target_label_prob,airplane_prob,bear_prob,bike_prob,bird_prob,boat_prob,bowl_prob,car_prob,cat_prob,chair_prob,couch_prob,cup_prob,dog_prob,fish_prob,frog_prob,house_prob,key_prob,person_prob,phone_prob,rabbit_prob,scissors_prob,sheep_prob,train_prob,tree_prob
0,1718,5,boat,run_v31534712177017,1.0,0.06392456427338204,0.044192206484506655,0.038209021652518396,0.037134174594961517,0.03640769020684534,0.06392456427338204,0.05373881723522765,0.03706567874682948,0.0438554544752614,0.03811875944667435,0.0427448817638407,0.04627183166034865,0.03966027030765719,0.04142306491686254,0.04083436042529662,0.050843876511611485,0.04384290293222671,0.035281074009540156,0.0480684418200206,0.04090378608579278,0.0463172284511319,0.04565212146423785,0.04834410324300389,0.03716568929222205
