,index,age,target_label,session_id,correct_or_not,target_label_prob,airplane_prob,bear_prob,bike_prob,bird_prob,boat_prob,bowl_prob,car_prob,cat_prob,chair_prob,couch_prob,cup_prob,dog_prob,fish_prob,frog_prob,house_prob,key_prob,person_prob,phone_prob,rabbit_prob,scissors_prob,sheep_prob,train_prob,tree_prob
0,6693,2,phone,run_v41536946922724,0.0,0.03732161634344657,0.05591042205692705,0.04082158078064753,0.041609433326341407,0.0480578226551578,0.04440631213677029,0.0354774690074745,0.0413838583617031,0.040306810825498134,0.03994650194688974,0.034240288543619775,0.03900246126972607,0.04309611917614489,0.049626152763232595,0.04419102761902034,0.04064490346000524,0.04490298834082193,0.058238976053033006,0.03732161634344657,0.04140813870409635,0.041927393697741566,0.04457472906392637,0.03993625348490779,0.05296874038286798
