,index,age,target_label,session_id,correct_or_not,target_label_prob,airplane_prob,bear_prob,bike_prob,bird_prob,boat_prob,bowl_prob,car_prob,cat_prob,chair_prob,couch_prob,cup_prob,dog_prob,fish_prob,frog_prob,house_prob,key_prob,person_prob,phone_prob,rabbit_prob,scissors_prob,sheep_prob,train_prob,tree_prob
0,5531,5,house,run_v31535927928423,0.0,0.055990318058343286,0.03777983173152157,0.037532700501772334,0.044149364294113626,0.03962601138426844,0.035031438132912845,0.034385174885955466,0.048852440322175936,0.04100700306801591,0.040018173376186544,0.05928394951769361,0.04355609743963684,0.04210192574477498,0.040246335127739834,0.03966150667600398,0.055990318058343286,0.037877456808793654,0.03857766202369497,0.061405676608464944,0.04535751389289522,0.04086969882092878,0.04064283013025061,0.05339920964899856,0.04264768180485808
