,index,age,target_label,session_id,correct_or_not,target_label_prob,airplane_prob,bear_prob,bike_prob,bird_prob,boat_prob,bowl_prob,car_prob,cat_prob,chair_prob,couch_prob,cup_prob,dog_prob,fish_prob,frog_prob,house_prob,key_prob,person_prob,phone_prob,rabbit_prob,scissors_prob,sheep_prob,train_prob,tree_prob
0,4068,5,cup,run_v31534884845283,0.0,0.053892537334095617,0.0396330555970277,0.037879060429987774,0.03899066395047803,0.04486048912444194,0.04373750202694638,0.03423699130240644,0.03947774466891836,0.041211288860335454,0.06598179095423791,0.07423307821828562,0.053892537334095617,0.036569505408640304,0.04009992306983066,0.0361635179642509,0.021249515362913474,0.043251296538817346,0.040627430685077334,0.06627792919850303,0.03799233853992856,0.03352317345199591,0.03749479401393227,0.050196538047818165,0.04241983525113091
