,index,age,target_label,session_id,correct_or_not,target_label_prob,airplane_prob,bear_prob,bike_prob,bird_prob,boat_prob,bowl_prob,car_prob,cat_prob,chair_prob,couch_prob,cup_prob,dog_prob,fish_prob,frog_prob,house_prob,key_prob,person_prob,phone_prob,rabbit_prob,scissors_prob,sheep_prob,train_prob,tree_prob
0,2810,5,cat,run_v41540491126434,0.0,0.042164093598667386,0.04417768770254475,0.03649702969874306,0.04137793968771256,0.04538819374582516,0.04733364656956831,0.040671701714935074,0.041212519493132004,0.042164093598667386,0.04450776604524538,0.04418763193143128,0.04013232503708738,0.047268816651691456,0.04548020090429946,0.04095923949860126,0.058858453638865264,0.04206392180893973,0.051213429457263156,0.047109860985232885,0.04343036427625983,0.034807189900105416,0.04129369228727569,0.04028654205414539,0.03957775331242766
