,index,age,target_label,session_id,correct_or_not,target_label_prob,airplane_prob,bear_prob,bike_prob,bird_prob,boat_prob,bowl_prob,car_prob,cat_prob,chair_prob,couch_prob,cup_prob,dog_prob,fish_prob,frog_prob,house_prob,key_prob,person_prob,phone_prob,rabbit_prob,scissors_prob,sheep_prob,train_prob,tree_prob
0,954,6,bike,run_v31531417799244,1.0,0.0884022055687812,0.03817110257110199,0.040370820513450055,0.0884022055687812,0.041928104940864006,0.033927936000106865,0.03579816123643161,0.06532470592207504,0.03632509043400653,0.039560076660285125,0.03685705357304088,0.03685808604679665,0.04147842883864551,0.039577183155679,0.042427009864133156,0.03966016473178565,0.04723838894963274,0.03894263065414372,0.03938040230469445,0.03841547307588877,0.041148404930284974,0.04487044867193007,0.053402046039790374,0.039936075316451644
