,index,age,target_label,session_id,correct_or_not,target_label_prob,airplane_prob,bear_prob,bike_prob,bird_prob,boat_prob,bowl_prob,car_prob,cat_prob,chair_prob,couch_prob,cup_prob,dog_prob,fish_prob,frog_prob,house_prob,key_prob,person_prob,phone_prob,rabbit_prob,scissors_prob,sheep_prob,train_prob,tree_prob
0,7811,3,sheep,run_v41537645929566,0.0,0.04470942637330118,0.044188906773164845,0.04774384041964836,0.05210205710321121,0.04567287399738626,0.033328634751331916,0.04221367173643513,0.05688471741951458,0.043472236640718726,0.04086835067480531,0.03570727049627032,0.04194614789643079,0.04716196482555661,0.04591937663502155,0.04684123903522147,0.038359279645510704,0.03985379871894533,0.0371053280850829,0.03971090877222171,0.047365589981478995,0.039766735889731765,0.04470942637330118,0.04531377884079999,0.04376386528821051
