,index,age,target_label,session_id,correct_or_not,target_label_prob,airplane_prob,bear_prob,bike_prob,bird_prob,boat_prob,bowl_prob,car_prob,cat_prob,chair_prob,couch_prob,cup_prob,dog_prob,fish_prob,frog_prob,house_prob,key_prob,person_prob,phone_prob,rabbit_prob,scissors_prob,sheep_prob,train_prob,tree_prob
0,7847,6,sheep,run_v41537641718492,0.0,0.05147067500496488,0.03513200958333543,0.041278721502176645,0.045396170505073705,0.035044739593765736,0.04175670449418296,0.04173425374997173,0.06585945718161704,0.04273836841327425,0.03914346098277298,0.03275577983167919,0.04474403321149251,0.04046689086532175,0.04172867889787575,0.05340747490797084,0.03203830929256065,0.05839254606800645,0.032846550409411625,0.0443882905924842,0.03997572546276998,0.0503382412576448,0.05147067500496488,0.05536281910760661,0.03400009908404048
