,index,age,target_label,session_id,correct_or_not,target_label_prob,airplane_prob,bear_prob,bike_prob,bird_prob,boat_prob,bowl_prob,car_prob,cat_prob,chair_prob,couch_prob,cup_prob,dog_prob,fish_prob,frog_prob,house_prob,key_prob,person_prob,phone_prob,rabbit_prob,scissors_prob,sheep_prob,train_prob,tree_prob
0,2012,8,bowl,run_v31532111494633,1.0,0.07738795675761626,0.0441474941385221,0.03726629530506436,0.04720858748712288,0.04756776312028584,0.052938225533071225,0.07738795675761626,0.03762352515555017,0.037342909050744076,0.037385187851014724,0.04315337839131329,0.06494232329759955,0.04340210390767416,0.04351248900177969,0.039216508155841774,0.03209831886140468,0.03584977732167553,0.0398620487137186,0.03967593808930434,0.038749465251766875,0.04205282306417619,0.04159070213633856,0.0370196514959612,0.04000652791245399
