,index,age,target_label,session_id,correct_or_not,target_label_prob,airplane_prob,bear_prob,bike_prob,bird_prob,boat_prob,bowl_prob,car_prob,cat_prob,chair_prob,couch_prob,cup_prob,dog_prob,fish_prob,frog_prob,house_prob,key_prob,person_prob,phone_prob,rabbit_prob,scissors_prob,sheep_prob,train_prob,tree_prob
0,4159,5,dog,run_v31534447778745,0.0,0.047433495278403445,0.03267511789906908,0.043492179904767475,0.04498120030658314,0.04243435602480705,0.036615218460964175,0.04077428257715425,0.035325461416280866,0.048503341193266665,0.04787594297438468,0.03808104497049585,0.03468182906629076,0.047433495278403445,0.03909297124836837,0.05084583374106171,0.040690070682866515,0.06497458392103132,0.04194722429892087,0.041837195094083075,0.051813723353034205,0.050210234650729414,0.047141041043465066,0.03995685415634372,0.038616797737628106
