,index,age,target_label,session_id,correct_or_not,target_label_prob,airplane_prob,bear_prob,bike_prob,bird_prob,boat_prob,bowl_prob,car_prob,cat_prob,chair_prob,couch_prob,cup_prob,dog_prob,fish_prob,frog_prob,house_prob,key_prob,person_prob,phone_prob,rabbit_prob,scissors_prob,sheep_prob,train_prob,tree_prob
0,7075,4,rabbit,run_v31529092199275,1.0,0.061683172564069425,0.04093797528924729,0.049969256273840586,0.04770533750442593,0.04646425136504072,0.041494100248599536,0.039111525818115944,0.03650925847212845,0.05526636848812206,0.0391974038790823,0.03824612941155926,0.04119556251605258,0.04321585822555497,0.0381579617967938,0.043156611808565615,0.035453831500391615,0.04744409624734376,0.047891177673099986,0.036228795887979885,0.061683172564069425,0.05239682247552187,0.03526023211428234,0.03988126182992508,0.043133008610257116
