,index,age,target_label,session_id,correct_or_not,target_label_prob,airplane_prob,bear_prob,bike_prob,bird_prob,boat_prob,bowl_prob,car_prob,cat_prob,chair_prob,couch_prob,cup_prob,dog_prob,fish_prob,frog_prob,house_prob,key_prob,person_prob,phone_prob,rabbit_prob,scissors_prob,sheep_prob,train_prob,tree_prob
0,3688,8,couch,run_v31529426399365,0.0,0.038632881606798765,0.03806058454682528,0.0521766004992288,0.051117454384120194,0.03774064692930585,0.04205344352567377,0.04389355841039036,0.05096021819868312,0.04534924382287853,0.03911086735691152,0.038632881606798765,0.04234412628222989,0.04978876246126014,0.04432823513280073,0.046220013963276275,0.03782180385843554,0.042307989334826025,0.03684190316139245,0.035482781522430604,0.05072652193150706,0.04300218617851644,0.04829757388808183,0.046280048233716994,0.03746255477070955
