,index,age,target_label,session_id,correct_or_not,target_label_prob,airplane_prob,bear_prob,bike_prob,bird_prob,boat_prob,bowl_prob,car_prob,cat_prob,chair_prob,couch_prob,cup_prob,dog_prob,fish_prob,frog_prob,house_prob,key_prob,person_prob,phone_prob,rabbit_prob,scissors_prob,sheep_prob,train_prob,tree_prob
0,1117,5,bike,run_v31528053456447,1.0,0.08029638348052373,0.047351924238346034,0.04308996350839486,0.08029638348052373,0.04083647353500595,0.04101136995283595,0.03794022359098647,0.0427733230847575,0.049752067750357704,0.040208957114225,0.03745778853212437,0.035718802116326595,0.044337000410257225,0.04734740262587317,0.045496246697410425,0.04034613620008505,0.037001950580193996,0.042146530254977124,0.03736615745982446,0.043049809353905504,0.041067729861865694,0.041784120372583146,0.04913804441156519,0.03448159486757503
