,index,age,target_label,session_id,correct_or_not,target_label_prob,airplane_prob,bear_prob,bike_prob,bird_prob,boat_prob,bowl_prob,car_prob,cat_prob,chair_prob,couch_prob,cup_prob,dog_prob,fish_prob,frog_prob,house_prob,key_prob,person_prob,phone_prob,rabbit_prob,scissors_prob,sheep_prob,train_prob,tree_prob
0,4869,7,fish,run_v31526061799166,1.0,0.06436051459059841,0.04972764681096792,0.04103412113223633,0.044679780926406044,0.05267606394303738,0.04670103396805193,0.047938059305367126,0.04100245639540417,0.043647665832054025,0.03799945951444002,0.04632326864947183,0.041275794939621656,0.04511702547512114,0.06436051459059841,0.03960059059712444,0.03509487349978798,0.04839080761390523,0.033673811073515574,0.03814616696762023,0.033439937431466824,0.03924555604281102,0.04275169242833862,0.04547843137617646,0.04169524148647564
