,index,age,target_label,session_id,correct_or_not,target_label_prob,airplane_prob,bear_prob,bike_prob,bird_prob,boat_prob,bowl_prob,car_prob,cat_prob,chair_prob,couch_prob,cup_prob,dog_prob,fish_prob,frog_prob,house_prob,key_prob,person_prob,phone_prob,rabbit_prob,scissors_prob,sheep_prob,train_prob,tree_prob
0,8031,3,train,run_v41536529414716,0.0,0.05441036109367944,0.0513873048193947,0.03923439468420447,0.05667852962824243,0.04166785935025551,0.053271535968670305,0.034780573398870064,0.05973398977368387,0.044218899483439836,0.04188127864830017,0.04351527115663677,0.04306692221231532,0.03735769912205562,0.03842195392017763,0.04063545562502682,0.03231942412684005,0.0418894518217833,0.03631508958830316,0.044961271092869404,0.04769926620876462,0.0357367361285634,0.03695082292698963,0.05441036109367944,0.04386590922093317
