,index,age,target_label,session_id,correct_or_not,target_label_prob,airplane_prob,bear_prob,bike_prob,bird_prob,boat_prob,bowl_prob,car_prob,cat_prob,chair_prob,couch_prob,cup_prob,dog_prob,fish_prob,frog_prob,house_prob,key_prob,person_prob,phone_prob,rabbit_prob,scissors_prob,sheep_prob,train_prob,tree_prob
0,1143,9,bird,run_v31532124845598,0.0,0.05252056734040489,0.03609584006800943,0.051476246850531704,0.03728558810643066,0.05252056734040489,0.0378442440148531,0.03844466673930116,0.0404459270758851,0.052022756994678176,0.0378051274236769,0.0366365561281651,0.04065081483606119,0.053130437719804496,0.04952390847160041,0.05040189005279343,0.03767323761591069,0.03953351054789899,0.04499640297689153,0.03438769913216767,0.04345462248147366,0.044562519063884524,0.05426689440153884,0.045663385348611175,0.04117715660942711
