,index,age,target_label,session_id,correct_or_not,target_label_prob,airplane_prob,bear_prob,bike_prob,bird_prob,boat_prob,bowl_prob,car_prob,cat_prob,chair_prob,couch_prob,cup_prob,dog_prob,fish_prob,frog_prob,house_prob,key_prob,person_prob,phone_prob,rabbit_prob,scissors_prob,sheep_prob,train_prob,tree_prob
0,5146,6,frog,run_v41538854044619,0.0,0.04439141032391795,0.04467738560590906,0.047606646662637184,0.05678468748246541,0.042227187044727915,0.04352706804699154,0.046408112574332576,0.04845033692966846,0.03812959948806032,0.040895126498119834,0.039621610050520256,0.04833409761997312,0.0416010101512382,0.04202474642441527,0.04439141032391795,0.039376342843274154,0.03801705084148134,0.039525214185293,0.0438536778463695,0.04541687213395016,0.04050261413026132,0.03587093908977252,0.04790809480752246,0.04485016921909855
