,index,age,target_label,session_id,correct_or_not,target_label_prob,airplane_prob,bear_prob,bike_prob,bird_prob,boat_prob,bowl_prob,car_prob,cat_prob,chair_prob,couch_prob,cup_prob,dog_prob,fish_prob,frog_prob,house_prob,key_prob,person_prob,phone_prob,rabbit_prob,scissors_prob,sheep_prob,train_prob,tree_prob
0,478,9,bear,run_v41540330512753,1.0,0.06190653483931668,0.03300976796790052,0.06190653483931668,0.03595396373296102,0.042597108865402404,0.03831968488558583,0.04773045157208197,0.04609643666267188,0.04142131916355428,0.04290414688782001,0.03899615241769267,0.03614970674780313,0.048606586486119464,0.05835360008310813,0.0583003967578439,0.039041250493843827,0.03896496458936317,0.03910818121356889,0.047379289442341356,0.041833735335788,0.03450326346232927,0.04377069851741539,0.0397749917372628,0.04527776813822536
