,index,age,target_label,session_id,correct_or_not,target_label_prob,airplane_prob,bear_prob,bike_prob,bird_prob,boat_prob,bowl_prob,car_prob,cat_prob,chair_prob,couch_prob,cup_prob,dog_prob,fish_prob,frog_prob,house_prob,key_prob,person_prob,phone_prob,rabbit_prob,scissors_prob,sheep_prob,train_prob,tree_prob
0,5114,5,frog,run_v41541371003607,0.0,0.04583549591971928,0.04361879420209332,0.05216501107580768,0.03399949302096457,0.051168909141520766,0.03741362991120977,0.032638614761884066,0.038328900806385985,0.044059531515457946,0.04970139256909143,0.03863131891411999,0.038133667687066546,0.04494646234706176,0.043879609709285256,0.04583549591971928,0.040285131310833285,0.03794446297587716,0.06061378611461,0.041215869957124354,0.04630244180112327,0.03693481737471936,0.04137199677278879,0.040727664528480235,0.06008299758277539
