,index,age,target_label,session_id,correct_or_not,target_label_prob,airplane_prob,bear_prob,bike_prob,bird_prob,boat_prob,bowl_prob,car_prob,cat_prob,chair_prob,couch_prob,cup_prob,dog_prob,fish_prob,frog_prob,house_prob,key_prob,person_prob,phone_prob,rabbit_prob,scissors_prob,sheep_prob,train_prob,tree_prob
0,3403,4,couch,run_v31530482097386,1.0,0.07121943501808557,0.03431706784352666,0.03909627304334241,0.03462436440565695,0.037144326473045976,0.05161424824531828,0.07013278449274654,0.04627042372816694,0.03771699996661472,0.04659907402450462,0.07121943501808557,0.054808622467768034,0.037235845304457615,0.04461447646196539,0.03788626534118396,0.03474133488703572,0.047954194370741866,0.03558354545145838,0.0418285153801256,0.03232157101736891,0.03650720042209665,0.03792984458683039,0.04720474436383334,0.042648842704125396
