,index,age,target_label,session_id,correct_or_not,target_label_prob,airplane_prob,bear_prob,bike_prob,bird_prob,boat_prob,bowl_prob,car_prob,cat_prob,chair_prob,couch_prob,cup_prob,dog_prob,fish_prob,frog_prob,house_prob,key_prob,person_prob,phone_prob,rabbit_prob,scissors_prob,sheep_prob,train_prob,tree_prob
0,1721,3,boat,run_v31533589784346,0.0,0.04554449861217646,0.03226731552743144,0.042276183509980865,0.030606677733100336,0.0418833142533711,0.04554449861217646,0.06608710939180085,0.030686374546009046,0.04865606490452355,0.03932839332938656,0.04204006494863997,0.0509617061860119,0.044275810215771344,0.042375144793825856,0.04548515722352805,0.03399114969774966,0.0455570590107109,0.036493732392703135,0.05003080907981621,0.03937883761851571,0.049788573816670914,0.04908238840777676,0.04542763339762304,0.04777600140287629
