,index,age,target_label,session_id,correct_or_not,target_label_prob,airplane_prob,bear_prob,bike_prob,bird_prob,boat_prob,bowl_prob,car_prob,cat_prob,chair_prob,couch_prob,cup_prob,dog_prob,fish_prob,frog_prob,house_prob,key_prob,person_prob,phone_prob,rabbit_prob,scissors_prob,sheep_prob,train_prob,tree_prob
0,4516,4,dog,run_v31527009966236,0.0,0.04791008267386248,0.041019535971203204,0.040452168802264404,0.056413236828330826,0.04120536060151999,0.03586184061670683,0.03733501823253025,0.03900428086899764,0.04424220566354273,0.03948044473765608,0.0381400911529612,0.039710785596278775,0.04791008267386248,0.049099555225152615,0.040255532063696746,0.028260729407376558,0.04655385039015956,0.04921834584518414,0.04526989478087088,0.049890818001928745,0.05596455320838259,0.04698503021246982,0.04126400905674728,0.046462630062176616
