,index,age,target_label,session_id,correct_or_not,target_label_prob,airplane_prob,bear_prob,bike_prob,bird_prob,boat_prob,bowl_prob,car_prob,cat_prob,chair_prob,couch_prob,cup_prob,dog_prob,fish_prob,frog_prob,house_prob,key_prob,person_prob,phone_prob,rabbit_prob,scissors_prob,sheep_prob,train_prob,tree_prob
0,825,3,bike,run_v31532030296293,1.0,0.0601334780725086,0.046382534588524295,0.041844634413437096,0.0601334780725086,0.04540224334245538,0.0415626559258281,0.0389375495318635,0.057324534029495916,0.04174910778893981,0.04134800133680233,0.039281488959543094,0.039407804923320695,0.0444587323640056,0.04497682546472136,0.04641809619592271,0.03714437388515991,0.04166580209796167,0.04050552403995028,0.03951747892225052,0.04116402201732099,0.0409014522194973,0.03963619654631642,0.04615876615981224,0.044078697174362046
