,index,age,target_label,session_id,correct_or_not,target_label_prob,airplane_prob,bear_prob,bike_prob,bird_prob,boat_prob,bowl_prob,car_prob,cat_prob,chair_prob,couch_prob,cup_prob,dog_prob,fish_prob,frog_prob,house_prob,key_prob,person_prob,phone_prob,rabbit_prob,scissors_prob,sheep_prob,train_prob,tree_prob
0,7756,6,sheep,run_v41541282871578,1.0,0.06312872349892777,0.03481598708635839,0.05748334623481785,0.036587668721345626,0.039025091769200604,0.0379028094004656,0.04237475133356732,0.05667907470209764,0.04493708586844906,0.04277097245574884,0.037736300780008454,0.03603415191785268,0.04647183225125949,0.037997869047677754,0.06133784193928061,0.034899622360179954,0.03547661094038508,0.04005354789174101,0.03693627899391173,0.047398021223716,0.03824367535712554,0.06312872349892777,0.05274797139674542,0.03896076482913785
