,index,age,target_label,session_id,correct_or_not,target_label_prob,airplane_prob,bear_prob,bike_prob,bird_prob,boat_prob,bowl_prob,car_prob,cat_prob,chair_prob,couch_prob,cup_prob,dog_prob,fish_prob,frog_prob,house_prob,key_prob,person_prob,phone_prob,rabbit_prob,scissors_prob,sheep_prob,train_prob,tree_prob
0,2431,5,car,run_v31534454579169,1.0,0.06928491899950263,0.04180135174223943,0.04728679464613251,0.037428373906512796,0.033363391238972674,0.04561597377550057,0.056954385394567986,0.06928491899950263,0.03425882744069873,0.03837640665289365,0.0443798779908872,0.03830466331711691,0.03981368897436781,0.04630345278850238,0.03696665398030286,0.04520633242587606,0.0431476917189579,0.0386114006101926,0.04481668914834094,0.038643687120876735,0.0391683874549428,0.04264371681819953,0.04231810590272761,0.05530522795168773
