,index,age,target_label,session_id,correct_or_not,target_label_prob,airplane_prob,bear_prob,bike_prob,bird_prob,boat_prob,bowl_prob,car_prob,cat_prob,chair_prob,couch_prob,cup_prob,dog_prob,fish_prob,frog_prob,house_prob,key_prob,person_prob,phone_prob,rabbit_prob,scissors_prob,sheep_prob,train_prob,tree_prob
0,1866,6,boat,run_v31526061437727,0.0,0.05541721549323287,0.04549257914179713,0.035855632021769834,0.05729212633535041,0.03718660588277498,0.05541721549323287,0.03356585272972052,0.050284559681623923,0.03976939013035553,0.054529907962448484,0.038814874567113376,0.04239390933960292,0.03905721457541778,0.04701639418602199,0.04384417331577941,0.03743969485069054,0.05629168306188872,0.05376434562447755,0.035911130091232236,0.03906770481445604,0.043677308789465734,0.0339961066656991,0.04214891721448579,0.03718267352459512
