,index,age,target_label,session_id,correct_or_not,target_label_prob,airplane_prob,bear_prob,bike_prob,bird_prob,boat_prob,bowl_prob,car_prob,cat_prob,chair_prob,couch_prob,cup_prob,dog_prob,fish_prob,frog_prob,house_prob,key_prob,person_prob,phone_prob,rabbit_prob,scissors_prob,sheep_prob,train_prob,tree_prob
0,4406,8,dog,run_v31532641491167,0.0,0.04640656547016553,0.047416430888612526,0.042566956405715714,0.04670043982013364,0.04467312517213595,0.043549120866261816,0.04460724644112315,0.03378811013347131,0.04490798605241172,0.04800246933036905,0.04483317437803687,0.04141971263528929,0.04640656547016553,0.052659151311904344,0.04090624815533764,0.030607811636106347,0.04110994700046599,0.054509189985949794,0.03237000086017614,0.03949044502402225,0.04576955204092436,0.04675999143735341,0.04071117384066594,0.046235151113367255
