,index,age,target_label,session_id,correct_or_not,target_label_prob,airplane_prob,bear_prob,bike_prob,bird_prob,boat_prob,bowl_prob,car_prob,cat_prob,chair_prob,couch_prob,cup_prob,dog_prob,fish_prob,frog_prob,house_prob,key_prob,person_prob,phone_prob,rabbit_prob,scissors_prob,sheep_prob,train_prob,tree_prob
0,6052,5,person,run_v31535916465730,1.0,0.08104851717030725,0.03965838941792017,0.045217654358415973,0.034905161201995175,0.04702531448651955,0.03789867438988052,0.04285336161942559,0.03672827525146963,0.04683331524621742,0.032725155380154344,0.034354013961976494,0.03851001482746254,0.04414111162450386,0.04107190165315719,0.04535879025804049,0.0426094890165636,0.034619395721743204,0.08104851717030725,0.03951125476822684,0.04987319932967011,0.04637218292229791,0.04327858259294119,0.032993055832646924,0.062413188968464005
