,index,age,target_label,session_id,correct_or_not,target_label_prob,airplane_prob,bear_prob,bike_prob,bird_prob,boat_prob,bowl_prob,car_prob,cat_prob,chair_prob,couch_prob,cup_prob,dog_prob,fish_prob,frog_prob,house_prob,key_prob,person_prob,phone_prob,rabbit_prob,scissors_prob,sheep_prob,train_prob,tree_prob
0,991,4,bike,run_v31531510739922,1.0,0.06880964173925781,0.048179741115817507,0.04466044587250037,0.06880964173925781,0.04532364638372274,0.03924696692191142,0.034462167111399336,0.047974803179377995,0.04603789732751037,0.04259412081335719,0.037290425039771986,0.035449963107085807,0.04403927709248787,0.03952201999664896,0.04450141627694586,0.040442599153770874,0.04597652346400716,0.03511526346925592,0.03685263473844926,0.04349305499733271,0.04500022365367305,0.04857619722115518,0.043906333772792815,0.04254463755176774
