,index,age,target_label,session_id,correct_or_not,target_label_prob,airplane_prob,bear_prob,bike_prob,bird_prob,boat_prob,bowl_prob,car_prob,cat_prob,chair_prob,couch_prob,cup_prob,dog_prob,fish_prob,frog_prob,house_prob,key_prob,person_prob,phone_prob,rabbit_prob,scissors_prob,sheep_prob,train_prob,tree_prob
0,2605,5,car,run_v31535831844077,0.0,0.052943725118027134,0.04249652532914416,0.041642839708352114,0.05426406451634554,0.041374606011077265,0.040941228185927124,0.03796512550478691,0.052943725118027134,0.04738591845786921,0.03721887099434227,0.050839499073236774,0.04297056710558725,0.044771008586607125,0.05300950801938905,0.03866424080327025,0.05368601282515793,0.03443621074590251,0.02914740443004297,0.040078130488807366,0.04076227877359551,0.04048024472524253,0.045912793668126416,0.05164912277686206,0.03736007415230067
