,index,age,target_label,session_id,correct_or_not,target_label_prob,airplane_prob,bear_prob,bike_prob,bird_prob,boat_prob,bowl_prob,car_prob,cat_prob,chair_prob,couch_prob,cup_prob,dog_prob,fish_prob,frog_prob,house_prob,key_prob,person_prob,phone_prob,rabbit_prob,scissors_prob,sheep_prob,train_prob,tree_prob
0,4342,2,dog,run_v31534711139210,0.0,0.0494564750403481,0.042118290501613136,0.04785377510948646,0.046484632102628126,0.04937977774232192,0.041223217992381996,0.03879351505125752,0.03639498313105559,0.06188089773134855,0.03726563703853366,0.03571307580756597,0.041145339775310104,0.0494564750403481,0.045824338305290875,0.03995198129802875,0.04020649359976382,0.04215990444698338,0.03832916241178977,0.035716924342273686,0.05204104948836988,0.04415592679082278,0.04965021199962838,0.04453711784425547,0.03971727244894208
