,index,age,target_label,session_id,correct_or_not,target_label_prob,airplane_prob,bear_prob,bike_prob,bird_prob,boat_prob,bowl_prob,car_prob,cat_prob,chair_prob,couch_prob,cup_prob,dog_prob,fish_prob,frog_prob,house_prob,key_prob,person_prob,phone_prob,rabbit_prob,scissors_prob,sheep_prob,train_prob,tree_prob
0,7684,6,sheep,run_v41540492243074,0.0,0.03955314942494892,0.03963675292569537,0.04083621363046068,0.04410735550492947,0.04049567911601006,0.0331276063958075,0.0402368703210832,0.03215244049985464,0.04083033736132695,0.06784092854213095,0.04259045879036814,0.039658413068047786,0.04474023806885928,0.055363006432648416,0.037632758130993246,0.04101676275403192,0.04780716400437559,0.047348238605962926,0.0414815421726677,0.04218518769854698,0.0471958822921168,0.03955314942494892,0.04504681300460447,0.04911620125452904
