,index,age,target_label,session_id,correct_or_not,target_label_prob,airplane_prob,bear_prob,bike_prob,bird_prob,boat_prob,bowl_prob,car_prob,cat_prob,chair_prob,couch_prob,cup_prob,dog_prob,fish_prob,frog_prob,house_prob,key_prob,person_prob,phone_prob,rabbit_prob,scissors_prob,sheep_prob,train_prob,tree_prob
0,4316,7,dog,run_v31526064586872,0.0,0.0458437389536303,0.04601603504856656,0.04574038933623493,0.0827678823654182,0.03989396836547758,0.04237570794938645,0.03423406289696564,0.04170894629682532,0.049597607029564825,0.038690961809037396,0.039980424620122045,0.04063862497425318,0.0458437389536303,0.04000003869020601,0.0430021607776793,0.040572650095884934,0.038732569266315256,0.04054532999586883,0.03769883789381762,0.044712642288355725,0.04098173225663021,0.04276685694059908,0.04809131411129475,0.035407518037865966
