,index,age,target_label,session_id,correct_or_not,target_label_prob,airplane_prob,bear_prob,bike_prob,bird_prob,boat_prob,bowl_prob,car_prob,cat_prob,chair_prob,couch_prob,cup_prob,dog_prob,fish_prob,frog_prob,house_prob,key_prob,person_prob,phone_prob,rabbit_prob,scissors_prob,sheep_prob,train_prob,tree_prob
0,960,4,bike,run_v31530743856841,1.0,0.06851850820278198,0.0416176391874626,0.035800330487147466,0.06851850820278198,0.042076095230399436,0.04035997149896428,0.05077425596324693,0.06053998016880932,0.035666720814811106,0.040226493843746124,0.0393834051753665,0.055496163107234715,0.0404278646373022,0.04107315052596428,0.037683126668173896,0.04281071846758278,0.04177728087775082,0.03418296022609592,0.03562203335893633,0.04323104223130447,0.0405277197313981,0.03674828635514838,0.049542133762694805,0.04591411947767751
