,index,age,target_label,session_id,correct_or_not,target_label_prob,airplane_prob,bear_prob,bike_prob,bird_prob,boat_prob,bowl_prob,car_prob,cat_prob,chair_prob,couch_prob,cup_prob,dog_prob,fish_prob,frog_prob,house_prob,key_prob,person_prob,phone_prob,rabbit_prob,scissors_prob,sheep_prob,train_prob,tree_prob
0,3825,6,cup,run_v31534545375072,1.0,0.06686402026528382,0.033860896748280814,0.03622907051901805,0.04020561621303987,0.03931073423072887,0.039794672450909424,0.04251774100440845,0.043693542582186724,0.036527466759025136,0.05602339802762098,0.04012381283068857,0.06686402026528382,0.040786744782755645,0.04326657576657704,0.03920661389276886,0.05139742854678456,0.04892363111370181,0.04839896978565499,0.05052785106308375,0.03682605748880131,0.03855940031256604,0.038565482036209846,0.03955677978383664,0.048833493796068744
