,index,age,target_label,session_id,correct_or_not,target_label_prob,airplane_prob,bear_prob,bike_prob,bird_prob,boat_prob,bowl_prob,car_prob,cat_prob,chair_prob,couch_prob,cup_prob,dog_prob,fish_prob,frog_prob,house_prob,key_prob,person_prob,phone_prob,rabbit_prob,scissors_prob,sheep_prob,train_prob,tree_prob
0,1784,6,boat,run_v31526666150080,0.0,0.05523231149116741,0.04812221391658892,0.04249317471061732,0.029712963674142348,0.041090168925934235,0.05523231149116741,0.046131039490500174,0.036347703134645755,0.03997294426517765,0.058113638877807273,0.09852405726985601,0.04029347163485022,0.0393158240897866,0.04177367007128796,0.03509862211852917,0.03883426567003963,0.04778782806967503,0.030469551436819637,0.038542971820153774,0.043655313564983055,0.04020444648295301,0.03734349753189787,0.03828729461943171,0.0326530271331552
