,index,age,target_label,session_id,correct_or_not,target_label_prob,airplane_prob,bear_prob,bike_prob,bird_prob,boat_prob,bowl_prob,car_prob,cat_prob,chair_prob,couch_prob,cup_prob,dog_prob,fish_prob,frog_prob,house_prob,key_prob,person_prob,phone_prob,rabbit_prob,scissors_prob,sheep_prob,train_prob,tree_prob
0,66,6,airplane,run_v31531515586470,0.0,0.048523822569767595,0.048523822569767595,0.0444854481906702,0.04007042084286435,0.042658206494222806,0.04484635491345799,0.04193393743443175,0.034811289516439005,0.04482947855765595,0.037268588600516676,0.03888880178917609,0.04167340079257169,0.046914030137222326,0.04775509679652024,0.042115860470330176,0.04140595058666945,0.04114357051463552,0.04691831332562066,0.04193747449013184,0.04275329970870925,0.04637035611840564,0.048896910631057944,0.041683050418573946,0.05211633710034901
