,index,age,target_label,session_id,correct_or_not,target_label_prob,airplane_prob,bear_prob,bike_prob,bird_prob,boat_prob,bowl_prob,car_prob,cat_prob,chair_prob,couch_prob,cup_prob,dog_prob,fish_prob,frog_prob,house_prob,key_prob,person_prob,phone_prob,rabbit_prob,scissors_prob,sheep_prob,train_prob,tree_prob
0,7237,6,scissors,run_v41540163517102,1.0,0.06993078110255868,0.04124152553528193,0.04493380470955441,0.05622040626397787,0.03993052821496274,0.03734465404048407,0.03643125683650193,0.04137421834136368,0.0404916615882873,0.035817633086882246,0.03618228749109463,0.03305384514831717,0.03540575074400694,0.03821897445965671,0.043073735294669215,0.03754596780144112,0.05425089337055853,0.04919571378657937,0.04051784863910171,0.06865814515198332,0.06993078110255868,0.035989735742448264,0.03865433208399981,0.04553630056628842
