,index,age,target_label,session_id,correct_or_not,target_label_prob,airplane_prob,bear_prob,bike_prob,bird_prob,boat_prob,bowl_prob,car_prob,cat_prob,chair_prob,couch_prob,cup_prob,dog_prob,fish_prob,frog_prob,house_prob,key_prob,person_prob,phone_prob,rabbit_prob,scissors_prob,sheep_prob,train_prob,tree_prob
0,450,5,bear,run_v41540333366516,0.0,0.05012146334185142,0.03632652432569524,0.05012146334185142,0.04020246057281644,0.046122430218815506,0.040320396569569844,0.04195376503112139,0.029923338574851566,0.056392991396396426,0.038388357946786376,0.03967745963111887,0.039574833680799004,0.049575059827395046,0.03995150430052125,0.052305006014158884,0.0372213150699487,0.039827334354213664,0.04394085315549868,0.03918799935541249,0.04714906709960825,0.04575594720487728,0.05454883500123238,0.046976677734752954,0.04455637959255838
