,index,age,target_label,session_id,correct_or_not,target_label_prob,airplane_prob,bear_prob,bike_prob,bird_prob,boat_prob,bowl_prob,car_prob,cat_prob,chair_prob,couch_prob,cup_prob,dog_prob,fish_prob,frog_prob,house_prob,key_prob,person_prob,phone_prob,rabbit_prob,scissors_prob,sheep_prob,train_prob,tree_prob
0,5379,6,house,run_v31533579967773,1.0,0.08883515042234721,0.033426462430006965,0.0442327362800722,0.034421832989096145,0.04276903642108467,0.05373132710474618,0.044256712577042674,0.03118591850564584,0.03940786785563059,0.06977085025289399,0.03708067021302285,0.03591023305418861,0.04300995666753972,0.03824230607848846,0.040919304111307814,0.08883515042234721,0.03799213413122428,0.04873064429382139,0.03564792191817755,0.03821711207400155,0.03349562569472382,0.04201377726466145,0.03215748927454436,0.05454493038573161
