,index,age,target_label,session_id,correct_or_not,target_label_prob,airplane_prob,bear_prob,bike_prob,bird_prob,boat_prob,bowl_prob,car_prob,cat_prob,chair_prob,couch_prob,cup_prob,dog_prob,fish_prob,frog_prob,house_prob,key_prob,person_prob,phone_prob,rabbit_prob,scissors_prob,sheep_prob,train_prob,tree_prob
0,3310,4,chair,run_v31530310978529,1.0,0.07023400430977723,0.03698431517835517,0.039564474623154024,0.03198219781201166,0.03949681545896892,0.0321431413393932,0.040637132655751515,0.04390101824525368,0.04162296227493563,0.07023400430977723,0.05416850525327045,0.04985696812717974,0.04216801405633072,0.043732548737035894,0.044268551645431795,0.04234149231125927,0.04356210161635018,0.03812442714710312,0.04370444965243627,0.04767925771901872,0.03281346980751244,0.04179491935811393,0.042987731994218445,0.05623150067713792
