,index,age,target_label,session_id,correct_or_not,target_label_prob,airplane_prob,bear_prob,bike_prob,bird_prob,boat_prob,bowl_prob,car_prob,cat_prob,chair_prob,couch_prob,cup_prob,dog_prob,fish_prob,frog_prob,house_prob,key_prob,person_prob,phone_prob,rabbit_prob,scissors_prob,sheep_prob,train_prob,tree_prob
0,710,2,bear,run_v41537126055817,1.0,0.05827207777177891,0.03372661887226505,0.05827207777177891,0.05362424240308444,0.04451696448433149,0.0401837821407756,0.04184978745881056,0.03816106242831784,0.04965124726499711,0.0428302330992078,0.036504145968328704,0.04169825590752598,0.04170062493398801,0.05134935414734141,0.053034787056585445,0.03528741757707069,0.04804115487051379,0.05502694215175767,0.03564178606901383,0.042522905047335705,0.041468637606702385,0.03793438819138294,0.03831156763545609,0.03866201691342852
