,index,age,target_label,session_id,correct_or_not,target_label_prob,airplane_prob,bear_prob,bike_prob,bird_prob,boat_prob,bowl_prob,car_prob,cat_prob,chair_prob,couch_prob,cup_prob,dog_prob,fish_prob,frog_prob,house_prob,key_prob,person_prob,phone_prob,rabbit_prob,scissors_prob,sheep_prob,train_prob,tree_prob
0,8581,5,tree,run_v31526762362068,0.0,0.04928284245101297,0.04649083417605269,0.042388699554021976,0.043911734184145984,0.04840911503647397,0.042819036474633664,0.04151496458666792,0.039883385286448934,0.04422647621907494,0.042958861129374554,0.04261260161320748,0.03369250566115939,0.050831026223263014,0.05296678478642467,0.041732599776636646,0.029676276208259175,0.044690243069435906,0.050569280091970266,0.036910780869237554,0.04410182055768495,0.05407578007358425,0.042649281999132614,0.03360506997209655,0.04928284245101297
