,index,age,target_label,session_id,correct_or_not,target_label_prob,airplane_prob,bear_prob,bike_prob,bird_prob,boat_prob,bowl_prob,car_prob,cat_prob,chair_prob,couch_prob,cup_prob,dog_prob,fish_prob,frog_prob,house_prob,key_prob,person_prob,phone_prob,rabbit_prob,scissors_prob,sheep_prob,train_prob,tree_prob
0,402,6,bear,run_v41537651046290,1.0,0.06423695549843202,0.03773568686882951,0.06423695549843202,0.04950329276402343,0.04653002644059982,0.037358098453193385,0.042449271928775074,0.04851404341426855,0.04178512638702754,0.042458132407477235,0.03853117822676828,0.04160215225025529,0.044011264105568465,0.04350310087153131,0.047020164430924674,0.040920004385362044,0.03375306084417369,0.04258796267148638,0.029951502693306063,0.05120292879582704,0.043132422648394744,0.04282269244627409,0.04589864329043681,0.04449228817706433
