,index,age,target_label,session_id,correct_or_not,target_label_prob,airplane_prob,bear_prob,bike_prob,bird_prob,boat_prob,bowl_prob,car_prob,cat_prob,chair_prob,couch_prob,cup_prob,dog_prob,fish_prob,frog_prob,house_prob,key_prob,person_prob,phone_prob,rabbit_prob,scissors_prob,sheep_prob,train_prob,tree_prob
0,6999,3,rabbit,run_v31529178852031,0.0,0.040327993680630496,0.03804474640524516,0.03622260193846083,0.037140343138710785,0.04042028070662011,0.058887085434554245,0.04717115555332798,0.04413990599773033,0.04127082444436846,0.041096843958727404,0.05086390401427278,0.04583480313044673,0.040257087489375176,0.03721849595498551,0.04139300621254633,0.0560741676133297,0.045344116041107066,0.04098913160296262,0.0507609765425929,0.040327993680630496,0.0364999125679763,0.04007896886718503,0.04533018494592048,0.044633463758923395
