,index,age,target_label,session_id,correct_or_not,target_label_prob,airplane_prob,bear_prob,bike_prob,bird_prob,boat_prob,bowl_prob,car_prob,cat_prob,chair_prob,couch_prob,cup_prob,dog_prob,fish_prob,frog_prob,house_prob,key_prob,person_prob,phone_prob,rabbit_prob,scissors_prob,sheep_prob,train_prob,tree_prob
0,5239,8,frog,run_v41538866883585,0.0,0.04869205463146118,0.039951204099823855,0.052467499667678275,0.05242774294303146,0.04302285393542727,0.0420401230411569,0.039088492033186394,0.04518678027661106,0.04265271233534539,0.039706083417874766,0.038152274645305004,0.03623205803387298,0.04591743210953282,0.042186189511421744,0.04869205463146118,0.042947001662025246,0.046507881414508935,0.041928904339197694,0.03742368851559447,0.04632176256985709,0.03912004816775446,0.04806369167759887,0.04518314917644506,0.0447803717952891
