,index,age,target_label,session_id,correct_or_not,target_label_prob,airplane_prob,bear_prob,bike_prob,bird_prob,boat_prob,bowl_prob,car_prob,cat_prob,chair_prob,couch_prob,cup_prob,dog_prob,fish_prob,frog_prob,house_prob,key_prob,person_prob,phone_prob,rabbit_prob,scissors_prob,sheep_prob,train_prob,tree_prob
0,2045,3,bowl,run_v31531608035207,1.0,0.10423488759254067,0.033630165481989965,0.0390440852878222,0.041600768690987305,0.03837998118387603,0.04888961818927582,0.10423488759254067,0.03891171985019491,0.03356091765187968,0.02849635770063072,0.0622144030165563,0.06113417085640795,0.03885054690751801,0.049329870364249004,0.038192149259650206,0.029734465324212814,0.04330211341798043,0.0446920484857591,0.03556248043414515,0.03806658206468592,0.037993165827507815,0.03611685398643654,0.03620729762275704,0.04185535080293636
