,index,age,target_label,session_id,correct_or_not,target_label_prob,airplane_prob,bear_prob,bike_prob,bird_prob,boat_prob,bowl_prob,car_prob,cat_prob,chair_prob,couch_prob,cup_prob,dog_prob,fish_prob,frog_prob,house_prob,key_prob,person_prob,phone_prob,rabbit_prob,scissors_prob,sheep_prob,train_prob,tree_prob
0,3934,4,cup,run_v31532546118317,1.0,0.055069057356878934,0.050489735444097884,0.04086326066381056,0.039182038581680345,0.04134030931574256,0.04455073156931131,0.0437564566493526,0.03692421668809649,0.04035028149711662,0.04766116145344866,0.03774917400051701,0.055069057356878934,0.0384063773688048,0.038585200346986426,0.039788726732880274,0.03517088988871212,0.045966049142978645,0.03835009754370066,0.051983218711153224,0.04613850587497332,0.048401490561606655,0.043482344772613896,0.04267039494398194,0.05312028089155496
