,index,age,target_label,session_id,correct_or_not,target_label_prob,airplane_prob,bear_prob,bike_prob,bird_prob,boat_prob,bowl_prob,car_prob,cat_prob,chair_prob,couch_prob,cup_prob,dog_prob,fish_prob,frog_prob,house_prob,key_prob,person_prob,phone_prob,rabbit_prob,scissors_prob,sheep_prob,train_prob,tree_prob
0,6994,6,rabbit,run_v31528746954006,0.0,0.05320888199457561,0.04327141730594783,0.04677419345498248,0.04028692187334176,0.04321880419756563,0.03928536428795635,0.039690629108388546,0.05843371878839562,0.04417948095298144,0.04288320846489288,0.037588140583337586,0.036489050070094814,0.04309064489198035,0.05437537971222377,0.0522917913100256,0.031441770110101463,0.04104719917003323,0.04666498682115732,0.043983228856422266,0.05320888199457561,0.04040495422977936,0.037228494674786484,0.04749118622510076,0.03667055291592868
