,index,age,target_label,session_id,correct_or_not,target_label_prob,airplane_prob,bear_prob,bike_prob,bird_prob,boat_prob,bowl_prob,car_prob,cat_prob,chair_prob,couch_prob,cup_prob,dog_prob,fish_prob,frog_prob,house_prob,key_prob,person_prob,phone_prob,rabbit_prob,scissors_prob,sheep_prob,train_prob,tree_prob
0,1226,5,bird,run_v31527981599050,0.0,0.05795271894402371,0.03595131569159247,0.05039991940371951,0.04124514065198044,0.05795271894402371,0.03570029556526487,0.040373874527223054,0.035645341986272866,0.04759645001129314,0.037767819279776065,0.034954895708648716,0.03287062058637598,0.05661844111017622,0.04057320826496077,0.04220470295806738,0.03427947640016717,0.029978132175822982,0.08022306794874003,0.032605597839743136,0.038942074586241056,0.041002642288202794,0.05696547214212239,0.04044402402537717,0.055704767904208016
