,index,age,target_label,session_id,correct_or_not,target_label_prob,airplane_prob,bear_prob,bike_prob,bird_prob,boat_prob,bowl_prob,car_prob,cat_prob,chair_prob,couch_prob,cup_prob,dog_prob,fish_prob,frog_prob,house_prob,key_prob,person_prob,phone_prob,rabbit_prob,scissors_prob,sheep_prob,train_prob,tree_prob
0,2575,4,car,run_v31533676898644,0.0,0.04911013977996327,0.042501326718413106,0.04617312240872205,0.04423577676495119,0.052639664176435404,0.031883513019019524,0.042547129551382706,0.04911013977996327,0.04404298198307311,0.04860325800601656,0.04666009704776808,0.03765315526615057,0.0475804736489264,0.042964908083666944,0.03920782585796026,0.02897034745939586,0.037052928623539295,0.05144208642666812,0.039820797085470344,0.040704857547518965,0.04798226421045805,0.050278532757234734,0.041939060440283206,0.046005753136982366
