,index,age,target_label,session_id,correct_or_not,target_label_prob,airplane_prob,bear_prob,bike_prob,bird_prob,boat_prob,bowl_prob,car_prob,cat_prob,chair_prob,couch_prob,cup_prob,dog_prob,fish_prob,frog_prob,house_prob,key_prob,person_prob,phone_prob,rabbit_prob,scissors_prob,sheep_prob,train_prob,tree_prob
0,1033,6,bike,run_v31528920077067,1.0,0.059446845249288845,0.047944285855309535,0.04661246974832793,0.059446845249288845,0.05120650020040654,0.04012680068745565,0.04365853810113541,0.05138606658036034,0.047522713333071766,0.039531686667719494,0.031779819191503494,0.04839449678602395,0.040322456306587706,0.0549167969011069,0.044843983315883656,0.03349937349811889,0.04177269443006598,0.0424217656553524,0.03602462068071594,0.04429922823274845,0.033406774118054934,0.03942148946149905,0.04182019814921998,0.039640396850043266
