,index,age,target_label,session_id,correct_or_not,target_label_prob,airplane_prob,bear_prob,bike_prob,bird_prob,boat_prob,bowl_prob,car_prob,cat_prob,chair_prob,couch_prob,cup_prob,dog_prob,fish_prob,frog_prob,house_prob,key_prob,person_prob,phone_prob,rabbit_prob,scissors_prob,sheep_prob,train_prob,tree_prob
0,4353,6,dog,run_v31533674112220,0.0,0.04723857659910747,0.04647976390133978,0.04507376934697048,0.040010605429289234,0.04540023861680871,0.03877702212078449,0.037781928829258724,0.04659973447979452,0.04437807262342021,0.040096869358731774,0.04179669390725269,0.03794713154686113,0.04723857659910747,0.046663369420500894,0.0413270018790006,0.03772634224084931,0.03803644341763881,0.059543666966079135,0.03587758643867524,0.04401728173892685,0.050382484248524304,0.04551825599863535,0.043479784999882955,0.04584737589166729
