,index,age,target_label,session_id,correct_or_not,target_label_prob,airplane_prob,bear_prob,bike_prob,bird_prob,boat_prob,bowl_prob,car_prob,cat_prob,chair_prob,couch_prob,cup_prob,dog_prob,fish_prob,frog_prob,house_prob,key_prob,person_prob,phone_prob,rabbit_prob,scissors_prob,sheep_prob,train_prob,tree_prob
0,2344,8,car,run_v31534104042262,0.0,0.04533667873535093,0.03616265092053901,0.04546465329756187,0.038367584279068896,0.038444841837250596,0.04492427466064128,0.03652544353310715,0.04533667873535093,0.04248489108666117,0.043435488450299875,0.03932009864659831,0.04264408942696342,0.0508291766738995,0.042395981794666485,0.05645984522832767,0.0415586585510963,0.0508831238060239,0.03645998224602061,0.04006909035008296,0.04517368288198791,0.03826402632840479,0.05185545403249487,0.057108737424904674,0.03583154580804793
