,index,age,target_label,session_id,correct_or_not,target_label_prob,airplane_prob,bear_prob,bike_prob,bird_prob,boat_prob,bowl_prob,car_prob,cat_prob,chair_prob,couch_prob,cup_prob,dog_prob,fish_prob,frog_prob,house_prob,key_prob,person_prob,phone_prob,rabbit_prob,scissors_prob,sheep_prob,train_prob,tree_prob
0,1797,5,boat,run_v31532802171541,1.0,0.07086327067211588,0.05368847723347981,0.03925873011568705,0.045964586079966854,0.0396659055602672,0.07086327067211588,0.05208560551047428,0.04060732943976321,0.04026468140653188,0.035772940051874154,0.04370139924573954,0.041425868903371056,0.03957756371462795,0.04987886429061544,0.04008499856452636,0.03348127915536288,0.04349319820903206,0.04616857971800102,0.035535950958487716,0.04022398309834025,0.046056667796920844,0.038242409442071267,0.043825944952546214,0.04013176588019683
