,index,age,target_label,session_id,correct_or_not,target_label_prob,airplane_prob,bear_prob,bike_prob,bird_prob,boat_prob,bowl_prob,car_prob,cat_prob,chair_prob,couch_prob,cup_prob,dog_prob,fish_prob,frog_prob,house_prob,key_prob,person_prob,phone_prob,rabbit_prob,scissors_prob,sheep_prob,train_prob,tree_prob
0,4428,5,dog,run_v31534188430280,0.0,0.04965877096921595,0.036525136643534066,0.04579217661371554,0.033716000858289324,0.04528735869037685,0.036317005524997836,0.04199938069125506,0.038207375786885926,0.04614674804136269,0.05405157444921961,0.05688214633809543,0.04115462259782508,0.04965877096921595,0.041917206982530764,0.042605129455198856,0.04030582878385182,0.04027179942477742,0.050943765732618156,0.033156724835683375,0.04301855720491325,0.04311866229788759,0.04492742778360486,0.0421090494013934,0.05188755089276725
