,index,age,target_label,session_id,correct_or_not,target_label_prob,airplane_prob,bear_prob,bike_prob,bird_prob,boat_prob,bowl_prob,car_prob,cat_prob,chair_prob,couch_prob,cup_prob,dog_prob,fish_prob,frog_prob,house_prob,key_prob,person_prob,phone_prob,rabbit_prob,scissors_prob,sheep_prob,train_prob,tree_prob
0,2906,5,cat,run_v41542056365807,0.0,0.05306388753251282,0.04523734389557473,0.04767629724951638,0.040616508063588595,0.047036970727743994,0.037916311141201094,0.03974506124656578,0.035317057480729566,0.05306388753251282,0.04222950458283292,0.04048226620226441,0.04454582409622772,0.0493294659817364,0.049994815342008385,0.05476583724309858,0.03821500438428061,0.03843930253426791,0.04913945326955697,0.03746479396656364,0.04010964061601974,0.037978578266458035,0.05377703420213821,0.03812518561209627,0.03879385636301738
