,index,age,target_label,session_id,correct_or_not,target_label_prob,airplane_prob,bear_prob,bike_prob,bird_prob,boat_prob,bowl_prob,car_prob,cat_prob,chair_prob,couch_prob,cup_prob,dog_prob,fish_prob,frog_prob,house_prob,key_prob,person_prob,phone_prob,rabbit_prob,scissors_prob,sheep_prob,train_prob,tree_prob
0,7875,3,sheep,run_v41542133042136,0.0,0.04795142091484946,0.04150747051442254,0.047590988334397684,0.04817112005382055,0.049088026390403605,0.04044468482088876,0.04007294772016263,0.045184013645645005,0.050204120807389806,0.04412523416532619,0.03982313127637047,0.039142830187161436,0.04944858575317815,0.04725732211822611,0.05111488170062446,0.037147417952935725,0.041139008374829096,0.03913431050325587,0.03862234356313312,0.040638299927664524,0.04401902068419467,0.04795142091484946,0.04044111803714768,0.03773170255397229
