,index,age,target_label,session_id,correct_or_not,target_label_prob,airplane_prob,bear_prob,bike_prob,bird_prob,boat_prob,bowl_prob,car_prob,cat_prob,chair_prob,couch_prob,cup_prob,dog_prob,fish_prob,frog_prob,house_prob,key_prob,person_prob,phone_prob,rabbit_prob,scissors_prob,sheep_prob,train_prob,tree_prob
0,906,9,bike,run_v31531507200921,1.0,0.07533288734357403,0.04069729223336862,0.039660485650866606,0.07533288734357403,0.04032177307466814,0.0438067995534728,0.045655733498950316,0.05009578804605815,0.04264376934087527,0.03870935661770666,0.03577536227300089,0.04509127126957879,0.044742130844293786,0.04049872544983643,0.042148927003187224,0.03822186873466282,0.05312365207833585,0.03695142964323242,0.03372086068546508,0.04208796734572108,0.04365035904365491,0.04206320606377267,0.043051921782734405,0.041948432422983156
