,index,age,target_label,session_id,correct_or_not,target_label_prob,airplane_prob,bear_prob,bike_prob,bird_prob,boat_prob,bowl_prob,car_prob,cat_prob,chair_prob,couch_prob,cup_prob,dog_prob,fish_prob,frog_prob,house_prob,key_prob,person_prob,phone_prob,rabbit_prob,scissors_prob,sheep_prob,train_prob,tree_prob
0,5086,5,frog,run_v41537556090670,0.0,0.06254503538601262,0.04488793877111695,0.04302229553891206,0.036505334652992105,0.0475393847219982,0.044700997208122116,0.04605377724155603,0.04181364348130207,0.04469678654649779,0.04374709428333046,0.03784313157160291,0.0382432686653521,0.04537158477174673,0.06867863502528111,0.06254503538601262,0.032660411862597716,0.041824468324240326,0.048788512530452084,0.03958823566614706,0.03976869251066901,0.041842461049902455,0.044177136741718734,0.03365978973417351,0.03204138371427563
