,index,age,target_label,session_id,correct_or_not,target_label_prob,airplane_prob,bear_prob,bike_prob,bird_prob,boat_prob,bowl_prob,car_prob,cat_prob,chair_prob,couch_prob,cup_prob,dog_prob,fish_prob,frog_prob,house_prob,key_prob,person_prob,phone_prob,rabbit_prob,scissors_prob,sheep_prob,train_prob,tree_prob
0,146,4,airplane,run_v31531340339047,0.0,0.049365562607395524,0.049365562607395524,0.04349370908696541,0.0466665427783199,0.050037356039006095,0.03744062909398689,0.04060173225183047,0.042625409973130635,0.04107025679928805,0.04385149259845444,0.049021010614789605,0.0465853375455959,0.04811451644537795,0.04751026485491453,0.041431088256452364,0.02663257955328112,0.04073905787532206,0.05135339631999005,0.03640833575306737,0.03790266540626207,0.04952628494193109,0.04645321759627396,0.041879653642111804,0.04128989996625272
