,index,age,target_label,session_id,correct_or_not,target_label_prob,airplane_prob,bear_prob,bike_prob,bird_prob,boat_prob,bowl_prob,car_prob,cat_prob,chair_prob,couch_prob,cup_prob,dog_prob,fish_prob,frog_prob,house_prob,key_prob,person_prob,phone_prob,rabbit_prob,scissors_prob,sheep_prob,train_prob,tree_prob
0,4395,7,dog,run_v31533165861944,0.0,0.05369878787682793,0.04620207769664578,0.05005196899698713,0.03556146409833597,0.052577781310579774,0.03712875539894413,0.03751828867754471,0.03129062851106866,0.0614637543125014,0.041793977457668025,0.0378401722147009,0.037026503785043234,0.05369878787682793,0.04153102077210056,0.0479551198070218,0.036309308580073515,0.03573160288530885,0.03957205210196049,0.03390458953619697,0.05247175967349819,0.04935711585380376,0.06077295001235923,0.03992865329890487,0.04031166714192401
