,index,age,target_label,session_id,correct_or_not,target_label_prob,airplane_prob,bear_prob,bike_prob,bird_prob,boat_prob,bowl_prob,car_prob,cat_prob,chair_prob,couch_prob,cup_prob,dog_prob,fish_prob,frog_prob,house_prob,key_prob,person_prob,phone_prob,rabbit_prob,scissors_prob,sheep_prob,train_prob,tree_prob
0,8018,2,train,run_v41537378306735,1.0,0.08844525142226914,0.042494218543894846,0.043268156171005843,0.0731707256371655,0.04329289255392088,0.04074223190983757,0.034604952863915114,0.06353549133091363,0.0381848797251666,0.03821611974647934,0.035501220714935625,0.03858662638844623,0.03613238609636619,0.03236814029710006,0.04177812744910651,0.03006074296375458,0.03949760379809637,0.026986378812024602,0.03606537175144155,0.035402522061275775,0.03991590287126401,0.06775944645918952,0.08844525142226914,0.0339906104324306
