,index,age,target_label,session_id,correct_or_not,target_label_prob,airplane_prob,bear_prob,bike_prob,bird_prob,boat_prob,bowl_prob,car_prob,cat_prob,chair_prob,couch_prob,cup_prob,dog_prob,fish_prob,frog_prob,house_prob,key_prob,person_prob,phone_prob,rabbit_prob,scissors_prob,sheep_prob,train_prob,tree_prob
0,1589,2,boat,run_v31534790164115,0.0,0.0508615602140582,0.041887040392407864,0.04044973508473305,0.05014685671069424,0.04081757083007533,0.0508615602140582,0.055113268841131324,0.04182827621895856,0.041322072660788974,0.03995757958247771,0.043291915922687885,0.04096225663881676,0.04044099825960131,0.04845248359133012,0.04141680582735023,0.042769095286415794,0.03962753017585599,0.04117766849287451,0.04782138215924505,0.0399716119901278,0.04568091170384484,0.039275085461522266,0.04042824816593021,0.046300045789071695
