,index,age,target_label,session_id,correct_or_not,target_label_prob,airplane_prob,bear_prob,bike_prob,bird_prob,boat_prob,bowl_prob,car_prob,cat_prob,chair_prob,couch_prob,cup_prob,dog_prob,fish_prob,frog_prob,house_prob,key_prob,person_prob,phone_prob,rabbit_prob,scissors_prob,sheep_prob,train_prob,tree_prob
0,902,6,bike,run_v31528665810605,1.0,0.11476234288013239,0.04655001557171378,0.03623686909767302,0.11476234288013239,0.040247771292039665,0.03825127237293793,0.03138311339839903,0.06971262233487692,0.0376653662209528,0.037688742404240194,0.0349524493769005,0.034449887755779826,0.03511149065140806,0.035116627841859996,0.03603261984816211,0.037648456709332534,0.037624795486047996,0.037705115298566155,0.03406790607963627,0.04659537729832029,0.04370316881810392,0.039788111763211315,0.05391722123224642,0.04078865626745888
