,index,age,target_label,session_id,correct_or_not,target_label_prob,airplane_prob,bear_prob,bike_prob,bird_prob,boat_prob,bowl_prob,car_prob,cat_prob,chair_prob,couch_prob,cup_prob,dog_prob,fish_prob,frog_prob,house_prob,key_prob,person_prob,phone_prob,rabbit_prob,scissors_prob,sheep_prob,train_prob,tree_prob
0,4804,6,fish,run_v31526665751276,1.0,0.05886837240976703,0.049422351852164495,0.03891022318590934,0.04001631503077165,0.04033295177149301,0.046741418014142784,0.04740562007907675,0.039779961567096914,0.04410402007466207,0.044506776990523904,0.041112309458607194,0.04941740698554263,0.04081650714327172,0.05886837240976703,0.04052371434231833,0.04997624887240162,0.043499182171217274,0.042002234802163196,0.0485813848964274,0.03502251133285986,0.041723009364845104,0.04294996761310839,0.03505809084275685,0.03922942119887247
