,index,age,target_label,session_id,correct_or_not,target_label_prob,airplane_prob,bear_prob,bike_prob,bird_prob,boat_prob,bowl_prob,car_prob,cat_prob,chair_prob,couch_prob,cup_prob,dog_prob,fish_prob,frog_prob,house_prob,key_prob,person_prob,phone_prob,rabbit_prob,scissors_prob,sheep_prob,train_prob,tree_prob
0,6598,7,phone,run_v41537050227784,1.0,0.0650118801205287,0.03887350995472284,0.03784225614719181,0.04550773980160014,0.03790522037023119,0.04123445085034123,0.03873876835215688,0.04447985196031085,0.04082854824995908,0.05022263888286576,0.03922972386892101,0.06100011311669259,0.03750271104908622,0.04662220881706015,0.04070499569805951,0.05030975118748874,0.046328666163918335,0.0404820406648316,0.0650118801205287,0.037245522350871196,0.03900207926154588,0.03758764505251957,0.04409136629120775,0.0392483117878891
