,index,age,target_label,session_id,correct_or_not,target_label_prob,airplane_prob,bear_prob,bike_prob,bird_prob,boat_prob,bowl_prob,car_prob,cat_prob,chair_prob,couch_prob,cup_prob,dog_prob,fish_prob,frog_prob,house_prob,key_prob,person_prob,phone_prob,rabbit_prob,scissors_prob,sheep_prob,train_prob,tree_prob
0,6820,6,rabbit,run_v31531345439383,1.0,0.07100098982534432,0.049377443011129174,0.04761685636361088,0.033708069701634244,0.034040720571824834,0.0570608719714232,0.04765245977049604,0.03357129690985535,0.046054598096606086,0.0365447288986637,0.03700883350321536,0.03700082216238481,0.03782684583843828,0.03796147730473585,0.03942545296180248,0.03536589327624506,0.04821098575648027,0.04049577820007872,0.05938622105914335,0.07100098982534432,0.05312756665153286,0.036666152357560045,0.03706235751040215,0.04383357829739309
