,index,age,target_label,session_id,correct_or_not,target_label_prob,airplane_prob,bear_prob,bike_prob,bird_prob,boat_prob,bowl_prob,car_prob,cat_prob,chair_prob,couch_prob,cup_prob,dog_prob,fish_prob,frog_prob,house_prob,key_prob,person_prob,phone_prob,rabbit_prob,scissors_prob,sheep_prob,train_prob,tree_prob
0,2828,5,cat,run_v41540162263848,0.0,0.05031367595979147,0.04252300204223649,0.04175735651719549,0.04590086278042357,0.040459603751348897,0.04193286693213921,0.04017622668193719,0.040658031327264754,0.05031367595979147,0.03497262615397713,0.0337942944005778,0.049045860841146885,0.04149244101475462,0.04892421601394778,0.044580803684602655,0.040648865808021156,0.06678615690189171,0.03636846601044318,0.04253025022100507,0.04378158415648923,0.05825185573774895,0.042497530532291106,0.03957395178578267,0.03302947074498301
