,index,age,target_label,session_id,correct_or_not,target_label_prob,airplane_prob,bear_prob,bike_prob,bird_prob,boat_prob,bowl_prob,car_prob,cat_prob,chair_prob,couch_prob,cup_prob,dog_prob,fish_prob,frog_prob,house_prob,key_prob,person_prob,phone_prob,rabbit_prob,scissors_prob,sheep_prob,train_prob,tree_prob
0,1558,4,boat,run_v31535234458757,0.0,0.06681733623401506,0.039652600026792974,0.04212946906783119,0.029904162101767183,0.03502936493009922,0.06681733623401506,0.03314202750206988,0.048978621778536825,0.04425981361576327,0.06008464074909244,0.07071324259179994,0.04177218599333486,0.03851200413263826,0.0324149750513739,0.04273947542620983,0.05888293996325223,0.04074126107015612,0.03393851103727111,0.03862999824566478,0.04750544416309443,0.04261983290657394,0.03781476646778414,0.04296124803008685,0.030756078914791676
