,index,age,target_label,session_id,correct_or_not,target_label_prob,airplane_prob,bear_prob,bike_prob,bird_prob,boat_prob,bowl_prob,car_prob,cat_prob,chair_prob,couch_prob,cup_prob,dog_prob,fish_prob,frog_prob,house_prob,key_prob,person_prob,phone_prob,rabbit_prob,scissors_prob,sheep_prob,train_prob,tree_prob
0,4826,6,fish,run_v31534462048848,0.0,0.05656805189568576,0.04397607256018347,0.04387158070176317,0.04302424842066011,0.03945150787062561,0.0631580101852327,0.0815032666729826,0.04469437052419468,0.04139141673393028,0.03502481414723219,0.04917283758418959,0.04094295064098442,0.03888873930019031,0.05656805189568576,0.03548025358794545,0.03362809520812742,0.045756954105098745,0.03290193281023291,0.04078030725167183,0.039001409402771824,0.03426715200142755,0.037019005675767,0.04014818529024968,0.03934883742885284
