,index,age,target_label,session_id,correct_or_not,target_label_prob,airplane_prob,bear_prob,bike_prob,bird_prob,boat_prob,bowl_prob,car_prob,cat_prob,chair_prob,couch_prob,cup_prob,dog_prob,fish_prob,frog_prob,house_prob,key_prob,person_prob,phone_prob,rabbit_prob,scissors_prob,sheep_prob,train_prob,tree_prob
0,8029,5,train,run_v41541806890157,1.0,0.052668710696177325,0.04108889632612661,0.040325261796118846,0.04829926847810483,0.0391072164080295,0.047939486036053795,0.04295032945779602,0.046485303042402226,0.04767650922092046,0.04490708104357158,0.033082349138854945,0.04209321111099162,0.041638894819702794,0.04294869577872793,0.03858112568724554,0.04761262139570747,0.04009245251020618,0.04763254604266383,0.04876482501232527,0.04557703532400599,0.03811672952020367,0.03849895712990054,0.052668710696177325,0.04391249402416314
