,index,age,target_label,session_id,correct_or_not,target_label_prob,airplane_prob,bear_prob,bike_prob,bird_prob,boat_prob,bowl_prob,car_prob,cat_prob,chair_prob,couch_prob,cup_prob,dog_prob,fish_prob,frog_prob,house_prob,key_prob,person_prob,phone_prob,rabbit_prob,scissors_prob,sheep_prob,train_prob,tree_prob
0,5699,6,key,run_v41542061524668,0.0,0.045075748000248765,0.04540065196934172,0.042225616495046824,0.04144825253855546,0.04314442430573228,0.05088753480232771,0.03927262404440038,0.04130713347803101,0.04081047056033348,0.045742565558327244,0.037869884839607855,0.04366737363390358,0.037803434498765026,0.04176344449879155,0.04352383223017603,0.045474311503311785,0.045075748000248765,0.04673162265328476,0.050407730284868495,0.04331812521129699,0.04118564928749085,0.03887773293720214,0.0439021059226348,0.05015973074632121
