,index,age,target_label,session_id,correct_or_not,target_label_prob,airplane_prob,bear_prob,bike_prob,bird_prob,boat_prob,bowl_prob,car_prob,cat_prob,chair_prob,couch_prob,cup_prob,dog_prob,fish_prob,frog_prob,house_prob,key_prob,person_prob,phone_prob,rabbit_prob,scissors_prob,sheep_prob,train_prob,tree_prob
0,1325,4,bird,run_v31530744749634,0.0,0.05270518017500736,0.0530201271574637,0.04507617495382715,0.04279569199370758,0.05270518017500736,0.03938948713173535,0.038428510025569504,0.03936214989757373,0.04073123585835061,0.04825623617401285,0.03754691452759583,0.037934282518784064,0.045344685293665594,0.03829937779294949,0.04653528094365268,0.03661109228178871,0.041206735499187214,0.06055758755483159,0.03438107837439112,0.04171132098249104,0.041998059372077866,0.04605007366647531,0.03592464367172331,0.0561340741531382
