,index,age,target_label,session_id,correct_or_not,target_label_prob,airplane_prob,bear_prob,bike_prob,bird_prob,boat_prob,bowl_prob,car_prob,cat_prob,chair_prob,couch_prob,cup_prob,dog_prob,fish_prob,frog_prob,house_prob,key_prob,person_prob,phone_prob,rabbit_prob,scissors_prob,sheep_prob,train_prob,tree_prob
0,7848,8,sheep,run_v41542057738079,0.0,0.04137881080975728,0.043099809332770106,0.0380782843395105,0.055412315524825985,0.04086922105743784,0.03986263528319827,0.03826885774280517,0.04290475608699573,0.053609942782981534,0.03277072233117699,0.04421314128701907,0.03694650908393954,0.04365844944018857,0.04538879414859802,0.04174637097880928,0.044559366532555364,0.035146562186870976,0.0395956683515282,0.03577156664913069,0.06022815884621387,0.05894349173658354,0.04137881080975728,0.048930037504013084,0.03861652796309049
