,index,age,target_label,session_id,correct_or_not,target_label_prob,airplane_prob,bear_prob,bike_prob,bird_prob,boat_prob,bowl_prob,car_prob,cat_prob,chair_prob,couch_prob,cup_prob,dog_prob,fish_prob,frog_prob,house_prob,key_prob,person_prob,phone_prob,rabbit_prob,scissors_prob,sheep_prob,train_prob,tree_prob
0,3809,4,cup,run_v31526239192649,0.0,0.04589708423245976,0.04305424395718809,0.03678322125393147,0.03158894237918515,0.03864776773200118,0.04967563803270196,0.04258799527263613,0.04014405582325185,0.0406224005046857,0.05282101877339402,0.04419997227715252,0.04589708423245976,0.04005029476562285,0.04636542841545805,0.03922705580767465,0.06006155000402419,0.03695879746712391,0.04014054051213486,0.06259143087237592,0.03991429737924018,0.029255038688813902,0.03925660256852741,0.05013123369335242,0.05002538958706382
