,index,age,target_label,session_id,correct_or_not,target_label_prob,airplane_prob,bear_prob,bike_prob,bird_prob,boat_prob,bowl_prob,car_prob,cat_prob,chair_prob,couch_prob,cup_prob,dog_prob,fish_prob,frog_prob,house_prob,key_prob,person_prob,phone_prob,rabbit_prob,scissors_prob,sheep_prob,train_prob,tree_prob
0,509,9,bear,run_v41541182623838,0.0,0.05208116922644803,0.04512472100548879,0.05208116922644803,0.04557962897318138,0.04348332386034014,0.04312676318441124,0.040426066144845556,0.03597389575993118,0.04685962746112612,0.044581197565391556,0.03547367197365137,0.03738837194012319,0.038830971537699134,0.043497448138781654,0.039222067746265264,0.038872481398473824,0.040356124868484264,0.061498821009114295,0.04433035761941776,0.04575784515872579,0.04678484367355511,0.03818763969348181,0.04044694364055234,0.052116018420510155
