,index,age,target_label,session_id,correct_or_not,target_label_prob,airplane_prob,bear_prob,bike_prob,bird_prob,boat_prob,bowl_prob,car_prob,cat_prob,chair_prob,couch_prob,cup_prob,dog_prob,fish_prob,frog_prob,house_prob,key_prob,person_prob,phone_prob,rabbit_prob,scissors_prob,sheep_prob,train_prob,tree_prob
0,5871,7,key,run_v41541971355611,1.0,0.0702685584763318,0.030226887501661456,0.05453526272187104,0.03748162556967065,0.04566780447109356,0.03801444823363134,0.043596650556862314,0.03872603541014105,0.0410526447631614,0.04227386613593157,0.03461544438237179,0.03555029256653293,0.039752282499669,0.03305200937613455,0.05851845141930305,0.03531902517405654,0.0702685584763318,0.05538753026941443,0.03794541854643539,0.042507974944404704,0.04825936279856973,0.05385497923068437,0.031198063840201008,0.05219538111186631
