,index,age,target_label,session_id,correct_or_not,target_label_prob,airplane_prob,bear_prob,bike_prob,bird_prob,boat_prob,bowl_prob,car_prob,cat_prob,chair_prob,couch_prob,cup_prob,dog_prob,fish_prob,frog_prob,house_prob,key_prob,person_prob,phone_prob,rabbit_prob,scissors_prob,sheep_prob,train_prob,tree_prob
0,3974,4,cup,run_v31534528261896,0.0,0.046948297974609414,0.038817448397044645,0.04202568087217064,0.0409861564044136,0.04150418252430054,0.05752085628640406,0.046951553589952205,0.04124950027809249,0.0384718794064309,0.04634329919758939,0.050939067884099076,0.046948297974609414,0.04020578505924219,0.04883635059411341,0.03685984413179013,0.048678807272459684,0.04263877644166281,0.0413811801112825,0.04854260728855567,0.03466819167723379,0.03596772465023976,0.03988612596148035,0.04496870467544004,0.045607979321392815
