,index,age,target_label,session_id,correct_or_not,target_label_prob,airplane_prob,bear_prob,bike_prob,bird_prob,boat_prob,bowl_prob,car_prob,cat_prob,chair_prob,couch_prob,cup_prob,dog_prob,fish_prob,frog_prob,house_prob,key_prob,person_prob,phone_prob,rabbit_prob,scissors_prob,sheep_prob,train_prob,tree_prob
0,2866,7,cat,run_v41541184280597,0.0,0.04740284284053682,0.043802622713626095,0.051103725553495544,0.06425490416293071,0.046148407440322274,0.0417849286718022,0.03825730021511891,0.03871966984490391,0.04740284284053682,0.03721769628687887,0.03792993523835675,0.0345085848268907,0.04334713940023891,0.04168722036591567,0.048758229722286786,0.032041610692496995,0.037076658148585934,0.04890582792354949,0.03345704178777304,0.050057284011625194,0.05138373875748112,0.05526677526466061,0.03809433739254091,0.03879351873798268
