,index,age,target_label,session_id,correct_or_not,target_label_prob,airplane_prob,bear_prob,bike_prob,bird_prob,boat_prob,bowl_prob,car_prob,cat_prob,chair_prob,couch_prob,cup_prob,dog_prob,fish_prob,frog_prob,house_prob,key_prob,person_prob,phone_prob,rabbit_prob,scissors_prob,sheep_prob,train_prob,tree_prob
0,7552,5,scissors,run_v41541964664672,0.0,0.05155574430095092,0.04834188407407303,0.042865090587160766,0.052299296690902115,0.04167374259727781,0.05340292135419391,0.0471137386224954,0.0351490733514903,0.04376322233201424,0.03885037382362859,0.04234381566094711,0.03855495637511211,0.04429869547916739,0.05151283255150572,0.044262219290585325,0.036710995704439024,0.04055235344396377,0.04213587742768647,0.040543741082025686,0.039523859574364904,0.05155574430095092,0.04433893959530136,0.0402579015204931,0.03994872456022083
