,index,age,target_label,session_id,correct_or_not,target_label_prob,airplane_prob,bear_prob,bike_prob,bird_prob,boat_prob,bowl_prob,car_prob,cat_prob,chair_prob,couch_prob,cup_prob,dog_prob,fish_prob,frog_prob,house_prob,key_prob,person_prob,phone_prob,rabbit_prob,scissors_prob,sheep_prob,train_prob,tree_prob
0,1287,2,bird,run_v31531597773825,0.0,0.04006279089444286,0.04076381263204764,0.04601812574749516,0.041056974091545496,0.04006279089444286,0.043986387941971815,0.03612580379465717,0.04527086321537263,0.04599327054866234,0.0393143695447485,0.04714050416128732,0.039001141860407915,0.04499185982151467,0.04302622900293274,0.04591998342439243,0.049084697411876384,0.04205453525441861,0.048192749510216466,0.03720981324847707,0.05014027703498545,0.052631273491829875,0.045481367463045874,0.03750599584462125,0.03902717405905023
