,index,age,target_label,session_id,correct_or_not,target_label_prob,airplane_prob,bear_prob,bike_prob,bird_prob,boat_prob,bowl_prob,car_prob,cat_prob,chair_prob,couch_prob,cup_prob,dog_prob,fish_prob,frog_prob,house_prob,key_prob,person_prob,phone_prob,rabbit_prob,scissors_prob,sheep_prob,train_prob,tree_prob
0,4011,8,cup,run_v31533674316054,0.0,0.04996985936274721,0.043274412972181535,0.04581474407995751,0.04942080265307534,0.039526670597075556,0.044155630905921305,0.05600514805956983,0.04344791323429073,0.037858597150690246,0.041852224444127686,0.037056618932058624,0.04996985936274721,0.04478509567289682,0.04615038845829985,0.042025413670736325,0.0408764008047188,0.0434537285631164,0.036333196182637514,0.044561851359820576,0.039539553499915156,0.04369702293660467,0.04082188933945753,0.044793833875983936,0.04457900324411658
