,index,age,target_label,session_id,correct_or_not,target_label_prob,airplane_prob,bear_prob,bike_prob,bird_prob,boat_prob,bowl_prob,car_prob,cat_prob,chair_prob,couch_prob,cup_prob,dog_prob,fish_prob,frog_prob,house_prob,key_prob,person_prob,phone_prob,rabbit_prob,scissors_prob,sheep_prob,train_prob,tree_prob
0,260,2,airplane,run_v31531428472392,0.0,0.05155914804091264,0.05155914804091264,0.04214816770002445,0.03514790958506329,0.05204652672024937,0.047760950782073354,0.04419282653675579,0.039017406147422065,0.04687020296730559,0.038615150908033836,0.03485103734840845,0.0338701691998648,0.047696296559169724,0.050827407477429754,0.03937580196533469,0.0425472615799131,0.04796834616454373,0.044144611192351246,0.038758367804473864,0.04032443316112846,0.03862903044251973,0.049927765991426336,0.04188209476907602,0.051839086956519696
