,index,age,target_label,session_id,correct_or_not,target_label_prob,airplane_prob,bear_prob,bike_prob,bird_prob,boat_prob,bowl_prob,car_prob,cat_prob,chair_prob,couch_prob,cup_prob,dog_prob,fish_prob,frog_prob,house_prob,key_prob,person_prob,phone_prob,rabbit_prob,scissors_prob,sheep_prob,train_prob,tree_prob
0,6033,6,key,run_v41541280811876,1.0,0.07308585707587596,0.03506251283558303,0.0446326075787422,0.047838279200815015,0.04243322518544852,0.03801501189331289,0.0399038433625071,0.03912835376889546,0.042257080731572944,0.036754706257856325,0.04301883571008215,0.036039348066207975,0.042820909110879636,0.033395668420502185,0.047617165404781135,0.03507425702366635,0.07308585707587596,0.04904720152339944,0.039039676750483164,0.04840973489714715,0.05128954940145705,0.0446909833000103,0.04152985704506281,0.0489153354557111
