,index,age,target_label,session_id,correct_or_not,target_label_prob,airplane_prob,bear_prob,bike_prob,bird_prob,boat_prob,bowl_prob,car_prob,cat_prob,chair_prob,couch_prob,cup_prob,dog_prob,fish_prob,frog_prob,house_prob,key_prob,person_prob,phone_prob,rabbit_prob,scissors_prob,sheep_prob,train_prob,tree_prob
0,1003,5,bike,run_v31528584210648,0.0,0.056436886769142984,0.03837688291664003,0.05989485678318698,0.056436886769142984,0.040765541654050844,0.040995646345112643,0.03571171669372898,0.04490948706129676,0.04412391031444268,0.03954675556132865,0.034927982078842575,0.03483623841888772,0.04342175966798349,0.03906082471441943,0.04621191614333353,0.0419729943456119,0.048680870048443015,0.04587177495147829,0.04043457058522151,0.05255055050059893,0.04149760367993484,0.045932623230020925,0.04174027573989542,0.04209833179639818
