,index,age,target_label,session_id,correct_or_not,target_label_prob,airplane_prob,bear_prob,bike_prob,bird_prob,boat_prob,bowl_prob,car_prob,cat_prob,chair_prob,couch_prob,cup_prob,dog_prob,fish_prob,frog_prob,house_prob,key_prob,person_prob,phone_prob,rabbit_prob,scissors_prob,sheep_prob,train_prob,tree_prob
0,7378,2,scissors,run_v41541378656030,0.0,0.041290367160269244,0.042526387796312126,0.0458240502734258,0.0635844974244275,0.048580781280976,0.04878637078260735,0.0451164436378454,0.03931958937403431,0.05073410146387875,0.03825072913945415,0.03717572373173188,0.04456717995729996,0.04206735651092879,0.04808988009028168,0.04523901678334892,0.036302432325858856,0.03493816912839041,0.04749073818777576,0.03263115232893298,0.04173084026484009,0.041290367160269244,0.042873447640547374,0.04248057559679126,0.040400169120041136
