,index,age,target_label,session_id,correct_or_not,target_label_prob,airplane_prob,bear_prob,bike_prob,bird_prob,boat_prob,bowl_prob,car_prob,cat_prob,chair_prob,couch_prob,cup_prob,dog_prob,fish_prob,frog_prob,house_prob,key_prob,person_prob,phone_prob,rabbit_prob,scissors_prob,sheep_prob,train_prob,tree_prob
0,6314,10,person,run_v31533333223605,1.0,0.06564400407611336,0.03204113070584038,0.040941708779793515,0.04293951071545335,0.04332088886719929,0.03879317257620454,0.04190909451854507,0.03450046925297842,0.04413046393477776,0.05282478486398858,0.04285731186648163,0.05037783049515551,0.04019716891981595,0.047086858112969185,0.04034441346725319,0.05511151793467435,0.03615874086577126,0.06564400407611336,0.055870654548328,0.037914914699273106,0.04178029144272535,0.036710172468558816,0.0315791030819396,0.04696579380615985
