,index,age,target_label,session_id,correct_or_not,target_label_prob,airplane_prob,bear_prob,bike_prob,bird_prob,boat_prob,bowl_prob,car_prob,cat_prob,chair_prob,couch_prob,cup_prob,dog_prob,fish_prob,frog_prob,house_prob,key_prob,person_prob,phone_prob,rabbit_prob,scissors_prob,sheep_prob,train_prob,tree_prob
0,5913,6,key,run_v41542063198648,0.0,0.0491232487624375,0.04514870553182247,0.03948818815189874,0.03909334785192631,0.040720669080993116,0.050217125739175944,0.04032101196235722,0.04748192834484659,0.036190745131866944,0.06583200608422506,0.027928291912400666,0.04514311709434005,0.0337935897938062,0.04069274324816797,0.040083197313840815,0.06552323503510073,0.0491232487624375,0.03419204664151154,0.054708770022567965,0.03818530154090908,0.05505733917123296,0.038131008281795685,0.04077753063841106,0.03216685266436556
