,index,age,target_label,session_id,correct_or_not,target_label_prob,airplane_prob,bear_prob,bike_prob,bird_prob,boat_prob,bowl_prob,car_prob,cat_prob,chair_prob,couch_prob,cup_prob,dog_prob,fish_prob,frog_prob,house_prob,key_prob,person_prob,phone_prob,rabbit_prob,scissors_prob,sheep_prob,train_prob,tree_prob
0,2899,5,cat,run_v41539973702628,0.0,0.04797759508971754,0.04773096184856028,0.04609599997469059,0.0371251319721756,0.048608938279029,0.034576998240132786,0.038283989269352656,0.04012309842303546,0.04797759508971754,0.037566338369825966,0.0430573287329602,0.03980471169120278,0.04785324990236764,0.04632814118347868,0.04691272229857933,0.03668876190904636,0.03674508088833983,0.05738683064117318,0.03799009306393738,0.03864221735576052,0.04781738919146404,0.05542492116102314,0.03950190709241474,0.047757593421732206
