,index,age,target_label,session_id,correct_or_not,target_label_prob,airplane_prob,bear_prob,bike_prob,bird_prob,boat_prob,bowl_prob,car_prob,cat_prob,chair_prob,couch_prob,cup_prob,dog_prob,fish_prob,frog_prob,house_prob,key_prob,person_prob,phone_prob,rabbit_prob,scissors_prob,sheep_prob,train_prob,tree_prob
0,1868,4,boat,run_v31534363758227,1.0,0.059783633664806074,0.04841120958241098,0.039331271201597726,0.040175637210508625,0.04281639070033437,0.059783633664806074,0.043312120300375005,0.04001946070614406,0.04395482576778559,0.04325165488796118,0.038742837866139794,0.04356511976517685,0.04172226403458415,0.044377481674669934,0.039351635033415704,0.03937545748873149,0.050010602817938295,0.040285289952571565,0.037227036476161705,0.045257513549296115,0.04756720919530439,0.040984125835825676,0.04357260268418181,0.04690461960407898
