,index,age,target_label,session_id,correct_or_not,target_label_prob,airplane_prob,bear_prob,bike_prob,bird_prob,boat_prob,bowl_prob,car_prob,cat_prob,chair_prob,couch_prob,cup_prob,dog_prob,fish_prob,frog_prob,house_prob,key_prob,person_prob,phone_prob,rabbit_prob,scissors_prob,sheep_prob,train_prob,tree_prob
0,672,6,bear,run_v41541878816184,0.0,0.048611411150746534,0.040065238313413166,0.048611411150746534,0.06316671535335736,0.040339812385735384,0.03765094977404599,0.03581326905557414,0.052266854948199624,0.05293279581929805,0.04065542340527722,0.04428741983883446,0.039639168620714045,0.05054106663755795,0.04194057637257277,0.04252897444781962,0.040278301521092685,0.03323897228313699,0.03538110693034165,0.032432407807660116,0.0499345854399349,0.0358591255479786,0.0526865879926744,0.05383766265639846,0.03591157369763595
