,index,age,target_label,session_id,correct_or_not,target_label_prob,airplane_prob,bear_prob,bike_prob,bird_prob,boat_prob,bowl_prob,car_prob,cat_prob,chair_prob,couch_prob,cup_prob,dog_prob,fish_prob,frog_prob,house_prob,key_prob,person_prob,phone_prob,rabbit_prob,scissors_prob,sheep_prob,train_prob,tree_prob
0,3419,8,couch,run_v31528324269381,0.0,0.04080042901268703,0.04028462768085122,0.04445393559893115,0.040350507711869404,0.04454876200772011,0.04601118020888431,0.03933685671554361,0.03832764741556711,0.04782225446561728,0.03932817376103283,0.04080042901268703,0.04207114589957518,0.04443564257795759,0.03845644178392024,0.044425243629244014,0.03942731001035693,0.04451005890990644,0.03724224663728064,0.045515467575452946,0.05000051183919269,0.04048703858353323,0.04160392593365604,0.05128431279041495,0.059276279250805246
