,index,age,target_label,session_id,correct_or_not,target_label_prob,airplane_prob,bear_prob,bike_prob,bird_prob,boat_prob,bowl_prob,car_prob,cat_prob,chair_prob,couch_prob,cup_prob,dog_prob,fish_prob,frog_prob,house_prob,key_prob,person_prob,phone_prob,rabbit_prob,scissors_prob,sheep_prob,train_prob,tree_prob
0,4514,6,dog,run_v31534356652798,0.0,0.0435693512901381,0.03583071894065536,0.038437769818417136,0.03672536698168085,0.03941646890035399,0.04924063633793026,0.03461559479187748,0.03991335792233505,0.06819826111814578,0.03767943991307609,0.03909092168342822,0.04169519082805854,0.0435693512901381,0.05080432005174918,0.03462691155550588,0.03909878862907477,0.04520675604243353,0.04184258237746904,0.03778428734624917,0.05743489980258606,0.06936145571304347,0.03894853404007097,0.04392341031444466,0.03655497560127642
