,index,age,target_label,session_id,correct_or_not,target_label_prob,airplane_prob,bear_prob,bike_prob,bird_prob,boat_prob,bowl_prob,car_prob,cat_prob,chair_prob,couch_prob,cup_prob,dog_prob,fish_prob,frog_prob,house_prob,key_prob,person_prob,phone_prob,rabbit_prob,scissors_prob,sheep_prob,train_prob,tree_prob
0,6271,8,person,run_v31526152868212,1.0,0.06696129983187364,0.045629269260101114,0.041902665443811785,0.0355895450078253,0.04308817598169575,0.0498274926810044,0.03700915783975086,0.03726135867425139,0.03835326834827837,0.05274627710935658,0.04203354328913936,0.03695274562466509,0.04210009580345069,0.04489547446312966,0.04192275182827525,0.04731211165358692,0.04001745977361187,0.06696129983187364,0.04159073469082965,0.04417671608302368,0.03653517119351352,0.04294560144700601,0.034783460818484956,0.05636562315333411
