,index,age,target_label,session_id,correct_or_not,target_label_prob,airplane_prob,bear_prob,bike_prob,bird_prob,boat_prob,bowl_prob,car_prob,cat_prob,chair_prob,couch_prob,cup_prob,dog_prob,fish_prob,frog_prob,house_prob,key_prob,person_prob,phone_prob,rabbit_prob,scissors_prob,sheep_prob,train_prob,tree_prob
0,4765,5,fish,run_v31534795998320,0.0,0.04185533280050292,0.04822217430223008,0.04478666384778969,0.04118700859400219,0.04162538549199041,0.0455000387010782,0.04884476797432075,0.03765227437828477,0.03964939503182779,0.03743000178651259,0.04389606372580548,0.034705221672061366,0.03677918664359844,0.04185533280050292,0.0446089864509658,0.04945166120016349,0.03626022816542872,0.0568198425018988,0.0347092519544568,0.03597827732118494,0.0516544671385775,0.04713281082865829,0.04687271667762369,0.054378242811037286
