,index,age,target_label,session_id,correct_or_not,target_label_prob,airplane_prob,bear_prob,bike_prob,bird_prob,boat_prob,bowl_prob,car_prob,cat_prob,chair_prob,couch_prob,cup_prob,dog_prob,fish_prob,frog_prob,house_prob,key_prob,person_prob,phone_prob,rabbit_prob,scissors_prob,sheep_prob,train_prob,tree_prob
0,8076,9,train,run_v41539116451668,0.0,0.0533139443853274,0.04663700374495711,0.03816394381541484,0.04929947062823201,0.045052304787515304,0.0590894839645896,0.0339998320864546,0.05098116264371887,0.042845287716641776,0.03338166856068338,0.05342082381964176,0.03723827845965027,0.04634466304907701,0.04770949277349623,0.04047596015000261,0.041218586282956576,0.04290301145865764,0.037322223663683346,0.033320124360655276,0.03985656627559359,0.0529196103495312,0.04091844262390669,0.0533139443853274,0.03358811439961297
