,index,age,target_label,session_id,correct_or_not,target_label_prob,airplane_prob,bear_prob,bike_prob,bird_prob,boat_prob,bowl_prob,car_prob,cat_prob,chair_prob,couch_prob,cup_prob,dog_prob,fish_prob,frog_prob,house_prob,key_prob,person_prob,phone_prob,rabbit_prob,scissors_prob,sheep_prob,train_prob,tree_prob
0,899,5,bike,run_v31530485447745,1.0,0.078557704528191,0.04616130138577342,0.044330443305035515,0.078557704528191,0.03818072732161911,0.04154336629664033,0.035449346420102223,0.041673670448726136,0.04422392700785974,0.03819832101470315,0.039313793152280806,0.04082877910494614,0.038366776916313176,0.03953538552880008,0.035109572567211936,0.03705286969926587,0.045499894685405676,0.043493353004533046,0.04066620489538829,0.05422246257174259,0.0469367936543836,0.0339379010305703,0.0495634482139562,0.04715395724655173
