,index,age,target_label,session_id,correct_or_not,target_label_prob,airplane_prob,bear_prob,bike_prob,bird_prob,boat_prob,bowl_prob,car_prob,cat_prob,chair_prob,couch_prob,cup_prob,dog_prob,fish_prob,frog_prob,house_prob,key_prob,person_prob,phone_prob,rabbit_prob,scissors_prob,sheep_prob,train_prob,tree_prob
0,3320,4,chair,run_v31529180673021,1.0,0.08691529496199654,0.04018380182221235,0.035055908599798555,0.042719809820767674,0.04610913191266492,0.03506165716194679,0.032753135730846816,0.03212854576915736,0.03801960851069839,0.08691529496199654,0.06474415952799159,0.05490203576470259,0.03485895324740711,0.03435304164951542,0.04211347535358557,0.03821288972114305,0.04252764837292137,0.0472687227900288,0.03682581341293518,0.04126624290684853,0.04299517412427404,0.04502603740819321,0.03973357432666489,0.046225337103699436
