,index,age,target_label,session_id,correct_or_not,target_label_prob,airplane_prob,bear_prob,bike_prob,bird_prob,boat_prob,bowl_prob,car_prob,cat_prob,chair_prob,couch_prob,cup_prob,dog_prob,fish_prob,frog_prob,house_prob,key_prob,person_prob,phone_prob,rabbit_prob,scissors_prob,sheep_prob,train_prob,tree_prob
0,7336,5,scissors,run_v41539114877832,1.0,0.06513897335779097,0.03985402254770696,0.04086594949306005,0.04409813260608842,0.04172680890803147,0.04806159626354568,0.04525453896552944,0.04617412372252453,0.03747001073499845,0.031588235678321475,0.039543494271819066,0.038137248029446964,0.03763907471458791,0.034410473160567404,0.04091227886361088,0.051999883275234436,0.047295850196457136,0.046418384035102934,0.05113787502393752,0.036492959212119466,0.06513897335779097,0.04393036429746962,0.03909179872690986,0.05275792391513935
