,index,age,target_label,session_id,correct_or_not,target_label_prob,airplane_prob,bear_prob,bike_prob,bird_prob,boat_prob,bowl_prob,car_prob,cat_prob,chair_prob,couch_prob,cup_prob,dog_prob,fish_prob,frog_prob,house_prob,key_prob,person_prob,phone_prob,rabbit_prob,scissors_prob,sheep_prob,train_prob,tree_prob
0,3006,5,cat,run_v41542058373023,0.0,0.041001578185741704,0.05523758227555488,0.0419782996520485,0.04043485387193917,0.04594067902427381,0.05217817557022135,0.04850757147026347,0.03932972777045971,0.041001578185741704,0.04374061648336252,0.04005485753418158,0.04829345752138249,0.038642263400557764,0.048641703062238674,0.04041172087173357,0.040673774777534914,0.04363627087791311,0.042528695414431654,0.032827950443571445,0.0465402981009434,0.05105949634011185,0.040395650954763475,0.035992492895230925,0.041952283501540136
