,index,age,target_label,session_id,correct_or_not,target_label_prob,airplane_prob,bear_prob,bike_prob,bird_prob,boat_prob,bowl_prob,car_prob,cat_prob,chair_prob,couch_prob,cup_prob,dog_prob,fish_prob,frog_prob,house_prob,key_prob,person_prob,phone_prob,rabbit_prob,scissors_prob,sheep_prob,train_prob,tree_prob
0,3378,6,chair,run_v31528064399165,1.0,0.11996743038880239,0.036507609142266875,0.03870498834029729,0.036837639838019604,0.03560387201818088,0.043932032901094084,0.04984775908081395,0.03420795160126295,0.03669173827906961,0.11996743038880239,0.04838921886563831,0.03464821817103138,0.03861945377340789,0.0408660364261558,0.04299230868765173,0.0385173355985801,0.042125755873704214,0.04827624335425702,0.029419020319298043,0.03479817154522212,0.030931087760077816,0.03606564833947742,0.05553212138722972,0.04651835830846081
