,index,age,target_label,session_id,correct_or_not,target_label_prob,airplane_prob,bear_prob,bike_prob,bird_prob,boat_prob,bowl_prob,car_prob,cat_prob,chair_prob,couch_prob,cup_prob,dog_prob,fish_prob,frog_prob,house_prob,key_prob,person_prob,phone_prob,rabbit_prob,scissors_prob,sheep_prob,train_prob,tree_prob
0,1181,8,bird,run_v31530643882583,0.0,0.04021625654203738,0.04087634924673985,0.04764864917667219,0.04493827028359103,0.04021625654203738,0.04465335859054572,0.0402425107501229,0.04241288238944242,0.049270088286240445,0.04313884306209257,0.04628475209017132,0.03726198387160306,0.04399106967782534,0.046482596794887844,0.04952085970580549,0.03659993522387544,0.035325611580176504,0.05024070071594143,0.041776899244432765,0.04703107418082073,0.040551016885797916,0.045531471112474686,0.04655303587130447,0.03945178471739839
