,index,age,target_label,session_id,correct_or_not,target_label_prob,airplane_prob,bear_prob,bike_prob,bird_prob,boat_prob,bowl_prob,car_prob,cat_prob,chair_prob,couch_prob,cup_prob,dog_prob,fish_prob,frog_prob,house_prob,key_prob,person_prob,phone_prob,rabbit_prob,scissors_prob,sheep_prob,train_prob,tree_prob
0,5005,3,frog,run_v41542050212727,0.0,0.043018664534565945,0.050158391954702265,0.04623888183720466,0.038055277627551384,0.04267789677535078,0.03900231025851847,0.043312509738268966,0.03487020628773004,0.042834388974889274,0.04756147432414828,0.04317587695578146,0.043091319697812165,0.04208397464242644,0.05013070889735044,0.043018664534565945,0.04041471212365753,0.03743355314056912,0.05513348240687169,0.03532283251833092,0.04013831053676553,0.05400963398220197,0.03904589709123788,0.04068761555367243,0.05160208014039228
