,index,age,target_label,session_id,correct_or_not,target_label_prob,airplane_prob,bear_prob,bike_prob,bird_prob,boat_prob,bowl_prob,car_prob,cat_prob,chair_prob,couch_prob,cup_prob,dog_prob,fish_prob,frog_prob,house_prob,key_prob,person_prob,phone_prob,rabbit_prob,scissors_prob,sheep_prob,train_prob,tree_prob
0,5050,4,frog,run_v41540419377199,0.0,0.04429308470039357,0.0313547343083859,0.036683971606578075,0.03510821680729798,0.03661930757724506,0.038636088570038335,0.04369431918361069,0.03964152723969176,0.053309460686128705,0.05401133049016013,0.04692553757833828,0.05605792942668849,0.04169396778487117,0.037897935570758115,0.04429308470039357,0.035133124048157174,0.05280651186059937,0.04017534917866427,0.03936240859525184,0.046922565839983554,0.07930024600611901,0.03362194968473268,0.04276196436423108,0.033988468892074714
