,index,age,target_label,session_id,correct_or_not,target_label_prob,airplane_prob,bear_prob,bike_prob,bird_prob,boat_prob,bowl_prob,car_prob,cat_prob,chair_prob,couch_prob,cup_prob,dog_prob,fish_prob,frog_prob,house_prob,key_prob,person_prob,phone_prob,rabbit_prob,scissors_prob,sheep_prob,train_prob,tree_prob
0,5040,4,frog,run_v41539980270673,0.0,0.054169483193455555,0.03723810683914737,0.05077577678732711,0.04135188622332962,0.04491273458368884,0.038624266636719494,0.041053493794246214,0.06165256457032372,0.04757818009619985,0.04209090450439422,0.03733513287954974,0.038455904384198734,0.04732670610500729,0.04289457625668194,0.054169483193455555,0.03936816212554374,0.04456889073285516,0.03614295419646341,0.03458387628915794,0.04261642664637723,0.034393440242783895,0.06431009536797644,0.04323950190838612,0.03531693563618646
