,index,age,target_label,session_id,correct_or_not,target_label_prob,airplane_prob,bear_prob,bike_prob,bird_prob,boat_prob,bowl_prob,car_prob,cat_prob,chair_prob,couch_prob,cup_prob,dog_prob,fish_prob,frog_prob,house_prob,key_prob,person_prob,phone_prob,rabbit_prob,scissors_prob,sheep_prob,train_prob,tree_prob
0,1168,4,bird,run_v31529346600368,0.0,0.039902787652087324,0.042244462546738824,0.044058586419989325,0.03564290985214266,0.039902787652087324,0.041522915923909276,0.04421726847097824,0.04132607175094961,0.042318607047504196,0.0369838605612817,0.04311774266477903,0.040038393960705146,0.043002115016985504,0.042634189453378483,0.043531954673780925,0.04425925140511327,0.04243389861807642,0.04014312271309818,0.04801248936447162,0.04961177272666973,0.048747352897917054,0.04452677415004872,0.045533967310387,0.056189504819007544
