,index,age,target_label,session_id,correct_or_not,target_label_prob,airplane_prob,bear_prob,bike_prob,bird_prob,boat_prob,bowl_prob,car_prob,cat_prob,chair_prob,couch_prob,cup_prob,dog_prob,fish_prob,frog_prob,house_prob,key_prob,person_prob,phone_prob,rabbit_prob,scissors_prob,sheep_prob,train_prob,tree_prob
0,53,4,airplane,run_v31529263799251,1.0,0.06773409421858599,0.06773409421858599,0.041386568466374105,0.03853341227962471,0.04099691147149054,0.04680709649146481,0.03256693828995264,0.04401625463490671,0.04213306499982594,0.04529688399324419,0.05298425376295939,0.03745900362925782,0.042005421633900794,0.04070501515821806,0.04036717581177409,0.04212427943770655,0.03883985948243749,0.04486640882194833,0.03681608756600401,0.042657411586818496,0.036062114196960086,0.04918456521431932,0.05020334149175839,0.04625383736046772
