,index,age,target_label,session_id,correct_or_not,target_label_prob,airplane_prob,bear_prob,bike_prob,bird_prob,boat_prob,bowl_prob,car_prob,cat_prob,chair_prob,couch_prob,cup_prob,dog_prob,fish_prob,frog_prob,house_prob,key_prob,person_prob,phone_prob,rabbit_prob,scissors_prob,sheep_prob,train_prob,tree_prob
0,2128,4,bowl,run_v31530478539938,0.0,0.04219893070127193,0.051803006350109766,0.050007705474310785,0.04963257399965905,0.03922279575547297,0.04047931563901446,0.04219893070127193,0.029775243545878443,0.05304546341989154,0.040797425248358866,0.0430969679485514,0.03904895849942108,0.045343092029821244,0.038364876448398075,0.040687289543690774,0.02998721713918242,0.03953393799199217,0.04438715188423012,0.041306602021229155,0.04908268194119838,0.049716966564515915,0.04944454259200107,0.04641884216345543,0.046618413098344844
