,index,age,target_label,session_id,correct_or_not,target_label_prob,airplane_prob,bear_prob,bike_prob,bird_prob,boat_prob,bowl_prob,car_prob,cat_prob,chair_prob,couch_prob,cup_prob,dog_prob,fish_prob,frog_prob,house_prob,key_prob,person_prob,phone_prob,rabbit_prob,scissors_prob,sheep_prob,train_prob,tree_prob
0,2495,4,car,run_v31535223000092,0.0,0.05147532111906924,0.04725637841015912,0.05462564636885759,0.05655620152352557,0.04341169595465859,0.04065783875211371,0.037839913042990586,0.05147532111906924,0.04118779695336936,0.038449822498044926,0.038457634308591275,0.053833800755870014,0.04242053875459134,0.04960994375271265,0.04442006049587363,0.037520220401091646,0.04298704984627333,0.035905584991185686,0.031723967654314233,0.05603437990892184,0.043340202439066666,0.03512625035214064,0.041177002050625,0.03598274966595322
