,index,age,target_label,session_id,correct_or_not,target_label_prob,airplane_prob,bear_prob,bike_prob,bird_prob,boat_prob,bowl_prob,car_prob,cat_prob,chair_prob,couch_prob,cup_prob,dog_prob,fish_prob,frog_prob,house_prob,key_prob,person_prob,phone_prob,rabbit_prob,scissors_prob,sheep_prob,train_prob,tree_prob
0,1087,4,bike,run_v31528052168660,0.0,0.0494035561528876,0.038925120585651486,0.051973443117720425,0.0494035561528876,0.04818625958957994,0.045107570286826944,0.04132368026876698,0.04206035547671539,0.0487526006599759,0.037208502248946174,0.03875293873499859,0.03778704404126971,0.03956655111913611,0.03767319405043883,0.04111057519152495,0.04050692117303529,0.03602217446835185,0.04179876051057108,0.03514114745317863,0.043626601240977926,0.03435582177553692,0.054144340706728335,0.05468716882408927,0.06188567232309165
