,index,age,target_label,session_id,correct_or_not,target_label_prob,airplane_prob,bear_prob,bike_prob,bird_prob,boat_prob,bowl_prob,car_prob,cat_prob,chair_prob,couch_prob,cup_prob,dog_prob,fish_prob,frog_prob,house_prob,key_prob,person_prob,phone_prob,rabbit_prob,scissors_prob,sheep_prob,train_prob,tree_prob
0,6072,7,person,run_v31535231468323,1.0,0.0753701720475961,0.03502779508039558,0.04199491058998689,0.04477577131883152,0.04905640920083805,0.03747832017643021,0.037425136008938036,0.04067344047906937,0.04084501834878724,0.052869816950285045,0.03603962887533412,0.037609647996008695,0.04220619538445567,0.045298769116598796,0.043608910220908605,0.04541214907947831,0.04460296038756986,0.0753701720475961,0.04676227721116468,0.03687213063196023,0.03597740542619924,0.04318754954285598,0.0371966685639972,0.04970891736231059
