,index,age,target_label,session_id,correct_or_not,target_label_prob,airplane_prob,bear_prob,bike_prob,bird_prob,boat_prob,bowl_prob,car_prob,cat_prob,chair_prob,couch_prob,cup_prob,dog_prob,fish_prob,frog_prob,house_prob,key_prob,person_prob,phone_prob,rabbit_prob,scissors_prob,sheep_prob,train_prob,tree_prob
0,1285,4,bird,run_v31530311922480,0.0,0.05715146732769936,0.036204493456668665,0.037653254957307654,0.03843598549710425,0.05715146732769936,0.0385430983479,0.03421876609098738,0.05311720076364467,0.05051430177742483,0.027739197480081402,0.041939487054581205,0.03808093864322127,0.05811859700250789,0.052574997892494243,0.049262510911949636,0.033420477348242286,0.05325163805136094,0.04313330704214352,0.029075600297239757,0.04215784578423846,0.04008678650489735,0.07031394271322962,0.03935758598581613,0.035648519069259366
