,index,age,target_label,session_id,correct_or_not,target_label_prob,airplane_prob,bear_prob,bike_prob,bird_prob,boat_prob,bowl_prob,car_prob,cat_prob,chair_prob,couch_prob,cup_prob,dog_prob,fish_prob,frog_prob,house_prob,key_prob,person_prob,phone_prob,rabbit_prob,scissors_prob,sheep_prob,train_prob,tree_prob
0,2160,5,bowl,run_v31530485447745,1.0,0.08347181043493197,0.033741171198502284,0.03719005358816666,0.048645858904988064,0.04782740799548425,0.0375982482028375,0.08347181043493197,0.04638326550277348,0.036679131035437754,0.048209656903186494,0.034575314270658096,0.05804942614421657,0.03702142099400693,0.04587750170838972,0.04188561316223988,0.03658777138441667,0.04408772842701529,0.04004614400386385,0.03867348187452933,0.04499005315704576,0.038818341417729385,0.03843401041393109,0.042687019460210675,0.03851956981543806
