,index,age,target_label,session_id,correct_or_not,target_label_prob,airplane_prob,bear_prob,bike_prob,bird_prob,boat_prob,bowl_prob,car_prob,cat_prob,chair_prob,couch_prob,cup_prob,dog_prob,fish_prob,frog_prob,house_prob,key_prob,person_prob,phone_prob,rabbit_prob,scissors_prob,sheep_prob,train_prob,tree_prob
0,3856,6,cup,run_v31535318693682,1.0,0.07010229953854355,0.04667249206708329,0.03918601177662047,0.040886306363663645,0.04035028702052416,0.038915277998073816,0.06423372732168894,0.03744740954873316,0.03547285998623995,0.04792433638515999,0.03388521924115303,0.07010229953854355,0.03807851678923939,0.03823797684792533,0.03890350178726228,0.02945477872465655,0.05598193653164539,0.036205011418238946,0.05059286663219089,0.034903724258299414,0.04682204705307102,0.04012605831879657,0.03809279221008331,0.05752456218110695
