,index,age,target_label,session_id,correct_or_not,target_label_prob,airplane_prob,bear_prob,bike_prob,bird_prob,boat_prob,bowl_prob,car_prob,cat_prob,chair_prob,couch_prob,cup_prob,dog_prob,fish_prob,frog_prob,house_prob,key_prob,person_prob,phone_prob,rabbit_prob,scissors_prob,sheep_prob,train_prob,tree_prob
0,6935,7,rabbit,run_v31529522399308,0.0,0.05478160754912532,0.04680199080679793,0.04410711966092999,0.04705869166607124,0.04222871931248998,0.04307632121541454,0.04031341935477704,0.038716762603363715,0.053709261139294334,0.049206855705259435,0.036490089298859475,0.0369767567253597,0.044110235940983865,0.03582519107654298,0.03997991905616849,0.03552972167958913,0.04125093448510955,0.04161095708769487,0.038122325879864874,0.05478160754912532,0.05983564754476362,0.04883091598795934,0.040859852993341515,0.040576703230239076
