,index,age,target_label,session_id,correct_or_not,target_label_prob,airplane_prob,bear_prob,bike_prob,bird_prob,boat_prob,bowl_prob,car_prob,cat_prob,chair_prob,couch_prob,cup_prob,dog_prob,fish_prob,frog_prob,house_prob,key_prob,person_prob,phone_prob,rabbit_prob,scissors_prob,sheep_prob,train_prob,tree_prob
0,7926,6,sheep,run_v41542053180845,0.0,0.04930003733255541,0.04290062271386832,0.05674497481763626,0.041067936683064514,0.04056789651817567,0.03885417926917991,0.03928672153505411,0.04931287610450661,0.04021084826324943,0.041942749584552956,0.037488366268866265,0.03670020072427407,0.046892267018575046,0.03673497356547593,0.06097760995178475,0.03411284569565833,0.0424914341271474,0.04851456848424817,0.04175922336188095,0.04591305343024741,0.03791662730611048,0.04930003733255541,0.04955233403656305,0.040757653207324926
