,index,age,target_label,session_id,correct_or_not,target_label_prob,airplane_prob,bear_prob,bike_prob,bird_prob,boat_prob,bowl_prob,car_prob,cat_prob,chair_prob,couch_prob,cup_prob,dog_prob,fish_prob,frog_prob,house_prob,key_prob,person_prob,phone_prob,rabbit_prob,scissors_prob,sheep_prob,train_prob,tree_prob
0,330,10,airplane,run_v31530476039266,1.0,0.06645153991480912,0.06645153991480912,0.05157506914672549,0.056945617309078884,0.04037877803483906,0.04162029784119704,0.036926391847699316,0.0395792732823195,0.045140321514627414,0.03679936584903428,0.03897179645952555,0.03144847879963164,0.04529918749288293,0.04996847263867157,0.039625432477682805,0.03305820258167128,0.03505387795213509,0.04735983810868477,0.042830179681142305,0.055300103594727645,0.045217611874158056,0.04198135055392706,0.045190751510172864,0.033278061534656365
