,index,age,target_label,session_id,correct_or_not,target_label_prob,airplane_prob,bear_prob,bike_prob,bird_prob,boat_prob,bowl_prob,car_prob,cat_prob,chair_prob,couch_prob,cup_prob,dog_prob,fish_prob,frog_prob,house_prob,key_prob,person_prob,phone_prob,rabbit_prob,scissors_prob,sheep_prob,train_prob,tree_prob
0,2513,2,car,run_v31535048001466,0.0,0.041391950854395045,0.041467255018203794,0.039542557055860156,0.044589490829501255,0.04407733836602488,0.044951486938630575,0.06961994561010319,0.041391950854395045,0.041949806246032506,0.04308609695359666,0.03939961099675939,0.05715934844986276,0.039943618914290685,0.0411469045114042,0.03821072789270968,0.035089504249795844,0.04359902192636849,0.0405462408897663,0.042880603963709595,0.047271800881481904,0.04336605023340475,0.03925814456291985,0.04030437447947177,0.04114812017570683
