,index,age,target_label,session_id,correct_or_not,target_label_prob,airplane_prob,bear_prob,bike_prob,bird_prob,boat_prob,bowl_prob,car_prob,cat_prob,chair_prob,couch_prob,cup_prob,dog_prob,fish_prob,frog_prob,house_prob,key_prob,person_prob,phone_prob,rabbit_prob,scissors_prob,sheep_prob,train_prob,tree_prob
0,3119,10,chair,run_v31531929599672,1.0,0.05737377932470317,0.03937402594929495,0.04165849314375114,0.04816940545173432,0.04294385887505195,0.047160391710014495,0.04114280178416735,0.03999991770189514,0.040610007860228385,0.05737377932470317,0.0425881006559416,0.0392980666799977,0.04377820233317503,0.04246905929665588,0.042750534181252735,0.05136946577456081,0.0422899826839724,0.055464115630873084,0.03149353776774442,0.04032711790841729,0.044773177211358844,0.04126759951804946,0.044814962225407685,0.03888339633175223
