,index,age,target_label,session_id,correct_or_not,target_label_prob,airplane_prob,bear_prob,bike_prob,bird_prob,boat_prob,bowl_prob,car_prob,cat_prob,chair_prob,couch_prob,cup_prob,dog_prob,fish_prob,frog_prob,house_prob,key_prob,person_prob,phone_prob,rabbit_prob,scissors_prob,sheep_prob,train_prob,tree_prob
0,2950,8,cat,run_v41541189202663,0.0,0.04800302518212778,0.04278582675367601,0.0365624505926613,0.040901883562404276,0.041251739838406326,0.0506109467150606,0.044056144189543664,0.04117739825339019,0.04800302518212778,0.040188270903111015,0.03774630233772104,0.05187494540369168,0.03806137101485129,0.05404569865061069,0.03822599933057562,0.040468728293074144,0.04526261240817946,0.029760722439335623,0.04534246592133532,0.04263522268808833,0.061198653538280835,0.0378496943932676,0.0556678795284247,0.03632201806218262
