,index,age,target_label,session_id,correct_or_not,target_label_prob,airplane_prob,bear_prob,bike_prob,bird_prob,boat_prob,bowl_prob,car_prob,cat_prob,chair_prob,couch_prob,cup_prob,dog_prob,fish_prob,frog_prob,house_prob,key_prob,person_prob,phone_prob,rabbit_prob,scissors_prob,sheep_prob,train_prob,tree_prob
0,6107,5,person,run_v31534792108907,0.0,0.04682964580659666,0.03970090784165146,0.0425504683841349,0.03923046759394729,0.04249090038795864,0.0448405469957636,0.04397183051864275,0.03477780224106661,0.04254323118581875,0.04646591755707547,0.039015853916939194,0.051196942776273874,0.037146028034735774,0.04368137359095087,0.041560724790361596,0.038270682704183774,0.05846883210530768,0.04682964580659666,0.04475755498797909,0.047011152856822294,0.043412785548816175,0.03946991986355824,0.043543264477811566,0.04906316583360373
