,index,age,target_label,session_id,correct_or_not,target_label_prob,airplane_prob,bear_prob,bike_prob,bird_prob,boat_prob,bowl_prob,car_prob,cat_prob,chair_prob,couch_prob,cup_prob,dog_prob,fish_prob,frog_prob,house_prob,key_prob,person_prob,phone_prob,rabbit_prob,scissors_prob,sheep_prob,train_prob,tree_prob
0,6208,2,person,run_v31526767678558,0.0,0.04847556863830291,0.03627700219702389,0.04200998345866843,0.044322776678239834,0.03788968918230813,0.037383741679868375,0.043723935847043364,0.04331741632982982,0.033978748687930604,0.08416315415318586,0.03599271928503139,0.037999642503844584,0.04027664592385935,0.03672380115803084,0.04047714788173702,0.046803918656912184,0.03761297738880089,0.04847556863830291,0.036419050056705746,0.039232662999745566,0.04205737927471459,0.044685100847544734,0.048507243356362556,0.06166969381430924
