,index,age,target_label,session_id,correct_or_not,target_label_prob,airplane_prob,bear_prob,bike_prob,bird_prob,boat_prob,bowl_prob,car_prob,cat_prob,chair_prob,couch_prob,cup_prob,dog_prob,fish_prob,frog_prob,house_prob,key_prob,person_prob,phone_prob,rabbit_prob,scissors_prob,sheep_prob,train_prob,tree_prob
0,6545,6,phone,run_v31528749624228,0.0,0.06306778959185454,0.028436053819674397,0.037782844039699795,0.040784153148342946,0.035556595285601685,0.04055810374826225,0.038216381911169696,0.04238818653308974,0.03687226448910823,0.07781222546984408,0.04587716322902171,0.04759442886091821,0.03523637929694349,0.03719848260654186,0.03884369601031446,0.07161265169181857,0.04326096573681568,0.0450522651065749,0.06306778959185454,0.0325520152474178,0.03382644190557238,0.03432057940961007,0.048120839752675656,0.04502949310912785
