,index,age,target_label,session_id,correct_or_not,target_label_prob,airplane_prob,bear_prob,bike_prob,bird_prob,boat_prob,bowl_prob,car_prob,cat_prob,chair_prob,couch_prob,cup_prob,dog_prob,fish_prob,frog_prob,house_prob,key_prob,person_prob,phone_prob,rabbit_prob,scissors_prob,sheep_prob,train_prob,tree_prob
0,4042,9,cup,run_v31533225599673,0.0,0.07287458028192081,0.03554541539729736,0.03713954067773588,0.03776824082106797,0.04436615999042052,0.04774667433951915,0.08886589003431425,0.03736163842478858,0.036975085717763825,0.038769091977525566,0.04056344191574185,0.07287458028192081,0.040865231660788516,0.042549375557182696,0.03781463560434276,0.03285435850636841,0.036158203042721056,0.0393921019885345,0.040118533967235866,0.038971873845611266,0.04103315771992601,0.041871350661597015,0.0419447762773104,0.048450641590285594
