,index,age,target_label,session_id,correct_or_not,target_label_prob,airplane_prob,bear_prob,bike_prob,bird_prob,boat_prob,bowl_prob,car_prob,cat_prob,chair_prob,couch_prob,cup_prob,dog_prob,fish_prob,frog_prob,house_prob,key_prob,person_prob,phone_prob,rabbit_prob,scissors_prob,sheep_prob,train_prob,tree_prob
0,7894,2,sheep,run_v41541878510984,0.0,0.038582720008989685,0.03933520126740402,0.04517905718889601,0.054062033135243596,0.044129787895797884,0.03782776879600257,0.04183551709382825,0.04589034989611166,0.04757619238521952,0.0384209299548045,0.04087565693014034,0.040598974590940896,0.04523967249664531,0.04660366006233049,0.04547503174114568,0.035315178887986284,0.05638504518922397,0.04585160484411423,0.037322919421162226,0.04590156097507419,0.049445343348872316,0.038582720008989685,0.03997066174578267,0.03817513214428362
