,index,age,target_label,session_id,correct_or_not,target_label_prob,airplane_prob,bear_prob,bike_prob,bird_prob,boat_prob,bowl_prob,car_prob,cat_prob,chair_prob,couch_prob,cup_prob,dog_prob,fish_prob,frog_prob,house_prob,key_prob,person_prob,phone_prob,rabbit_prob,scissors_prob,sheep_prob,train_prob,tree_prob
0,6393,2,person,run_v31534360971891,0.0,0.04463202653205964,0.03730477694933184,0.04433004925082746,0.049097158078667255,0.037424717305678624,0.046126653227428774,0.04905078093066563,0.04050632863880199,0.04193901400797274,0.049312591572157796,0.03665959346642018,0.047988305935149286,0.04206326604194879,0.0448269196532943,0.04455277381952781,0.036940809721323804,0.04431343615343013,0.04463202653205964,0.05068937473836681,0.040400055517132154,0.04517683918409145,0.040763575485311614,0.04661604916372993,0.03928490462668227
