,index,age,target_label,session_id,correct_or_not,target_label_prob,airplane_prob,bear_prob,bike_prob,bird_prob,boat_prob,bowl_prob,car_prob,cat_prob,chair_prob,couch_prob,cup_prob,dog_prob,fish_prob,frog_prob,house_prob,key_prob,person_prob,phone_prob,rabbit_prob,scissors_prob,sheep_prob,train_prob,tree_prob
0,6167,4,person,run_v31535748230242,1.0,0.08803918157564268,0.04090131596910574,0.04640956269778606,0.03658596603483907,0.0436513630554729,0.039971568218887615,0.04021246693288564,0.04134283848121118,0.04121691615958846,0.04855355462180141,0.03852416448059591,0.03391508695801605,0.03866468363199642,0.04117308667261993,0.04050838488791404,0.04301753467852852,0.04182972001309969,0.08803918157564268,0.03683842597685362,0.04223122723426039,0.04235663906570548,0.038019332838012745,0.038339932839858676,0.057697046975317856
