,index,age,target_label,session_id,correct_or_not,target_label_prob,airplane_prob,bear_prob,bike_prob,bird_prob,boat_prob,bowl_prob,car_prob,cat_prob,chair_prob,couch_prob,cup_prob,dog_prob,fish_prob,frog_prob,house_prob,key_prob,person_prob,phone_prob,rabbit_prob,scissors_prob,sheep_prob,train_prob,tree_prob
0,1313,10,bird,run_v31530569808486,0.0,0.05836197620850033,0.04146370411045138,0.04880255737215189,0.04699208840371019,0.05836197620850033,0.037121915200228554,0.03931766393730521,0.03546205781419541,0.049050224068753236,0.04405605640134094,0.0407246192668495,0.03195512324850874,0.05413241538099586,0.033475162773635145,0.041778158819515555,0.037316463585337294,0.036004709805520264,0.05841916023878585,0.03250349360485584,0.04292463703150153,0.03729879200019328,0.05356749815058267,0.04203271134223028,0.05723881123485105
