,index,age,target_label,session_id,correct_or_not,target_label_prob,airplane_prob,bear_prob,bike_prob,bird_prob,boat_prob,bowl_prob,car_prob,cat_prob,chair_prob,couch_prob,cup_prob,dog_prob,fish_prob,frog_prob,house_prob,key_prob,person_prob,phone_prob,rabbit_prob,scissors_prob,sheep_prob,train_prob,tree_prob
0,2948,3,cat,run_v41536779132199,0.0,0.0455196486604018,0.04456899901444017,0.047868430443955744,0.04215951405046488,0.04259054357388037,0.04820835832454986,0.04744944147726778,0.03656972136346424,0.0455196486604018,0.04071762411678886,0.03933956501490355,0.04328452418375289,0.04693547121883206,0.049597767956597136,0.05155645744798388,0.04044119999512195,0.04291631072944067,0.04672217550111087,0.04078228205835241,0.04404323604133011,0.04219064880214808,0.040842515987395286,0.041681758813893056,0.03401380522392437
