,index,age,target_label,session_id,correct_or_not,target_label_prob,airplane_prob,bear_prob,bike_prob,bird_prob,boat_prob,bowl_prob,car_prob,cat_prob,chair_prob,couch_prob,cup_prob,dog_prob,fish_prob,frog_prob,house_prob,key_prob,person_prob,phone_prob,rabbit_prob,scissors_prob,sheep_prob,train_prob,tree_prob
0,218,6,airplane,run_v31528064164353,1.0,0.06744225859361166,0.06744225859361166,0.0403780933108314,0.055011266344020246,0.041709578393463946,0.06216052904184355,0.03522902581638471,0.04696309330717001,0.050003153851019166,0.04584163402966096,0.040377455261572756,0.036331724532274894,0.03969214682671595,0.04436233846420564,0.04214540805562987,0.030336850593770275,0.037760621011870714,0.04329885391958161,0.03236408323041471,0.04564841117149705,0.04511804319541063,0.03968781260956851,0.04090417897653325,0.03723343946294858
