,index,age,target_label,session_id,correct_or_not,target_label_prob,airplane_prob,bear_prob,bike_prob,bird_prob,boat_prob,bowl_prob,car_prob,cat_prob,chair_prob,couch_prob,cup_prob,dog_prob,fish_prob,frog_prob,house_prob,key_prob,person_prob,phone_prob,rabbit_prob,scissors_prob,sheep_prob,train_prob,tree_prob
0,6177,9,person,run_v31533148230548,0.0,0.03700458492828625,0.042295438075817246,0.03564044478685764,0.04214339413516842,0.04734466022230875,0.03928153118270777,0.048098782023400524,0.046075280667177934,0.03745583557656561,0.04104765653951566,0.043822642156308496,0.05834730509809343,0.04535097329691164,0.043309829881635,0.04311814431233774,0.03927021565514418,0.05511255764544585,0.03700458492828625,0.04028301240815125,0.03982735855572872,0.05272275663932184,0.0414515603414123,0.03978455303539129,0.0412114828363125
