,index,age,target_label,session_id,correct_or_not,target_label_prob,airplane_prob,bear_prob,bike_prob,bird_prob,boat_prob,bowl_prob,car_prob,cat_prob,chair_prob,couch_prob,cup_prob,dog_prob,fish_prob,frog_prob,house_prob,key_prob,person_prob,phone_prob,rabbit_prob,scissors_prob,sheep_prob,train_prob,tree_prob
0,6829,4,rabbit,run_v31531689427953,0.0,0.044206192470440234,0.04283263103989104,0.050761331565461816,0.03994268280987618,0.0469863317061345,0.045952253090105366,0.04175219595675225,0.03961716602221001,0.046658886851056465,0.03712389995140775,0.037068466960272724,0.03877416927237188,0.05003105485415198,0.06442536940535298,0.04991088938030476,0.039160532582264894,0.03768998728266156,0.04018858733694401,0.04711117805752671,0.044206192470440234,0.03677868229149193,0.042633673196064564,0.03998086540842155,0.04041297250883505
