,index,age,target_label,session_id,correct_or_not,target_label_prob,airplane_prob,bear_prob,bike_prob,bird_prob,boat_prob,bowl_prob,car_prob,cat_prob,chair_prob,couch_prob,cup_prob,dog_prob,fish_prob,frog_prob,house_prob,key_prob,person_prob,phone_prob,rabbit_prob,scissors_prob,sheep_prob,train_prob,tree_prob
0,115,8,airplane,run_v31531605836468,0.0,0.04366327570329712,0.04366327570329712,0.058710458703760196,0.06120213324919496,0.039248742256306916,0.041167141763741366,0.04047599900462889,0.0424444964421459,0.04355658279123838,0.04130615890549261,0.037946578136654203,0.043850986785327346,0.04150622058945032,0.03712819773509756,0.04427005417326855,0.03907735388343416,0.041291794003677024,0.04004311249476219,0.03677787482899593,0.056006934539316,0.042570097542188566,0.03989605148494748,0.04360999074036131,0.044249764242712986
