,index,age,target_label,session_id,correct_or_not,target_label_prob,airplane_prob,bear_prob,bike_prob,bird_prob,boat_prob,bowl_prob,car_prob,cat_prob,chair_prob,couch_prob,cup_prob,dog_prob,fish_prob,frog_prob,house_prob,key_prob,person_prob,phone_prob,rabbit_prob,scissors_prob,sheep_prob,train_prob,tree_prob
0,7505,10,scissors,run_v41537728484903,1.0,0.07032009151152395,0.041183630330772505,0.0516082263639611,0.03265026975432882,0.04593141544115498,0.033531203840318505,0.04071188469494513,0.03491447919078097,0.04707220513581679,0.03395194751611272,0.03410923735884658,0.036979394566721946,0.044974667807228814,0.03696327200232896,0.04245261695391309,0.036679434631008985,0.05032234451879368,0.05279134179033959,0.03946247730876437,0.05235401850820252,0.07032009151152395,0.04294215337481811,0.03609869241334587,0.06199499498597205
