,index,age,target_label,session_id,correct_or_not,target_label_prob,airplane_prob,bear_prob,bike_prob,bird_prob,boat_prob,bowl_prob,car_prob,cat_prob,chair_prob,couch_prob,cup_prob,dog_prob,fish_prob,frog_prob,house_prob,key_prob,person_prob,phone_prob,rabbit_prob,scissors_prob,sheep_prob,train_prob,tree_prob
0,1327,6,bird,run_v31528828941425,0.0,0.05255240459504445,0.052974360089995745,0.04084138698322186,0.04838374760782805,0.05255240459504445,0.048693619432736895,0.0364888891807297,0.04701745559534512,0.045926818855720725,0.03651037274938146,0.04149725202317094,0.03585299835311434,0.04194960983567076,0.05129827191788804,0.043180133038179434,0.029933191264521344,0.044148249750342254,0.040878365128412676,0.037454487369300744,0.0419134088739813,0.049310457526297376,0.04001595345278784,0.04870211160505319,0.044476454771275695
