,index,age,target_label,session_id,correct_or_not,target_label_prob,airplane_prob,bear_prob,bike_prob,bird_prob,boat_prob,bowl_prob,car_prob,cat_prob,chair_prob,couch_prob,cup_prob,dog_prob,fish_prob,frog_prob,house_prob,key_prob,person_prob,phone_prob,rabbit_prob,scissors_prob,sheep_prob,train_prob,tree_prob
0,4113,4,cup,run_v31526507469435,0.0,0.050120890953009214,0.032080925049788725,0.04030311995835245,0.03678989431142848,0.04473809057253077,0.03635136206320049,0.09030645116743333,0.05840554122665525,0.040201993492883385,0.04448040410470306,0.03790928461616065,0.050120890953009214,0.04056969401392521,0.053629270650726674,0.043025959571377295,0.03428967481383189,0.0433356628485648,0.038152558941073784,0.037345408869349006,0.04001299238737967,0.03823651164987025,0.04101584876984122,0.03849318007127083,0.040205279896643444
