,index,age,target_label,session_id,correct_or_not,target_label_prob,airplane_prob,bear_prob,bike_prob,bird_prob,boat_prob,bowl_prob,car_prob,cat_prob,chair_prob,couch_prob,cup_prob,dog_prob,fish_prob,frog_prob,house_prob,key_prob,person_prob,phone_prob,rabbit_prob,scissors_prob,sheep_prob,train_prob,tree_prob
0,320,5,airplane,run_v31530747522330,1.0,0.05879587046130292,0.05879587046130292,0.03871907524075497,0.049865902754983545,0.0441310309015002,0.056055620971826675,0.04220060507821876,0.04294794187691111,0.04345992457760663,0.04066433346685969,0.037981391492151385,0.04184132462151508,0.04090318838319342,0.054599811876099344,0.03927510551850087,0.04502873385909219,0.038883160897994894,0.05221217259397078,0.03675361102108611,0.04029102781744021,0.03563930358007877,0.035487829097196756,0.04881193103305872,0.035451102878657034
