,index,age,target_label,session_id,correct_or_not,target_label_prob,airplane_prob,bear_prob,bike_prob,bird_prob,boat_prob,bowl_prob,car_prob,cat_prob,chair_prob,couch_prob,cup_prob,dog_prob,fish_prob,frog_prob,house_prob,key_prob,person_prob,phone_prob,rabbit_prob,scissors_prob,sheep_prob,train_prob,tree_prob
0,5617,8,house,run_v31534018489312,1.0,0.0851715290166398,0.039430567138113964,0.03781080547060572,0.032609927257519856,0.03253820256285094,0.05531757276949626,0.043856589594573996,0.041285712191637014,0.036868894093723896,0.045417804462312805,0.06808601125304994,0.043531333229047106,0.035161917874805715,0.04256237109569314,0.037263325542190195,0.0851715290166398,0.03816113077895016,0.036127961589547876,0.060857479430155466,0.03645095514623498,0.0337842091854911,0.035861863368425645,0.045394590835533405,0.03644924611340115
