,index,age,target_label,session_id,correct_or_not,target_label_prob,airplane_prob,bear_prob,bike_prob,bird_prob,boat_prob,bowl_prob,car_prob,cat_prob,chair_prob,couch_prob,cup_prob,dog_prob,fish_prob,frog_prob,house_prob,key_prob,person_prob,phone_prob,rabbit_prob,scissors_prob,sheep_prob,train_prob,tree_prob
0,1515,5,boat,run_v31533075886243,0.0,0.05532888486340797,0.057870535772679074,0.03981217383295731,0.049721877172300165,0.04319161247787833,0.05532888486340797,0.04237902906416731,0.04352370561056011,0.04333433113311862,0.05052738764630167,0.04475068353251894,0.04005900100670465,0.04054738468969702,0.05313637376983252,0.0394352262920443,0.03797749068487859,0.040431028264880826,0.03560984464547804,0.03191097855557214,0.04330850417188499,0.046212298802071776,0.03874117738621297,0.043599597937624864,0.038590872687227835
