,index,age,target_label,session_id,correct_or_not,target_label_prob,airplane_prob,bear_prob,bike_prob,bird_prob,boat_prob,bowl_prob,car_prob,cat_prob,chair_prob,couch_prob,cup_prob,dog_prob,fish_prob,frog_prob,house_prob,key_prob,person_prob,phone_prob,rabbit_prob,scissors_prob,sheep_prob,train_prob,tree_prob
0,4513,6,dog,run_v31526063462438,0.0,0.050842749132779835,0.036681087515789704,0.04532505249884708,0.045779544651882935,0.046768073467809416,0.038559223480326456,0.037008005187571004,0.03721798786234336,0.045648173085674204,0.045091767516827495,0.03920941063968252,0.03722549037527408,0.050842749132779835,0.04854478771808277,0.057093044820705124,0.041375076717400885,0.05149800918296685,0.045333051980568334,0.04062211612576105,0.041794162561683,0.03988872041811127,0.04586602339179869,0.04651041377767191,0.03611802789044197
