,index,age,target_label,session_id,correct_or_not,target_label_prob,airplane_prob,bear_prob,bike_prob,bird_prob,boat_prob,bowl_prob,car_prob,cat_prob,chair_prob,couch_prob,cup_prob,dog_prob,fish_prob,frog_prob,house_prob,key_prob,person_prob,phone_prob,rabbit_prob,scissors_prob,sheep_prob,train_prob,tree_prob
0,3730,3,couch,run_v31530483097040,1.0,0.060769690080327635,0.06028829516836892,0.04170454822916429,0.04105453207182197,0.05001921335246479,0.05145326990636275,0.04391232435788075,0.04823922250535996,0.04560691481728097,0.03732187477663105,0.060769690080327635,0.03241931408257156,0.04347095266356174,0.04034731801387793,0.03686621133174993,0.03270951014178435,0.03753975749984279,0.033956668107570184,0.04075070658699737,0.04503367379468715,0.043894951036305564,0.042434756558747705,0.04849916395470589,0.04170713096193505
