,index,age,target_label,session_id,correct_or_not,target_label_prob,airplane_prob,bear_prob,bike_prob,bird_prob,boat_prob,bowl_prob,car_prob,cat_prob,chair_prob,couch_prob,cup_prob,dog_prob,fish_prob,frog_prob,house_prob,key_prob,person_prob,phone_prob,rabbit_prob,scissors_prob,sheep_prob,train_prob,tree_prob
0,3453,4,couch,run_v31531941504435,1.0,0.09326812826528094,0.037110939152764845,0.03589163675623341,0.04073445395519928,0.03054881949750595,0.045093725566502575,0.036022583621221495,0.045817981250250904,0.04051971315175448,0.05228444017956622,0.09326812826528094,0.05028562660252852,0.035133318344915815,0.042005126126961445,0.03486045588525011,0.07252147792471324,0.03772061827886883,0.03976954498141045,0.045831213576009736,0.041827925256256775,0.03188409186117638,0.033932204053308275,0.043457091314355385,0.03347888439796515
