,index,age,target_label,session_id,correct_or_not,target_label_prob,airplane_prob,bear_prob,bike_prob,bird_prob,boat_prob,bowl_prob,car_prob,cat_prob,chair_prob,couch_prob,cup_prob,dog_prob,fish_prob,frog_prob,house_prob,key_prob,person_prob,phone_prob,rabbit_prob,scissors_prob,sheep_prob,train_prob,tree_prob
0,4452,3,dog,run_v31535749832868,0.0,0.037325968091978454,0.03772342532076928,0.04214522143023276,0.044000306578191324,0.0393393264711515,0.037332050863423866,0.04851927839881647,0.05698231693124771,0.038557556002986826,0.04204422673548788,0.03858116295766686,0.036960413721951406,0.037325968091978454,0.055331597902565366,0.05055058635611117,0.046990180485080364,0.041025519893101874,0.04441706285832645,0.050250375263894524,0.03939594081852683,0.03980880751012408,0.04504277963079093,0.0425356197242498,0.045140276053324324
