,index,age,target_label,session_id,correct_or_not,target_label_prob,airplane_prob,bear_prob,bike_prob,bird_prob,boat_prob,bowl_prob,car_prob,cat_prob,chair_prob,couch_prob,cup_prob,dog_prob,fish_prob,frog_prob,house_prob,key_prob,person_prob,phone_prob,rabbit_prob,scissors_prob,sheep_prob,train_prob,tree_prob
0,4114,3,cup,run_v31535652457615,0.0,0.04192214202715063,0.04570781152614738,0.04511913025564671,0.051900189457386656,0.04036451583508608,0.04634907427595243,0.05031320489654993,0.052955836858315994,0.03744937484093278,0.04445593211976858,0.04538863862347618,0.04192214202715063,0.041258473415935894,0.05450575532595322,0.055761000684525316,0.03239654981031446,0.043653755824845326,0.037438956084693845,0.040586748481932125,0.03842374220341064,0.03734461751934343,0.037097056039283496,0.04104258822283335,0.038564905670515646
