,index,age,target_label,session_id,correct_or_not,target_label_prob,airplane_prob,bear_prob,bike_prob,bird_prob,boat_prob,bowl_prob,car_prob,cat_prob,chair_prob,couch_prob,cup_prob,dog_prob,fish_prob,frog_prob,house_prob,key_prob,person_prob,phone_prob,rabbit_prob,scissors_prob,sheep_prob,train_prob,tree_prob
0,6902,2,rabbit,run_v31528239723616,1.0,0.059687836640340206,0.039323730603892874,0.052819487389448964,0.038107425143416154,0.03859908787473954,0.03889538175216208,0.043403968957412394,0.045805149270243165,0.0503595942562615,0.03791964920975239,0.040248455822346985,0.037914198486989466,0.0440145669644938,0.04506797054269532,0.04401069637299867,0.036258454652116634,0.05046792747827503,0.03782207514645728,0.04756938505261772,0.059687836640340206,0.04612728570369372,0.03968217962393897,0.047179224816321634,0.03871626823938566
