,index,age,target_label,session_id,correct_or_not,target_label_prob,airplane_prob,bear_prob,bike_prob,bird_prob,boat_prob,bowl_prob,car_prob,cat_prob,chair_prob,couch_prob,cup_prob,dog_prob,fish_prob,frog_prob,house_prob,key_prob,person_prob,phone_prob,rabbit_prob,scissors_prob,sheep_prob,train_prob,tree_prob
0,3724,5,couch,run_v31531774669708,0.0,0.051853462466797486,0.03999952156339271,0.04388920275532629,0.037887238582448746,0.04848095322367936,0.03730842776745579,0.03797119747338905,0.043271062145377834,0.04059457679835722,0.061561380320783815,0.051853462466797486,0.04411546543298128,0.04700384491180327,0.04988314425367707,0.040193983487431105,0.0395854708033567,0.03685709937285073,0.04667504675663533,0.04094222893872354,0.03607360110010774,0.03734560739585005,0.04215109210882456,0.04659942704236088,0.04975696529838948
