,index,age,target_label,session_id,correct_or_not,target_label_prob,airplane_prob,bear_prob,bike_prob,bird_prob,boat_prob,bowl_prob,car_prob,cat_prob,chair_prob,couch_prob,cup_prob,dog_prob,fish_prob,frog_prob,house_prob,key_prob,person_prob,phone_prob,rabbit_prob,scissors_prob,sheep_prob,train_prob,tree_prob
0,5876,4,key,run_v41541634954309,0.0,0.056247066886569025,0.038582215664142896,0.052599520624593527,0.039065221053567536,0.04616954476240606,0.038042587959636096,0.03491892584722026,0.04208809145109448,0.0449642651824594,0.03887589971882849,0.04509463744139466,0.03709337611186568,0.044034600842788915,0.04051838688605616,0.05949653789990616,0.03757790496317454,0.056247066886569025,0.044204695282961955,0.045545788326914693,0.042541945534308324,0.04305415142259501,0.05141802950731898,0.03994834639744882,0.03791826023274816
