,index,age,target_label,session_id,correct_or_not,target_label_prob,airplane_prob,bear_prob,bike_prob,bird_prob,boat_prob,bowl_prob,car_prob,cat_prob,chair_prob,couch_prob,cup_prob,dog_prob,fish_prob,frog_prob,house_prob,key_prob,person_prob,phone_prob,rabbit_prob,scissors_prob,sheep_prob,train_prob,tree_prob
0,3832,3,cup,run_v31535145305955,1.0,0.06999779842075284,0.033749129822535855,0.04387224578076594,0.03759065631351614,0.03690549207163084,0.04048952378654133,0.05014864660102175,0.04887652868107425,0.03914133734902994,0.04180192278089544,0.059268249197439386,0.06999779842075284,0.039576770336841836,0.04352803734537497,0.03925857849513386,0.05203096630193065,0.045231083052034084,0.040514692569083355,0.05069935753960913,0.036989814197355496,0.03869169683609168,0.03798131461036279,0.0376183289743219,0.03603782893665676
