,index,age,target_label,session_id,correct_or_not,target_label_prob,airplane_prob,bear_prob,bike_prob,bird_prob,boat_prob,bowl_prob,car_prob,cat_prob,chair_prob,couch_prob,cup_prob,dog_prob,fish_prob,frog_prob,house_prob,key_prob,person_prob,phone_prob,rabbit_prob,scissors_prob,sheep_prob,train_prob,tree_prob
0,8084,10,train,run_v41542064293395,0.0,0.04427993508663701,0.041527290701918816,0.04961707000634363,0.05466901475718188,0.04471600560488548,0.04415800812828038,0.04279811569085452,0.03701820057407897,0.051658474822996556,0.03849347352721451,0.036184642389201056,0.04092962321861109,0.04389263364374243,0.03947780077320806,0.04667872223804009,0.04130736338387865,0.03948933506996105,0.0516878476332538,0.03622154756909364,0.04860611656494935,0.044952531186395424,0.03689786029699957,0.04427993508663701,0.04473838713227395
