,index,age,target_label,session_id,correct_or_not,target_label_prob,airplane_prob,bear_prob,bike_prob,bird_prob,boat_prob,bowl_prob,car_prob,cat_prob,chair_prob,couch_prob,cup_prob,dog_prob,fish_prob,frog_prob,house_prob,key_prob,person_prob,phone_prob,rabbit_prob,scissors_prob,sheep_prob,train_prob,tree_prob
0,7933,4,sheep,run_v41540320464830,0.0,0.04119391196625029,0.05367630050381571,0.039457503251592425,0.03867764066435412,0.043611716153072945,0.06575788496899201,0.03631786126132661,0.038673075621949826,0.04142330583003082,0.041946213456746984,0.04040455056238488,0.03813274189826851,0.03826398888298787,0.03968407506593963,0.039060625328220036,0.05962998313792613,0.041836594429812086,0.03845383067598987,0.037645638605361645,0.04940489206063566,0.04319118208924894,0.04119391196625029,0.046494320518779296,0.04706216306631386
