,index,age,target_label,session_id,correct_or_not,target_label_prob,airplane_prob,bear_prob,bike_prob,bird_prob,boat_prob,bowl_prob,car_prob,cat_prob,chair_prob,couch_prob,cup_prob,dog_prob,fish_prob,frog_prob,house_prob,key_prob,person_prob,phone_prob,rabbit_prob,scissors_prob,sheep_prob,train_prob,tree_prob
0,6681,6,phone,run_v31528399199252,0.0,0.06755713418116074,0.033887944055918696,0.04088442398297918,0.03525705342480104,0.03369407978588242,0.04399532560443027,0.038736793467877784,0.0393216266592548,0.04201656731790724,0.03491531481802722,0.04654441897792892,0.054588288703597804,0.037999481762074405,0.03461813073102378,0.03794054001182142,0.07426083401925328,0.040906695161111825,0.048753266482369335,0.06755713418116074,0.037828998064948986,0.03395283553596611,0.04262232160534815,0.04261939769602576,0.057098527950290835
