,index,age,target_label,session_id,correct_or_not,target_label_prob,airplane_prob,bear_prob,bike_prob,bird_prob,boat_prob,bowl_prob,car_prob,cat_prob,chair_prob,couch_prob,cup_prob,dog_prob,fish_prob,frog_prob,house_prob,key_prob,person_prob,phone_prob,rabbit_prob,scissors_prob,sheep_prob,train_prob,tree_prob
0,8233,4,train,run_v41541634159759,0.0,0.05129645764561113,0.04467860547251077,0.042424135584068205,0.05198107893619436,0.05053533564165735,0.044421228246445725,0.03618166200436121,0.04118574094342968,0.045967189296399265,0.03813857882312793,0.0411734929401399,0.034638243458717126,0.047644419720938795,0.043681080401550124,0.039603220025157225,0.04865040199191423,0.0395022097892214,0.049649645228609075,0.0363159132629257,0.04029497407370006,0.03992428483560693,0.0440339658872771,0.05129645764561113,0.04807813579043648
