,index,age,target_label,session_id,correct_or_not,target_label_prob,airplane_prob,bear_prob,bike_prob,bird_prob,boat_prob,bowl_prob,car_prob,cat_prob,chair_prob,couch_prob,cup_prob,dog_prob,fish_prob,frog_prob,house_prob,key_prob,person_prob,phone_prob,rabbit_prob,scissors_prob,sheep_prob,train_prob,tree_prob
0,2595,4,car,run_v31526417227846,0.0,0.0569481960968325,0.05548772032536133,0.04635820294291188,0.07214855522305956,0.039602545272525165,0.036125649843924496,0.034662450980756564,0.0569481960968325,0.0487059511045322,0.036024782392120314,0.040547343017256675,0.03832416376247042,0.043018739882258024,0.04055324988953147,0.03306935415137238,0.04018323015859939,0.04010546817477934,0.04027985334163816,0.03421994692239316,0.06403120033604005,0.04493711758122032,0.034290181408923204,0.04794610933025524,0.03242998786123828
