,index,age,target_label,session_id,correct_or_not,target_label_prob,airplane_prob,bear_prob,bike_prob,bird_prob,boat_prob,bowl_prob,car_prob,cat_prob,chair_prob,couch_prob,cup_prob,dog_prob,fish_prob,frog_prob,house_prob,key_prob,person_prob,phone_prob,rabbit_prob,scissors_prob,sheep_prob,train_prob,tree_prob
0,3392,3,chair,run_v31528225564149,0.0,0.04144651985119032,0.03893204977925913,0.04759661479188127,0.046966657409561824,0.04632792591674937,0.040316360626733945,0.03971243566774318,0.03959579414719829,0.04244317373992219,0.04144651985119032,0.04109992505156364,0.04160106582007157,0.0443024919629245,0.03561870552735954,0.04566176157959681,0.04171407373600031,0.04393170049385622,0.05037286959516109,0.03974677197956868,0.036496307073226535,0.042346447673484604,0.04669745840174231,0.04376649923174635,0.06330638994345843
