,index,age,target_label,session_id,correct_or_not,target_label_prob,airplane_prob,bear_prob,bike_prob,bird_prob,boat_prob,bowl_prob,car_prob,cat_prob,chair_prob,couch_prob,cup_prob,dog_prob,fish_prob,frog_prob,house_prob,key_prob,person_prob,phone_prob,rabbit_prob,scissors_prob,sheep_prob,train_prob,tree_prob
0,2326,10,car,run_v31533841154231,0.0,0.05683449798360609,0.04476813166530393,0.037960296953272424,0.056625433432379677,0.04161514904097273,0.04522827062789506,0.03954847031072316,0.05683449798360609,0.03808592253584855,0.04871783913859689,0.05780173918447694,0.04198843835255469,0.03811488642882741,0.04374277896815691,0.041542081359558274,0.04602498286455301,0.04128780549794053,0.03726631012166584,0.03669437421369429,0.0353311850047461,0.040009796625029535,0.03879851085159805,0.05550736430145918,0.036505734537140865
