,index,age,target_label,session_id,correct_or_not,target_label_prob,airplane_prob,bear_prob,bike_prob,bird_prob,boat_prob,bowl_prob,car_prob,cat_prob,chair_prob,couch_prob,cup_prob,dog_prob,fish_prob,frog_prob,house_prob,key_prob,person_prob,phone_prob,rabbit_prob,scissors_prob,sheep_prob,train_prob,tree_prob
0,2604,2,car,run_v31533072750881,1.0,0.07423062147636411,0.041105466594668044,0.04122986295078845,0.047061007953901564,0.046512043519650714,0.03640512851958512,0.040135713403787514,0.07423062147636411,0.04113360935822086,0.04481767161041283,0.04168825538820791,0.03851851329558184,0.04522419298487131,0.04633934119883049,0.04701142257703036,0.04092543964243838,0.04040320394569836,0.03484633010771412,0.03883701922541225,0.04741081415504258,0.03522999338064626,0.046691595448622336,0.039558018038898704,0.04468473522362605
