,index,age,target_label,session_id,correct_or_not,target_label_prob,airplane_prob,bear_prob,bike_prob,bird_prob,boat_prob,bowl_prob,car_prob,cat_prob,chair_prob,couch_prob,cup_prob,dog_prob,fish_prob,frog_prob,house_prob,key_prob,person_prob,phone_prob,rabbit_prob,scissors_prob,sheep_prob,train_prob,tree_prob
0,3585,3,couch,run_v31531337830904,1.0,0.0668328128468928,0.04348474795250451,0.03605290962866382,0.039565532918074256,0.03655322957159237,0.04293716889794203,0.04133673077259717,0.057609331495754666,0.0391004088857368,0.04156182111622298,0.0668328128468928,0.03898046676026911,0.03760290551022386,0.04501350364120334,0.0405217801158557,0.04590339852502483,0.040539491176642926,0.03878952602717487,0.05807663572238596,0.04192269579280377,0.04121177497714349,0.03279271098144668,0.0521882216152569,0.04142219506858735
