,index,age,target_label,session_id,correct_or_not,target_label_prob,airplane_prob,bear_prob,bike_prob,bird_prob,boat_prob,bowl_prob,car_prob,cat_prob,chair_prob,couch_prob,cup_prob,dog_prob,fish_prob,frog_prob,house_prob,key_prob,person_prob,phone_prob,rabbit_prob,scissors_prob,sheep_prob,train_prob,tree_prob
0,1111,3,bike,run_v31531608035207,1.0,0.061885444823651756,0.04271833248587198,0.05508897599419144,0.061885444823651756,0.040499759605418024,0.039778401185292654,0.04234055400952908,0.05066480502110051,0.046721790781759365,0.04113580316544061,0.038919101802554125,0.03450324300902765,0.041049917924792165,0.04460862169085206,0.04248380691313487,0.03497230393624102,0.042725455366952346,0.04504080832126966,0.03839596220407109,0.05103317043874401,0.04651662974140301,0.03314135726839416,0.04670641531880885,0.03906933899149954
