,index,age,target_label,session_id,correct_or_not,target_label_prob,airplane_prob,bear_prob,bike_prob,bird_prob,boat_prob,bowl_prob,car_prob,cat_prob,chair_prob,couch_prob,cup_prob,dog_prob,fish_prob,frog_prob,house_prob,key_prob,person_prob,phone_prob,rabbit_prob,scissors_prob,sheep_prob,train_prob,tree_prob
0,6862,6,rabbit,run_v31530660378005,0.0,0.04755741160644405,0.04355082434521543,0.05241357257548714,0.04809210298979722,0.051332292236897566,0.039630998794263184,0.0365614152766729,0.03825683024806031,0.05439107858383923,0.04002849300128755,0.038609955634373236,0.038794279842578785,0.04871098893073624,0.04244453578226486,0.05646882847491918,0.03528717222538691,0.04034252441621401,0.04692882264134332,0.039833254278435384,0.04755741160644405,0.03921812795829107,0.04785439778725401,0.04045813065323838,0.03323396171699999
