,index,age,target_label,session_id,correct_or_not,target_label_prob,airplane_prob,bear_prob,bike_prob,bird_prob,boat_prob,bowl_prob,car_prob,cat_prob,chair_prob,couch_prob,cup_prob,dog_prob,fish_prob,frog_prob,house_prob,key_prob,person_prob,phone_prob,rabbit_prob,scissors_prob,sheep_prob,train_prob,tree_prob
0,5236,7,frog,run_v41541971355611,0.0,0.048884503098346785,0.03789481336960235,0.07092233322313725,0.049549512609610775,0.03997681865964079,0.036813393125604034,0.03473311303698487,0.0490464159041548,0.0402397686900746,0.03864631740922023,0.03455018252495597,0.042218405282060015,0.043566085736295494,0.03380478129081949,0.048884503098346785,0.03869107918455044,0.04349819536121731,0.04008085043887469,0.039710512654577146,0.05872069197071047,0.03962069008701286,0.043335717098090656,0.045554067698160616,0.04994175154629833
