,index,age,target_label,session_id,correct_or_not,target_label_prob,airplane_prob,bear_prob,bike_prob,bird_prob,boat_prob,bowl_prob,car_prob,cat_prob,chair_prob,couch_prob,cup_prob,dog_prob,fish_prob,frog_prob,house_prob,key_prob,person_prob,phone_prob,rabbit_prob,scissors_prob,sheep_prob,train_prob,tree_prob
0,7129,5,rabbit,run_v31532212066778,1.0,0.06668696115055947,0.046536106928867726,0.04430389401327616,0.03667258338112068,0.04925882935647053,0.041314835390223376,0.03566157274325552,0.034247539402604395,0.0530061830029227,0.03709745764429802,0.03550216084456434,0.03368984902802824,0.046334900501343666,0.044300006869292384,0.04767144357386726,0.036842887801717704,0.04709695317124445,0.05717556221561971,0.03370722699460976,0.06668696115055947,0.05406003672292829,0.04388082444133032,0.03781015181561219,0.03714203300624299
