,index,age,target_label,session_id,correct_or_not,target_label_prob,airplane_prob,bear_prob,bike_prob,bird_prob,boat_prob,bowl_prob,car_prob,cat_prob,chair_prob,couch_prob,cup_prob,dog_prob,fish_prob,frog_prob,house_prob,key_prob,person_prob,phone_prob,rabbit_prob,scissors_prob,sheep_prob,train_prob,tree_prob
0,6975,10,rabbit,run_v31531507880328,1.0,0.057615524532863296,0.05027754601263049,0.04403559298061557,0.04639391760058368,0.043346069670721854,0.04378923708571083,0.0368543159490398,0.04651280176848006,0.049558579269946924,0.034704403119949635,0.03653788107790791,0.03904340437182159,0.04561129075063123,0.05085431369176579,0.04358204408188694,0.0343796046647523,0.03976802076506495,0.0443916523264309,0.04090908552817808,0.057615524532863296,0.045477050056755466,0.039723087757480846,0.04166124847979972,0.044973328456982126
