,index,age,target_label,session_id,correct_or_not,target_label_prob,airplane_prob,bear_prob,bike_prob,bird_prob,boat_prob,bowl_prob,car_prob,cat_prob,chair_prob,couch_prob,cup_prob,dog_prob,fish_prob,frog_prob,house_prob,key_prob,person_prob,phone_prob,rabbit_prob,scissors_prob,sheep_prob,train_prob,tree_prob
0,2976,6,cat,run_v41540158423085,0.0,0.04691068834880096,0.04438255995313161,0.04902353010374822,0.045025997787597305,0.03884993750194778,0.04038842536842924,0.042052046192614545,0.04272330369503169,0.04691068834880096,0.03152360536003716,0.0387749063570659,0.0445415215964037,0.038169149203366136,0.041982885413827914,0.03828150470178149,0.04356987577288585,0.05501749560657416,0.035608545786018395,0.05396714992412911,0.05210583008266259,0.04879741701329998,0.03844515753393128,0.0480917286884585,0.041766738008256435
