,index,age,target_label,session_id,correct_or_not,target_label_prob,airplane_prob,bear_prob,bike_prob,bird_prob,boat_prob,bowl_prob,car_prob,cat_prob,chair_prob,couch_prob,cup_prob,dog_prob,fish_prob,frog_prob,house_prob,key_prob,person_prob,phone_prob,rabbit_prob,scissors_prob,sheep_prob,train_prob,tree_prob
0,1352,6,bird,run_v31532112982900,0.0,0.04745455398008508,0.04887982968009213,0.039757344508650316,0.03733592446025457,0.04745455398008508,0.04013462498138298,0.0402324065619807,0.04337647603347499,0.04442683406649647,0.03266863634529567,0.04409537694297688,0.03822553715446027,0.04058566963870469,0.05392678258483807,0.03661408512058981,0.04082662550686353,0.037823877891142534,0.049039219159278315,0.04103846129973969,0.03552438622008002,0.050571010536629435,0.04585624994226296,0.048155939472500416,0.06345014791222053
