,index,age,target_label,session_id,correct_or_not,target_label_prob,airplane_prob,bear_prob,bike_prob,bird_prob,boat_prob,bowl_prob,car_prob,cat_prob,chair_prob,couch_prob,cup_prob,dog_prob,fish_prob,frog_prob,house_prob,key_prob,person_prob,phone_prob,rabbit_prob,scissors_prob,sheep_prob,train_prob,tree_prob
0,6013,2,key,run_v41536445735698,1.0,0.06250332411796065,0.03991287059273761,0.039552649163718756,0.0501997570794546,0.04553535393409149,0.03966117321255736,0.05268580309792324,0.04427428039006595,0.04223942388123905,0.03776600424995854,0.04109309743497205,0.04567379085842953,0.04852145496732585,0.05365572607268575,0.04366091977419968,0.03731984648569171,0.06250332411796065,0.03760239980205248,0.03138355350647631,0.04529316530927726,0.05085570923006194,0.0398162112824587,0.0375439078017339,0.0332495777549275
