,index,age,target_label,session_id,correct_or_not,target_label_prob,airplane_prob,bear_prob,bike_prob,bird_prob,boat_prob,bowl_prob,car_prob,cat_prob,chair_prob,couch_prob,cup_prob,dog_prob,fish_prob,frog_prob,house_prob,key_prob,person_prob,phone_prob,rabbit_prob,scissors_prob,sheep_prob,train_prob,tree_prob
0,4153,4,cup,run_v31533153135562,1.0,0.057265050283932216,0.042481937624867835,0.045263054983992766,0.03979413165523735,0.0398247411736243,0.0472706200811091,0.050570321937525586,0.044541584132897966,0.03718634263451429,0.044225408017900016,0.043626625601235265,0.057265050283932216,0.039411873749506866,0.03657983992492742,0.04069464089125974,0.04024234546158188,0.04278799229120634,0.04086533909882893,0.044007633608782196,0.04814300862595954,0.042503379435738516,0.04342273925514274,0.047041160862850394,0.04225022866737874
