,index,age,target_label,session_id,correct_or_not,target_label_prob,airplane_prob,bear_prob,bike_prob,bird_prob,boat_prob,bowl_prob,car_prob,cat_prob,chair_prob,couch_prob,cup_prob,dog_prob,fish_prob,frog_prob,house_prob,key_prob,person_prob,phone_prob,rabbit_prob,scissors_prob,sheep_prob,train_prob,tree_prob
0,4122,7,cup,run_v31533412484977,1.0,0.063821564407738,0.03949059571356832,0.04115940719253125,0.044245948523987326,0.038447954468806805,0.0401228921573899,0.040307294214017665,0.041442311530465084,0.03795802626922954,0.05989704573528076,0.047825492882734244,0.063821564407738,0.036734547311983494,0.040897587751036135,0.04235714145972471,0.06268882240593913,0.038765784031777446,0.03178745001849426,0.05522514426645844,0.03958307614225179,0.04381694817405147,0.038653934639520555,0.03803428561017995,0.036736745092833645
