,index,age,target_label,session_id,correct_or_not,target_label_prob,airplane_prob,bear_prob,bike_prob,bird_prob,boat_prob,bowl_prob,car_prob,cat_prob,chair_prob,couch_prob,cup_prob,dog_prob,fish_prob,frog_prob,house_prob,key_prob,person_prob,phone_prob,rabbit_prob,scissors_prob,sheep_prob,train_prob,tree_prob
0,3438,10,couch,run_v31529446827103,1.0,0.10838432908987113,0.038146037342005536,0.04083541666512564,0.03288561250924939,0.0380782083885528,0.039008838169026144,0.037669053460559855,0.03851690363702701,0.04052299580824984,0.06204689696238018,0.10838432908987113,0.05701677420869843,0.03870951931593487,0.03665888525657747,0.03492836055731378,0.039711591519181424,0.03425241227424851,0.03180236891986312,0.04421225495401692,0.04642552215981747,0.033333443311024266,0.038394070287354025,0.04966611701786444,0.038794388186057835
