,index,age,target_label,session_id,correct_or_not,target_label_prob,airplane_prob,bear_prob,bike_prob,bird_prob,boat_prob,bowl_prob,car_prob,cat_prob,chair_prob,couch_prob,cup_prob,dog_prob,fish_prob,frog_prob,house_prob,key_prob,person_prob,phone_prob,rabbit_prob,scissors_prob,sheep_prob,train_prob,tree_prob
0,8249,4,train,run_v41541195291014,1.0,0.05479846538850888,0.03670034108671747,0.04039388622413408,0.05278393753313436,0.04480633709983275,0.048069168719698005,0.03672562652237095,0.05344118681954283,0.044117475360464634,0.03589006129507836,0.0373774090826548,0.03648537369168671,0.039811595411351014,0.03774786851690232,0.04602730707286222,0.045415698246105876,0.03825053467034046,0.04727646980784903,0.04729095381062692,0.04950813723376297,0.03843273057368389,0.04097087497165909,0.05479846538850888,0.04767856086103249
