,index,age,target_label,session_id,correct_or_not,target_label_prob,airplane_prob,bear_prob,bike_prob,bird_prob,boat_prob,bowl_prob,car_prob,cat_prob,chair_prob,couch_prob,cup_prob,dog_prob,fish_prob,frog_prob,house_prob,key_prob,person_prob,phone_prob,rabbit_prob,scissors_prob,sheep_prob,train_prob,tree_prob
0,640,6,bear,run_v41541188097677,0.0,0.05117863561157232,0.04501616766793976,0.05117863561157232,0.04256721816555937,0.0440976899610328,0.03601975694502514,0.037648011992557705,0.046011445332774834,0.04591915368142544,0.03866599602384152,0.03659225032395229,0.040618526803429006,0.043958119847434335,0.03586391546234281,0.043711844756157206,0.03871858278048643,0.04357209476405145,0.039181348769920445,0.04485134131796921,0.05092869649031748,0.045008397068475856,0.046569195707126324,0.04245642297337721,0.060845187553231116
