,index,age,target_label,session_id,correct_or_not,target_label_prob,airplane_prob,bear_prob,bike_prob,bird_prob,boat_prob,bowl_prob,car_prob,cat_prob,chair_prob,couch_prob,cup_prob,dog_prob,fish_prob,frog_prob,house_prob,key_prob,person_prob,phone_prob,rabbit_prob,scissors_prob,sheep_prob,train_prob,tree_prob
0,5283,10,frog,run_v41540158083723,0.0,0.046093625135950514,0.04457403177106178,0.04041048859366383,0.05492937846430688,0.047305700882602345,0.03707748850021792,0.038051322622119355,0.04762583878132935,0.04239771387089098,0.04034635099895572,0.03728429859298678,0.03703581182085538,0.04384911226817696,0.04206735226090899,0.046093625135950514,0.03674430713817276,0.03617757279713467,0.04807515824661771,0.04274346803773191,0.04115313181893783,0.04576129218406295,0.05454049686166291,0.05483100678914134,0.04092505156251097
