,index,age,target_label,session_id,correct_or_not,target_label_prob,airplane_prob,bear_prob,bike_prob,bird_prob,boat_prob,bowl_prob,car_prob,cat_prob,chair_prob,couch_prob,cup_prob,dog_prob,fish_prob,frog_prob,house_prob,key_prob,person_prob,phone_prob,rabbit_prob,scissors_prob,sheep_prob,train_prob,tree_prob
0,3624,3,couch,run_v31530475738016,1.0,0.05529187623866655,0.042694729659972154,0.040098105789082863,0.04742878376315121,0.04290796560339801,0.038846204911262734,0.04237819795329739,0.0511179293818587,0.04134850507419269,0.03746159858954915,0.05529187623866655,0.04970635046577526,0.040921719084405235,0.049780456016171724,0.03904253373699753,0.0363032335113545,0.03733594998563579,0.044695090710821325,0.04775163713349304,0.04216154922923602,0.037154702692856,0.04051689584618535,0.0508762998701066,0.0441796847525301
