,index,age,target_label,session_id,correct_or_not,target_label_prob,airplane_prob,bear_prob,bike_prob,bird_prob,boat_prob,bowl_prob,car_prob,cat_prob,chair_prob,couch_prob,cup_prob,dog_prob,fish_prob,frog_prob,house_prob,key_prob,person_prob,phone_prob,rabbit_prob,scissors_prob,sheep_prob,train_prob,tree_prob
0,3890,4,cup,run_v31526065527149,0.0,0.05410002342880941,0.04566462725096277,0.04216983034327817,0.032835645084418094,0.049203100054546645,0.04920205845748264,0.05984067863663878,0.03736246814336573,0.04365952017293398,0.04366720570309006,0.046745769872640626,0.05410002342880941,0.040024896990642156,0.05659038517465601,0.04854798535076518,0.02283551674086723,0.04230205227523167,0.04525276746503117,0.03602786323412614,0.039276609100131324,0.046270317855510466,0.04215135473030869,0.03897469264022659,0.0372946312943364
