,index,age,target_label,session_id,correct_or_not,target_label_prob,airplane_prob,bear_prob,bike_prob,bird_prob,boat_prob,bowl_prob,car_prob,cat_prob,chair_prob,couch_prob,cup_prob,dog_prob,fish_prob,frog_prob,house_prob,key_prob,person_prob,phone_prob,rabbit_prob,scissors_prob,sheep_prob,train_prob,tree_prob
0,1370,5,bird,run_v31528498799235,0.0,0.044311590096198276,0.043518522318050055,0.04019373708319504,0.04523132444545467,0.044311590096198276,0.03112064328239076,0.04271498313666264,0.04872438066765715,0.04117665782881765,0.03812785537942277,0.05037915008451055,0.04863604249474086,0.05368451064711285,0.05034768827390886,0.04009624247446196,0.03499264374045838,0.041681790197821575,0.03370631400710202,0.04178454856652807,0.04237127068453608,0.049570320014447264,0.04996733604830602,0.04500858230984987,0.0426538662183666
