,index,age,target_label,session_id,correct_or_not,target_label_prob,airplane_prob,bear_prob,bike_prob,bird_prob,boat_prob,bowl_prob,car_prob,cat_prob,chair_prob,couch_prob,cup_prob,dog_prob,fish_prob,frog_prob,house_prob,key_prob,person_prob,phone_prob,rabbit_prob,scissors_prob,sheep_prob,train_prob,tree_prob
0,3572,2,couch,run_v31531682143759,0.0,0.037863279638843755,0.061887944950044356,0.03600564099765465,0.04040172498380036,0.04176019757180399,0.06816752488095244,0.04993542702325542,0.039641158919587846,0.03746806667942603,0.05691573748580777,0.037863279638843755,0.03898263087514242,0.045337233013136434,0.049971907213679806,0.035356598778174535,0.021573453148171128,0.045984444582825766,0.04494169826376858,0.044230197235806665,0.03987144885770059,0.03848617580849659,0.04844862266911743,0.04254374472318308,0.034225141699620265
