,index,age,target_label,session_id,correct_or_not,target_label_prob,airplane_prob,bear_prob,bike_prob,bird_prob,boat_prob,bowl_prob,car_prob,cat_prob,chair_prob,couch_prob,cup_prob,dog_prob,fish_prob,frog_prob,house_prob,key_prob,person_prob,phone_prob,rabbit_prob,scissors_prob,sheep_prob,train_prob,tree_prob
0,3477,6,couch,run_v31528409084005,0.0,0.045045135627346494,0.039301587852714065,0.039251559837243266,0.03587186770224913,0.03510450771755512,0.045434979071901645,0.044073915870697665,0.041427582456232154,0.0381448350022736,0.05346955514287038,0.045045135627346494,0.0537844960755365,0.039092877654455856,0.03835680153079075,0.04134336989842969,0.03238614505192718,0.04588196222463537,0.043738182323017245,0.06951232852877084,0.03930075808708433,0.03645366015550387,0.0427105535976365,0.04067328126589882,0.05964005732522939
