,index,age,target_label,session_id,correct_or_not,target_label_prob,airplane_prob,bear_prob,bike_prob,bird_prob,boat_prob,bowl_prob,car_prob,cat_prob,chair_prob,couch_prob,cup_prob,dog_prob,fish_prob,frog_prob,house_prob,key_prob,person_prob,phone_prob,rabbit_prob,scissors_prob,sheep_prob,train_prob,tree_prob
0,2357,10,car,run_v31534270688827,0.0,0.050920596121995405,0.04055699240474356,0.041950936855655235,0.04248657081495685,0.046392841166552755,0.038893247559212585,0.03565569539452526,0.050920596121995405,0.053367406735646196,0.03637432660727685,0.035065334475107714,0.03892833723861587,0.04805160223260196,0.0421661498495143,0.0507198187190384,0.03739582369429009,0.03828097778450026,0.045797334822174324,0.035533049364995246,0.045749269294915636,0.04681540484581486,0.0566151375176731,0.05568091525975922,0.03660223124043424
