,index,age,target_label,session_id,correct_or_not,target_label_prob,airplane_prob,bear_prob,bike_prob,bird_prob,boat_prob,bowl_prob,car_prob,cat_prob,chair_prob,couch_prob,cup_prob,dog_prob,fish_prob,frog_prob,house_prob,key_prob,person_prob,phone_prob,rabbit_prob,scissors_prob,sheep_prob,train_prob,tree_prob
0,5693,4,key,run_v41540070369283,1.0,0.06733792963698403,0.043339824951807694,0.03857107929311007,0.0611702479970412,0.03852654210022819,0.040122172121374186,0.03536611416650688,0.0482566986340238,0.041165059638963296,0.04794547920657585,0.03433637006243507,0.04111686713418202,0.038638004696221334,0.031018186032650268,0.04367424521834336,0.033447204774130004,0.06733792963698403,0.04950376162878695,0.05190597849656634,0.0403817916882331,0.05372602921089622,0.03431017702522699,0.04521129855954987,0.04092893772616308
