,index,age,target_label,session_id,correct_or_not,target_label_prob,airplane_prob,bear_prob,bike_prob,bird_prob,boat_prob,bowl_prob,car_prob,cat_prob,chair_prob,couch_prob,cup_prob,dog_prob,fish_prob,frog_prob,house_prob,key_prob,person_prob,phone_prob,rabbit_prob,scissors_prob,sheep_prob,train_prob,tree_prob
0,559,7,bear,run_v41539885875694,0.0,0.043834991899389386,0.03585406289730192,0.043834991899389386,0.03143234368474915,0.05239036382043485,0.03591049469864802,0.04196698367190648,0.03570897803556824,0.05481459581297629,0.038086285345651165,0.03869983410798494,0.04142370013696587,0.04830262779591894,0.043756685405286766,0.05180702234999054,0.03732607982914091,0.06065051508804155,0.05578033674973719,0.0337454863603533,0.0441797241984935,0.051034427715195695,0.050869500163559116,0.035225494571727835,0.03719946566097829
