,index,age,target_label,session_id,correct_or_not,target_label_prob,airplane_prob,bear_prob,bike_prob,bird_prob,boat_prob,bowl_prob,car_prob,cat_prob,chair_prob,couch_prob,cup_prob,dog_prob,fish_prob,frog_prob,house_prob,key_prob,person_prob,phone_prob,rabbit_prob,scissors_prob,sheep_prob,train_prob,tree_prob
0,1130,10,bike,run_v31529097018168,1.0,0.08088927229431728,0.0442281517541673,0.03947469681395708,0.08088927229431728,0.03492491521450879,0.038154125024925,0.05237057775980817,0.06203001722721792,0.0320270878771919,0.03604028437143235,0.04725433388196759,0.05143570978269342,0.038010379847157036,0.041653869453897215,0.04370151566637779,0.03410661686543597,0.04009235652367209,0.038114874288989145,0.03498354883223012,0.04845584385222584,0.045317053207744894,0.03711078059526392,0.042900482919915474,0.03672350594490382
