,index,age,target_label,session_id,correct_or_not,target_label_prob,airplane_prob,bear_prob,bike_prob,bird_prob,boat_prob,bowl_prob,car_prob,cat_prob,chair_prob,couch_prob,cup_prob,dog_prob,fish_prob,frog_prob,house_prob,key_prob,person_prob,phone_prob,rabbit_prob,scissors_prob,sheep_prob,train_prob,tree_prob
0,7384,2,scissors,run_v41541896384786,0.0,0.04816163479788786,0.05143718300693922,0.037411549668041146,0.0433990380993443,0.040036134262520326,0.05640962438565114,0.04688041121667632,0.038229875319793334,0.043177834888605646,0.043954815141564,0.036281772442406254,0.042355706433739905,0.040483876950359945,0.037286944284598625,0.03817160516283893,0.03490155334486692,0.04931358429607807,0.03808174227755669,0.040734228635203616,0.05272379343207733,0.04816163479788786,0.04389570611322464,0.04407585214190692,0.052595533698118854
