,index,age,target_label,session_id,correct_or_not,target_label_prob,airplane_prob,bear_prob,bike_prob,bird_prob,boat_prob,bowl_prob,car_prob,cat_prob,chair_prob,couch_prob,cup_prob,dog_prob,fish_prob,frog_prob,house_prob,key_prob,person_prob,phone_prob,rabbit_prob,scissors_prob,sheep_prob,train_prob,tree_prob
0,6724,9,phone,run_v31528479780314,1.0,0.05452002964115231,0.04572174236158392,0.04139582690313931,0.036849110265225325,0.04534153723008579,0.04506982754658551,0.03959187851379637,0.036747921204654935,0.042691306804002835,0.05376193085778309,0.038055216856266776,0.04645782621531532,0.042562324161732945,0.0459529682710624,0.0413519438504323,0.052337937526310496,0.04254805083181645,0.04609679620468036,0.05452002964115231,0.041982831207346805,0.03908478200912131,0.0422467731387096,0.03696530883239376,0.042666129566802116
