,index,age,target_label,session_id,correct_or_not,target_label_prob,airplane_prob,bear_prob,bike_prob,bird_prob,boat_prob,bowl_prob,car_prob,cat_prob,chair_prob,couch_prob,cup_prob,dog_prob,fish_prob,frog_prob,house_prob,key_prob,person_prob,phone_prob,rabbit_prob,scissors_prob,sheep_prob,train_prob,tree_prob
0,1462,7,bird,run_v31530737301771,1.0,0.05372714412293815,0.05078254154924039,0.04296742022168365,0.0400927210086343,0.05372714412293815,0.042854013982211225,0.03693665104486446,0.04634558350523822,0.05146341897896224,0.040975725189803844,0.03782638512888287,0.039264558791816874,0.045402550430829226,0.047551822566095865,0.050105094403721046,0.04311986155879442,0.03721172942612665,0.04347653150160278,0.03635800034246901,0.041376928779933014,0.03599139798272341,0.049796004832596254,0.04491785192880549,0.04145606272202667
