,index,age,target_label,session_id,correct_or_not,target_label_prob,airplane_prob,bear_prob,bike_prob,bird_prob,boat_prob,bowl_prob,car_prob,cat_prob,chair_prob,couch_prob,cup_prob,dog_prob,fish_prob,frog_prob,house_prob,key_prob,person_prob,phone_prob,rabbit_prob,scissors_prob,sheep_prob,train_prob,tree_prob
0,7045,7,rabbit,run_v31532123073667,0.0,0.050245905260366396,0.04955474193608149,0.06127834435598104,0.04443582435547928,0.042607877873309975,0.04090007166659368,0.04567099974997464,0.03912982375510595,0.04334788095652051,0.039316055239736615,0.043638732234271636,0.04631764866623547,0.04623334850129337,0.04798774961649604,0.045245623836681785,0.032271530341998325,0.03979969256977836,0.03797876465394766,0.0287377849062728,0.050245905260366396,0.042593778373497745,0.04373817503873575,0.039245646329008274,0.04972399978263329
