,index,age,target_label,session_id,correct_or_not,target_label_prob,airplane_prob,bear_prob,bike_prob,bird_prob,boat_prob,bowl_prob,car_prob,cat_prob,chair_prob,couch_prob,cup_prob,dog_prob,fish_prob,frog_prob,house_prob,key_prob,person_prob,phone_prob,rabbit_prob,scissors_prob,sheep_prob,train_prob,tree_prob
0,8238,5,train,run_v41541896767042,0.0,0.050255989319305194,0.04535966660874134,0.04246014672047422,0.044647488019387754,0.05022060619158056,0.04087410936631534,0.03477016600516395,0.04487089279676165,0.040314549217304534,0.04653555817345319,0.049828158688352366,0.039782040970879805,0.03991442172514509,0.05074985330794051,0.04203825672364362,0.04061705169101468,0.03817641053264953,0.05543481620402955,0.042751148468301255,0.03400954675201985,0.0420700592614629,0.03799211644213618,0.050255989319305194,0.04632694681393699
