,index,age,target_label,session_id,correct_or_not,target_label_prob,airplane_prob,bear_prob,bike_prob,bird_prob,boat_prob,bowl_prob,car_prob,cat_prob,chair_prob,couch_prob,cup_prob,dog_prob,fish_prob,frog_prob,house_prob,key_prob,person_prob,phone_prob,rabbit_prob,scissors_prob,sheep_prob,train_prob,tree_prob
0,2482,5,car,run_v31536015899873,0.0,0.04326442993668766,0.05023857657071677,0.041074974421402795,0.05406315577559332,0.04669855727303849,0.038527157818083746,0.03300466343956563,0.04326442993668766,0.04006302100396369,0.041840560611351635,0.035394640224553624,0.035012915594698164,0.03961026402901287,0.0471288669738609,0.04312181237850317,0.0652581061092718,0.04144116270245112,0.04013685426087348,0.03820480527405683,0.050157245267952566,0.04856457777383831,0.04118061959920242,0.041104229827634585,0.04490880313368637
