,index,age,target_label,session_id,correct_or_not,target_label_prob,airplane_prob,bear_prob,bike_prob,bird_prob,boat_prob,bowl_prob,car_prob,cat_prob,chair_prob,couch_prob,cup_prob,dog_prob,fish_prob,frog_prob,house_prob,key_prob,person_prob,phone_prob,rabbit_prob,scissors_prob,sheep_prob,train_prob,tree_prob
0,3398,3,chair,run_v31528578938334,0.0,0.04677442328114343,0.0385893646709852,0.03888497802972077,0.03979704359987978,0.04536674725605863,0.04202838168965456,0.06808008346493308,0.04232501042858349,0.04085186267109413,0.04677442328114343,0.04818477227815615,0.044024749833465465,0.038112587526427134,0.03383761057852706,0.03997456337647384,0.05423315833973576,0.043188106372209045,0.044548347353965005,0.044981017627226706,0.04659362211227915,0.04080523604281009,0.04054832188024921,0.03965497090242295,0.03861504068399938
