,index,age,target_label,session_id,correct_or_not,target_label_prob,airplane_prob,bear_prob,bike_prob,bird_prob,boat_prob,bowl_prob,car_prob,cat_prob,chair_prob,couch_prob,cup_prob,dog_prob,fish_prob,frog_prob,house_prob,key_prob,person_prob,phone_prob,rabbit_prob,scissors_prob,sheep_prob,train_prob,tree_prob
0,7377,2,scissors,run_v41541106550564,0.0,0.038985822210495485,0.04770208129067099,0.04353623928409397,0.0552264107425323,0.04406320727881659,0.0413558917612898,0.0364623715634853,0.04334790243792814,0.04054501294984454,0.06803544128033175,0.039187242403025686,0.03951107427065779,0.04203758833610691,0.03968361135563159,0.04241458863925292,0.036172453061218884,0.03684971109084391,0.04768602051718037,0.03340008721259348,0.039323919090182693,0.038985822210495485,0.04196481174478556,0.04936542302107298,0.05314308845795837
