,index,age,target_label,session_id,correct_or_not,target_label_prob,airplane_prob,bear_prob,bike_prob,bird_prob,boat_prob,bowl_prob,car_prob,cat_prob,chair_prob,couch_prob,cup_prob,dog_prob,fish_prob,frog_prob,house_prob,key_prob,person_prob,phone_prob,rabbit_prob,scissors_prob,sheep_prob,train_prob,tree_prob
0,1649,5,boat,run_v31532893428063,0.0,0.05687548713360504,0.044164318651228676,0.03652499996365273,0.03765086077172828,0.038155414063063886,0.05687548713360504,0.05985636708501463,0.05165355979405725,0.037500799816864,0.04277501907864138,0.05022570205586331,0.05360676453777531,0.040240617543950766,0.036114468933886826,0.03817018802868493,0.04262175907429051,0.0427271849213618,0.040196024528333305,0.03870233751004014,0.045050634265521014,0.041089943124907505,0.039414543078088705,0.04125110578063942,0.04543190025880046
