,index,age,target_label,session_id,correct_or_not,target_label_prob,airplane_prob,bear_prob,bike_prob,bird_prob,boat_prob,bowl_prob,car_prob,cat_prob,chair_prob,couch_prob,cup_prob,dog_prob,fish_prob,frog_prob,house_prob,key_prob,person_prob,phone_prob,rabbit_prob,scissors_prob,sheep_prob,train_prob,tree_prob
0,6475,6,phone,run_v31528828941425,1.0,0.06401273782264397,0.03952218247749572,0.04198321024504005,0.03835630148413524,0.04171025913189327,0.03985056489838677,0.04246061001591996,0.04168528348916411,0.04064176752790279,0.05545047820134159,0.05227851179236227,0.05865575155187109,0.0397135271434928,0.04196880563927298,0.04326429702125989,0.0431015420845433,0.04231833033367822,0.03936148178926546,0.06401273782264397,0.04042017084921279,0.04163093650011,0.04184392816909099,0.03333225536804896,0.036437066463867726
