,index,age,target_label,session_id,correct_or_not,target_label_prob,airplane_prob,bear_prob,bike_prob,bird_prob,boat_prob,bowl_prob,car_prob,cat_prob,chair_prob,couch_prob,cup_prob,dog_prob,fish_prob,frog_prob,house_prob,key_prob,person_prob,phone_prob,rabbit_prob,scissors_prob,sheep_prob,train_prob,tree_prob
0,7769,3,sheep,run_v41540071609252,1.0,0.06655511765960502,0.03920438024848292,0.052367876014545005,0.03665017482551196,0.041908518119549154,0.04058923634634129,0.035084983618185635,0.0491286947834636,0.05015905985948805,0.04452782732468576,0.03714134878571125,0.03727980460634427,0.045758150787061344,0.04575069841360583,0.04912068891219929,0.03694520581075812,0.03414292141113366,0.03685848388043227,0.03964077605084731,0.042970549217195765,0.0406159898543243,0.06655511765960502,0.05000465351731184,0.04759485995321628
