,index,age,target_label,session_id,correct_or_not,target_label_prob,airplane_prob,bear_prob,bike_prob,bird_prob,boat_prob,bowl_prob,car_prob,cat_prob,chair_prob,couch_prob,cup_prob,dog_prob,fish_prob,frog_prob,house_prob,key_prob,person_prob,phone_prob,rabbit_prob,scissors_prob,sheep_prob,train_prob,tree_prob
0,5643,7,house,run_v31526061922561,1.0,0.08642777790668833,0.04614771558418918,0.03745917978112962,0.041780433088488216,0.039155971379243294,0.06406553341678123,0.033756593826151024,0.04273780396983501,0.03665993720017466,0.061160714192913475,0.0402602090708634,0.04001308149850407,0.03657908052766461,0.03643332361505727,0.03678170331618064,0.08642777790668833,0.04334983104863772,0.036598032242454906,0.04715492845983072,0.039031302504831965,0.03838694583551786,0.041006817972298826,0.03658928786104383,0.03846379570152016
