,index,age,target_label,session_id,correct_or_not,target_label_prob,airplane_prob,bear_prob,bike_prob,bird_prob,boat_prob,bowl_prob,car_prob,cat_prob,chair_prob,couch_prob,cup_prob,dog_prob,fish_prob,frog_prob,house_prob,key_prob,person_prob,phone_prob,rabbit_prob,scissors_prob,sheep_prob,train_prob,tree_prob
0,4317,2,dog,run_v31526753329532,0.0,0.044500880304144355,0.04564966029235633,0.03839793895388489,0.038646446384148825,0.041745215095253384,0.049201468281144606,0.05088593380551295,0.044254900672126854,0.03641514596602541,0.045042454985175596,0.038702128102838185,0.03836019520123949,0.044500880304144355,0.0494408895577127,0.04574242282106419,0.039995725081750554,0.049664657116878425,0.04337194638343476,0.05150299569380734,0.03784731434255721,0.04254605282688232,0.04039588046058804,0.0421257037350395,0.04556404393643405
