,index,age,target_label,session_id,correct_or_not,target_label_prob,airplane_prob,bear_prob,bike_prob,bird_prob,boat_prob,bowl_prob,car_prob,cat_prob,chair_prob,couch_prob,cup_prob,dog_prob,fish_prob,frog_prob,house_prob,key_prob,person_prob,phone_prob,rabbit_prob,scissors_prob,sheep_prob,train_prob,tree_prob
0,2647,3,cat,run_v41542133042136,0.0,0.04048205492629596,0.04506602204687319,0.03660564766003176,0.03519910397665324,0.037851529819861486,0.047971465487111876,0.0757866471329251,0.04291348941905515,0.04048205492629596,0.044604304651846914,0.04846958528626597,0.03694849051000319,0.04156671382639809,0.057394301652182594,0.03600577193283478,0.03372073711011503,0.04716060043929174,0.041034269794802715,0.03522746832238503,0.034404312003355884,0.040118985081851674,0.04176827321327951,0.053588177052329655,0.04611204865424941
