,index,age,target_label,session_id,correct_or_not,target_label_prob,airplane_prob,bear_prob,bike_prob,bird_prob,boat_prob,bowl_prob,car_prob,cat_prob,chair_prob,couch_prob,cup_prob,dog_prob,fish_prob,frog_prob,house_prob,key_prob,person_prob,phone_prob,rabbit_prob,scissors_prob,sheep_prob,train_prob,tree_prob
0,1001,4,bike,run_v31532196800622,0.0,0.0513969746170023,0.041752185826247394,0.05741213531400009,0.0513969746170023,0.04544404951444969,0.043063251626852615,0.04072842936444163,0.03913336766025687,0.048486380286861856,0.03927778134740143,0.03286306240276945,0.040105959499269615,0.04299180223671372,0.04976746304800354,0.05136966757478474,0.03535120862379723,0.03964470009475148,0.04607075502367744,0.034302080005869436,0.06199296710716116,0.039318198370538134,0.044265791393649834,0.03670553066356457,0.03855625839793582
