,index,age,target_label,session_id,correct_or_not,target_label_prob,airplane_prob,bear_prob,bike_prob,bird_prob,boat_prob,bowl_prob,car_prob,cat_prob,chair_prob,couch_prob,cup_prob,dog_prob,fish_prob,frog_prob,house_prob,key_prob,person_prob,phone_prob,rabbit_prob,scissors_prob,sheep_prob,train_prob,tree_prob
0,6851,2,rabbit,run_v31531851939831,1.0,0.06027998303694082,0.04285026856540536,0.05384856607959486,0.029624223678768727,0.04462237423385123,0.04206568777542197,0.035180849480743376,0.046721656467229,0.04953399202849969,0.0406989223850134,0.03816022796866559,0.036862073814567804,0.04951663017383754,0.044261515454525065,0.05952296339290082,0.03862707579550343,0.037306857716044986,0.038741293574685136,0.04298180977206941,0.06027998303694082,0.03341199541276536,0.05015327168663691,0.04451510955478339,0.04051265195154625
