,index,age,target_label,session_id,correct_or_not,target_label_prob,airplane_prob,bear_prob,bike_prob,bird_prob,boat_prob,bowl_prob,car_prob,cat_prob,chair_prob,couch_prob,cup_prob,dog_prob,fish_prob,frog_prob,house_prob,key_prob,person_prob,phone_prob,rabbit_prob,scissors_prob,sheep_prob,train_prob,tree_prob
0,6241,2,person,run_v31532807554781,1.0,0.0549445704126052,0.04862619144736505,0.04956317849157348,0.04556289245185522,0.04685459939919473,0.04346534834781817,0.03835102400248911,0.038582094739738254,0.04908929896769392,0.0383655573935198,0.03995611330721108,0.04610697927461807,0.04351331987724235,0.04663227584328303,0.04501358321914511,0.035857788579144734,0.04136255465055277,0.0549445704126052,0.0366517324513373,0.04228910774226851,0.041886870048043104,0.042717533693971584,0.0443711176630991,0.040236267996230424
