,index,age,target_label,session_id,correct_or_not,target_label_prob,airplane_prob,bear_prob,bike_prob,bird_prob,boat_prob,bowl_prob,car_prob,cat_prob,chair_prob,couch_prob,cup_prob,dog_prob,fish_prob,frog_prob,house_prob,key_prob,person_prob,phone_prob,rabbit_prob,scissors_prob,sheep_prob,train_prob,tree_prob
0,170,3,airplane,run_v31531338718908,1.0,0.06412797347772137,0.06412797347772137,0.03928853624603508,0.04489726527179958,0.04411875528659087,0.05138170309255679,0.040179655327078165,0.04170534942099146,0.044214210238224465,0.0350251130838957,0.039208091087842546,0.041715502645018214,0.04022196837443337,0.05285104274962911,0.03611631837030146,0.0465254090402704,0.037271318725180226,0.041471661268763844,0.03602165088196191,0.040367485055662414,0.05435475529497756,0.03970545775734154,0.04760119884479109,0.041629578458932795
