,index,age,target_label,session_id,correct_or_not,target_label_prob,airplane_prob,bear_prob,bike_prob,bird_prob,boat_prob,bowl_prob,car_prob,cat_prob,chair_prob,couch_prob,cup_prob,dog_prob,fish_prob,frog_prob,house_prob,key_prob,person_prob,phone_prob,rabbit_prob,scissors_prob,sheep_prob,train_prob,tree_prob
0,2137,10,bowl,run_v31532114536745,1.0,0.10484413392490889,0.03126129125345079,0.040542435027528224,0.035053042389127015,0.03576328510520369,0.05574608101242665,0.10484413392490889,0.035454538698653476,0.03422684387528726,0.039037091114330576,0.04110600111093099,0.06727771353677213,0.040012377995385554,0.046237348069809635,0.04071100928991145,0.034834392225519345,0.03895357647407229,0.04204714940052386,0.04427163964366761,0.040294340690543516,0.03491768782768126,0.03797299001768133,0.04154496762450215,0.037890063692082365
