,index,age,target_label,session_id,correct_or_not,target_label_prob,airplane_prob,bear_prob,bike_prob,bird_prob,boat_prob,bowl_prob,car_prob,cat_prob,chair_prob,couch_prob,cup_prob,dog_prob,fish_prob,frog_prob,house_prob,key_prob,person_prob,phone_prob,rabbit_prob,scissors_prob,sheep_prob,train_prob,tree_prob
0,7388,6,scissors,run_v41542049900608,1.0,0.06347810656122932,0.04319772100828824,0.048393208857959454,0.03232878486871317,0.04633425145292162,0.041274259408116555,0.04745291203578451,0.03723442677987118,0.047676510033551174,0.036471089453291375,0.04034284673100141,0.04460962474327561,0.04656207623581048,0.046395181073269946,0.04483039264728562,0.037321825993610044,0.043071774921630716,0.04278340347175322,0.03665368244543704,0.04622573760136921,0.06347810656122932,0.04525533286567401,0.03865120829035985,0.04345564251979651
