,index,age,target_label,session_id,correct_or_not,target_label_prob,airplane_prob,bear_prob,bike_prob,bird_prob,boat_prob,bowl_prob,car_prob,cat_prob,chair_prob,couch_prob,cup_prob,dog_prob,fish_prob,frog_prob,house_prob,key_prob,person_prob,phone_prob,rabbit_prob,scissors_prob,sheep_prob,train_prob,tree_prob
0,4077,7,cup,run_v31532730363351,0.0,0.06155325095181754,0.042412602603693006,0.0368613464335643,0.03751093651396842,0.040531308817022854,0.05288676002466635,0.07175759753326139,0.04214282165846783,0.032229903315566584,0.04195172497450741,0.04415204232950984,0.06155325095181754,0.03884170495386686,0.04235407523224612,0.039976036091150795,0.05029234261044058,0.04033140799548751,0.038144097945594466,0.049605286966388856,0.036032182793477086,0.036583501584320964,0.042385479575146434,0.04031099042624561,0.04115259866958925
