,index,age,target_label,session_id,correct_or_not,target_label_prob,airplane_prob,bear_prob,bike_prob,bird_prob,boat_prob,bowl_prob,car_prob,cat_prob,chair_prob,couch_prob,cup_prob,dog_prob,fish_prob,frog_prob,house_prob,key_prob,person_prob,phone_prob,rabbit_prob,scissors_prob,sheep_prob,train_prob,tree_prob
0,400,3,bear,run_v41542066236605,0.0,0.04645516989213435,0.03889334739083706,0.04645516989213435,0.0279235452301121,0.04543824734804018,0.034020798899494185,0.04546182454341993,0.03862816032200778,0.04524953139330132,0.03596661983400321,0.03125144162358718,0.04215134655583155,0.04431264683924505,0.03620877632745564,0.04665152298346944,0.03685346953509198,0.07979956170611559,0.04599948754433621,0.04159271662339813,0.04230863014681663,0.058714716689702975,0.04898498206895804,0.034719515956790535,0.05241394054585109
