,index,age,target_label,session_id,correct_or_not,target_label_prob,airplane_prob,bear_prob,bike_prob,bird_prob,boat_prob,bowl_prob,car_prob,cat_prob,chair_prob,couch_prob,cup_prob,dog_prob,fish_prob,frog_prob,house_prob,key_prob,person_prob,phone_prob,rabbit_prob,scissors_prob,sheep_prob,train_prob,tree_prob
0,514,3,bear,run_v41537643264091,0.0,0.04298984767154393,0.048945923418447806,0.04298984767154393,0.03892915163267008,0.04240975232350762,0.044900078583456196,0.04650670416499032,0.03676068050557089,0.04232862293153336,0.05078465362559385,0.04523056538352747,0.03890131323132469,0.04261533689365308,0.04131621457819624,0.04322005991517034,0.036561226099388895,0.045308268380615406,0.050963999545049085,0.040014444421687015,0.037058037933391685,0.05237187332683522,0.0445361074615158,0.04236418126274442,0.04498295670958646
