,index,age,target_label,session_id,correct_or_not,target_label_prob,airplane_prob,bear_prob,bike_prob,bird_prob,boat_prob,bowl_prob,car_prob,cat_prob,chair_prob,couch_prob,cup_prob,dog_prob,fish_prob,frog_prob,house_prob,key_prob,person_prob,phone_prob,rabbit_prob,scissors_prob,sheep_prob,train_prob,tree_prob
0,4298,3,dog,run_v31532553380548,0.0,0.046638627202032074,0.03815743534251925,0.041119743920212184,0.04056680549167419,0.039874188570272424,0.039130579443327373,0.03974960928888823,0.04496913885191209,0.040701200657451204,0.05763273375292594,0.039617418573173115,0.03772425251893336,0.046638627202032074,0.04277134034129354,0.03945178760402444,0.03701688596225905,0.0457760154608251,0.059492158928727876,0.04258497467398984,0.039269569942928476,0.04450365845703189,0.04344849881398536,0.04594595602121179,0.05385742018040106
