,index,age,target_label,session_id,correct_or_not,target_label_prob,airplane_prob,bear_prob,bike_prob,bird_prob,boat_prob,bowl_prob,car_prob,cat_prob,chair_prob,couch_prob,cup_prob,dog_prob,fish_prob,frog_prob,house_prob,key_prob,person_prob,phone_prob,rabbit_prob,scissors_prob,sheep_prob,train_prob,tree_prob
0,100,5,airplane,run_v31529435700868,0.0,0.051354438663421924,0.051354438663421924,0.03633892605412145,0.0471630526959021,0.0440169110364174,0.04291893889227486,0.0368927972806616,0.043227276244824704,0.04000938745331926,0.051101712624392455,0.03856277853925808,0.03900857996828474,0.04307658678690452,0.05771050325717332,0.03776826162801685,0.05388866782639455,0.039548201871532886,0.05510500032763216,0.03076752090605693,0.041751500388008095,0.049588928777360465,0.03734308658748856,0.04039565750139285,0.04246128468916021
