,index,age,target_label,session_id,correct_or_not,target_label_prob,airplane_prob,bear_prob,bike_prob,bird_prob,boat_prob,bowl_prob,car_prob,cat_prob,chair_prob,couch_prob,cup_prob,dog_prob,fish_prob,frog_prob,house_prob,key_prob,person_prob,phone_prob,rabbit_prob,scissors_prob,sheep_prob,train_prob,tree_prob
0,5794,6,key,run_v41541366198074,1.0,0.07858218708676112,0.03683807700113083,0.03825543242261838,0.04056280574254893,0.04104552191641647,0.04317615419165782,0.03849867273163965,0.04463530307550882,0.03883486172093779,0.04523829437560502,0.03903197451865232,0.037386981267720644,0.04058443587800332,0.042363044417398715,0.0528283829939829,0.036838369146852804,0.07858218708676112,0.03446469251125041,0.04710428554257986,0.03722837451511237,0.04411276921606186,0.06359577187074399,0.04804216932585348,0.03075143853096247
