,index,age,target_label,session_id,correct_or_not,target_label_prob,airplane_prob,bear_prob,bike_prob,bird_prob,boat_prob,bowl_prob,car_prob,cat_prob,chair_prob,couch_prob,cup_prob,dog_prob,fish_prob,frog_prob,house_prob,key_prob,person_prob,phone_prob,rabbit_prob,scissors_prob,sheep_prob,train_prob,tree_prob
0,1475,5,bird,run_v31529174036398,0.0,0.04135146393878876,0.04962959606762276,0.03945121787674651,0.06383794250871061,0.04135146393878876,0.05134054121712256,0.0394135030724128,0.044379570198906156,0.03902462729423106,0.04776049260254908,0.04238619609199625,0.03890078328970929,0.0443540192651695,0.04831388310669292,0.03993301963833154,0.026511970292824472,0.052344233634498444,0.041016648961887205,0.035321974817976574,0.04136511274119018,0.048833047449917524,0.03924795530731387,0.04035539277653436,0.04492680784886755
