,index,age,target_label,session_id,correct_or_not,target_label_prob,airplane_prob,bear_prob,bike_prob,bird_prob,boat_prob,bowl_prob,car_prob,cat_prob,chair_prob,couch_prob,cup_prob,dog_prob,fish_prob,frog_prob,house_prob,key_prob,person_prob,phone_prob,rabbit_prob,scissors_prob,sheep_prob,train_prob,tree_prob
0,6315,3,person,run_v31532543382612,0.0,0.048834031043155576,0.05538744354099497,0.041429918815143095,0.030661905629714888,0.05149275070179199,0.04220707585482366,0.03815344260987878,0.039812008413753354,0.043064982822241894,0.04596742081007574,0.04343683239099791,0.042170707613234444,0.04608218494128349,0.04326493099829432,0.037700191757786924,0.03424717818487779,0.0425187304950178,0.048834031043155576,0.04299851543802674,0.0438491999867831,0.04118915101461968,0.04840861460390359,0.04563513866654172,0.05148764366705862
