,index,age,target_label,session_id,correct_or_not,target_label_prob,airplane_prob,bear_prob,bike_prob,bird_prob,boat_prob,bowl_prob,car_prob,cat_prob,chair_prob,couch_prob,cup_prob,dog_prob,fish_prob,frog_prob,house_prob,key_prob,person_prob,phone_prob,rabbit_prob,scissors_prob,sheep_prob,train_prob,tree_prob
0,8388,3,tree,run_v31535749832868,0.0,0.05236424476180656,0.048367082972716316,0.04447472780158003,0.04064057057956467,0.04261919625588697,0.05336727066000451,0.04618467342429205,0.03824763396785381,0.03887681022991757,0.04392547478915673,0.03575649693318842,0.03424697386541505,0.040497103744910036,0.04351971932420488,0.040590653445650646,0.041855292735499636,0.03969951510576394,0.05644274644371168,0.04465851441296903,0.036273179944583483,0.05610716858534339,0.04101036144589513,0.04027458857008526,0.05236424476180656
