,index,age,target_label,session_id,correct_or_not,target_label_prob,airplane_prob,bear_prob,bike_prob,bird_prob,boat_prob,bowl_prob,car_prob,cat_prob,chair_prob,couch_prob,cup_prob,dog_prob,fish_prob,frog_prob,house_prob,key_prob,person_prob,phone_prob,rabbit_prob,scissors_prob,sheep_prob,train_prob,tree_prob
0,5439,3,house,run_v31534028038620,0.0,0.06204187452102644,0.04012171997550799,0.041076345458693396,0.03695309702001043,0.03516485331370901,0.04179628379205903,0.035761181283722944,0.038178533240355826,0.04035520775468573,0.06602207356826999,0.07244171394385608,0.04500903849853733,0.042950619235520376,0.041850357756056146,0.03676258576453695,0.06204187452102644,0.03643164665454564,0.03310732706623045,0.04980327508829661,0.039738923672167865,0.03250224475016297,0.036995179130073254,0.05406624754379679,0.04086967096817893
