,index,age,target_label,session_id,correct_or_not,target_label_prob,airplane_prob,bear_prob,bike_prob,bird_prob,boat_prob,bowl_prob,car_prob,cat_prob,chair_prob,couch_prob,cup_prob,dog_prob,fish_prob,frog_prob,house_prob,key_prob,person_prob,phone_prob,rabbit_prob,scissors_prob,sheep_prob,train_prob,tree_prob
0,2307,4,car,run_v31532806070697,0.0,0.053548725651379296,0.035924252981001416,0.04232785057229001,0.05443127970825258,0.036297848159575465,0.04435835285265813,0.030698496009654692,0.053548725651379296,0.04173639168687163,0.05154098546501701,0.06561156398171272,0.03360011876962079,0.04250999449424647,0.042204761419883975,0.045998110448460826,0.0431150463448198,0.037188627740369164,0.0349510647889836,0.06519794584911585,0.04204654122872142,0.047320747547149614,0.03138761862859803,0.03964249428577624,0.03836118138584116
