,index,age,target_label,session_id,correct_or_not,target_label_prob,airplane_prob,bear_prob,bike_prob,bird_prob,boat_prob,bowl_prob,car_prob,cat_prob,chair_prob,couch_prob,cup_prob,dog_prob,fish_prob,frog_prob,house_prob,key_prob,person_prob,phone_prob,rabbit_prob,scissors_prob,sheep_prob,train_prob,tree_prob
0,3985,3,cup,run_v31534796290724,0.0,0.045224064359423416,0.03734791231936039,0.03998462579639334,0.04418020535745445,0.03952045806717362,0.03347254296245933,0.03951225151058801,0.04462327064724214,0.04026711466640073,0.06823543706190968,0.03825511055398158,0.045224064359423416,0.04340348406462643,0.039444378838727964,0.04223072627065919,0.03756487675146773,0.03750664946887484,0.05263703529765445,0.044406365332131686,0.04214200271232364,0.054237103367351484,0.04360093813503011,0.043836991415821584,0.048366455042944234
