,index,age,target_label,session_id,correct_or_not,target_label_prob,airplane_prob,bear_prob,bike_prob,bird_prob,boat_prob,bowl_prob,car_prob,cat_prob,chair_prob,couch_prob,cup_prob,dog_prob,fish_prob,frog_prob,house_prob,key_prob,person_prob,phone_prob,rabbit_prob,scissors_prob,sheep_prob,train_prob,tree_prob
0,8434,3,tree,run_v31535052349334,0.0,0.03776292108385778,0.03771362082490865,0.04606443343806665,0.04242589680674967,0.039591551599608026,0.036472559847038524,0.04435991842338655,0.04497521576786418,0.042126622246234376,0.03980936166821238,0.04123318792686168,0.04136632736169562,0.0435194079746663,0.04079335469073881,0.06145045951179022,0.034353282970179096,0.06142585201395755,0.04265664551650483,0.038431044694922076,0.04251841206215527,0.04973710354567368,0.048768228139894225,0.042444591885033696,0.03776292108385778
