,index,age,target_label,session_id,correct_or_not,target_label_prob,airplane_prob,bear_prob,bike_prob,bird_prob,boat_prob,bowl_prob,car_prob,cat_prob,chair_prob,couch_prob,cup_prob,dog_prob,fish_prob,frog_prob,house_prob,key_prob,person_prob,phone_prob,rabbit_prob,scissors_prob,sheep_prob,train_prob,tree_prob
0,8455,3,tree,run_v31535826867012,0.0,0.047606465231416706,0.043453862517980245,0.04020710756230402,0.03921084466654819,0.042916784846079956,0.04593117148297559,0.039039766286024874,0.04251929695518767,0.04223193243144253,0.04254323468445555,0.0426571514276588,0.04552505429826908,0.04646330262980927,0.04902112131436888,0.04048415324433142,0.04278495180158995,0.03665782317499988,0.052074449343698655,0.03864461938719526,0.042906190122125265,0.04720910554610302,0.04411230562212091,0.04579930542331435,0.047606465231416706
