,index,age,target_label,session_id,correct_or_not,target_label_prob,airplane_prob,bear_prob,bike_prob,bird_prob,boat_prob,bowl_prob,car_prob,cat_prob,chair_prob,couch_prob,cup_prob,dog_prob,fish_prob,frog_prob,house_prob,key_prob,person_prob,phone_prob,rabbit_prob,scissors_prob,sheep_prob,train_prob,tree_prob
0,6245,7,person,run_v31532978289131,1.0,0.07708422046177885,0.03880456896602099,0.05306842462888594,0.03737917507119706,0.050198202950847474,0.038429979339859976,0.039320742667857164,0.039286866239107286,0.04254377162639455,0.03988253372530798,0.03936243348235997,0.03908824049607281,0.04474957738051905,0.04718921254677683,0.04477041289647045,0.03521095888539394,0.04704350227022267,0.07708422046177885,0.03778455334236754,0.03543766131105348,0.04101528093370542,0.03823382780372272,0.040171779889489605,0.05394407308458811
