,index,age,target_label,session_id,correct_or_not,target_label_prob,airplane_prob,bear_prob,bike_prob,bird_prob,boat_prob,bowl_prob,car_prob,cat_prob,chair_prob,couch_prob,cup_prob,dog_prob,fish_prob,frog_prob,house_prob,key_prob,person_prob,phone_prob,rabbit_prob,scissors_prob,sheep_prob,train_prob,tree_prob
0,1771,3,boat,run_v31533672440996,0.0,0.034173936061182394,0.043954265453104636,0.04755369170075713,0.03824395236537167,0.036094877074950536,0.034173936061182394,0.039241000944015884,0.039000418584309145,0.035245825937546466,0.07519032200853688,0.03530467393437843,0.04562862151081969,0.0355400737835741,0.04068155948523263,0.04129902208279535,0.06739435228687232,0.0427345148611527,0.046992331575899174,0.03482977185620336,0.03857434712883537,0.04627248574637288,0.04581498819924387,0.046217278847785113,0.044017688571060254
