,index,age,target_label,session_id,correct_or_not,target_label_prob,airplane_prob,bear_prob,bike_prob,bird_prob,boat_prob,bowl_prob,car_prob,cat_prob,chair_prob,couch_prob,cup_prob,dog_prob,fish_prob,frog_prob,house_prob,key_prob,person_prob,phone_prob,rabbit_prob,scissors_prob,sheep_prob,train_prob,tree_prob
0,4674,6,fish,run_v31534373946851,0.0,0.0383376247957198,0.03626610659097997,0.038635105533859626,0.03539455656922964,0.04827524456005688,0.04011684148657502,0.04216393228071928,0.044371891091930606,0.03382883365272431,0.04156804139855218,0.04357638550148989,0.04234562458641141,0.04154530364872293,0.0383376247957198,0.04337995897222932,0.039932063475652195,0.04051723844949343,0.04196479754922508,0.05946716419480814,0.043903346795450306,0.05742703840646404,0.04526786380998216,0.0521409162380205,0.04957412041170305
