,index,age,target_label,session_id,correct_or_not,target_label_prob,airplane_prob,bear_prob,bike_prob,bird_prob,boat_prob,bowl_prob,car_prob,cat_prob,chair_prob,couch_prob,cup_prob,dog_prob,fish_prob,frog_prob,house_prob,key_prob,person_prob,phone_prob,rabbit_prob,scissors_prob,sheep_prob,train_prob,tree_prob
0,7815,3,sheep,run_v41541288589117,1.0,0.056436982306772604,0.03813563317951272,0.04648015003934877,0.0404261117523156,0.04202150789574667,0.03973539681846624,0.04140388589789825,0.05388988699366498,0.04674519230800527,0.035721486100003086,0.032072781474792915,0.03474532623015397,0.04630136856625768,0.04253509577089092,0.04990056831377208,0.04331384761203568,0.035131117133353706,0.054341587992720326,0.04582827939921201,0.038818191087597105,0.042095742046917316,0.056436982306772604,0.0425104614267285,0.051409399653833385
