,index,age,target_label,session_id,correct_or_not,target_label_prob,airplane_prob,bear_prob,bike_prob,bird_prob,boat_prob,bowl_prob,car_prob,cat_prob,chair_prob,couch_prob,cup_prob,dog_prob,fish_prob,frog_prob,house_prob,key_prob,person_prob,phone_prob,rabbit_prob,scissors_prob,sheep_prob,train_prob,tree_prob
0,2098,10,bowl,run_v31531952560214,1.0,0.11198602848838021,0.03366488146060462,0.03983740126534854,0.037118903488136956,0.03815494079921968,0.06801412917073195,0.11198602848838021,0.042132369608968684,0.03485675988804727,0.0393673187476399,0.04128150334422438,0.05277965427581155,0.032815006791222005,0.040517742469314874,0.034698230003164215,0.03604480745210704,0.04954424139643514,0.039281334014818065,0.03515451795057111,0.03984501030546337,0.04091894171312052,0.032039888729777866,0.03682087513951206,0.04312551349737988
