,index,age,target_label,session_id,correct_or_not,target_label_prob,airplane_prob,bear_prob,bike_prob,bird_prob,boat_prob,bowl_prob,car_prob,cat_prob,chair_prob,couch_prob,cup_prob,dog_prob,fish_prob,frog_prob,house_prob,key_prob,person_prob,phone_prob,rabbit_prob,scissors_prob,sheep_prob,train_prob,tree_prob
0,8140,10,train,run_v41537649559247,0.0,0.05149226715066065,0.035844884700459656,0.03554818961388303,0.06716181327203966,0.035263970975632615,0.05876621821457859,0.0303669347682765,0.04230023762411276,0.03669968208216575,0.08432822915664459,0.05650364156328131,0.044225018693304405,0.03466635537403288,0.03237194805434951,0.031420563564943146,0.05727131075863455,0.04179681281060248,0.040084586864499526,0.0497484916910151,0.03406912436017544,0.03407687165732766,0.03718412241459626,0.05149226715066065,0.02880872463478372
