,index,age,target_label,session_id,correct_or_not,target_label_prob,airplane_prob,bear_prob,bike_prob,bird_prob,boat_prob,bowl_prob,car_prob,cat_prob,chair_prob,couch_prob,cup_prob,dog_prob,fish_prob,frog_prob,house_prob,key_prob,person_prob,phone_prob,rabbit_prob,scissors_prob,sheep_prob,train_prob,tree_prob
0,4503,6,dog,run_v31535839162986,0.0,0.042154926402235025,0.042926316274260405,0.038513243446743846,0.037441019316712336,0.05057035729705648,0.04590288613080565,0.04686939099000771,0.04057472328692183,0.03982793936616936,0.0410995613456105,0.04375514274602409,0.04314295607520613,0.042154926402235025,0.049169354596478594,0.045664279970424194,0.034428580715747045,0.04440913707249457,0.04318324952362666,0.04232551273719425,0.0407661988052388,0.04677604321949247,0.05020327699819668,0.04429060056831989,0.046005303115033425
