,index,age,target_label,session_id,correct_or_not,target_label_prob,airplane_prob,bear_prob,bike_prob,bird_prob,boat_prob,bowl_prob,car_prob,cat_prob,chair_prob,couch_prob,cup_prob,dog_prob,fish_prob,frog_prob,house_prob,key_prob,person_prob,phone_prob,rabbit_prob,scissors_prob,sheep_prob,train_prob,tree_prob
0,8574,4,tree,run_v31533838239709,1.0,0.06645173217695437,0.04842789306170194,0.04814349264485295,0.03783197395619768,0.04314382493291196,0.04366849862705163,0.03771527124271556,0.03421456735215851,0.03864925834693389,0.04683173102049795,0.04061511167372042,0.03805164942629278,0.045750687196915364,0.044892955295002326,0.04344247640236398,0.0417223388890879,0.03622441525205682,0.05655707297110592,0.03615146949524518,0.036903115954340024,0.048501184343250535,0.047315209345463675,0.03879407039317848,0.06645173217695437
