,index,age,target_label,session_id,correct_or_not,target_label_prob,airplane_prob,bear_prob,bike_prob,bird_prob,boat_prob,bowl_prob,car_prob,cat_prob,chair_prob,couch_prob,cup_prob,dog_prob,fish_prob,frog_prob,house_prob,key_prob,person_prob,phone_prob,rabbit_prob,scissors_prob,sheep_prob,train_prob,tree_prob
0,419,6,bear,run_v41540158423085,1.0,0.05664297419573445,0.03907967989799746,0.05664297419573445,0.04996340750028806,0.042590765634294814,0.04114198937783725,0.05197525405168633,0.0381584415256905,0.045667573964876015,0.04665011392313976,0.0349714991684432,0.04422084836395276,0.04528131392244687,0.04083991043428748,0.05262943938682321,0.03716724627219692,0.03795988092261847,0.048935401077959954,0.03552789107482567,0.04323720400425512,0.04031650609778721,0.044734403464240825,0.04240070825586464,0.03990754748275318
