,index,age,target_label,session_id,correct_or_not,target_label_prob,airplane_prob,bear_prob,bike_prob,bird_prob,boat_prob,bowl_prob,car_prob,cat_prob,chair_prob,couch_prob,cup_prob,dog_prob,fish_prob,frog_prob,house_prob,key_prob,person_prob,phone_prob,rabbit_prob,scissors_prob,sheep_prob,train_prob,tree_prob
0,2395,9,car,run_v31535835392923,0.0,0.04626412211287065,0.04581905258197829,0.04031063533330598,0.04087999281445849,0.03803614967410046,0.046220180688765294,0.03761771829246249,0.04626412211287065,0.04574508584202744,0.04177838519744855,0.04894086489901911,0.036857788347750636,0.040146617467916104,0.044462255386411534,0.044981763090710704,0.040762471613051916,0.04069399474329093,0.04130925504685571,0.04742127124509081,0.05140306194272588,0.04850759506585895,0.04375430759702783,0.04275492911201231,0.045332501904859844
