,index,age,target_label,session_id,correct_or_not,target_label_prob,airplane_prob,bear_prob,bike_prob,bird_prob,boat_prob,bowl_prob,car_prob,cat_prob,chair_prob,couch_prob,cup_prob,dog_prob,fish_prob,frog_prob,house_prob,key_prob,person_prob,phone_prob,rabbit_prob,scissors_prob,sheep_prob,train_prob,tree_prob
0,5169,6,frog,run_v41541278091520,0.0,0.054046121179872154,0.03493828549734877,0.05547630233325502,0.054099563776453724,0.03788561380485583,0.04079854013303623,0.036305041466214945,0.03940195822481432,0.0506971858008178,0.039592747205218166,0.036809195755161284,0.03695928123186442,0.04779471305141708,0.037316504766318634,0.054046121179872154,0.04281590151833525,0.04039771706433343,0.042774258187892704,0.04117478154833171,0.058362575071494616,0.04358421715534477,0.0465485001219812,0.042290398652827625,0.039930596452810115
