,index,age,target_label,session_id,correct_or_not,target_label_prob,airplane_prob,bear_prob,bike_prob,bird_prob,boat_prob,bowl_prob,car_prob,cat_prob,chair_prob,couch_prob,cup_prob,dog_prob,fish_prob,frog_prob,house_prob,key_prob,person_prob,phone_prob,rabbit_prob,scissors_prob,sheep_prob,train_prob,tree_prob
0,6398,4,person,run_v31532714767665,1.0,0.0733160270514095,0.04168557024386664,0.04441715122838338,0.04194167579193657,0.04262575896619184,0.04336201030587441,0.04048777724263813,0.03527746047259192,0.04433823481882866,0.04903498249072351,0.03503697753818787,0.04354672689113748,0.04253683657966584,0.03751657993763902,0.03838167909999893,0.036675560535066876,0.05601727155028468,0.0733160270514095,0.03553573860335372,0.04705031398073274,0.04586214557713408,0.03587355134050066,0.03939157020487138,0.05008839954898229
