,index,age,target_label,session_id,correct_or_not,target_label_prob,airplane_prob,bear_prob,bike_prob,bird_prob,boat_prob,bowl_prob,car_prob,cat_prob,chair_prob,couch_prob,cup_prob,dog_prob,fish_prob,frog_prob,house_prob,key_prob,person_prob,phone_prob,rabbit_prob,scissors_prob,sheep_prob,train_prob,tree_prob
0,852,10,bike,run_v31531508396519,1.0,0.08287806144246884,0.04717917772052869,0.03642335400712414,0.08287806144246884,0.03444620336997031,0.04269667017885619,0.04610658885869575,0.06128844499961123,0.035277143661898075,0.044374344961327375,0.045803659486213816,0.043528468010028895,0.0354600377562772,0.04563295459588063,0.03613355321718145,0.042370434141835264,0.04034327770642174,0.03831648920046434,0.03442610635018622,0.0374655609736939,0.03687182396278038,0.031390744973748594,0.06317355951533007,0.03841334090947672
