,index,age,target_label,session_id,correct_or_not,target_label_prob,airplane_prob,bear_prob,bike_prob,bird_prob,boat_prob,bowl_prob,car_prob,cat_prob,chair_prob,couch_prob,cup_prob,dog_prob,fish_prob,frog_prob,house_prob,key_prob,person_prob,phone_prob,rabbit_prob,scissors_prob,sheep_prob,train_prob,tree_prob
0,4004,5,cup,run_v31533757780040,0.0,0.05070816902156884,0.043501142382319564,0.04494199993452322,0.0440810635629822,0.04255338440108073,0.03793111594605736,0.04499158597732368,0.043604234432250324,0.04324867064011872,0.038518512423911196,0.04058220821397213,0.05070816902156884,0.041665130967154296,0.03965714754668375,0.04413479640839975,0.04090625090986986,0.06443247373110476,0.03821954987943816,0.04336799332374826,0.044596713942732735,0.048980230514815024,0.03866009724235436,0.038635498684337195,0.04208202991325389
