,index,age,target_label,session_id,correct_or_not,target_label_prob,airplane_prob,bear_prob,bike_prob,bird_prob,boat_prob,bowl_prob,car_prob,cat_prob,chair_prob,couch_prob,cup_prob,dog_prob,fish_prob,frog_prob,house_prob,key_prob,person_prob,phone_prob,rabbit_prob,scissors_prob,sheep_prob,train_prob,tree_prob
0,7562,2,sheep,run_v41539459134057,1.0,0.05532471772396643,0.043152634616192946,0.0421765650345433,0.04298402405769702,0.04358173359159692,0.04814123421555845,0.0480165705415036,0.03773723885968534,0.04033285766495324,0.04550906124875094,0.04041706711373147,0.04789280280734839,0.04001864885317021,0.040299714503322086,0.034749778922856925,0.04758530075960149,0.04853475065869133,0.04321226684415747,0.034790580740245367,0.03692657137125056,0.05220794874325931,0.05532471772396643,0.04676907825480465,0.039638852873112564
