,index,age,target_label,session_id,correct_or_not,target_label_prob,airplane_prob,bear_prob,bike_prob,bird_prob,boat_prob,bowl_prob,car_prob,cat_prob,chair_prob,couch_prob,cup_prob,dog_prob,fish_prob,frog_prob,house_prob,key_prob,person_prob,phone_prob,rabbit_prob,scissors_prob,sheep_prob,train_prob,tree_prob
0,138,2,airplane,run_v31530726880498,1.0,0.05201985370999815,0.05201985370999815,0.039137535680197386,0.0463053180603004,0.046214927202101796,0.049860685619155076,0.039207876135119675,0.042430088440719466,0.039807659728809765,0.03513836899958484,0.046500466936421916,0.047499116789279344,0.03882306668466645,0.04970287362845053,0.03788073585451547,0.043094277609300305,0.040426752546128424,0.04507354167431742,0.050606572855278226,0.039717798395237265,0.03944752870170359,0.04019340003493154,0.0427735624140031,0.04813799229977984
