,index,age,target_label,session_id,correct_or_not,target_label_prob,airplane_prob,bear_prob,bike_prob,bird_prob,boat_prob,bowl_prob,car_prob,cat_prob,chair_prob,couch_prob,cup_prob,dog_prob,fish_prob,frog_prob,house_prob,key_prob,person_prob,phone_prob,rabbit_prob,scissors_prob,sheep_prob,train_prob,tree_prob
0,7327,5,scissors,run_v41541885475463,0.0,0.04229909487873548,0.04274107781191711,0.03925357044558199,0.053009647547560254,0.043596193698443655,0.04621675564473728,0.035909707498865684,0.04274924075141191,0.04161488240052636,0.049376885725001186,0.03922626758902323,0.047656344716733585,0.040896598829704985,0.04625851441600439,0.039582255004125974,0.04377885347678371,0.05584552361422625,0.036851427450873823,0.042768096475152166,0.040968014215687215,0.04229909487873548,0.03608157931927482,0.04750366060109021,0.04581580788853854
