,index,age,target_label,session_id,correct_or_not,target_label_prob,airplane_prob,bear_prob,bike_prob,bird_prob,boat_prob,bowl_prob,car_prob,cat_prob,chair_prob,couch_prob,cup_prob,dog_prob,fish_prob,frog_prob,house_prob,key_prob,person_prob,phone_prob,rabbit_prob,scissors_prob,sheep_prob,train_prob,tree_prob
0,7338,4,scissors,run_v41541626662006,1.0,0.08136393302701446,0.05100331673511313,0.03831859741627354,0.04812276555718199,0.03960551634238211,0.04547903590620047,0.03996322419158869,0.047712988312445526,0.05039257832413597,0.0415102359578072,0.03238528522166719,0.03731632902764355,0.04199438826041189,0.04848024555872051,0.03811936355633048,0.0355781184199905,0.043289873804418226,0.03388306736225342,0.04035192069742628,0.04460958884819931,0.08136393302701446,0.04146719295451032,0.046108025480067094,0.032944409038218
