,index,age,target_label,session_id,correct_or_not,target_label_prob,airplane_prob,bear_prob,bike_prob,bird_prob,boat_prob,bowl_prob,car_prob,cat_prob,chair_prob,couch_prob,cup_prob,dog_prob,fish_prob,frog_prob,house_prob,key_prob,person_prob,phone_prob,rabbit_prob,scissors_prob,sheep_prob,train_prob,tree_prob
0,7520,7,scissors,run_v41541877471753,1.0,0.05949766490431377,0.04794643316250457,0.038834368791525735,0.0414587154485972,0.04254673563237386,0.03715871978627534,0.0403741913259923,0.047190072345336016,0.04039893949719036,0.04401044456248171,0.03567830979970806,0.04559058112286273,0.0376876347462689,0.04010421194391507,0.04557919669446962,0.04550215900442393,0.0481667401885047,0.037671982920789424,0.05156082094616697,0.046377009260172304,0.05949766490431377,0.04210315690201821,0.045158117914899876,0.03940379309920948
