,index,age,target_label,session_id,correct_or_not,target_label_prob,airplane_prob,bear_prob,bike_prob,bird_prob,boat_prob,bowl_prob,car_prob,cat_prob,chair_prob,couch_prob,cup_prob,dog_prob,fish_prob,frog_prob,house_prob,key_prob,person_prob,phone_prob,rabbit_prob,scissors_prob,sheep_prob,train_prob,tree_prob
0,3228,6,chair,run_v31531853489687,1.0,0.10108226969541323,0.044819454523236484,0.04048055128770573,0.050514617357115967,0.03665768615772094,0.05096210902595587,0.036427235074325395,0.04253535198291786,0.036699308778572956,0.10108226969541323,0.03708928411698811,0.04595918723007421,0.03522411488195772,0.03723093064168956,0.04133580525257763,0.04302290267699238,0.04421830687822801,0.04410364035640271,0.033379224356359614,0.03864812144332272,0.04445785840071904,0.03807390150909457,0.03893261986564868,0.03814551850698099
