,index,age,target_label,session_id,correct_or_not,target_label_prob,airplane_prob,bear_prob,bike_prob,bird_prob,boat_prob,bowl_prob,car_prob,cat_prob,chair_prob,couch_prob,cup_prob,dog_prob,fish_prob,frog_prob,house_prob,key_prob,person_prob,phone_prob,rabbit_prob,scissors_prob,sheep_prob,train_prob,tree_prob
0,3996,5,cup,run_v31526254866517,1.0,0.054982155077263194,0.043339165929859834,0.040612521243762884,0.04003600329451532,0.0379607253772285,0.05034901393814545,0.04526891562960946,0.04803727408874739,0.04145525234862929,0.046204875019460585,0.051958921674543586,0.054982155077263194,0.038412202624791794,0.04019190647442548,0.043652064892856036,0.05405846847962565,0.04099750011980826,0.04038109519736126,0.035975527750245914,0.04165583606251854,0.036750769232849756,0.04241321056086368,0.04718656388116468,0.03812003110172339
