,index,age,target_label,session_id,correct_or_not,target_label_prob,airplane_prob,bear_prob,bike_prob,bird_prob,boat_prob,bowl_prob,car_prob,cat_prob,chair_prob,couch_prob,cup_prob,dog_prob,fish_prob,frog_prob,house_prob,key_prob,person_prob,phone_prob,rabbit_prob,scissors_prob,sheep_prob,train_prob,tree_prob
0,3973,5,cup,run_v31534454579169,0.0,0.06671278122845836,0.0454497847911579,0.038568821724990016,0.05039784241273517,0.0402242262779685,0.04600662573297569,0.07195420983869995,0.04333935415469464,0.03729640495658094,0.037364843634933156,0.03488329662146633,0.06671278122845836,0.040174487374559475,0.04546896715785188,0.03774411083265601,0.03623569911223466,0.05237264314963878,0.03623498414912124,0.0380175571810668,0.035272312038328625,0.042282025829747216,0.03612122665877907,0.049185817740296955,0.038691977401058716
