,index,age,target_label,session_id,correct_or_not,target_label_prob,airplane_prob,bear_prob,bike_prob,bird_prob,boat_prob,bowl_prob,car_prob,cat_prob,chair_prob,couch_prob,cup_prob,dog_prob,fish_prob,frog_prob,house_prob,key_prob,person_prob,phone_prob,rabbit_prob,scissors_prob,sheep_prob,train_prob,tree_prob
0,3777,7,couch,run_v31531339169894,0.0,0.05080165528787587,0.046098668910197815,0.039002453017434914,0.03958022552118394,0.04357710634720083,0.06062859664568899,0.07301199293444514,0.03947750532693521,0.038281623638734136,0.043030187374131425,0.05080165528787587,0.03950185847244834,0.042723517677853644,0.057918323096530396,0.036328662511478205,0.036244877805420996,0.03630401437505051,0.031648997716471935,0.039855262201905564,0.039785331372003366,0.03819288457387432,0.04372789447894681,0.045427083097729644,0.038851277616458145
