,index,age,target_label,session_id,correct_or_not,target_label_prob,airplane_prob,bear_prob,bike_prob,bird_prob,boat_prob,bowl_prob,car_prob,cat_prob,chair_prob,couch_prob,cup_prob,dog_prob,fish_prob,frog_prob,house_prob,key_prob,person_prob,phone_prob,rabbit_prob,scissors_prob,sheep_prob,train_prob,tree_prob
0,1484,6,bird,run_v31530816296800,1.0,0.0525958747920453,0.039899990698674816,0.04648333956355021,0.04363429212634164,0.0525958747920453,0.042407658877029374,0.03794376189192884,0.04402189240123396,0.049300243714041035,0.03844975268085238,0.03656561471063661,0.036730805954585284,0.04839167640438737,0.04171525323133117,0.04946157829305519,0.04151241765265088,0.044955111488690996,0.04716576413685853,0.03642732048340052,0.04810899828921648,0.0382089377868342,0.046707504500147934,0.044826077870398766,0.04448613245210853
