,index,age,target_label,session_id,correct_or_not,target_label_prob,airplane_prob,bear_prob,bike_prob,bird_prob,boat_prob,bowl_prob,car_prob,cat_prob,chair_prob,couch_prob,cup_prob,dog_prob,fish_prob,frog_prob,house_prob,key_prob,person_prob,phone_prob,rabbit_prob,scissors_prob,sheep_prob,train_prob,tree_prob
0,5565,5,house,run_v31526420360572,1.0,0.07488964853532455,0.03884669812677989,0.03955141495109196,0.04333222957380851,0.04818677007197065,0.03529281049622575,0.041113841627035616,0.04529114714629796,0.039488803321923054,0.03687127789925524,0.06084916137734022,0.03336257041644557,0.040211041453910974,0.040560486416135355,0.04008416126257768,0.07488964853532455,0.039970095632382456,0.0512404072368605,0.045943397445666175,0.04043719715662424,0.036381315794477995,0.045392491241684256,0.03963821213850831,0.0430648206776731
