,index,age,target_label,session_id,correct_or_not,target_label_prob,airplane_prob,bear_prob,bike_prob,bird_prob,boat_prob,bowl_prob,car_prob,cat_prob,chair_prob,couch_prob,cup_prob,dog_prob,fish_prob,frog_prob,house_prob,key_prob,person_prob,phone_prob,rabbit_prob,scissors_prob,sheep_prob,train_prob,tree_prob
0,6700,10,phone,run_v31531597542307,1.0,0.054462557289292585,0.039101009404930775,0.04036639561740159,0.04212111501371695,0.0420503866996904,0.04183526195016977,0.044222904751752036,0.0477577070826309,0.041271711643252544,0.049011436607813694,0.05248285054681393,0.04286448291781768,0.041114850361864054,0.042378384286544314,0.04112195053048395,0.041358638219993776,0.044126213011105586,0.04240761240188566,0.054462557289292585,0.04029104425330857,0.04312828441701848,0.041383279352960906,0.041010426442869966,0.04413149719668184
