,index,age,target_label,session_id,correct_or_not,target_label_prob,airplane_prob,bear_prob,bike_prob,bird_prob,boat_prob,bowl_prob,car_prob,cat_prob,chair_prob,couch_prob,cup_prob,dog_prob,fish_prob,frog_prob,house_prob,key_prob,person_prob,phone_prob,rabbit_prob,scissors_prob,sheep_prob,train_prob,tree_prob
0,595,3,bear,run_v41540156085249,1.0,0.0608965605219019,0.040461161449976586,0.0608965605219019,0.039375918285049286,0.04874408170247655,0.0437947877054472,0.034520902981645785,0.03970284647132594,0.04467723202289266,0.03710076115348601,0.03899690094744322,0.03869816160355297,0.04452593472207546,0.0500754786495455,0.0509645045593194,0.03910284550190847,0.040295364825686596,0.044538496592396414,0.04115385040089963,0.056647538514840556,0.036762699485384756,0.03998730150237792,0.03744279305420937,0.05153387734615788
