,index,age,target_label,session_id,correct_or_not,target_label_prob,airplane_prob,bear_prob,bike_prob,bird_prob,boat_prob,bowl_prob,car_prob,cat_prob,chair_prob,couch_prob,cup_prob,dog_prob,fish_prob,frog_prob,house_prob,key_prob,person_prob,phone_prob,rabbit_prob,scissors_prob,sheep_prob,train_prob,tree_prob
0,8223,4,train,run_v41541180490915,0.0,0.03824114764733497,0.05306435452618419,0.052213635387652745,0.05048655308324248,0.04521115610806531,0.05047505155872845,0.042481511571052066,0.04323399453589663,0.03987738746837591,0.039275733212083504,0.03785720884188249,0.047908230330072556,0.04536565621040373,0.048756730720657816,0.039825660005191596,0.03358476703041345,0.03517148652790944,0.04470559955357594,0.035336824373712966,0.048276365071668825,0.04723681480929455,0.04058444467605519,0.03824114764733497,0.04082968675054547
