,index,age,target_label,session_id,correct_or_not,target_label_prob,airplane_prob,bear_prob,bike_prob,bird_prob,boat_prob,bowl_prob,car_prob,cat_prob,chair_prob,couch_prob,cup_prob,dog_prob,fish_prob,frog_prob,house_prob,key_prob,person_prob,phone_prob,rabbit_prob,scissors_prob,sheep_prob,train_prob,tree_prob
0,7993,4,train,run_v41542052380290,0.0,0.04411143198687311,0.04771984810022374,0.04016950436365879,0.03264329178055316,0.043262927324845005,0.04606899709370644,0.03896211208458021,0.04218750345707856,0.04925517518626426,0.04078211521493077,0.04395577207047414,0.043892087214455845,0.044101508678248184,0.04407282056258183,0.04673078589540983,0.04259837032079808,0.040805950161849826,0.04354254740452767,0.033727143420366694,0.04251737359871334,0.05454574561386774,0.05086981740797306,0.04411143198687311,0.043477171058019785
