,index,age,target_label,session_id,correct_or_not,target_label_prob,airplane_prob,bear_prob,bike_prob,bird_prob,boat_prob,bowl_prob,car_prob,cat_prob,chair_prob,couch_prob,cup_prob,dog_prob,fish_prob,frog_prob,house_prob,key_prob,person_prob,phone_prob,rabbit_prob,scissors_prob,sheep_prob,train_prob,tree_prob
0,2760,5,cat,run_v41540160503321,0.0,0.04948947137285417,0.04972141855037292,0.05176854592279261,0.04167988968320582,0.04286837211551291,0.034232968703354065,0.03582460236203726,0.036143382321490246,0.04948947137285417,0.04419843915040395,0.038788697083245616,0.036468568213577794,0.05357995667145212,0.04537074057234304,0.04554320068692066,0.036548346900223024,0.03715296523988406,0.04135351086563651,0.040933199822145556,0.046925683973402396,0.042609147107310896,0.05852318948769224,0.04255589537515895,0.047719807818983245
