,index,age,target_label,session_id,correct_or_not,target_label_prob,airplane_prob,bear_prob,bike_prob,bird_prob,boat_prob,bowl_prob,car_prob,cat_prob,chair_prob,couch_prob,cup_prob,dog_prob,fish_prob,frog_prob,house_prob,key_prob,person_prob,phone_prob,rabbit_prob,scissors_prob,sheep_prob,train_prob,tree_prob
0,7851,3,sheep,run_v41541367861088,0.0,0.043986034209371964,0.05616907979151561,0.040735785153091356,0.04009590765717464,0.04235497826347405,0.04631278992890287,0.049737884883614136,0.03649785574145801,0.03860247829676353,0.06021966484445384,0.04064784877191782,0.03775401124118379,0.04030112702466366,0.04298902571026891,0.03825752781739595,0.043926306586308146,0.03663992129352381,0.04993795641283206,0.04037096127876612,0.03758520275517234,0.05238994349707511,0.043986034209371964,0.040601251539298014,0.04388645730177405
