,index,age,target_label,session_id,correct_or_not,target_label_prob,airplane_prob,bear_prob,bike_prob,bird_prob,boat_prob,bowl_prob,car_prob,cat_prob,chair_prob,couch_prob,cup_prob,dog_prob,fish_prob,frog_prob,house_prob,key_prob,person_prob,phone_prob,rabbit_prob,scissors_prob,sheep_prob,train_prob,tree_prob
0,3771,6,couch,run_v31528671848731,0.0,0.04464146404764102,0.047559512192165525,0.03788770480813053,0.040037760182050325,0.03754792075395767,0.06092603343664895,0.06032184300358575,0.0543980904119197,0.037290386554468556,0.03790455391986735,0.04464146404764102,0.04084131545781344,0.04344743583909735,0.058786411885254,0.04082218947664938,0.028495816361201076,0.04464836250531132,0.03773840171691148,0.04564446069305638,0.040073847954960634,0.038540198716733864,0.04273490430186424,0.04403973391766134,0.03567165186305005
