,index,age,target_label,session_id,correct_or_not,target_label_prob,airplane_prob,bear_prob,bike_prob,bird_prob,boat_prob,bowl_prob,car_prob,cat_prob,chair_prob,couch_prob,cup_prob,dog_prob,fish_prob,frog_prob,house_prob,key_prob,person_prob,phone_prob,rabbit_prob,scissors_prob,sheep_prob,train_prob,tree_prob
0,3404,9,couch,run_v31530742633692,1.0,0.08033568932959913,0.037895077078401986,0.04315268980618421,0.05419010073854321,0.038614455578725865,0.041238244337588686,0.03918818073710659,0.0592889491207906,0.042593484784810696,0.03770763426398649,0.08033568932959913,0.043178702843870806,0.04406078105180116,0.04247833873719386,0.04311063424581329,0.04404486762596157,0.03971043979589701,0.03660304337685034,0.03318752081331875,0.040007645640169585,0.03955831987355328,0.04371848962815127,0.04528564616093568,0.03085106443074587
