,index,age,target_label,session_id,correct_or_not,target_label_prob,airplane_prob,bear_prob,bike_prob,bird_prob,boat_prob,bowl_prob,car_prob,cat_prob,chair_prob,couch_prob,cup_prob,dog_prob,fish_prob,frog_prob,house_prob,key_prob,person_prob,phone_prob,rabbit_prob,scissors_prob,sheep_prob,train_prob,tree_prob
0,1390,6,bird,run_v31532112624073,0.0,0.046530277048513216,0.05303434517865299,0.04371679200339905,0.050741867861404326,0.046530277048513216,0.039219913538452056,0.0375321682724199,0.05109802113777956,0.0412599467765496,0.0392020757966498,0.04090429123029943,0.041594142343351986,0.04531806529098633,0.0484846967716354,0.041955942215036485,0.03868592255694372,0.04357141547293426,0.03676619146565992,0.03605730024502057,0.048181713014749494,0.045373096376305544,0.04256782853050272,0.04391726418659191,0.044286722686161566
