,index,age,target_label,session_id,correct_or_not,target_label_prob,airplane_prob,bear_prob,bike_prob,bird_prob,boat_prob,bowl_prob,car_prob,cat_prob,chair_prob,couch_prob,cup_prob,dog_prob,fish_prob,frog_prob,house_prob,key_prob,person_prob,phone_prob,rabbit_prob,scissors_prob,sheep_prob,train_prob,tree_prob
0,7343,4,scissors,run_v41541882997726,1.0,0.06492844959326878,0.04130497210022826,0.03906216019879984,0.0381144946611804,0.04303974278457313,0.03858290075349456,0.04517322697511656,0.04166291493013723,0.04542873391731712,0.04298449249689313,0.03710730599639573,0.048721186122517295,0.04202295181688959,0.04777653737878886,0.04320057811530897,0.03874609177807384,0.05797662521927228,0.048922568062009404,0.03587569386245485,0.0440631090009495,0.06492844959326878,0.035671271072872456,0.03553066702455629,0.04410332613890177
