,index,age,target_label,session_id,correct_or_not,target_label_prob,airplane_prob,bear_prob,bike_prob,bird_prob,boat_prob,bowl_prob,car_prob,cat_prob,chair_prob,couch_prob,cup_prob,dog_prob,fish_prob,frog_prob,house_prob,key_prob,person_prob,phone_prob,rabbit_prob,scissors_prob,sheep_prob,train_prob,tree_prob
0,8673,4,tree,run_v31526675307830,0.0,0.05864085214804784,0.03273476926162277,0.03949294272664498,0.04716334269948176,0.046118588507166734,0.04196298125965322,0.04303342804684118,0.03734290386221751,0.03491840294272101,0.037325524283836876,0.04249865122438322,0.04821296034063458,0.03801115331768506,0.03601680178425487,0.041607052552740546,0.0427753335315363,0.061933553622655846,0.049345782297243346,0.046099346847310714,0.03511502257247873,0.04013510938320017,0.05956238148859983,0.03995311529904295,0.05864085214804784
