,index,age,target_label,session_id,correct_or_not,target_label_prob,airplane_prob,bear_prob,bike_prob,bird_prob,boat_prob,bowl_prob,car_prob,cat_prob,chair_prob,couch_prob,cup_prob,dog_prob,fish_prob,frog_prob,house_prob,key_prob,person_prob,phone_prob,rabbit_prob,scissors_prob,sheep_prob,train_prob,tree_prob
0,2886,8,cat,run_v41542057738079,0.0,0.051663287969802844,0.0422290811635861,0.04066520699031963,0.059689653373943496,0.042619275186101965,0.04695782022737852,0.039356708924374824,0.03917020697692771,0.051663287969802844,0.03783646742019087,0.04060517229605614,0.04304565952972591,0.04435243298699,0.04057293246681749,0.04022281904569162,0.04703990887957155,0.04994023674057739,0.04133584132007287,0.03776009976057312,0.040810459474569356,0.05360197673835843,0.03516658979278194,0.04532220041889492,0.04003596231669339
