,index,age,target_label,session_id,correct_or_not,target_label_prob,airplane_prob,bear_prob,bike_prob,bird_prob,boat_prob,bowl_prob,car_prob,cat_prob,chair_prob,couch_prob,cup_prob,dog_prob,fish_prob,frog_prob,house_prob,key_prob,person_prob,phone_prob,rabbit_prob,scissors_prob,sheep_prob,train_prob,tree_prob
0,742,4,bear,run_v41541376096056,0.0,0.043315899346017976,0.042664511214511425,0.043315899346017976,0.040629617142096994,0.03826243558738471,0.05050833182865456,0.050230448606539295,0.04391370792775859,0.04580536642071801,0.04166827770032067,0.037826196056621644,0.03602295568451801,0.04105185041236976,0.042821944851993185,0.04426689246096535,0.04009807605700534,0.04863173893701975,0.04200430964034406,0.043708749270528535,0.053477105101466076,0.048309099393761726,0.04430048536515189,0.038936799112829996,0.04154520188142229
