,index,age,target_label,session_id,correct_or_not,target_label_prob,airplane_prob,bear_prob,bike_prob,bird_prob,boat_prob,bowl_prob,car_prob,cat_prob,chair_prob,couch_prob,cup_prob,dog_prob,fish_prob,frog_prob,house_prob,key_prob,person_prob,phone_prob,rabbit_prob,scissors_prob,sheep_prob,train_prob,tree_prob
0,1232,2,bird,run_v31530480824568,0.0,0.05125329493872305,0.04791623530271105,0.04401691997731558,0.0386585977920092,0.05125329493872305,0.050510319197220675,0.04554812849064698,0.035741193221426375,0.04727935773293015,0.03532060689069364,0.0360995697963924,0.04240720713115177,0.043334403094874484,0.04835772112615527,0.0417537127371643,0.03696642842422741,0.03833194020914425,0.05250469014710313,0.037608081673890605,0.04203653734534874,0.04346246179922822,0.04474355241135083,0.03884296683889791,0.05730607372139395
