,index,age,target_label,session_id,correct_or_not,target_label_prob,airplane_prob,bear_prob,bike_prob,bird_prob,boat_prob,bowl_prob,car_prob,cat_prob,chair_prob,couch_prob,cup_prob,dog_prob,fish_prob,frog_prob,house_prob,key_prob,person_prob,phone_prob,rabbit_prob,scissors_prob,sheep_prob,train_prob,tree_prob
0,6366,5,person,run_v31534368870242,0.0,0.06850656739294533,0.03773125559256006,0.03768717619729105,0.055055024641775314,0.040426872349655515,0.04620679808815186,0.04410515960650301,0.03445095669536024,0.03965494732002802,0.041592478238905224,0.03958624889849475,0.03646350590111905,0.03984549266911581,0.03425157329974212,0.0377032067883523,0.046966351274333934,0.07369441785792619,0.06850656739294533,0.028633745739590374,0.04048211529668997,0.03832763707598998,0.04843731848567694,0.03748584268221711,0.052705307907575785
