,index,age,target_label,session_id,correct_or_not,target_label_prob,airplane_prob,bear_prob,bike_prob,bird_prob,boat_prob,bowl_prob,car_prob,cat_prob,chair_prob,couch_prob,cup_prob,dog_prob,fish_prob,frog_prob,house_prob,key_prob,person_prob,phone_prob,rabbit_prob,scissors_prob,sheep_prob,train_prob,tree_prob
0,1803,2,boat,run_v31526504221167,0.0,0.054636502587026306,0.06050686441577349,0.040974205949348204,0.04523400663913667,0.04035351285623453,0.054636502587026306,0.03957928523470892,0.03630611122091862,0.043668345879873276,0.04026324084260537,0.04030884668201282,0.037129345772145536,0.04348801628228623,0.04589137593857529,0.045660591299059285,0.03927625996548955,0.040456184937449395,0.045195445186668,0.03869059136940813,0.049271234392055885,0.04676723295915745,0.04052684793356117,0.03909631314176417,0.04671963851474177
