,index,age,target_label,session_id,correct_or_not,target_label_prob,airplane_prob,bear_prob,bike_prob,bird_prob,boat_prob,bowl_prob,car_prob,cat_prob,chair_prob,couch_prob,cup_prob,dog_prob,fish_prob,frog_prob,house_prob,key_prob,person_prob,phone_prob,rabbit_prob,scissors_prob,sheep_prob,train_prob,tree_prob
0,1333,3,bird,run_v31528837199127,0.0,0.04529095209031804,0.049272304845686635,0.05093304151901355,0.03186338435901662,0.04529095209031804,0.048322820921383076,0.042906154553681373,0.0443283032812253,0.048173626248445664,0.04081401087752162,0.04066044411365082,0.04067735849872956,0.04322995322340758,0.05741596662778087,0.05466147636534616,0.032106851668793665,0.04007212186344535,0.04811068622969572,0.04001128060095598,0.041094033491311875,0.039385304392330234,0.047423746588329034,0.03837742089980932,0.03486875674012178
