,index,age,target_label,session_id,correct_or_not,target_label_prob,airplane_prob,bear_prob,bike_prob,bird_prob,boat_prob,bowl_prob,car_prob,cat_prob,chair_prob,couch_prob,cup_prob,dog_prob,fish_prob,frog_prob,house_prob,key_prob,person_prob,phone_prob,rabbit_prob,scissors_prob,sheep_prob,train_prob,tree_prob
0,730,6,bear,run_v41536781689732,1.0,0.05612844141495174,0.03669494345142711,0.05612844141495174,0.035656556687342855,0.04813602923504206,0.03951834607867881,0.03649899914942244,0.04587000704402471,0.05333553723485276,0.037834038444508666,0.03820666679378925,0.04065707307322635,0.04907565583663276,0.03987165798038636,0.043601601057984836,0.03780848133676527,0.05121396937329158,0.0388871400831839,0.03706604120786463,0.04920851272984126,0.04561401471887542,0.05138138570167992,0.043766567042131645,0.04396833432409568
