,index,age,target_label,session_id,correct_or_not,target_label_prob,airplane_prob,bear_prob,bike_prob,bird_prob,boat_prob,bowl_prob,car_prob,cat_prob,chair_prob,couch_prob,cup_prob,dog_prob,fish_prob,frog_prob,house_prob,key_prob,person_prob,phone_prob,rabbit_prob,scissors_prob,sheep_prob,train_prob,tree_prob
0,3601,6,couch,run_v31530654749203,0.0,0.04888815303690845,0.04563150821552217,0.04013409443113853,0.04093351680046016,0.03869856449734324,0.059599116167268935,0.04426401836078161,0.045343384830680976,0.042620633064943764,0.03941832461171418,0.04888815303690845,0.037419075466371826,0.04178292067618955,0.04381826498687562,0.04208669125447638,0.03489909914994841,0.038390579793140596,0.04207235989990913,0.040771744176425186,0.045438265652695486,0.043215573413593125,0.04441024248751717,0.04801842889666719,0.0521454401294285
