,index,age,target_label,session_id,correct_or_not,target_label_prob,airplane_prob,bear_prob,bike_prob,bird_prob,boat_prob,bowl_prob,car_prob,cat_prob,chair_prob,couch_prob,cup_prob,dog_prob,fish_prob,frog_prob,house_prob,key_prob,person_prob,phone_prob,rabbit_prob,scissors_prob,sheep_prob,train_prob,tree_prob
0,8164,8,train,run_v41541880762793,1.0,0.07333199012051189,0.043870852708523055,0.04750926250501005,0.046938360502866164,0.03174999651901854,0.04918662634794803,0.04351717726829405,0.06523956458237781,0.04411168198358328,0.04270093575096682,0.03415725276082791,0.03917060852924738,0.047596620845188016,0.031156931181497354,0.03823190811473539,0.04683067188938906,0.034204010441890385,0.0365963356872984,0.0370601284173818,0.038797758247489225,0.03015124238465747,0.055101354515145855,0.07333199012051189,0.042788728696152224
