,index,age,target_label,session_id,correct_or_not,target_label_prob,airplane_prob,bear_prob,bike_prob,bird_prob,boat_prob,bowl_prob,car_prob,cat_prob,chair_prob,couch_prob,cup_prob,dog_prob,fish_prob,frog_prob,house_prob,key_prob,person_prob,phone_prob,rabbit_prob,scissors_prob,sheep_prob,train_prob,tree_prob
0,5367,7,house,run_v31526061799166,1.0,0.07287785567281013,0.042008885294616355,0.04185012642113566,0.04114494665681613,0.03923862050656399,0.042698242098942706,0.04226524180998328,0.03750363564297998,0.03525942346873827,0.057820619183380904,0.03542448740461605,0.043509911628766745,0.039322629663565555,0.04196282019897331,0.04324947654284806,0.07287785567281013,0.039347751465824685,0.04603868361037746,0.04245380304956662,0.03554681990871008,0.045943064783465874,0.04365138267027823,0.045922713015418934,0.04495885930162076
