,index,age,target_label,session_id,correct_or_not,target_label_prob,airplane_prob,bear_prob,bike_prob,bird_prob,boat_prob,bowl_prob,car_prob,cat_prob,chair_prob,couch_prob,cup_prob,dog_prob,fish_prob,frog_prob,house_prob,key_prob,person_prob,phone_prob,rabbit_prob,scissors_prob,sheep_prob,train_prob,tree_prob
0,149,7,airplane,run_v31530644143472,0.0,0.05615311699888238,0.05615311699888238,0.03770722361396957,0.046747758349429694,0.03906510199644483,0.046512554511566925,0.0429376154791171,0.039002824318106644,0.039771302855179734,0.04775772619464885,0.03903479358344947,0.04302789772537265,0.040076632818176826,0.04551355558871719,0.034285315995791606,0.06896703205537413,0.039541603279358135,0.04962779407460121,0.05466886837795585,0.03831649211017685,0.04108856952310324,0.041984117579297354,0.03040752979721406,0.037804573174065645
