,index,age,target_label,session_id,correct_or_not,target_label_prob,airplane_prob,bear_prob,bike_prob,bird_prob,boat_prob,bowl_prob,car_prob,cat_prob,chair_prob,couch_prob,cup_prob,dog_prob,fish_prob,frog_prob,house_prob,key_prob,person_prob,phone_prob,rabbit_prob,scissors_prob,sheep_prob,train_prob,tree_prob
0,6954,3,rabbit,run_v31531427310944,1.0,0.06647667078600988,0.043874733576196485,0.05179695375227344,0.046889604404140035,0.04238669216952453,0.04141464578659934,0.03861687615237893,0.042244405715298104,0.04232509940357308,0.04253071272958317,0.040539251151807225,0.038426278473836076,0.04860927107548678,0.033547816201108395,0.04312379422614342,0.036054993803421975,0.03705399897296282,0.03983285879366206,0.03774532031291671,0.06647667078600988,0.04893655853041939,0.04965674186580205,0.043142625571781064,0.04477409654507493
