,index,age,target_label,session_id,correct_or_not,target_label_prob,airplane_prob,bear_prob,bike_prob,bird_prob,boat_prob,bowl_prob,car_prob,cat_prob,chair_prob,couch_prob,cup_prob,dog_prob,fish_prob,frog_prob,house_prob,key_prob,person_prob,phone_prob,rabbit_prob,scissors_prob,sheep_prob,train_prob,tree_prob
0,8669,5,tree,run_v31533759980347,1.0,0.06715650373983377,0.04820467939137451,0.03907294547586074,0.03999927123858732,0.04010366437446765,0.04723669543788673,0.05079550167580153,0.03819254626775848,0.039244041787038636,0.036303857979961454,0.04017673179086468,0.04640052711763511,0.03898374902615014,0.04012526092227442,0.042080392891909194,0.03341360208183941,0.04756254752114053,0.0429816417277,0.04350450113910771,0.044106456622099124,0.049964207539607675,0.043514936466990166,0.040875737784110945,0.06715650373983377
