,index,age,target_label,session_id,correct_or_not,target_label_prob,airplane_prob,bear_prob,bike_prob,bird_prob,boat_prob,bowl_prob,car_prob,cat_prob,chair_prob,couch_prob,cup_prob,dog_prob,fish_prob,frog_prob,house_prob,key_prob,person_prob,phone_prob,rabbit_prob,scissors_prob,sheep_prob,train_prob,tree_prob
0,7331,7,scissors,run_v41540163229855,1.0,0.06054803956869644,0.043876091166268796,0.04313243057784571,0.03612775900186464,0.041538307455256,0.04468383165132807,0.0433621329670616,0.04224923592878192,0.03623953937281071,0.05119797632842428,0.037981444929188875,0.04893840462513883,0.04416362844843375,0.038629365303411024,0.039467474274416776,0.03313922990784659,0.046127148746118,0.051405791976818015,0.033934464103186894,0.03755382668837262,0.06054803956869644,0.04617786437583306,0.039619871527564236,0.059906141075333416
