,index,age,target_label,session_id,correct_or_not,target_label_prob,airplane_prob,bear_prob,bike_prob,bird_prob,boat_prob,bowl_prob,car_prob,cat_prob,chair_prob,couch_prob,cup_prob,dog_prob,fish_prob,frog_prob,house_prob,key_prob,person_prob,phone_prob,rabbit_prob,scissors_prob,sheep_prob,train_prob,tree_prob
0,4450,3,dog,run_v31526757398790,0.0,0.05244587089927915,0.040409287851884246,0.04439282737725999,0.043328529872105274,0.05110640950444448,0.037161454066807445,0.045187220197015404,0.042082968826818556,0.048016435561284744,0.040904952667829286,0.04036374463728655,0.04301205487407434,0.05244587089927915,0.055286711844655216,0.048513047099189986,0.03389947464826603,0.04209009563708554,0.04780461507075022,0.034067123482154536,0.0469740118967492,0.038422006854783086,0.046126183913983536,0.0461615129056978,0.03224346031059542
