,index,age,target_label,session_id,correct_or_not,target_label_prob,airplane_prob,bear_prob,bike_prob,bird_prob,boat_prob,bowl_prob,car_prob,cat_prob,chair_prob,couch_prob,cup_prob,dog_prob,fish_prob,frog_prob,house_prob,key_prob,person_prob,phone_prob,rabbit_prob,scissors_prob,sheep_prob,train_prob,tree_prob
0,267,5,airplane,run_v31529435452831,0.0,0.041909365016850185,0.041909365016850185,0.046768445088490644,0.06445309888829406,0.0393402504967915,0.043615041613507745,0.04124137857211353,0.06867521891267542,0.04655895705482527,0.03570516104877732,0.052595725179265536,0.036943674215372736,0.04544977379573313,0.02994197907710455,0.0399571391071117,0.03544475411408885,0.03437430473539088,0.03384925783482565,0.03236134180702119,0.043524590977817794,0.04098613369943658,0.04891580830282765,0.06480688816303308,0.03258171229864497
