,index,age,target_label,session_id,correct_or_not,target_label_prob,airplane_prob,bear_prob,bike_prob,bird_prob,boat_prob,bowl_prob,car_prob,cat_prob,chair_prob,couch_prob,cup_prob,dog_prob,fish_prob,frog_prob,house_prob,key_prob,person_prob,phone_prob,rabbit_prob,scissors_prob,sheep_prob,train_prob,tree_prob
0,2184,4,bowl,run_v31529092199275,1.0,0.06891739285652296,0.046426726446936815,0.04339159602879406,0.0438566326243139,0.038622379366825554,0.052656040195933194,0.06891739285652296,0.04342358915129804,0.037219855478350446,0.043894215375871876,0.04568024302589737,0.03638790879629068,0.03975202786412698,0.04411887372675452,0.03942820339441412,0.03191964464730132,0.037776636196955614,0.032326674533395654,0.05823546768770879,0.035108739598292533,0.04608013971260945,0.0454099373138405,0.03680757593682237,0.05255950004074299
