,index,age,target_label,session_id,correct_or_not,target_label_prob,airplane_prob,bear_prob,bike_prob,bird_prob,boat_prob,bowl_prob,car_prob,cat_prob,chair_prob,couch_prob,cup_prob,dog_prob,fish_prob,frog_prob,house_prob,key_prob,person_prob,phone_prob,rabbit_prob,scissors_prob,sheep_prob,train_prob,tree_prob
0,8242,7,train,run_v41537052413404,1.0,0.05765078281053249,0.04162446106980671,0.0395456859767633,0.04592437033355354,0.038758268922450316,0.04274381511628458,0.040276157077092666,0.048324724421167656,0.0451882421841173,0.045945932688908404,0.05432409717295408,0.039447112794322066,0.04509279052063634,0.05359817321523179,0.03983907487648721,0.041458090516815496,0.039978964607923065,0.04441166763177953,0.04544092315348367,0.03806259092994366,0.04042348893292345,0.03579257210457916,0.05765078281053249,0.03614801294224361
