,index,age,target_label,session_id,correct_or_not,target_label_prob,airplane_prob,bear_prob,bike_prob,bird_prob,boat_prob,bowl_prob,car_prob,cat_prob,chair_prob,couch_prob,cup_prob,dog_prob,fish_prob,frog_prob,house_prob,key_prob,person_prob,phone_prob,rabbit_prob,scissors_prob,sheep_prob,train_prob,tree_prob
0,5514,8,house,run_v31532545415363,1.0,0.06082620859808645,0.04842595988631885,0.03647210556037023,0.04251739387877038,0.04258216024159327,0.046354373424633284,0.035943205244428865,0.04448908749907606,0.03746598768597638,0.056557763913040696,0.03260590998212506,0.04151123129740187,0.039457229413172784,0.039356657713976395,0.03727652178490675,0.06082620859808645,0.044296502253797505,0.04267284189649372,0.057619772301435716,0.03945083071645473,0.0486721004772333,0.0397653292142523,0.047167776758887454,0.03851305025756821
