,index,age,target_label,session_id,correct_or_not,target_label_prob,airplane_prob,bear_prob,bike_prob,bird_prob,boat_prob,bowl_prob,car_prob,cat_prob,chair_prob,couch_prob,cup_prob,dog_prob,fish_prob,frog_prob,house_prob,key_prob,person_prob,phone_prob,rabbit_prob,scissors_prob,sheep_prob,train_prob,tree_prob
0,4230,3,dog,run_v31534795803862,0.0,0.04559809849445554,0.04401304619118913,0.042489127778649965,0.04475088729044647,0.04559914190784313,0.04901757473606675,0.04432864647445679,0.03654930195314237,0.037353644281563465,0.05512778547595917,0.0458984951163369,0.04350946938096933,0.04559809849445554,0.04700940823925883,0.04333871423995131,0.033939322994173196,0.04104263788589278,0.05191939652484096,0.03331433470000188,0.03921189251428596,0.050094383949168785,0.045905284286716336,0.03355084051221665,0.04643856507241441
