,index,age,target_label,session_id,correct_or_not,target_label_prob,airplane_prob,bear_prob,bike_prob,bird_prob,boat_prob,bowl_prob,car_prob,cat_prob,chair_prob,couch_prob,cup_prob,dog_prob,fish_prob,frog_prob,house_prob,key_prob,person_prob,phone_prob,rabbit_prob,scissors_prob,sheep_prob,train_prob,tree_prob
0,3376,3,chair,run_v31529188199108,1.0,0.07835918737827659,0.03959620977966211,0.0375430667469771,0.041990851017056935,0.035738813865027995,0.051326649585363135,0.03442293771829544,0.03763709589766873,0.038255702668439064,0.07835918737827659,0.0493574426957699,0.04603262879271885,0.04158123566909368,0.03841496415553827,0.03965005789108434,0.06745722342747064,0.04006143981085931,0.043409470650708784,0.030485067126506313,0.04187798162426448,0.03674058496199763,0.04229791531713918,0.0415606190074594,0.046202854212621956
