,index,age,target_label,session_id,correct_or_not,target_label_prob,airplane_prob,bear_prob,bike_prob,bird_prob,boat_prob,bowl_prob,car_prob,cat_prob,chair_prob,couch_prob,cup_prob,dog_prob,fish_prob,frog_prob,house_prob,key_prob,person_prob,phone_prob,rabbit_prob,scissors_prob,sheep_prob,train_prob,tree_prob
0,8482,3,tree,run_v31533244950737,0.0,0.048451123171652115,0.04171048755233028,0.050293082799974145,0.03470800269076568,0.047175167368622484,0.040226515181434316,0.04449174547260495,0.04331416163699224,0.04121113728731367,0.04321076265860431,0.04258200585925717,0.045155156922396474,0.045368377275411396,0.04383381027914131,0.04914397865686351,0.03784367250501572,0.04309589141865754,0.043457192987571315,0.03817110809104508,0.05046278754953115,0.04157451362937344,0.04292172279621335,0.04159759620922855,0.048451123171652115
