,index,age,target_label,session_id,correct_or_not,target_label_prob,airplane_prob,bear_prob,bike_prob,bird_prob,boat_prob,bowl_prob,car_prob,cat_prob,chair_prob,couch_prob,cup_prob,dog_prob,fish_prob,frog_prob,house_prob,key_prob,person_prob,phone_prob,rabbit_prob,scissors_prob,sheep_prob,train_prob,tree_prob
0,3797,8,cup,run_v31526164238357,0.0,0.05243376896549141,0.041870928441898665,0.0381948033139324,0.04561531482111536,0.03733716870325834,0.044146265839070456,0.04146589413917204,0.037806900394831984,0.041801581091140384,0.06856119716950627,0.03614844246664049,0.05243376896549141,0.04322322011178441,0.03584038655359479,0.04453374634198693,0.03650041170595837,0.04313324124533676,0.0343585731687034,0.06561169695080027,0.03608411504219223,0.04609868157591746,0.05063615512672444,0.0414804494530595,0.03711705737788364
