,index,age,target_label,session_id,correct_or_not,target_label_prob,airplane_prob,bear_prob,bike_prob,bird_prob,boat_prob,bowl_prob,car_prob,cat_prob,chair_prob,couch_prob,cup_prob,dog_prob,fish_prob,frog_prob,house_prob,key_prob,person_prob,phone_prob,rabbit_prob,scissors_prob,sheep_prob,train_prob,tree_prob
0,2008,9,bowl,run_v31530742550561,1.0,0.10215874937277418,0.038174967167733276,0.03859966329106181,0.03847678694774791,0.04135808254647657,0.06189998178710154,0.10215874937277418,0.052696691068078345,0.03792474006022668,0.039402669742839506,0.04754471853429478,0.04465351228235322,0.03914078686136745,0.04446994997494169,0.04070233754971664,0.024483908457359718,0.04292824046161219,0.04125744289915164,0.03240539685363768,0.04410832910467392,0.037616157625185206,0.0346536027215008,0.043957632767851425,0.031385651922314
