,index,age,target_label,session_id,correct_or_not,target_label_prob,airplane_prob,bear_prob,bike_prob,bird_prob,boat_prob,bowl_prob,car_prob,cat_prob,chair_prob,couch_prob,cup_prob,dog_prob,fish_prob,frog_prob,house_prob,key_prob,person_prob,phone_prob,rabbit_prob,scissors_prob,sheep_prob,train_prob,tree_prob
0,4270,6,dog,run_v31526251554792,0.0,0.048781666892775334,0.04133443493474873,0.03992167651886162,0.045083660877677095,0.04479283144480532,0.036184180434067924,0.040079901717335865,0.0400263687633609,0.04538562705074308,0.060678687373618,0.04726660670445965,0.04252570721206544,0.048781666892775334,0.040015234481034404,0.03762627165013092,0.04763392095835469,0.04021801770294997,0.043695443203539845,0.03506278699776901,0.03937185725108232,0.036624507911005244,0.052482904183483996,0.045951317351767114,0.04925638838436346
