,index,age,target_label,session_id,correct_or_not,target_label_prob,airplane_prob,bear_prob,bike_prob,bird_prob,boat_prob,bowl_prob,car_prob,cat_prob,chair_prob,couch_prob,cup_prob,dog_prob,fish_prob,frog_prob,house_prob,key_prob,person_prob,phone_prob,rabbit_prob,scissors_prob,sheep_prob,train_prob,tree_prob
0,5902,5,key,run_v41539377501561,0.0,0.0384435932857075,0.05129884925707444,0.040357808557824226,0.04059318859867647,0.04141422231541728,0.03979616766047288,0.030728749830871357,0.04678906442514063,0.04728782956659238,0.04630865594336158,0.0598304929270389,0.04177020428157031,0.045642494119048097,0.04688475708118048,0.03919526857445869,0.03530173281972819,0.0384435932857075,0.04189640486417739,0.046859512472273324,0.03828010142920778,0.043313387152049077,0.04927473738166287,0.04844238506089412,0.0402903923955724
