,index,age,target_label,session_id,correct_or_not,target_label_prob,airplane_prob,bear_prob,bike_prob,bird_prob,boat_prob,bowl_prob,car_prob,cat_prob,chair_prob,couch_prob,cup_prob,dog_prob,fish_prob,frog_prob,house_prob,key_prob,person_prob,phone_prob,rabbit_prob,scissors_prob,sheep_prob,train_prob,tree_prob
0,7666,6,sheep,run_v41542059035613,0.0,0.0591167334046212,0.052297833785239556,0.06494843578675785,0.03605160870283934,0.03925643522761022,0.03772567184272841,0.032073707523556504,0.04809035769436887,0.052082821260336296,0.04111541409309755,0.0465419781917764,0.044090977141112035,0.04740823986543324,0.03400457669546129,0.04598205546716498,0.03696760898630181,0.028864673435771135,0.03466122967265042,0.03366906535452421,0.06372924995022841,0.0348295607251699,0.0591167334046212,0.03981180791300876,0.04667995728024177
