,index,age,target_label,session_id,correct_or_not,target_label_prob,airplane_prob,bear_prob,bike_prob,bird_prob,boat_prob,bowl_prob,car_prob,cat_prob,chair_prob,couch_prob,cup_prob,dog_prob,fish_prob,frog_prob,house_prob,key_prob,person_prob,phone_prob,rabbit_prob,scissors_prob,sheep_prob,train_prob,tree_prob
0,6070,7,person,run_v31535919450357,1.0,0.06782139325640908,0.04334247313464823,0.039957360884541895,0.044441036970697886,0.04727553517538534,0.04623577183107465,0.035317099217458826,0.04099838409002036,0.04722912495375416,0.04068891851091334,0.03820777760003279,0.036890134486683365,0.043094435696909614,0.04654198371126833,0.03988368130287002,0.042817119704233034,0.03905706377678344,0.06782139325640908,0.04366336356908257,0.043262025690626094,0.03827960373740203,0.04084367605773351,0.04438164450032588,0.04977039214114545
