,index,age,target_label,session_id,correct_or_not,target_label_prob,airplane_prob,bear_prob,bike_prob,bird_prob,boat_prob,bowl_prob,car_prob,cat_prob,chair_prob,couch_prob,cup_prob,dog_prob,fish_prob,frog_prob,house_prob,key_prob,person_prob,phone_prob,rabbit_prob,scissors_prob,sheep_prob,train_prob,tree_prob
0,3732,7,couch,run_v31528913633652,1.0,0.08044559872547788,0.04043094338844228,0.040034787274114816,0.0491474419630361,0.03319051053359666,0.032881378914578825,0.06564176618754251,0.0531395688633584,0.038152080930116655,0.03607531765971502,0.08044559872547788,0.05379550809421643,0.03776481867417145,0.03539775308114875,0.039899918779061135,0.023899812624354904,0.051138501333431,0.04149090876298582,0.03943776723911371,0.03811757434042366,0.037968097502142695,0.039861288430841114,0.050028707029884496,0.04205994966824572
