,index,age,target_label,session_id,correct_or_not,target_label_prob,airplane_prob,bear_prob,bike_prob,bird_prob,boat_prob,bowl_prob,car_prob,cat_prob,chair_prob,couch_prob,cup_prob,dog_prob,fish_prob,frog_prob,house_prob,key_prob,person_prob,phone_prob,rabbit_prob,scissors_prob,sheep_prob,train_prob,tree_prob
0,3859,3,cup,run_v31532990938384,0.0,0.04521518783229925,0.04174319951428349,0.04170167862655076,0.04309947770128614,0.045589326021550566,0.03804661833362602,0.04095386389411032,0.04972510987110684,0.04248659207594948,0.04130392503012658,0.048326665936913114,0.04521518783229925,0.048246028382815324,0.04763544293532474,0.047999541091944126,0.03788917982901833,0.04515885712759207,0.038014776397094316,0.046362374007811284,0.047233049406794334,0.03904918299543262,0.04384939293333958,0.04382040868004164,0.03655012137498904
