,index,age,target_label,session_id,correct_or_not,target_label_prob,airplane_prob,bear_prob,bike_prob,bird_prob,boat_prob,bowl_prob,car_prob,cat_prob,chair_prob,couch_prob,cup_prob,dog_prob,fish_prob,frog_prob,house_prob,key_prob,person_prob,phone_prob,rabbit_prob,scissors_prob,sheep_prob,train_prob,tree_prob
0,7584,3,sheep,run_v41537734992994,0.0,0.047284204614581674,0.04355714090343735,0.051461016208040916,0.0363570577575225,0.05027732675518928,0.04274790259635663,0.042201689509513404,0.038824552557859916,0.0473367683163426,0.04282508906916635,0.04219502918878992,0.04468600608468847,0.04863786952471163,0.04513989096525387,0.05037760657456628,0.03655299927305014,0.040855822354914584,0.03122151631058954,0.04227277326305531,0.038310778327040856,0.04199316713958768,0.047284204614581674,0.050065823093885194,0.04481796961185587
