,index,age,target_label,session_id,correct_or_not,target_label_prob,airplane_prob,bear_prob,bike_prob,bird_prob,boat_prob,bowl_prob,car_prob,cat_prob,chair_prob,couch_prob,cup_prob,dog_prob,fish_prob,frog_prob,house_prob,key_prob,person_prob,phone_prob,rabbit_prob,scissors_prob,sheep_prob,train_prob,tree_prob
0,662,4,bear,run_v41540320464830,1.0,0.062174770782333,0.05225926154042784,0.062174770782333,0.048344215060142956,0.045400967606474794,0.0375293098957649,0.03535355151650563,0.04687908190147396,0.04507711773840744,0.03756104241247232,0.04239634013782475,0.03799546661444049,0.04925800428510035,0.0378915275425878,0.045229176673806326,0.03717108123647925,0.03412136993318949,0.03672441518824872,0.029792636680310517,0.05440691786285769,0.04218270244339151,0.051574826420278524,0.046143492112819075,0.044532724414662675
