,index,age,target_label,session_id,correct_or_not,target_label_prob,airplane_prob,bear_prob,bike_prob,bird_prob,boat_prob,bowl_prob,car_prob,cat_prob,chair_prob,couch_prob,cup_prob,dog_prob,fish_prob,frog_prob,house_prob,key_prob,person_prob,phone_prob,rabbit_prob,scissors_prob,sheep_prob,train_prob,tree_prob
0,6292,8,person,run_v31534794949914,1.0,0.05738387243139388,0.04425889721065854,0.048386050619063294,0.05016600993927196,0.05400760771282754,0.041370004772476515,0.04408060225593501,0.042896938443020484,0.04028270812605627,0.03460044722177295,0.04041923923050201,0.04382012409598963,0.040090813159213604,0.04378454889072446,0.0488578194569334,0.03443603064292699,0.03949512644301801,0.05738387243139388,0.04083367556997318,0.04308230032609268,0.04428843157755022,0.04434511285134107,0.03411756400368567,0.04499607501957273
