,index,age,target_label,session_id,correct_or_not,target_label_prob,airplane_prob,bear_prob,bike_prob,bird_prob,boat_prob,bowl_prob,car_prob,cat_prob,chair_prob,couch_prob,cup_prob,dog_prob,fish_prob,frog_prob,house_prob,key_prob,person_prob,phone_prob,rabbit_prob,scissors_prob,sheep_prob,train_prob,tree_prob
0,1125,4,bike,run_v31530730132348,1.0,0.069585375432919,0.041268437359672464,0.0422585843538302,0.069585375432919,0.043880725614100766,0.04438840318785908,0.03563720817498137,0.042484087213260475,0.049782690766000774,0.039800002261993525,0.03607261003646505,0.044110069771251086,0.04327394066776047,0.041957220642536174,0.037900784840751794,0.041541929334487956,0.04196045645850031,0.046601208955008355,0.04117108903424416,0.04457908148736626,0.04308189291194295,0.03681193150333082,0.05461906980758511,0.037233200184151986
