,index,age,target_label,session_id,correct_or_not,target_label_prob,airplane_prob,bear_prob,bike_prob,bird_prob,boat_prob,bowl_prob,car_prob,cat_prob,chair_prob,couch_prob,cup_prob,dog_prob,fish_prob,frog_prob,house_prob,key_prob,person_prob,phone_prob,rabbit_prob,scissors_prob,sheep_prob,train_prob,tree_prob
0,1206,10,bird,run_v31527970199200,0.0,0.045060821628527495,0.0492315651545446,0.041277630110540774,0.03879143891014411,0.045060821628527495,0.04539025322390621,0.04081542509828864,0.04585862415788164,0.044912024210271316,0.03912131829859479,0.038101787100843124,0.039094675603271734,0.04394981389841501,0.04704244721054548,0.04625796207722044,0.04452309423062995,0.0462062910909057,0.04991464762723721,0.040897838317851945,0.03579958987005701,0.03861602103017082,0.047558505900649424,0.046279249205691445,0.04529897604381099
