,index,age,target_label,session_id,correct_or_not,target_label_prob,airplane_prob,bear_prob,bike_prob,bird_prob,boat_prob,bowl_prob,car_prob,cat_prob,chair_prob,couch_prob,cup_prob,dog_prob,fish_prob,frog_prob,house_prob,key_prob,person_prob,phone_prob,rabbit_prob,scissors_prob,sheep_prob,train_prob,tree_prob
0,2102,5,bowl,run_v31527980999104,1.0,0.08244464010116528,0.03434185762336482,0.04129313190275414,0.041848419086859996,0.045306889673715,0.042325243546812566,0.08244464010116528,0.04824553055111604,0.04178053754043962,0.04298046229616988,0.03525206500533396,0.04736575032091506,0.034656343148585046,0.04073450263719125,0.042905047991982526,0.039146253115151804,0.045439744189422454,0.044262576726198224,0.04265378935626371,0.04755281108355602,0.0435372649028244,0.03757766410605724,0.040548805926491634,0.0378006691676292
