,index,age,target_label,session_id,correct_or_not,target_label_prob,airplane_prob,bear_prob,bike_prob,bird_prob,boat_prob,bowl_prob,car_prob,cat_prob,chair_prob,couch_prob,cup_prob,dog_prob,fish_prob,frog_prob,house_prob,key_prob,person_prob,phone_prob,rabbit_prob,scissors_prob,sheep_prob,train_prob,tree_prob
0,4537,5,fish,run_v31534546345001,0.0,0.04142815365340442,0.04807761339745789,0.041382256638344744,0.03747820136522306,0.04331266089689506,0.06621280568577896,0.04001474687504457,0.03743576710637858,0.04028460470659304,0.05446421416618625,0.043757963995566404,0.04384755125660697,0.03654087693349026,0.04142815365340442,0.03965781998458252,0.04140016932484409,0.043598926187758166,0.03766212663140006,0.04081021200470197,0.03789591216428508,0.05539111366632665,0.04398723439338266,0.044491933873665165,0.040867135092083264
