,index,age,target_label,session_id,correct_or_not,target_label_prob,airplane_prob,bear_prob,bike_prob,bird_prob,boat_prob,bowl_prob,car_prob,cat_prob,chair_prob,couch_prob,cup_prob,dog_prob,fish_prob,frog_prob,house_prob,key_prob,person_prob,phone_prob,rabbit_prob,scissors_prob,sheep_prob,train_prob,tree_prob
0,1909,5,bowl,run_v31528922999212,1.0,0.09244087870987712,0.042404614883449175,0.042075834996392364,0.04376645210261939,0.0315523001922841,0.0709370062973357,0.09244087870987712,0.03593799029427317,0.04354565487395242,0.036448429512888285,0.04586964576547794,0.046656194350128515,0.035810334306998134,0.03661571428388895,0.03293382801652906,0.054043167069104704,0.03846016323416335,0.032240457273935264,0.030133414200310314,0.03254667170634894,0.04235214758010137,0.03613575616071184,0.04952259959250044,0.047570744596729476
