,index,age,target_label,session_id,correct_or_not,target_label_prob,airplane_prob,bear_prob,bike_prob,bird_prob,boat_prob,bowl_prob,car_prob,cat_prob,chair_prob,couch_prob,cup_prob,dog_prob,fish_prob,frog_prob,house_prob,key_prob,person_prob,phone_prob,rabbit_prob,scissors_prob,sheep_prob,train_prob,tree_prob
0,1998,7,bowl,run_v31532127192962,1.0,0.08175468144117187,0.038936034009028134,0.04130943810038945,0.03887694496689314,0.03611105037129701,0.06787149530498998,0.08175468144117187,0.04367921577782819,0.03908568924991031,0.04056354069169454,0.048270784261671154,0.045509988727531515,0.04076114188753669,0.04190464911012503,0.04001013348846801,0.03878835419165892,0.04577230496579117,0.04006929796932062,0.03677414928516052,0.03851639519169581,0.03308945857894923,0.03718754145593305,0.042325057209689446,0.04283265376326638
