,index,age,target_label,session_id,correct_or_not,target_label_prob,airplane_prob,bear_prob,bike_prob,bird_prob,boat_prob,bowl_prob,car_prob,cat_prob,chair_prob,couch_prob,cup_prob,dog_prob,fish_prob,frog_prob,house_prob,key_prob,person_prob,phone_prob,rabbit_prob,scissors_prob,sheep_prob,train_prob,tree_prob
0,1982,8,bowl,run_v31528743599209,1.0,0.04863558998808574,0.046817942775511275,0.0434207227448341,0.04349355243618795,0.04232808167110946,0.041165249621564134,0.04863558998808574,0.04491011139962854,0.04401133272327836,0.04459537030814739,0.04554376727403291,0.04374216190450605,0.04229360634174619,0.04324020657856525,0.042772508240031946,0.029349521816776858,0.04144850160969279,0.04381064138019707,0.045495141036015596,0.04204963247705924,0.04537740903708074,0.04472525899375864,0.0449406868753927,0.04583300276679698
