,index,age,target_label,session_id,correct_or_not,target_label_prob,airplane_prob,bear_prob,bike_prob,bird_prob,boat_prob,bowl_prob,car_prob,cat_prob,chair_prob,couch_prob,cup_prob,dog_prob,fish_prob,frog_prob,house_prob,key_prob,person_prob,phone_prob,rabbit_prob,scissors_prob,sheep_prob,train_prob,tree_prob
0,5393,10,house,run_v31526764663958,1.0,0.05188073547363716,0.04683051289334734,0.04481718975732117,0.04240930164030436,0.04502386163777802,0.04497775141014037,0.04023146261373872,0.04161806712513902,0.04373373353668248,0.043943656723218864,0.040954054493162466,0.03743606174080824,0.04355515521551893,0.04059740105072618,0.043488972983618146,0.05188073547363716,0.040641868098101226,0.04433528061170137,0.050583057075843645,0.04288908409334292,0.04538264549098252,0.043626400096313155,0.04035928025329222,0.04068446598528138
