,index,age,target_label,session_id,correct_or_not,target_label_prob,airplane_prob,bear_prob,bike_prob,bird_prob,boat_prob,bowl_prob,car_prob,cat_prob,chair_prob,couch_prob,cup_prob,dog_prob,fish_prob,frog_prob,house_prob,key_prob,person_prob,phone_prob,rabbit_prob,scissors_prob,sheep_prob,train_prob,tree_prob
0,4104,2,cup,run_v31535840873550,0.0,0.04501325470204667,0.03367974451773451,0.043961952538597644,0.042953062352051985,0.04772454667748835,0.046017529502725876,0.03807758561684624,0.04420664056965942,0.04421759079197219,0.04361354844041726,0.04869499245357123,0.04501325470204667,0.04595451331621667,0.043655481545043506,0.04226834270447402,0.0446955174339179,0.04155833350654995,0.04557345631867615,0.036783562542410976,0.044673386597350186,0.03984279788822863,0.044233710700193905,0.04671710330632727,0.04588334597749974
