,index,age,target_label,session_id,correct_or_not,target_label_prob,airplane_prob,bear_prob,bike_prob,bird_prob,boat_prob,bowl_prob,car_prob,cat_prob,chair_prob,couch_prob,cup_prob,dog_prob,fish_prob,frog_prob,house_prob,key_prob,person_prob,phone_prob,rabbit_prob,scissors_prob,sheep_prob,train_prob,tree_prob
0,6572,3,phone,run_v41537743552683,1.0,0.06117808028377411,0.039462045882932485,0.03904430215525408,0.04157239591285262,0.04193182703745518,0.04089747307306133,0.05168041282611134,0.044846860589900304,0.041652467500820634,0.04525344794887935,0.05181525749852765,0.055318901797103325,0.03945951186519322,0.0392842462258101,0.04033595345433096,0.04139468057993125,0.042025565193255225,0.03544861696923438,0.06117808028377411,0.04458485574648967,0.04090504615098962,0.0440089483008297,0.04279753872027874,0.035101564286984605
