,index,age,target_label,session_id,correct_or_not,target_label_prob,airplane_prob,bear_prob,bike_prob,bird_prob,boat_prob,bowl_prob,car_prob,cat_prob,chair_prob,couch_prob,cup_prob,dog_prob,fish_prob,frog_prob,house_prob,key_prob,person_prob,phone_prob,rabbit_prob,scissors_prob,sheep_prob,train_prob,tree_prob
0,1854,4,boat,run_v31526167651102,0.0,0.055485432324607994,0.050691899648872045,0.037790719868432535,0.04183670689767604,0.04390001899859015,0.055485432324607994,0.04812795932971024,0.04521566166127269,0.04224328159421209,0.03562786633150081,0.038617113111704675,0.04195347617571916,0.045932763253668386,0.057857614178168114,0.04163594720552699,0.04685695745896057,0.03699365603321014,0.04106879813238259,0.03741837840289709,0.03890422935793833,0.04498796671206233,0.041444627868010175,0.046159198483838544,0.0392497269710384
