,index,age,target_label,session_id,correct_or_not,target_label_prob,airplane_prob,bear_prob,bike_prob,bird_prob,boat_prob,bowl_prob,car_prob,cat_prob,chair_prob,couch_prob,cup_prob,dog_prob,fish_prob,frog_prob,house_prob,key_prob,person_prob,phone_prob,rabbit_prob,scissors_prob,sheep_prob,train_prob,tree_prob
0,737,5,bear,run_v41537737580186,0.0,0.04887435124553984,0.04876426088281424,0.04887435124553984,0.04935333643295939,0.044416528566535336,0.049758887362514194,0.03723137753981181,0.04360742680943688,0.04652349465711523,0.03711175930824419,0.0403014388805812,0.03619315043573976,0.04573041247359663,0.0465868085813829,0.04408538596011063,0.03993679819769539,0.03868635063056349,0.04391378184701563,0.0343227136003196,0.04107032518730873,0.043258930818666406,0.04460866031077946,0.043978775153210234,0.05168504511805901
