,index,age,target_label,session_id,correct_or_not,target_label_prob,airplane_prob,bear_prob,bike_prob,bird_prob,boat_prob,bowl_prob,car_prob,cat_prob,chair_prob,couch_prob,cup_prob,dog_prob,fish_prob,frog_prob,house_prob,key_prob,person_prob,phone_prob,rabbit_prob,scissors_prob,sheep_prob,train_prob,tree_prob
0,2442,7,car,run_v31533678925659,0.0,0.04675306453833029,0.04698610393360417,0.04294837627988329,0.04670755700242946,0.043478990893643245,0.061385149180775284,0.04366667011430241,0.04675306453833029,0.04091038422455233,0.037699355813670746,0.049105350557488284,0.04199794799043453,0.03697962616994539,0.04950074003602536,0.04420472971977621,0.045727316203407996,0.03616649167409237,0.04452290882682604,0.034663890974211554,0.03603301902998485,0.03951831044284027,0.03969171932699394,0.049710888327255606,0.04164140873952626
