,index,age,target_label,session_id,correct_or_not,target_label_prob,airplane_prob,bear_prob,bike_prob,bird_prob,boat_prob,bowl_prob,car_prob,cat_prob,chair_prob,couch_prob,cup_prob,dog_prob,fish_prob,frog_prob,house_prob,key_prob,person_prob,phone_prob,rabbit_prob,scissors_prob,sheep_prob,train_prob,tree_prob
0,693,2,bear,run_v41537654252223,0.0,0.04697284036390797,0.045711511644878355,0.04697284036390797,0.03600412064576269,0.04046795665709341,0.04310132421779001,0.04512251739418708,0.04633844655244176,0.0434261983680605,0.036774423715472015,0.042948785159175724,0.03762217195030489,0.04309920270968568,0.04698881368357385,0.04211884223325293,0.03453918725025556,0.04670549796416404,0.033594384736149126,0.049308898440440084,0.046406807966297786,0.04443644049154744,0.04306992094243324,0.04338324015953818,0.061858466753587714
