,index,age,target_label,session_id,correct_or_not,target_label_prob,airplane_prob,bear_prob,bike_prob,bird_prob,boat_prob,bowl_prob,car_prob,cat_prob,chair_prob,couch_prob,cup_prob,dog_prob,fish_prob,frog_prob,house_prob,key_prob,person_prob,phone_prob,rabbit_prob,scissors_prob,sheep_prob,train_prob,tree_prob
0,5196,6,frog,run_v41542054777356,0.0,0.04788188469687631,0.03853694379464944,0.06252279535487484,0.03869689448814463,0.03841673971621011,0.03866447882900845,0.04176224132315636,0.05549597874337931,0.038882305604869494,0.03716630729803717,0.04010491365741337,0.03887142474748541,0.04569570232180981,0.039230041568063014,0.04788188469687631,0.040839573863769504,0.03850160846323598,0.04025758176358718,0.038727502904464646,0.05454196348338357,0.048317792066301504,0.04955680675144442,0.044976860684536615,0.042351657875298994
