,index,age,target_label,session_id,correct_or_not,target_label_prob,airplane_prob,bear_prob,bike_prob,bird_prob,boat_prob,bowl_prob,car_prob,cat_prob,chair_prob,couch_prob,cup_prob,dog_prob,fish_prob,frog_prob,house_prob,key_prob,person_prob,phone_prob,rabbit_prob,scissors_prob,sheep_prob,train_prob,tree_prob
0,4629,5,fish,run_v31534546767080,1.0,0.06421239742272755,0.043100509232394835,0.04098372893200037,0.043121618933208594,0.044061443970413235,0.04217055890386949,0.04180744083285533,0.03952214261008308,0.049431752747739637,0.04076122199731007,0.03908434618019879,0.04097858389278174,0.04322210753508929,0.06421239742272755,0.04944094637175363,0.034795623718597374,0.05485848271129783,0.04350714312777556,0.03381522132683482,0.04106430233562874,0.055179309461093264,0.04272130453648824,0.03847783465894915,0.033681978560909605
