,index,age,target_label,session_id,correct_or_not,target_label_prob,airplane_prob,bear_prob,bike_prob,bird_prob,boat_prob,bowl_prob,car_prob,cat_prob,chair_prob,couch_prob,cup_prob,dog_prob,fish_prob,frog_prob,house_prob,key_prob,person_prob,phone_prob,rabbit_prob,scissors_prob,sheep_prob,train_prob,tree_prob
0,413,5,bear,run_v41541373678008,0.0,0.038960215882220275,0.04520220989825436,0.038960215882220275,0.0428249948024073,0.041471528185341215,0.04336318839360198,0.04309612249833212,0.05445448821205635,0.05362330022662297,0.038114611379228044,0.04485243692370368,0.042951194299498646,0.05007523938835107,0.05103298809427525,0.03937626668158757,0.04042895666523738,0.03986012234554333,0.032951795985926104,0.03104594244800756,0.044422301066768456,0.046504819811133996,0.04626953279830903,0.054556153142503866,0.03456159087108948
