,index,age,target_label,session_id,correct_or_not,target_label_prob,airplane_prob,bear_prob,bike_prob,bird_prob,boat_prob,bowl_prob,car_prob,cat_prob,chair_prob,couch_prob,cup_prob,dog_prob,fish_prob,frog_prob,house_prob,key_prob,person_prob,phone_prob,rabbit_prob,scissors_prob,sheep_prob,train_prob,tree_prob
0,7086,3,rabbit,run_v31531774926854,1.0,0.060605405585286105,0.047163776273059684,0.041990400774076043,0.037076961745326625,0.04759425258145582,0.04056661907829564,0.04358786846849374,0.04840436038133938,0.04238900189857114,0.040365619526472066,0.04526815814949751,0.04549670854443526,0.040634167711736946,0.042800846500313704,0.041684411561578864,0.047765345742300756,0.04420055859952689,0.03617633398145542,0.033313638552338286,0.060605405585286105,0.048667673499512155,0.03837853882042767,0.041841297677233956,0.04402805434726619
