,index,age,target_label,session_id,correct_or_not,target_label_prob,airplane_prob,bear_prob,bike_prob,bird_prob,boat_prob,bowl_prob,car_prob,cat_prob,chair_prob,couch_prob,cup_prob,dog_prob,fish_prob,frog_prob,house_prob,key_prob,person_prob,phone_prob,rabbit_prob,scissors_prob,sheep_prob,train_prob,tree_prob
0,1228,2,bird,run_v31528480199337,0.0,0.037663622663036946,0.03992289090863589,0.04860380496253799,0.0415348923172896,0.037663622663036946,0.04700647005093907,0.047490648868436944,0.04966227004508467,0.03780449486883295,0.036824674820532984,0.04634118430315347,0.05248958633818526,0.039455064655078136,0.04029106618595462,0.04391449880463674,0.049302703900071326,0.038040444026560906,0.04593481486422026,0.04118589448413326,0.043060638310178694,0.038087920838256205,0.043259212607149045,0.04176447607950258,0.05035872509759232
