,index,age,target_label,session_id,correct_or_not,target_label_prob,airplane_prob,bear_prob,bike_prob,bird_prob,boat_prob,bowl_prob,car_prob,cat_prob,chair_prob,couch_prob,cup_prob,dog_prob,fish_prob,frog_prob,house_prob,key_prob,person_prob,phone_prob,rabbit_prob,scissors_prob,sheep_prob,train_prob,tree_prob
0,7134,3,rabbit,run_v31531351017862,0.0,0.04386771485318065,0.04053843602142206,0.0456348310433249,0.04172667247272455,0.036369620368203716,0.04355454631268586,0.04172203845310249,0.06167388225071159,0.041332219570173065,0.0404016077854913,0.04037717112174273,0.0377399834938534,0.045533103627506885,0.04728905987875572,0.046290738058490585,0.03977408468649895,0.050487042549291795,0.04181287634769158,0.039758119637079786,0.04386771485318065,0.03450430810354332,0.04838435624811315,0.047952613897343656,0.04327497321906846
