,index,age,target_label,session_id,correct_or_not,target_label_prob,airplane_prob,bear_prob,bike_prob,bird_prob,boat_prob,bowl_prob,car_prob,cat_prob,chair_prob,couch_prob,cup_prob,dog_prob,fish_prob,frog_prob,house_prob,key_prob,person_prob,phone_prob,rabbit_prob,scissors_prob,sheep_prob,train_prob,tree_prob
0,3823,3,cup,run_v31526681102427,1.0,0.05457728260707593,0.04985819489953111,0.0427149426169118,0.04615531760742349,0.04807545070603032,0.039105154978489445,0.0387624573748813,0.044502354669071424,0.04283711877272494,0.04382946877685566,0.04314154898333317,0.05457728260707593,0.04265218451997769,0.04932388177307072,0.042152643069241255,0.038045794497906175,0.05015722945060196,0.04112073353883694,0.04087570894870853,0.04115294797687918,0.04345585362171387,0.03674384038900158,0.04426817341544561,0.036491716806287815
