,index,age,target_label,session_id,correct_or_not,target_label_prob,airplane_prob,bear_prob,bike_prob,bird_prob,boat_prob,bowl_prob,car_prob,cat_prob,chair_prob,couch_prob,cup_prob,dog_prob,fish_prob,frog_prob,house_prob,key_prob,person_prob,phone_prob,rabbit_prob,scissors_prob,sheep_prob,train_prob,tree_prob
0,3177,6,chair,run_v31528746703642,0.0,0.06313227469447871,0.03825314272054612,0.04562301660412324,0.043033437833862466,0.034677700667572725,0.03998481562961593,0.0357028110674583,0.036062935777535415,0.0369436065804734,0.06313227469447871,0.0625336107852378,0.05798988278698086,0.03924852760991633,0.031043617628420568,0.041299000548222324,0.07830319543553176,0.03699301304018172,0.04494080204808506,0.03698456609619969,0.04182877677773487,0.03531831100913642,0.0377612553019065,0.040625845700880694,0.041715853655899124
