,index,age,target_label,session_id,correct_or_not,target_label_prob,airplane_prob,bear_prob,bike_prob,bird_prob,boat_prob,bowl_prob,car_prob,cat_prob,chair_prob,couch_prob,cup_prob,dog_prob,fish_prob,frog_prob,house_prob,key_prob,person_prob,phone_prob,rabbit_prob,scissors_prob,sheep_prob,train_prob,tree_prob
0,4490,2,dog,run_v31534455882960,0.0,0.03466811418534945,0.04473222943330631,0.04401023431883687,0.04022490912938119,0.056812295690860076,0.04241466636327335,0.03772748452985599,0.04487038203172408,0.03914600727904984,0.0319243480073708,0.04155355968771812,0.04223391550198416,0.03466811418534945,0.043745106859858385,0.04244355915370741,0.03799474304240188,0.03853575820114967,0.050163390476351544,0.04490797290971893,0.043591744342256364,0.039413611651186245,0.05589749209688833,0.04086571455203948,0.062122760555731495
