,index,age,target_label,session_id,correct_or_not,target_label_prob,airplane_prob,bear_prob,bike_prob,bird_prob,boat_prob,bowl_prob,car_prob,cat_prob,chair_prob,couch_prob,cup_prob,dog_prob,fish_prob,frog_prob,house_prob,key_prob,person_prob,phone_prob,rabbit_prob,scissors_prob,sheep_prob,train_prob,tree_prob
0,8556,2,tree,run_v31533498448216,0.0,0.04146663169419162,0.03887339404727589,0.040231697144504204,0.03910005213472812,0.03675088298491031,0.056222511448088604,0.060598355907760255,0.04108459372297329,0.039241643399144585,0.043998427759195255,0.05042719825738611,0.04739757010880036,0.042220079298761086,0.036833628309636685,0.03849411425252781,0.05007371547273361,0.03505874454120753,0.03858706721266861,0.03881981804736629,0.04005445875463005,0.04798246032183892,0.05297212994972519,0.043510825229945566,0.04146663169419162
