,index,age,target_label,session_id,correct_or_not,target_label_prob,airplane_prob,bear_prob,bike_prob,bird_prob,boat_prob,bowl_prob,car_prob,cat_prob,chair_prob,couch_prob,cup_prob,dog_prob,fish_prob,frog_prob,house_prob,key_prob,person_prob,phone_prob,rabbit_prob,scissors_prob,sheep_prob,train_prob,tree_prob
0,6095,5,person,run_v31533922356965,0.0,0.04783179525575099,0.04995302091329885,0.04294547092749986,0.0395323911023888,0.04493534802154056,0.05322184295905074,0.03172136001811102,0.03706878055571801,0.043772160971623564,0.054870767551499194,0.03663864785464185,0.03891298510575083,0.04580432090608846,0.03966869403345865,0.04428464517724332,0.039799693241413144,0.04170967989600937,0.04783179525575099,0.03658237304329457,0.0422870409111821,0.03645511065527763,0.04316433946542397,0.046153675418171544,0.06268585601556326
