,index,age,target_label,session_id,correct_or_not,target_label_prob,airplane_prob,bear_prob,bike_prob,bird_prob,boat_prob,bowl_prob,car_prob,cat_prob,chair_prob,couch_prob,cup_prob,dog_prob,fish_prob,frog_prob,house_prob,key_prob,person_prob,phone_prob,rabbit_prob,scissors_prob,sheep_prob,train_prob,tree_prob
0,1552,2,boat,run_v31534790649787,0.0,0.040183081992465494,0.05253752910271612,0.05037514393786634,0.04787510592646276,0.040934200759908064,0.040183081992465494,0.038303234496926346,0.04075823888332539,0.0430652023875062,0.04574498895305409,0.04224042336484694,0.045853693013807206,0.04176031805217753,0.04448651542965087,0.04708603566264116,0.03821403378631863,0.04220990828964678,0.04627636718831235,0.03421134924990936,0.04941324683926231,0.042421961881280584,0.04177856591737641,0.03928022622659664,0.04499062865794236
