,index,age,target_label,session_id,correct_or_not,target_label_prob,airplane_prob,bear_prob,bike_prob,bird_prob,boat_prob,bowl_prob,car_prob,cat_prob,chair_prob,couch_prob,cup_prob,dog_prob,fish_prob,frog_prob,house_prob,key_prob,person_prob,phone_prob,rabbit_prob,scissors_prob,sheep_prob,train_prob,tree_prob
0,1199,5,bird,run_v31530384361271,0.0,0.040838247084274366,0.03395816265217244,0.040009235191490376,0.03890351266509238,0.040838247084274366,0.04581956030276966,0.06119258751427788,0.04172139223125071,0.03675794624572419,0.04677687816196139,0.03894763271527984,0.06060593622667324,0.039537968418080584,0.038864349861652235,0.04447442835090515,0.03705613225730829,0.05116592202134836,0.042698335063383046,0.049512930370658265,0.04073615309559952,0.03599506131534867,0.04134904592509541,0.04036776126506722,0.05271082106458659
