,index,age,target_label,session_id,correct_or_not,target_label_prob,airplane_prob,bear_prob,bike_prob,bird_prob,boat_prob,bowl_prob,car_prob,cat_prob,chair_prob,couch_prob,cup_prob,dog_prob,fish_prob,frog_prob,house_prob,key_prob,person_prob,phone_prob,rabbit_prob,scissors_prob,sheep_prob,train_prob,tree_prob
0,7117,5,rabbit,run_v31529009605394,0.0,0.03896007603937247,0.03970454489966033,0.03895340035615829,0.04841964041790691,0.03928062778791902,0.04461182721215553,0.04874038479836756,0.038922195326957565,0.04006399769169879,0.04805996363564272,0.03874210478779627,0.04627083636866026,0.04500589227591846,0.05022849095257412,0.041475981986093494,0.040096192277797725,0.05411165088848528,0.04561144624826755,0.04536687488503969,0.03896007603937247,0.040747804910282084,0.041854839534004915,0.04510726166844283,0.039663965050798125
