,index,age,target_label,session_id,correct_or_not,target_label_prob,airplane_prob,bear_prob,bike_prob,bird_prob,boat_prob,bowl_prob,car_prob,cat_prob,chair_prob,couch_prob,cup_prob,dog_prob,fish_prob,frog_prob,house_prob,key_prob,person_prob,phone_prob,rabbit_prob,scissors_prob,sheep_prob,train_prob,tree_prob
0,3090,8,chair,run_v31529359799192,0.0,0.04597284901969141,0.03798394834982875,0.040638655406134344,0.038830869868579435,0.040656003312415624,0.03654412297916954,0.03931607914854117,0.0430469798920827,0.04310398932472315,0.04597284901969141,0.04592352364575921,0.04815769404117147,0.037178962156360996,0.04202164298188611,0.04417043923101756,0.046618809900337836,0.046221988809781366,0.047236450917949924,0.06685116518683697,0.03973903557755337,0.03967958640354705,0.040856862901247855,0.04530471440014541,0.04394562654523889
