,index,age,target_label,session_id,correct_or_not,target_label_prob,airplane_prob,bear_prob,bike_prob,bird_prob,boat_prob,bowl_prob,car_prob,cat_prob,chair_prob,couch_prob,cup_prob,dog_prob,fish_prob,frog_prob,house_prob,key_prob,person_prob,phone_prob,rabbit_prob,scissors_prob,sheep_prob,train_prob,tree_prob
0,2952,3,cat,run_v41536529414716,0.0,0.05312507223646441,0.04627284007674097,0.040221993757075095,0.03799063559287176,0.04008704669652896,0.044063843926045926,0.035353224308998926,0.04552419941918844,0.05312507223646441,0.03628427352293987,0.04111542981364869,0.039676318986118383,0.044693349047001854,0.03898633119680119,0.04125933844391075,0.05655262666251186,0.04077887015118707,0.04232186195228635,0.06884719468048744,0.05768490129808283,0.038576683945780205,0.038293458856251794,0.03731208507852033,0.03497842035055689
