,index,age,target_label,session_id,correct_or_not,target_label_prob,airplane_prob,bear_prob,bike_prob,bird_prob,boat_prob,bowl_prob,car_prob,cat_prob,chair_prob,couch_prob,cup_prob,dog_prob,fish_prob,frog_prob,house_prob,key_prob,person_prob,phone_prob,rabbit_prob,scissors_prob,sheep_prob,train_prob,tree_prob
0,627,9,bear,run_v41536527994140,1.0,0.09084139379853845,0.04128708275167185,0.09084139379853845,0.03920449264615892,0.043880210767997814,0.03825923222001066,0.033975064087622055,0.04141186516092398,0.053186999537533176,0.037880110203451854,0.03535141248119775,0.03346202024624256,0.04305461143882101,0.03204028300874182,0.05119078579484521,0.038164372962565855,0.033935243053228405,0.03805986801091031,0.035272949125312966,0.07283233058101314,0.03840826450533718,0.04767184191604867,0.042420270162341456,0.038209295539485016
