,index,age,target_label,session_id,correct_or_not,target_label_prob,airplane_prob,bear_prob,bike_prob,bird_prob,boat_prob,bowl_prob,car_prob,cat_prob,chair_prob,couch_prob,cup_prob,dog_prob,fish_prob,frog_prob,house_prob,key_prob,person_prob,phone_prob,rabbit_prob,scissors_prob,sheep_prob,train_prob,tree_prob
0,496,6,bear,run_v41542058738344,1.0,0.07849938657602731,0.038652145638117016,0.07849938657602731,0.049315324416471074,0.03626887719911666,0.036805781959364375,0.04117994481175816,0.03930375979852233,0.04186914450868973,0.043182121444086535,0.0367104403744161,0.03771965567497859,0.042303085625331444,0.034524403799320626,0.04870515845249795,0.03926808688574445,0.03476444490003809,0.0595849459013366,0.03732229402285568,0.05733858682205307,0.03538295090229176,0.04250313858621413,0.046515607517460776,0.0422807141833073
