,index,age,target_label,session_id,correct_or_not,target_label_prob,airplane_prob,bear_prob,bike_prob,bird_prob,boat_prob,bowl_prob,car_prob,cat_prob,chair_prob,couch_prob,cup_prob,dog_prob,fish_prob,frog_prob,house_prob,key_prob,person_prob,phone_prob,rabbit_prob,scissors_prob,sheep_prob,train_prob,tree_prob
0,5068,4,frog,run_v41541891610637,0.0,0.04964595694811004,0.04102829530175311,0.04840107644268083,0.046030235908330684,0.03650123669556964,0.041111172018878414,0.045847519987172805,0.044077694687782075,0.04320951473431099,0.042470233288801895,0.036395583850269704,0.03989021893156947,0.04244474599800824,0.04058394287196686,0.04964595694811004,0.040495875614876345,0.05541321872130727,0.043255143908224436,0.03971032885514259,0.04391767743594585,0.04752768910107328,0.04639788974741181,0.046603969754385695,0.03904077919642787
