,index,age,target_label,session_id,correct_or_not,target_label_prob,airplane_prob,bear_prob,bike_prob,bird_prob,boat_prob,bowl_prob,car_prob,cat_prob,chair_prob,couch_prob,cup_prob,dog_prob,fish_prob,frog_prob,house_prob,key_prob,person_prob,phone_prob,rabbit_prob,scissors_prob,sheep_prob,train_prob,tree_prob
0,2572,8,car,run_v31534631223561,0.0,0.03481783214896531,0.03583218806487103,0.04584041205194685,0.039467358173414735,0.05318846621138936,0.03654529878086824,0.036267543796873934,0.03481783214896531,0.05185422454876322,0.036516263696925615,0.038024382863737924,0.03872316203875756,0.047001246434496956,0.046263265438705854,0.04264529950856128,0.04418327032198787,0.04580838693917785,0.04701254548020268,0.040642529557707814,0.03656261183372634,0.052699247507957625,0.05214154779022227,0.04653811580073941,0.05142480100999999
