,index,age,target_label,session_id,correct_or_not,target_label_prob,airplane_prob,bear_prob,bike_prob,bird_prob,boat_prob,bowl_prob,car_prob,cat_prob,chair_prob,couch_prob,cup_prob,dog_prob,fish_prob,frog_prob,house_prob,key_prob,person_prob,phone_prob,rabbit_prob,scissors_prob,sheep_prob,train_prob,tree_prob
0,3648,4,couch,run_v31530744749634,0.0,0.040413086949817274,0.031915314182541836,0.03903947382891667,0.037375582538208184,0.04579459690385048,0.034852139708004895,0.04622506482695446,0.04120799479196949,0.044781614172554246,0.05985990697310882,0.040413086949817274,0.0522970633765894,0.04562985698072176,0.045954409254793584,0.0470386904952689,0.030821039272679998,0.024187533026246127,0.055930316801313,0.05437661682259376,0.04290576065348898,0.026741532223654343,0.04855994812235317,0.03745081729033985,0.06664164080403073
