,index,age,target_label,session_id,correct_or_not,target_label_prob,airplane_prob,bear_prob,bike_prob,bird_prob,boat_prob,bowl_prob,car_prob,cat_prob,chair_prob,couch_prob,cup_prob,dog_prob,fish_prob,frog_prob,house_prob,key_prob,person_prob,phone_prob,rabbit_prob,scissors_prob,sheep_prob,train_prob,tree_prob
0,6094,10,person,run_v31534706424308,0.0,0.04216999645029356,0.043098332824951104,0.050225736644865335,0.055109894366787,0.04542797732288131,0.040668981419783985,0.03505259133143593,0.052773681360106406,0.04769343423354288,0.039616965874950866,0.03873587751128004,0.037250998932761105,0.04723748574805183,0.042504896742279176,0.04596615577956899,0.03925199321757909,0.03809527769942881,0.04216999645029356,0.0386794187688765,0.05648872081785912,0.039040558942721536,0.04060910782691576,0.04711283082325709,0.03718908535982249
