,index,age,target_label,session_id,correct_or_not,target_label_prob,airplane_prob,bear_prob,bike_prob,bird_prob,boat_prob,bowl_prob,car_prob,cat_prob,chair_prob,couch_prob,cup_prob,dog_prob,fish_prob,frog_prob,house_prob,key_prob,person_prob,phone_prob,rabbit_prob,scissors_prob,sheep_prob,train_prob,tree_prob
0,8212,2,train,run_v41537468067553,0.0,0.03449060419534287,0.039282315577318073,0.044846888264345894,0.04489717416503147,0.04231226347734129,0.03384812923104499,0.038285220137786236,0.03823291056492432,0.0476479089073002,0.03322187569497207,0.03759607109638931,0.04528207472800177,0.04375873315679441,0.05001697705255299,0.044862487389434796,0.038169875054044934,0.03948484216951632,0.05200938965931734,0.04557427829974415,0.04699168982818893,0.06218904156613379,0.048204305691374474,0.03449060419534287,0.04879494409309918
