,index,age,target_label,session_id,correct_or_not,target_label_prob,airplane_prob,bear_prob,bike_prob,bird_prob,boat_prob,bowl_prob,car_prob,cat_prob,chair_prob,couch_prob,cup_prob,dog_prob,fish_prob,frog_prob,house_prob,key_prob,person_prob,phone_prob,rabbit_prob,scissors_prob,sheep_prob,train_prob,tree_prob
0,1320,5,bird,run_v31529011985004,0.0,0.04503072338253217,0.03361292569895788,0.04506599979046686,0.03230841516724549,0.04503072338253217,0.03984065023122603,0.043360836815733585,0.03523910676095222,0.04815162908645159,0.040721569369294004,0.04118714238294928,0.042794660723240306,0.04542640433186946,0.03703689784920589,0.045535292281317793,0.03737715689857539,0.054144719973899774,0.03671569674898557,0.0429989281908287,0.04319887441562408,0.05505736110860419,0.04828860799465935,0.045800712477455215,0.061105688319925154
